ts,route_id,plate_no,lat,lng,dist_km,stop_id,stop_name,spot_speed
2026-10-09T23:15:20,293000303,세종70자1510,36.514673,127.259113,17.788,293056002,도담동,48
2026-10-09T23:15:20,293000304,세종70자1507,36.52032,127.259428,6.506,293056003,도담동,44
2026-10-09T23:15:20,293000304,세종70자1505,36.536378,127.312111,12.074,293900054,용호동,57
2026-10-09T23:15:20,293000304,세종70자1508,36.482435,127.297668,20.613,293064214,소담동(새샘마을),19
2026-10-09T23:15:20,293000305,세종70자1506,36.482871,127.297965,2.793,293064216,소담동(새샘마을),22
2026-10-09T23:15:20,293000305,세종70자1305,36.531151,127.321047,10.296,293064417,세종공동캠퍼스,54
2026-10-09T23:15:20,293000311,세종70자1344,36.485674,127.302115,3.378,293064216,소담동(새샘마을),16
2026-10-09T23:15:20,293000311,세종70자1351,36.511674,127.24132,16.502,293064203,"시립도서관,대법원등기정보센터",43
2026-10-09T23:15:20,293000312,세종70자1343,36.498753,127.256721,4.093,293053001,다정동(대성고등학교),31
2026-10-09T23:15:20,293000312,세종70자1350,36.49561,127.307043,14.81,293900014,세종연구단지(수루배1단지),30
2026-10-09T23:15:20,271000805,충북70자3086,36.6174324,127.4276753,35.405,270054813,서현공원,0
2026-10-09T23:15:20,271000806,세종73자5645,36.643298,127.42179,0.0,270054825,비하종점,8
2026-10-09T23:15:20,271000806,세종73자5644,36.614902,127.422688,7.076,270054833,서현공원,51
2026-10-09T23:15:20,271000806,세종73자5643,36.514882,127.258974,29.219,293056002,도담동,32
2026-10-09T23:15:20,271000806,세종73자5642,36.488148,127.302216,38.238,293064253,"법원,검찰청,경찰청",42
2026-10-09T23:15:50,293000303,세종70자1510,36.514486,127.259256,17.871,293056002,도담동,48
2026-10-09T23:15:50,293000304,세종70자1507,36.522255,127.26,6.713,293064445,세종충남대학교병원,56
2026-10-09T23:15:50,293000304,세종70자1505,36.534308,127.316769,12.524,293900054,용호동,54
2026-10-09T23:15:50,293000304,세종70자1508,36.481725,127.296681,20.739,293064214,소담동(새샘마을),46
2026-10-09T23:15:50,293000305,세종70자1506,36.484135,127.299465,2.995,293064216,소담동(새샘마을),54
2026-10-09T23:15:50,293000305,세종70자1305,36.534218,127.31695,10.754,293064492,다솜동,58
2026-10-09T23:15:50,293000311,세종70자1344,36.484664,127.30395,3.391,293064365,새샘마을6단지,44
2026-10-09T23:15:50,293000311,세종70자1351,36.511103,127.241374,16.68,293064203,"시립도서관,대법원등기정보센터",21
2026-10-09T23:15:50,293000312,세종70자1343,36.498807,127.256232,4.145,293053001,다정동(대성고등학교),13
2026-10-09T23:15:50,293000312,세종70자1350,36.497473,127.3112,15.255,293064400,반곡동(수루배마을),45
2026-10-09T23:15:50,271000805,충북70자6076,36.498135,127.322785,1.201,293064418,집현동,0
2026-10-09T23:15:50,271000805,충북70자3086,36.6174324,127.4276753,35.405,270054813,서현공원,0
2026-10-09T23:15:50,271000806,세종73자5645,36.64460299,127.422756,0.144,270054826,롯데쇼핑몰.지웰시티,55
2026-10-09T23:15:50,271000806,세종73자5644,36.612062,127.423379,7.479,270054834,가경아이파크5단지,10
2026-10-09T23:15:50,271000806,세종73자5643,36.514882,127.258974,29.219,293056002,도담동,32
2026-10-09T23:15:50,271000806,세종73자5642,36.491638,127.304218,38.807,293064255,국책연구단지,46
2026-10-09T23:16:21,293000303,세종70자1510,36.513375,127.259406,17.941,293056002,도담동,49
2026-10-09T23:16:21,293000304,세종70자1507,36.527225,127.262747,7.323,293064445,세종충남대학교병원,54
2026-10-09T23:16:21,293000304,세종70자1505,36.53132,127.320723,13.11,293064493,다솜동,57
2026-10-09T23:16:21,293000304,세종70자1508,36.479614,127.291545,20.985,293064214,소담동(새샘마을),50
2026-10-09T23:16:21,293000305,세종70자1506,36.485616,127.300825,3.268,293064216,소담동(새샘마을),24
2026-10-09T23:16:21,293000305,세종70자1305,36.536487,127.311887,11.256,293064492,다솜동,62
2026-10-09T23:16:21,293000311,세종70자1344,36.482601,127.307111,3.926,293064365,새샘마을6단지,30
2026-10-09T23:16:21,293000311,세종70자1351,36.509363,127.241327,16.853,293064203,"시립도서관,대법원등기정보센터",16
2026-10-09T23:16:21,293000312,세종70자1343,36.498845,127.256054,4.145,293053001,다정동(대성고등학교),13
2026-10-09T23:16:21,293000312,세종70자1350,36.497595,127.315148,15.504,293064400,반곡동(수루배마을),54
2026-10-09T23:16:21,271000805,충북70자6076,36.4980217,127.322273,1.202,293064418,집현동,0
2026-10-09T23:16:21,271000805,충북70자3086,36.618695,127.4315955,35.702,270054814,서현초등학교.가경아이파크아파트,0
2026-10-09T23:16:21,271000806,세종73자5645,36.64597899,127.424149,0.659,270054827,지웰시티아파트,50
2026-10-09T23:16:21,271000806,세종73자5644,36.609964,127.423879,7.651,270054834,가경아이파크5단지,25
2026-10-09T23:16:21,271000806,세종73자5643,36.514144,127.259083,29.301,293056002,도담동,40
2026-10-09T23:16:21,271000806,세종73자5642,36.492908,127.305084,38.807,293064255,국책연구단지,255
2026-10-09T23:16:52,293000303,세종70자1510,36.509503,127.261198,18.432,293056002,도담동,55
2026-10-09T23:16:52,293000304,세종70자1507,36.528493,127.263745,7.499,293014014,"해밀동,산울동",12
2026-10-09T23:16:52,293000304,세종70자1505,36.52811599,127.32478,13.586,293064493,다솜동,52
2026-10-09T23:16:52,293000304,세종70자1508,36.478806,127.28916,21.608,293064211,"세종시청,시의회,교육청",20
2026-10-09T23:16:52,293000305,세종70자1506,36.485816,127.301177,3.268,293064216,소담동(새샘마을),1
2026-10-09T23:16:52,293000305,세종70자1305,36.537293,127.306468,11.702,293900055,용호동,52
2026-10-09T23:16:52,293000311,세종70자1344,36.482256,127.307299,3.974,293064365,새샘마을6단지,30
2026-10-09T23:16:52,293000311,세종70자1351,36.509197,127.241332,16.853,293064203,"시립도서관,대법원등기정보센터",16
2026-10-09T23:16:52,293000312,세종70자1343,36.498942,127.254308,4.186,293062003,어진중학교(한뜰마을4단지),41
2026-10-09T23:16:52,293000312,세종70자1350,36.49748,127.317074,15.88,293900041,반곡고등학교,23
2026-10-09T23:16:52,271000805,충북70자6076,36.4980217,127.322273,1.202,293064418,집현동,0
2026-10-09T23:16:52,271000805,충북70자3086,36.618695,127.4315955,35.702,270054814,서현초등학교.가경아이파크아파트,0
2026-10-09T23:16:52,271000806,세종73자5645,36.645018,127.428474,0.93,270054835,현대백화점,30
2026-10-09T23:16:52,271000806,세종73자5644,36.609431,127.423005,7.76,270054834,가경아이파크5단지,43
2026-10-09T23:16:52,271000806,세종73자5643,36.51032,127.260616,29.743,293056002,도담동,60
2026-10-09T23:16:52,271000806,세종73자5642,36.497487,127.310722,39.521,293064258,반곡동(수루배마을),35
2026-10-09T23:17:22,293000303,세종70자1510,36.505438,127.261716,18.886,293062014,정부세종청사 북측,44
2026-10-09T23:17:22,293000304,세종70자1507,36.528767,127.263808,7.527,293014014,"해밀동,산울동",12
2026-10-09T23:17:22,293000304,세종70자1505,36.52554,127.327911,13.924,293064493,다솜동,57
2026-10-09T23:17:22,293000304,세종70자1508,36.478236,127.288573,21.608,293064211,"세종시청,시의회,교육청",29
2026-10-09T23:17:22,293000305,세종70자1506,36.486826,127.30172,3.31,293064253,"법원,검찰청,경찰청",27
2026-10-09T23:17:22,293000305,세종70자1305,36.536754,127.303266,12.099,293900055,용호동,35
2026-10-09T23:17:22,293000311,세종70자1344,36.482139,127.30911,4.03,293900019,한국개발연구원(KDI),38
2026-10-09T23:17:22,293000311,세종70자1351,36.50727899,127.241266,17.033,293064472,"가락마을8단지,가재마을4단지",50
2026-10-09T23:17:22,293000312,세종70자1343,36.499249,127.249719,4.762,293062003,어진중학교(한뜰마을4단지),50
2026-10-09T23:17:22,293000312,세종70자1350,36.497475,127.317236,15.88,293900041,반곡고등학교,23
2026-10-09T23:17:22,271000805,충북70자6076,36.4980217,127.322273,1.202,293064418,집현동,0
2026-10-09T23:17:22,271000805,충북70자3086,36.618695,127.4315955,35.702,270054814,서현초등학교.가경아이파크아파트,0
2026-10-09T23:17:22,271000806,세종73자5645,36.644298,127.431952,1.272,270054835,현대백화점,47
2026-10-09T23:17:22,271000806,세종73자5644,36.608147,127.420508,8.022,270054834,가경아이파크5단지,43
2026-10-09T23:17:22,271000806,세종73자5643,36.505446,127.261636,30.316,293062014,정부세종청사 북측,42
2026-10-09T23:17:22,271000806,세종73자5642,36.497533,127.311233,39.637,293064258,반곡동(수루배마을),35
2026-10-09T23:17:53,293000303,세종70자1510,36.502056,127.260169,19.304,293062007,정부세종청사 남측,43
2026-10-09T23:17:53,293000304,세종70자1507,36.529232,127.264399,7.583,293014014,"해밀동,산울동",35
2026-10-09T23:17:53,293000304,세종70자1505,36.51997999,127.330726,14.62,293064493,다솜동,58
2026-10-09T23:17:53,293000304,세종70자1508,36.477013,127.285206,21.952,293064211,"세종시청,시의회,교육청",34
2026-10-09T23:17:53,293000305,세종70자1506,36.487383,127.301933,3.411,293064253,"법원,검찰청,경찰청",34
2026-10-09T23:17:53,293000305,세종70자1305,36.535679,127.299362,12.479,293900055,용호동,46
2026-10-09T23:17:53,293000311,세종70자1344,36.482535,127.312385,4.52,293900019,한국개발연구원(KDI),51
2026-10-09T23:17:53,293000311,세종70자1351,36.50298,127.240862,17.501,293064473,"종촌초등학교(가락마을6,7단지)",60
2026-10-09T23:17:53,293000312,세종70자1343,36.499318,127.248718,4.777,293062003,어진중학교(한뜰마을4단지),41
2026-10-09T23:17:53,293000312,세종70자1350,36.497475,127.317236,15.88,293900041,반곡고등학교,23
2026-10-09T23:17:53,271000805,충북70자6076,36.4980217,127.322273,1.202,293064418,집현동,0
2026-10-09T23:17:53,271000805,충북70자3086,36.6215705,127.4336965,36.084,270054815,가로수마을휴먼시아,0
2026-10-09T23:17:53,271000806,세종73자5645,36.643884,127.435121,1.563,270054835,현대백화점,28
2026-10-09T23:17:53,271000806,세종73자5644,36.608147,127.420508,8.022,270054834,가경아이파크5단지,43
2026-10-09T23:17:53,271000806,세종73자5643,36.50461399,127.261276,30.416,293062014,정부세종청사 북측,36
2026-10-09T23:17:53,271000806,세종73자5642,36.497533,127.311233,39.637,293064258,반곡동(수루배마을),35
2026-10-09T23:18:24,293000303,세종70자1510,36.50123399,127.259825,19.44,293062007,정부세종청사 남측,30
2026-10-09T23:18:24,293000304,세종70자1507,36.531692,127.268111,8.006,293014014,"해밀동,산울동",57
2026-10-09T23:18:24,293000304,세종70자1505,36.517118,127.33049,14.881,293064493,다솜동,57
2026-10-09T23:18:24,293000304,세종70자1508,36.475593,127.281773,22.181,293064209,"보람동,대평동",24
2026-10-09T23:18:24,293000305,세종70자1506,36.491117,127.303804,3.683,293064255,국책연구단지,20
2026-10-09T23:18:24,293000305,세종70자1305,36.53489,127.296562,12.707,293900055,용호동,25
2026-10-09T23:18:24,293000311,세종70자1344,36.483724,127.317386,4.93,293900018,새나루마을1단지 후문,28
2026-10-09T23:18:24,293000311,세종70자1351,36.499592,127.242224,17.876,293064145,다빛초등학교(가온마을3단지),54
2026-10-09T23:18:24,293000312,세종70자1343,36.499508,127.245868,5.154,293063002,"가재마을5단지,가온마을6단지",37
2026-10-09T23:18:24,293000312,세종70자1350,36.497463,127.317715,15.88,293900041,반곡고등학교,32
2026-10-09T23:18:24,271000805,충북70자6076,36.4980217,127.322273,1.202,293064418,집현동,0
2026-10-09T23:18:24,271000805,충북70자3086,36.6235138,127.4322545,36.406,270054816,하나병원,0
2026-10-09T23:18:24,271000806,세종73자5645,36.642304,127.435067,1.755,270054835,현대백화점,13
2026-10-09T23:18:24,271000806,세종73자5644,36.607459,127.417435,8.341,270054834,가경아이파크5단지,64
2026-10-09T23:18:24,271000806,세종73자5643,36.501705,127.259934,30.734,293062007,정부세종청사 남측,19
2026-10-09T23:18:24,271000806,세종73자5642,36.497575,127.311523,39.638,293064258,반곡동(수루배마을),28
2026-10-09T23:18:54,293000303,세종70자1510,36.496238,127.256963,20.002,293062007,정부세종청사 남측,51
2026-10-09T23:18:54,293000304,세종70자1507,36.533681,127.274807,8.603,293014025,한별동,36
2026-10-09T23:18:54,293000304,세종70자1505,36.5131,127.330121,15.337,293064493,다솜동,57
2026-10-09T23:18:54,293000304,세종70자1508,36.474891,127.280593,22.247,293064209,"보람동,대평동",30
2026-10-09T23:18:54,293000305,세종70자1506,36.492992,127.305077,4.104,293064255,국책연구단지,255
2026-10-09T23:18:54,293000305,세종70자1305,36.534323,127.294527,12.901,293900055,용호동,33
2026-10-09T23:18:54,293000311,세종70자1344,36.483951,127.317915,4.943,293900018,새나루마을1단지 후문,15
2026-10-09T23:18:54,293000311,세종70자1351,36.499531,127.243063,18.277,293064145,다빛초등학교(가온마을3단지),52
2026-10-09T23:18:54,293000312,세종70자1343,36.499769,127.242229,5.563,293064144,다빛초등학교(가재마을1단지),15
2026-10-09T23:18:54,293000312,세종70자1350,36.497976,127.322731,16.306,293064479,집현동,43
2026-10-09T23:18:54,271000805,충북70자6076,36.497739,127.312178,2.068,293064257,반곡동(수루배마을),0
2026-10-09T23:18:54,271000805,충북70자3086,36.62654,127.43015,36.941,270054311,고속버스터미널,0
2026-10-09T23:18:54,271000806,세종73자5645,36.641917,127.431341,2.127,270054836,대농공원.흥덕보건소임시청사,30
2026-10-09T23:18:54,271000806,세종73자5644,36.602513,127.409798,9.229,270054834,가경아이파크5단지,75
2026-10-09T23:18:54,271000806,세종73자5643,36.500365,127.259255,30.918,293062007,정부세종청사 남측,51
2026-10-09T23:18:54,271000806,세종73자5642,36.497428,127.31763,40.187,293064258,반곡동(수루배마을),48
2026-10-09T23:19:25,293000303,세종70자1510,36.494985,127.25657,20.143,293062004,다정동,34
2026-10-09T23:19:25,293000304,세종70자1507,36.53387,127.275901,8.77,293014025,한별동,29
2026-10-09T23:19:25,293000304,세종70자1505,36.508636,127.329713,15.915,293064493,다솜동,57
2026-10-09T23:19:25,293000304,세종70자1508,36.473008,127.277883,22.632,293064209,"보람동,대평동",46
2026-10-09T23:19:25,293000305,세종70자1506,36.497538,127.310739,4.818,293064258,반곡동(수루배마을),35
2026-10-09T23:19:25,293000305,세종70자1305,36.534011,127.292343,13.11,293014058,누리동,24
2026-10-09T23:19:25,293000311,세종70자1344,36.485398,127.320489,5.259,293900018,새나루마을1단지 후문,25
2026-10-09T23:19:25,293000311,세종70자1351,36.499391,127.244465,18.277,293064145,다빛초등학교(가온마을3단지),52
2026-10-09T23:19:25,293000312,세종70자1343,36.500379,127.24067,5.658,293064144,다빛초등학교(가재마을1단지),35
2026-10-09T23:19:25,293000312,세종70자1350,36.498136,127.323368,16.306,293064479,집현동,16
2026-10-09T23:19:25,271000805,충북70자6076,36.497739,127.312178,2.068,293064257,반곡동(수루배마을),0
2026-10-09T23:19:25,271000805,충북70자3086,36.62717333,127.4294183,36.941,270054311,고속버스터미널,0
2026-10-09T23:19:25,271000806,세종73자5645,36.641915,127.429662,2.145,270054836,대농공원.흥덕보건소임시청사,8
2026-10-09T23:19:25,271000806,세종73자5644,36.599923,127.407832,9.479,270054834,가경아이파크5단지,64
2026-10-09T23:19:25,271000806,세종73자5643,36.49589,127.256767,31.465,293062007,정부세종청사 남측,55
2026-10-09T23:19:25,271000806,세종73자5642,36.497874,127.322463,40.613,293064258,반곡동(수루배마을),43
2026-10-09T23:19:56,293000303,세종70자1510,36.493804,127.256338,20.291,293062004,다정동,38
2026-10-09T23:19:56,293000304,세종70자1507,36.53387,127.275901,8.77,293014025,한별동,29
2026-10-09T23:19:56,293000304,세종70자1505,36.504298,127.329283,16.315,293064493,다솜동,58
2026-10-09T23:19:56,293000304,세종70자1508,36.472148,127.27604,22.875,293064251,대평동,1
2026-10-09T23:19:56,293000305,세종70자1506,36.497702,127.31114,4.935,293064258,반곡동(수루배마을),35
2026-10-09T23:19:56,293000305,세종70자1305,36.534207,127.289398,13.188,293014058,누리동,25
2026-10-09T23:19:56,293000311,세종70자1344,36.486624,127.321794,5.422,293011066,새나루마을1단지,47
2026-10-09T23:19:56,293000311,세종70자1351,36.49922,127.246826,18.47,293063001,"가재마을5단지,가온마을6단지",42
2026-10-09T23:19:56,293000312,세종70자1343,36.502756,127.241096,5.93,293064144,다빛초등학교(가재마을1단지),48
2026-10-09T23:19:56,293000312,세종70자1350,36.497936,127.32511,16.613,293064479,집현동,36
2026-10-09T23:19:56,271000805,충북70자6076,36.492122,127.304399,3.016,293064261,국책연구단지,0
2026-10-09T23:19:56,271000805,충북70자3086,36.62859779,127.4284078,37.118,270054311,고속버스터미널,0
2026-10-09T23:19:56,271000806,세종73자5645,36.641935,127.4296,2.145,270054836,대농공원.흥덕보건소임시청사,8
2026-10-09T23:19:56,271000806,세종73자5644,36.596837,127.403337,9.989,270054834,가경아이파크5단지,66
2026-10-09T23:19:56,271000806,세종73자5643,36.494435,127.256408,31.616,293062004,다정동,27
2026-10-09T23:19:56,271000806,세종73자5642,36.498087,127.323388,40.613,293064479,집현동,15
2026-10-09T23:20:26,293000303,세종70자1510,36.493804,127.256338,20.291,293062004,다정동,255
2026-10-09T23:20:26,293000304,세종70자1507,36.534489,127.285215,9.52,293014025,한별동,53
2026-10-09T23:20:26,293000304,세종70자1505,36.501443,127.32875,16.717,293064416,세종공동캠퍼스,4
2026-10-09T23:20:26,293000304,세종70자1508,36.47247999,127.276126,22.875,293064251,대평동,7
2026-10-09T23:20:26,293000305,세종70자1506,36.497784,127.311185,4.935,293064258,반곡동(수루배마을),35
2026-10-09T23:20:26,293000305,세종70자1305,36.534327,127.287848,13.605,293014058,누리동,33
2026-10-09T23:20:26,293000311,세종70자1344,36.48876099,127.323566,5.745,293011068,새나루마을8단지,23
2026-10-09T23:20:26,293000311,세종70자1351,36.498946,127.251558,18.661,293063001,"가재마을5단지,가온마을6단지",70
2026-10-09T23:20:26,293000312,세종70자1343,36.504329,127.241298,6.083,293064474,종촌초등학교(가재마을3단지),37
2026-10-09T23:20:26,293000312,세종70자1350,36.495926,127.32544,16.831,293064479,집현동,24
2026-10-09T23:20:26,271000805,충북70자6076,36.4896069,127.3027985,3.433,293064261,국책연구단지,0
2026-10-09T23:20:26,271000805,충북70자3086,36.62859779,127.4284078,37.118,270054311,고속버스터미널,0
2026-10-09T23:20:26,271000806,세종73자5645,36.642055,127.426398,2.553,270054828,솔밭초등학교.신영지웰시티,26
2026-10-09T23:20:26,271000806,세종73자5644,36.594204,127.398151,10.708,270054834,가경아이파크5단지,66
2026-10-09T23:20:26,271000806,세종73자5643,36.49301599,127.256272,31.801,293062004,다정동,255
2026-10-09T23:20:26,271000806,세종73자5642,36.49795,127.325096,40.92,293064479,집현동,35
2026-10-09T23:20:57,293000303,세종70자1510,36.487506,127.257374,21.026,293062004,다정동,255
2026-10-09T23:20:57,293000304,세종70자1507,36.533937,127.291649,10.159,293064420,누리동,22
2026-10-09T23:20:57,293000304,세종70자1505,36.501443,127.32875,16.717,293064416,세종공동캠퍼스,4
2026-10-09T23:20:57,293000305,세종70자1506,36.497721,127.311343,4.935,293064258,반곡동(수루배마을),13
2026-10-09T23:20:57,293000305,세종70자1305,36.534637,127.284287,13.827,293014058,누리동,41
2026-10-09T23:20:57,293000311,세종70자1344,36.489738,127.324278,5.862,293011068,새나루마을8단지,23
2026-10-09T23:20:57,293000311,세종70자1351,36.498735,127.254547,19.243,293062002,어진중학교(한뜰마을4단지),51
2026-10-09T23:20:57,293000312,세종70자1343,36.508099,127.2415,6.548,293064475,"가락마을8단지,가재마을4단지",31
2026-10-09T23:20:57,293000312,세종70자1350,36.492646,127.325056,17.203,293900016,새나루마을10단지,24
2026-10-09T23:20:57,271000805,충북70자6076,36.48701,127.301603,3.712,293064254,"법원,검찰청,경찰청",0
2026-10-09T23:20:57,271000805,충북70자3086,36.62859779,127.4284078,37.118,270054311,고속버스터미널,0
2026-10-09T23:20:57,271000806,세종73자5645,36.642961,127.423579,2.797,270054828,솔밭초등학교.신영지웰시티,36
2026-10-09T23:20:57,271000806,세종73자5644,36.58991,127.394797,11.07,270054834,가경아이파크5단지,66
2026-10-09T23:20:57,271000806,세종73자5643,36.488176,127.257054,32.333,293053004,"새롬동,나성동",33
2026-10-09T23:20:57,271000806,세종73자5642,36.496155,127.32542,41.138,293064479,집현동,26
2026-10-09T23:21:27,293000303,세종70자1510,36.48678799,127.257813,21.085,293062004,다정동,41
2026-10-09T23:21:27,293000304,세종70자1507,36.533962,127.292791,10.299,293064420,누리동,28
2026-10-09T23:21:27,293000304,세종70자1505,36.501443,127.32875,16.717,293064416,세종공동캠퍼스,4
2026-10-09T23:21:27,293000305,세종70자1506,36.49763,127.316065,5.484,293064258,반곡동(수루배마을),57
2026-10-09T23:21:27,293000305,세종70자1305,36.53445,127.279059,14.292,293014058,누리동,45
2026-10-09T23:21:27,293000311,세종70자1344,36.490692,127.324643,6.009,293011070,새나루마을9단지,23
2026-10-09T23:21:27,293000311,세종70자1351,36.498673,127.255305,19.243,293062002,어진중학교(한뜰마을4단지),51
2026-10-09T23:21:27,293000312,세종70자1343,36.508512,127.241508,6.548,293064475,"가락마을8단지,가재마을4단지",31
2026-10-09T23:21:27,293000312,세종70자1350,36.491123,127.324591,17.401,293011069,새나루마을9단지,33
2026-10-09T23:21:27,271000805,충북70자6076,36.48701,127.301603,3.712,293064254,"법원,검찰청,경찰청",0
2026-10-09T23:21:27,271000805,충북70자3086,36.63223,127.42612,37.469,971007260,충북선거관리위원회,0
2026-10-09T23:21:27,271000806,세종73자5645,36.64308,127.423238,2.844,270054828,솔밭초등학교.신영지웰시티,36
2026-10-09T23:21:27,271000806,세종73자5644,36.584252,127.388257,12.088,270054834,가경아이파크5단지,64
2026-10-09T23:21:27,271000806,세종73자5643,36.487676,127.257322,32.448,293053004,"새롬동,나성동",6
2026-10-09T23:21:27,271000806,세종73자5642,36.49419,127.325363,41.309,293064479,집현동,24
2026-10-09T23:21:58,293000303,세종70자1510,36.485811,127.25836,21.163,293053004,"새롬동,나성동",50
2026-10-09T23:21:58,293000304,세종70자1507,36.534073,127.293697,10.376,293064420,누리동,40
2026-10-09T23:21:58,293000304,세종70자1505,36.49956499,127.326968,16.942,293064416,세종공동캠퍼스,57
2026-10-09T23:21:58,293000305,세종70자1506,36.49788199,127.321715,5.909,293064419,집현동,23
2026-10-09T23:21:58,293000305,세종70자1305,36.533961,127.275909,14.584,293014026,한별동,42
2026-10-09T23:21:58,293000311,세종70자1344,36.491861,127.325057,6.101,293011070,새나루마을9단지,31
2026-10-09T23:21:58,293000311,세종70자1351,36.498641,127.255781,19.246,293062002,어진중학교(한뜰마을4단지),37
2026-10-09T23:21:58,293000312,세종70자1343,36.508641,127.241515,6.548,293064475,"가락마을8단지,가재마을4단지",31
2026-10-09T23:21:58,293000312,세종70자1350,36.48959099,127.323816,17.546,293011067,새나루마을8단지,26
2026-10-09T23:21:58,271000805,충북70자6076,36.48701,127.301603,3.712,293064254,"법원,검찰청,경찰청",0
2026-10-09T23:21:58,271000805,충북70자3086,36.63351,127.42522,37.77,971009440,비하삼일아파트,0
2026-10-09T23:21:58,271000806,세종73자5645,36.641855,127.422231,3.093,971008270,효성아파트,24
2026-10-09T23:21:58,271000806,세종73자5644,36.582397,127.387339,12.328,270054834,가경아이파크5단지,66
2026-10-09T23:21:58,271000806,세종73자5643,36.48659,127.257858,32.533,293053004,"새롬동,나성동",44
2026-10-09T23:21:58,271000806,세종73자5642,36.492395,127.326207,41.625,293064479,집현동,33
2026-10-09T23:22:29,293000303,세종70자1510,36.48143499,127.261545,21.754,293053009,한솔동,47
2026-10-09T23:22:29,293000304,세종70자1507,36.536462,127.302393,11.192,293064420,누리동,57
2026-10-09T23:22:29,293000304,세종70자1505,36.49803099,127.322441,17.406,293064418,집현동,25
2026-10-09T23:22:29,293000305,세종70자1506,36.498727,127.325321,6.169,293064419,집현동,57
2026-10-09T23:22:29,293000305,세종70자1305,36.53326,127.272006,14.92,293014026,한별동,41
2026-10-09T23:22:29,293000311,세종70자1344,36.493552,127.325595,6.321,293900015,새나루마을10단지,28
2026-10-09T23:22:29,293000311,세종70자1351,36.497779,127.257613,19.455,293062002,어진중학교(한뜰마을4단지),34
2026-10-09T23:22:29,293000312,세종70자1343,36.509719,127.241526,6.752,293064475,"가락마을8단지,가재마을4단지",38
2026-10-09T23:22:29,293000312,세종70자1350,36.488165,127.32282,17.758,293011067,새나루마을8단지,25
2026-10-09T23:22:29,271000805,충북70자6076,36.48701,127.301603,3.712,293064254,"법원,검찰청,경찰청",0
2026-10-09T23:22:29,271000805,충북70자3086,36.63619167,127.4233017,38.088,270054817,하복대벽산.서청주파크자이아파트,0
2026-10-09T23:22:29,271000806,세종73자5645,36.641294,127.422155,3.194,971008270,효성아파트,27
2026-10-09T23:22:29,271000806,세종73자5644,36.577762,127.386294,12.477,270054834,가경아이파크5단지,63
2026-10-09T23:22:29,271000806,세종73자5643,36.48163499,127.261376,33.176,293053004,"새롬동,나성동",40
2026-10-09T23:22:29,271000806,세종73자5642,36.492343,127.326415,42.005,293064479,집현동,36
2026-10-09T23:22:59,293000303,세종70자1510,36.48068099,127.262073,21.875,293053009,한솔동,20
2026-10-09T23:22:59,293000304,세종70자1507,36.537155,127.305698,11.412,293064420,누리동,58
2026-10-09T23:22:59,293000304,세종70자1505,36.4977,127.320243,17.574,293064418,집현동,57
2026-10-09T23:22:59,293000305,세종70자1506,36.500867,127.328393,6.602,293064417,세종공동캠퍼스,7
2026-10-09T23:22:59,293000305,세종70자1305,36.531983,127.268388,15.31,293014026,한별동,45
2026-10-09T23:22:59,293000311,세종70자1344,36.494882,127.325625,6.41,293900015,새나루마을10단지,20
2026-10-09T23:22:59,293000311,세종70자1351,36.494062,127.256228,19.963,293054001,다정동(대성고등학교),41
2026-10-09T23:22:59,293000312,세종70자1343,36.511666,127.241584,6.93,293064204,"시립도서관,대법원등기정보센터",26
2026-10-09T23:22:59,293000312,세종70자1350,36.486221,127.321133,17.985,293011064,새나루마을1단지,36
2026-10-09T23:22:59,271000805,충북70자6076,36.48701,127.301603,3.712,293064254,"법원,검찰청,경찰청",0
2026-10-09T23:22:59,271000805,충북70자3086,36.6393287,127.4227565,38.364,971009060,부모산.연화사입구,0
2026-10-09T23:22:59,271000806,세종73자5645,36.637596,127.42282,3.485,971009610,비하새동네.영조1차아파트,43
2026-10-09T23:22:59,271000806,세종73자5644,36.573588,127.383524,12.477,270054834,가경아이파크5단지,62
2026-10-09T23:22:59,271000806,세종73자5643,36.480934,127.261873,33.297,293053009,한솔동,15
2026-10-09T23:22:59,271000806,세종73자5642,36.492343,127.326415,42.005,293064479,집현동,36
2026-10-09T23:23:30,293000303,세종70자1510,36.480548,127.262144,21.875,293053009,한솔동,20
2026-10-09T23:23:30,293000304,세종70자1507,36.536833,127.310109,11.926,293900054,용호동,57
2026-10-09T23:23:30,293000304,세종70자1505,36.4976,127.318056,17.83,293064418,집현동,57
2026-10-09T23:23:30,293000305,세종70자1506,36.500969,127.328437,6.602,293064417,세종공동캠퍼스,7
2026-10-09T23:23:30,293000305,세종70자1305,36.529956,127.265215,15.644,293014017,"해밀동,산울동",31
2026-10-09T23:23:30,293000311,세종70자1344,36.498042,127.325223,6.802,293900015,새나루마을10단지,32
2026-10-09T23:23:30,293000311,세종70자1351,36.49328899,127.256115,20.064,293054001,다정동(대성고등학교),37
2026-10-09T23:23:30,293000312,세종70자1343,36.515105,127.241621,7.272,293064204,"시립도서관,대법원등기정보센터",47
2026-10-09T23:23:30,293000312,세종70자1350,36.48547099,127.320113,18.143,293011064,새나루마을1단지,23
2026-10-09T23:23:30,271000805,충북70자6076,36.482643,127.297519,4.41,293064214,소담동(새샘마을),0
2026-10-09T23:23:30,271000805,충북70자3086,36.64292333,127.4224717,38.831,971008280,효성아파트,0
2026-10-09T23:23:30,271000806,세종73자5645,36.63417299,127.424314,3.919,971009430,비하삼일아파트,31
2026-10-09T23:23:30,271000806,세종73자5644,36.569391,127.380731,13.986,270054834,가경아이파크5단지,63
2026-10-09T23:23:30,271000806,세종73자5643,36.480746,127.261975,33.297,293053009,한솔동,15
2026-10-09T23:23:30,271000806,세종73자5642,36.492343,127.326415,42.005,293064479,집현동,36
2026-10-09T23:24:01,293000303,세종70자1510,36.480548,127.262144,21.875,293053009,한솔동,20
2026-10-09T23:24:01,293000304,세종70자1507,36.534386,127.316782,12.524,293900054,용호동,55
2026-10-09T23:24:01,293000304,세종70자1505,36.497648,127.317495,17.83,293064418,집현동,40
2026-10-09T23:24:01,293000305,세종70자1506,36.500996,127.328433,6.602,293064417,세종공동캠퍼스,7
2026-10-09T23:24:01,293000305,세종70자1305,36.52717599,127.262535,16.045,293014017,"해밀동,산울동",43
2026-10-09T23:24:01,293000311,세종70자1344,36.498579,127.324245,6.89,293900015,새나루마을10단지,38
2026-10-09T23:24:01,293000311,세종70자1351,36.491529,127.256205,20.305,293054001,다정동(대성고등학교),46
2026-10-09T23:24:01,293000312,세종70자1343,36.517398,127.241842,7.537,293064476,아름제2중(가락마을20단지),44
2026-10-09T23:24:01,293000312,세종70자1350,36.483806,127.317169,18.456,293900017,새나루마을1단지 후문,27
2026-10-09T23:24:01,271000805,충북70자6076,36.482643,127.297519,4.41,293064214,소담동(새샘마을),0
2026-10-09T23:24:01,271000805,충북70자3086,36.64292333,127.4224717,38.831,971008280,효성아파트,0
2026-10-09T23:24:01,271000806,세종73자5645,36.633735,127.424666,3.919,971009430,비하삼일아파트,6
2026-10-09T23:24:01,271000806,세종73자5644,36.565616,127.37626,14.388,270054834,가경아이파크5단지,67
2026-10-09T23:24:01,271000806,세종73자5643,36.479194,127.26305,33.484,293053009,한솔동,36
2026-10-09T23:24:01,271000806,세종73자5642,36.492343,127.326415,42.005,293064479,집현동,36
2026-10-09T23:24:31,293000303,세종70자1510,36.479175,127.262956,22.061,293053009,한솔동,25
2026-10-09T23:24:31,293000304,세종70자1507,36.531773,127.320179,12.967,293064493,다솜동,57
2026-10-09T23:24:31,293000304,세종70자1505,36.497676,127.31194,18.379,293064257,반곡동(수루배마을),10
2026-10-09T23:24:31,293000305,세종70자1506,36.501919,127.328995,6.694,293064417,세종공동캠퍼스,46
2026-10-09T23:24:31,293000305,세종70자1305,36.525185,127.261303,16.286,293014017,"해밀동,산울동",41
2026-10-09T23:24:31,293000311,세종70자1344,36.497651,127.317429,7.575,293064480,집현동,44
2026-10-09T23:24:31,293000311,세종70자1351,36.491466,127.256221,20.305,293054001,다정동(대성고등학교),8
2026-10-09T23:24:31,293000312,세종70자1343,36.518884,127.244272,7.953,293064099,"범지기3,9단지(청소년센터)",46
2026-10-09T23:24:31,293000312,세종70자1350,36.483523,127.31643,18.589,293900017,새나루마을1단지 후문,27
2026-10-09T23:24:31,271000805,충북70자6076,36.478752,127.288995,5.319,293064211,"세종시청,시의회,교육청",0
2026-10-09T23:24:31,271000805,충북70자3086,36.6418074,127.4263394,39.189,270054819,솔밭초등학교.신영지웰시티,0
2026-10-09T23:24:31,271000806,세종73자5645,36.633735,127.424666,3.919,971009430,비하삼일아파트,6
2026-10-09T23:24:31,271000806,세종73자5644,36.560509,127.369593,15.312,270054834,가경아이파크5단지,78
2026-10-09T23:24:31,271000806,세종73자5643,36.477126,127.264558,33.701,293053009,한솔동,65
2026-10-09T23:24:31,271000806,세종73자5642,36.492343,127.326415,42.005,293064479,집현동,36
2026-10-09T23:25:02,293000303,세종70자1510,36.477729,127.264161,22.278,293053009,한솔동,23
2026-10-09T23:25:02,293000304,세종70자1507,36.527625,127.325354,13.586,293064493,다솜동,50
2026-10-09T23:25:02,293000304,세종70자1505,36.49682,127.307903,18.734,293064257,반곡동(수루배마을),59
2026-10-09T23:25:02,293000305,세종70자1506,36.506207,127.329563,7.037,293064417,세종공동캠퍼스,59
2026-10-09T23:25:02,293000305,세종70자1305,36.52204299,127.259827,16.662,293014017,"해밀동,산울동",35
2026-10-09T23:25:02,293000311,세종70자1344,36.497711,127.315798,7.86,293064511,반곡고등학교,25
2026-10-09T23:25:02,293000311,세종70자1351,36.489799,127.256465,20.457,293064436,한국산업인력공단 세종지사,43
2026-10-09T23:25:02,293000312,세종70자1343,36.518814,127.247864,8.241,293064099,"범지기3,9단지(청소년센터)",46
2026-10-09T23:25:02,293000312,세종70자1350,36.48262,127.312146,18.904,293900017,새나루마을1단지 후문,45
2026-10-09T23:25:02,271000805,충북70자6076,36.478752,127.288995,5.319,293064211,"세종시청,시의회,교육청",0
2026-10-09T23:25:02,271000805,충북70자3086,36.6418074,127.4263394,39.189,270054819,솔밭초등학교.신영지웰시티,0
2026-10-09T23:25:02,271000806,세종73자5645,36.631623,127.426152,4.355,971006760,충북선거관리위원회,30
2026-10-09T23:25:02,271000806,세종73자5644,36.55762,127.368983,15.683,270054834,가경아이파크5단지,78
2026-10-09T23:25:02,271000806,세종73자5643,36.472034,127.268299,34.398,293053009,한솔동,60
2026-10-09T23:25:02,271000806,세종73자5642,36.492343,127.326415,42.005,293064479,집현동,36
2026-10-09T23:25:33,293000303,세종70자1510,36.47565,127.265646,22.278,293053009,한솔동,48
2026-10-09T23:25:33,293000304,세종70자1507,36.524374,127.328822,14.084,293064493,다솜동,57
2026-10-09T23:25:33,293000304,세종70자1505,36.492371,127.304621,19.221,293064261,국책연구단지,49
2026-10-09T23:25:33,293000305,세종70자1506,36.510378,127.329917,7.75,293064417,세종공동캠퍼스,57
2026-10-09T23:25:33,293000305,세종70자1305,36.521153,127.259568,16.772,293064446,세종충남대학교병원,21
2026-10-09T23:25:33,293000311,세종70자1344,36.497783,127.311924,8.099,293064401,반곡동(수루배마을),15
2026-10-09T23:25:33,293000311,세종70자1351,36.487225,127.257333,20.758,293053003,"새롬동,나성동(청소년센터)",38
2026-10-09T23:25:33,293000312,세종70자1343,36.519458,127.252441,8.678,293064101,범지기마을10단지 북측,53
2026-10-09T23:25:33,293000312,세종70자1350,36.482148,127.30759,19.35,293060004,한국개발연구원(KDI),18
2026-10-09T23:25:33,271000805,충북70자6076,36.47563,127.281661,5.999,293064209,"보람동,대평동",0
2026-10-09T23:25:33,271000805,충북70자3086,36.6416906,127.4317181,39.712,270054820,대농공원.흥덕보건소임시청사,0
2026-10-09T23:25:33,271000806,세종73자5645,36.631442,127.426274,4.355,971006760,충북선거관리위원회,30
2026-10-09T23:25:33,271000806,세종73자5644,36.545938,127.368195,17.195,270054834,가경아이파크5단지,79
2026-10-09T23:25:33,271000806,세종73자5643,36.470838,127.272998,34.878,293064221,세종고속시외버스터미널(지하),16
2026-10-09T23:25:33,271000806,세종73자5642,36.492343,127.326415,42.005,293064479,집현동,36
2026-10-09T23:26:03,293000303,세종70자1510,36.471921,127.268433,23.028,293053009,한솔동,57
2026-10-09T23:26:03,293000304,세종70자1507,36.520379,127.33069,14.615,293064493,다솜동,58
2026-10-09T23:26:03,293000304,세종70자1505,36.491886,127.304336,19.221,293064261,국책연구단지,49
2026-10-09T23:26:03,293000305,세종70자1506,36.514552,127.330293,8.053,293064417,세종공동캠퍼스,57
2026-10-09T23:26:03,293000305,세종70자1305,36.51790299,127.258988,17.137,293064446,세종충남대학교병원,57
2026-10-09T23:26:03,293000311,세종70자1344,36.497777,127.311838,8.099,293064401,반곡동(수루배마을),15
2026-10-09T23:26:03,293000311,세종70자1351,36.48442,127.25909,21.362,293053003,"새롬동,나성동(청소년센터)",5
2026-10-09T23:26:03,293000312,세종70자1343,36.518851,127.255974,9.038,293064052,세종충남대병원,33
2026-10-09T23:26:03,293000312,세종70자1350,36.484996,127.303851,19.983,293064364,새샘마을6단지,41
2026-10-09T23:26:03,271000805,충북70자6076,36.472116,127.276192,6.549,293064251,대평동,0
2026-10-09T23:26:03,271000805,충북70자3086,36.6416906,127.4317181,39.712,270054820,대농공원.흥덕보건소임시청사,0
2026-10-09T23:26:03,271000806,세종73자5645,36.631442,127.426274,4.355,971006760,충북선거관리위원회,30
2026-10-09T23:26:03,271000806,세종73자5644,36.540952,127.365098,17.606,270054834,가경아이파크5단지,75
2026-10-09T23:26:03,271000806,세종73자5643,36.47087,127.273547,34.924,293064221,세종고속시외버스터미널(지하),255
2026-10-09T23:26:03,271000806,세종73자5642,36.492343,127.326415,42.005,293064479,집현동,36
2026-10-09T23:26:34,293000303,세종70자1510,36.470851,127.273545,23.503,293064221,세종고속시외버스터미널(지하),17
2026-10-09T23:26:34,293000304,세종70자1507,36.516246,127.330413,15.095,293064493,다솜동,57
2026-10-09T23:26:34,293000304,세종70자1505,36.486996,127.301568,19.917,293064254,"법원,검찰청,경찰청",37
2026-10-09T23:26:34,293000305,세종70자1506,36.520241,127.330747,8.725,293064417,세종공동캠퍼스,56
2026-10-09T23:26:34,293000305,세종70자1305,36.514974,127.258966,17.467,293056002,도담동,23
2026-10-09T23:26:34,293000311,세종70자1344,36.497757,127.311535,8.099,293064401,반곡동(수루배마을),27
2026-10-09T23:26:34,293000311,세종70자1351,36.484188,127.25919,21.362,293053003,"새롬동,나성동(청소년센터)",19
2026-10-09T23:26:34,293000312,세종70자1343,36.518257,127.257588,9.207,293064052,세종충남대병원,43
2026-10-09T23:26:34,293000312,세종70자1350,36.48578899,127.302215,20.004,293064364,새샘마을6단지,40
2026-10-09T23:26:34,271000805,충북70자6076,36.470816,127.273172,6.924,293064220,세종고속시외버스터미널(지하),0
2026-10-09T23:26:34,271000805,충북70자3086,36.6416906,127.4317181,39.712,270054820,대농공원.흥덕보건소임시청사,0
2026-10-09T23:26:34,271000806,세종73자5645,36.631078,127.426517,4.363,971006760,충북선거관리위원회,38
2026-10-09T23:26:34,271000806,세종73자5644,36.540526,127.35855,18.215,270054834,가경아이파크5단지,78
2026-10-09T23:26:34,271000806,세종73자5643,36.47376899,127.277908,35.406,293064252,대평동,51
2026-10-09T23:26:34,271000806,세종73자5642,36.492343,127.326415,42.005,293064479,집현동,36
2026-10-09T23:27:05,293000304,세종70자1507,36.511812,127.330023,15.576,293064493,다솜동,57
2026-10-09T23:27:05,293000304,세종70자1505,36.486751,127.301486,20.014,293064254,"법원,검찰청,경찰청",37
2026-10-09T23:27:05,293000305,세종70자1510,36.472485,127.276578,0.425,293064252,대평동,12
2026-10-09T23:27:05,293000305,세종70자1506,36.523112,127.329652,9.042,293064417,세종공동캠퍼스,57
2026-10-09T23:27:05,293000305,세종70자1305,36.511161,127.260175,17.904,293056002,도담동,62
2026-10-09T23:27:05,293000311,세종70자1344,36.495709,127.306709,8.665,293064401,반곡동(수루배마을),18
2026-10-09T23:27:05,293000311,세종70자1351,36.481443,127.261212,21.48,293053008,한솔동(첫마을),43
2026-10-09T23:27:05,293000312,세종70자1343,36.51536,127.258841,9.624,293056001,도담동(도램마을),42
2026-10-09T23:27:05,293000312,세종70자1350,36.486145,127.301603,20.097,293064364,새샘마을6단지,40
2026-10-09T23:27:05,271000805,충북70자6076,36.47215857,127.26824911,7.404,293064220,세종고속시외버스터미널(지하),0
2026-10-09T23:27:05,271000805,충북70자3086,36.6416906,127.4317181,39.712,270054820,대농공원.흥덕보건소임시청사,0
2026-10-09T23:27:05,271000806,세종73자5645,36.627004,127.429394,4.879,971006760,충북선거관리위원회,54
2026-10-09T23:27:05,271000806,세종73자5644,36.540761,127.351473,19.074,270054834,가경아이파크5단지,76
2026-10-09T23:27:05,271000806,세종73자5643,36.475175,127.280986,35.778,293064206,"보람동,대평동",29
2026-10-09T23:27:05,271000806,세종73자5642,36.492343,127.326415,42.005,293064479,집현동,36
2026-10-09T23:27:36,293000304,세종70자1507,36.507674,127.329657,15.915,293064493,다솜동,57
2026-10-09T23:27:36,293000304,세종70자1505,36.486751,127.301486,20.014,293064254,"법원,검찰청,경찰청",37
2026-10-09T23:27:36,293000305,세종70자1510,36.474624,127.279436,1.043,293064252,대평동,35
2026-10-09T23:27:36,293000305,세종70자1506,36.526673,127.32669,9.644,293064417,세종공동캠퍼스,58
2026-10-09T23:27:36,293000305,세종70자1305,36.506763,127.262036,18.415,293056002,도담동,36
2026-10-09T23:27:36,293000311,세종70자1344,36.496777,127.304212,8.915,293900013,세종연구단지(수루배1단지),36
2026-10-09T23:27:36,293000311,세종70자1351,36.478413,127.263419,21.787,293053008,한솔동(첫마을),68
2026-10-09T23:27:36,293000312,세종70자1343,36.51442999,127.259047,9.742,293056001,도담동(도램마을),37
2026-10-09T23:27:36,293000312,세종70자1350,36.483561,127.2987,20.52,293064364,새샘마을6단지,52
2026-10-09T23:27:36,271000805,충북70자6076,36.47215857,127.26824911,7.404,293064220,세종고속시외버스터미널(지하),0
2026-10-09T23:27:36,271000805,충북70자3086,36.6416906,127.4317181,39.712,270054820,대농공원.흥덕보건소임시청사,0
2026-10-09T23:27:36,271000806,세종73자5645,36.625651,127.430293,5.112,270054312,고속버스터미널,16
2026-10-09T23:27:36,271000806,세종73자5644,36.540301,127.344636,19.45,270054834,가경아이파크5단지,69
2026-10-09T23:27:36,271000806,세종73자5643,36.476504,127.283937,36.058,293064206,"보람동,대평동",44
2026-10-09T23:27:36,271000806,세종73자5642,36.492343,127.326415,42.005,293064479,집현동,36
2026-10-09T23:28:07,293000304,세종70자1507,36.50331,127.329228,16.498,293064493,다솜동,57
2026-10-09T23:28:07,293000304,세종70자1505,36.486438,127.301613,20.014,293064254,"법원,검찰청,경찰청",33
2026-10-09T23:28:07,293000305,세종70자1510,36.475506,127.280659,1.043,293064206,"보람동,대평동",2
2026-10-09T23:28:07,293000305,세종70자1506,36.530673,127.322174,10.296,293064417,세종공동캠퍼스,57
2026-10-09T23:28:07,293000305,세종70자1305,36.505428,127.261723,18.564,293062014,정부세종청사 북측,23
2026-10-09T23:28:07,293000311,세종70자1344,36.497457,127.302722,8.915,293900013,세종연구단지(수루배1단지),47
2026-10-09T23:28:07,293000311,세종70자1351,36.473837,127.26681,22.644,293053008,한솔동(첫마을),68
2026-10-09T23:28:07,293000312,세종70자1343,36.5121,127.25966,9.98,293064109,"도램마을8,10단지",26
2026-10-09T23:28:07,293000312,세종70자1350,36.482663,127.297506,20.701,293064214,소담동(새샘마을),9
2026-10-09T23:28:07,271000805,충북70자6076,36.48165221,127.26140857,8.623,293053011,한솔동,0
2026-10-09T23:28:07,271000805,충북70자3086,36.6416906,127.4317181,39.712,270054820,대농공원.흥덕보건소임시청사,0
2026-10-09T23:28:07,271000806,세종73자5645,36.625558,127.430335,5.112,270054312,고속버스터미널,16
2026-10-09T23:28:07,271000806,세종73자5644,36.537847,127.33856,20.192,270054834,가경아이파크5단지,76
2026-10-09T23:28:07,271000806,세종73자5643,36.478225,127.287946,36.496,293064210,"세종시청,시의회,교육청",28
2026-10-09T23:28:07,271000806,세종73자5642,36.492343,127.326415,42.005,293064479,집현동,36
2026-10-09T23:28:37,293000304,세종70자1507,36.501447,127.328726,16.717,293064416,세종공동캠퍼스,4
2026-10-09T23:28:37,293000304,세종70자1505,36.482586,127.297523,20.613,293064214,소담동(새샘마을),26
2026-10-09T23:28:37,293000305,세종70자1510,36.47614,127.282608,1.122,293064206,"보람동,대평동",48
2026-10-09T23:28:37,293000305,세종70자1506,36.532668,127.31915,10.537,293064492,다솜동,57
2026-10-09T23:28:37,293000305,세종70자1305,36.502478,127.260343,18.916,293062014,정부세종청사 북측,30
2026-10-09T23:28:37,293000311,세종70자1344,36.499481,127.298373,9.752,293900013,세종연구단지(수루배1단지),51
2026-10-09T23:28:37,293000311,세종70자1351,36.47045,127.272919,23.168,293064221,세종고속시외버스터미널(지하),42
2026-10-09T23:28:37,293000312,세종70자1343,36.510298,127.260714,10.185,293064109,"도램마을8,10단지",52
2026-10-09T23:28:37,293000312,세종70자1350,36.48150299,127.295871,20.834,293064214,소담동(새샘마을),255
2026-10-09T23:28:37,271000805,충북70자6076,36.48400519,127.25973019,8.925,293053011,한솔동,0
2026-10-09T23:28:37,271000805,충북70자3086,36.6416906,127.4317181,39.712,270054820,대농공원.흥덕보건소임시청사,0
2026-10-09T23:28:37,271000806,세종73자5645,36.625558,127.430335,5.112,270054312,고속버스터미널,16
2026-10-09T23:28:37,271000806,세종73자5644,36.535462,127.333512,20.502,270054834,가경아이파크5단지,56
2026-10-09T23:28:37,271000806,세종73자5643,36.478489,127.28856,36.496,293064210,"세종시청,시의회,교육청",33
2026-10-09T23:28:37,271000806,세종73자5642,36.492343,127.326415,42.005,293064479,집현동,36
2026-10-09T23:29:08,293000304,세종70자1507,36.50144,127.328679,16.717,293064416,세종공동캠퍼스,4
2026-10-09T23:29:08,293000304,세종70자1505,36.48157599,127.295774,20.746,293064214,소담동(새샘마을),58
2026-10-09T23:29:08,293000305,세종70자1510,36.477783,127.286861,1.671,293064206,"보람동,대평동",51
2026-10-09T23:29:08,293000305,세종70자1506,36.53550899,127.314364,10.94,293064492,다솜동,58
2026-10-09T23:29:08,293000305,세종70자1305,36.501235,127.259734,19.118,293062007,정부세종청사 남측,27
2026-10-09T23:29:08,293000311,세종70자1351,36.469274,127.273789,0.0,293055002,세종고속시외버스터미널(지상),31
2026-10-09T23:29:08,293000311,세종70자1344,36.500611,127.29597,9.765,293900013,세종연구단지(수루배1단지),33
2026-10-09T23:29:08,293000312,세종70자1343,36.508789,127.261386,10.414,293064109,"도램마을8,10단지",52
2026-10-09T23:29:08,293000312,세종70자1350,36.47884,127.289378,21.697,293064214,소담동(새샘마을),33
2026-10-09T23:29:08,271000805,충북70자6076,36.48662514,127.25790223,9.265,293053011,한솔동,0
2026-10-09T23:29:08,271000805,충북70자3086,36.6416906,127.4317181,39.712,270054820,대농공원.흥덕보건소임시청사,0
2026-10-09T23:29:08,271000806,세종73자5645,36.625226,127.430565,5.113,270054312,고속버스터미널,34
2026-10-09T23:29:08,271000806,세종73자5644,36.533556,127.32994,20.955,270054834,가경아이파크5단지,22
2026-10-09T23:29:08,271000806,세종73자5643,36.47956,127.291164,36.715,293064210,"세종시청,시의회,교육청",57
2026-10-09T23:29:08,271000806,세종73자5642,36.492343,127.326415,42.005,293064479,집현동,36
2026-10-09T23:29:39,293000304,세종70자1507,36.501024,127.328377,16.717,293064416,세종공동캠퍼스,43
2026-10-09T23:29:39,293000304,세종70자1505,36.479778,127.291428,20.985,293064214,소담동(새샘마을),56
2026-10-09T23:29:39,293000305,세종70자1510,36.4785,127.28818,1.693,293064210,"세종시청,시의회,교육청",23
2026-10-09T23:29:39,293000305,세종70자1506,36.536925,127.309962,11.432,293900055,용호동,57
2026-10-09T23:29:39,293000305,세종70자1305,36.498344,127.258088,19.417,293062007,정부세종청사 남측,38
2026-10-09T23:29:39,293000311,세종70자1351,36.469036,127.273863,0.0,293055002,세종고속시외버스터미널(지상),25
2026-10-09T23:29:39,293000311,세종70자1344,36.502335,127.29225,10.22,293900013,세종연구단지(수루배1단지),59
2026-10-09T23:29:39,293000312,세종70자1343,36.50876,127.261403,10.414,293064109,"도램마을8,10단지",52
2026-10-09T23:29:39,293000312,세종70자1350,36.478493,127.288863,21.697,293064211,"세종시청,시의회,교육청",17
2026-10-09T23:29:39,271000805,충북70자6076,36.48916347,127.2567558,9.565,293053005,"새롬동,나성동",0
2026-10-09T23:29:39,271000805,충북70자3086,36.6416906,127.4317181,39.712,270054820,대농공원.흥덕보건소임시청사,0
2026-10-09T23:29:39,271000806,세종73자5645,36.623685,127.431503,5.238,270054830,하나병원,29
2026-10-09T23:29:39,271000806,세종73자5644,36.532325,127.327874,20.955,270054834,가경아이파크5단지,69
2026-10-09T23:29:39,271000806,세종73자5643,36.481815,127.296147,37.277,293064210,"세종시청,시의회,교육청",53
2026-10-09T23:29:39,271000806,세종73자5642,36.492343,127.326415,42.005,293064479,집현동,36
2026-10-09T23:30:09,293000304,세종70자1507,36.498511,127.324188,17.163,293064416,세종공동캠퍼스,57
2026-10-09T23:30:09,293000304,세종70자1505,36.478755,127.289061,21.608,293064211,"세종시청,시의회,교육청",29
2026-10-09T23:30:09,293000305,세종70자1510,36.478713,127.288676,1.693,293064210,"세종시청,시의회,교육청",28
2026-10-09T23:30:09,293000305,세종70자1506,36.536501,127.302327,12.16,293900055,용호동,56
2026-10-09T23:30:09,293000305,세종70자1305,36.495268,127.25662,19.794,293062004,다정동,30
2026-10-09T23:30:09,293000311,세종70자1351,36.469036,127.273863,0.0,293055002,세종고속시외버스터미널(지상),25
2026-10-09T23:30:09,293000311,세종70자1344,36.503713,127.285687,10.816,293900012,전통문화체험관,31
2026-10-09T23:30:09,293000312,세종70자1343,36.508754,127.261417,10.414,293064109,"도램마을8,10단지",52
2026-10-09T23:30:09,293000312,세종70자1350,36.478001,127.287496,21.697,293064211,"세종시청,시의회,교육청",43
2026-10-09T23:30:09,271000805,충북70자6076,36.493926,127.25641,10.074,293054003,다정동,0
2026-10-09T23:30:09,271000805,충북70자3086,36.6445626,127.4331493,40.556,270054821,솔밭공원.청소년수련관,0
2026-10-09T23:30:09,271000806,세종73자5645,36.623356,127.431767,5.418,270054830,하나병원,16
2026-10-09T23:30:09,271000806,세종73자5644,36.529819,127.323054,21.734,270054834,가경아이파크5단지,19
2026-10-09T23:30:09,271000806,세종73자5643,36.482498,127.297532,37.398,293064216,소담동(새샘마을),21
2026-10-09T23:30:09,271000806,세종73자5642,36.492343,127.326415,42.005,293064479,집현동,36
2026-10-09T23:30:40,293000304,세종70자1507,36.497668,127.319664,17.574,293064418,집현동,49
2026-10-09T23:30:40,293000304,세종70자1505,36.47838,127.288545,21.608,293064211,"세종시청,시의회,교육청",35
2026-10-09T23:30:40,293000305,세종70자1510,36.480158,127.292465,2.334,293064210,"세종시청,시의회,교육청",57
2026-10-09T23:30:40,293000305,세종70자1506,36.535751,127.299612,12.479,293900055,용호동,57
2026-10-09T23:30:40,293000305,세종70자1305,36.494344,127.256398,19.91,293062004,다정동,25
2026-10-09T23:30:40,293000311,세종70자1351,36.469036,127.273863,0.0,293055002,세종고속시외버스터미널(지상),25
2026-10-09T23:30:40,293000311,세종70자1344,36.503802,127.285047,10.819,293900012,전통문화체험관,23
2026-10-09T23:30:40,293000312,세종70자1343,36.50838799,127.261986,10.452,293062016,도램마을9단지,28
2026-10-09T23:30:40,293000312,세종70자1350,36.476276,127.283338,22.056,293064211,"세종시청,시의회,교육청",54
2026-10-09T23:30:40,271000805,충북70자6076,36.49591871,127.25685599,10.322,293054003,다정동,0
2026-10-09T23:30:40,271000805,충북70자3086,36.6445626,127.4331493,40.556,270054821,솔밭공원.청소년수련관,0
2026-10-09T23:30:40,271000806,세종73자5645,36.622785,127.432189,5.42,270054830,하나병원,35
2026-10-09T23:30:40,271000806,세종73자5644,36.531793,127.320476,22.047,293064499,다솜동,24
2026-10-09T23:30:40,271000806,세종73자5643,36.48407,127.299512,37.698,293064216,소담동(새샘마을),45
2026-10-09T23:30:40,271000806,세종73자5642,36.492343,127.326415,42.005,293064479,집현동,36
2026-10-09T23:31:11,293000304,세종70자1507,36.497558,127.318086,17.83,293064418,집현동,49
2026-10-09T23:31:11,293000304,세종70자1505,36.475696,127.281771,22.181,293064209,"보람동,대평동",35
2026-10-09T23:31:11,293000305,세종70자1510,36.482263,127.296638,2.661,293064210,"세종시청,시의회,교육청",44
2026-10-09T23:31:11,293000305,세종70자1506,36.534018,127.291477,13.188,293014058,누리동,56
2026-10-09T23:31:11,293000305,세종70자1305,36.489391,127.257004,20.5,293062004,다정동,38
2026-10-09T23:31:11,293000311,세종70자1351,36.469036,127.273863,0.0,293055002,세종고속시외버스터미널(지상),25
2026-10-09T23:31:11,293000311,세종70자1344,36.504724,127.279271,11.353,293900012,전통문화체험관,57
2026-10-09T23:31:11,293000312,세종70자1343,36.508262,127.265504,10.784,293062016,도램마을9단지,50
2026-10-09T23:31:11,293000312,세종70자1350,36.47512,127.280918,22.335,293064209,"보람동,대평동",37
2026-10-09T23:31:11,271000805,충북70자6076,36.500845,127.259633,10.918,293062006,정부세종청사 남측,0
2026-10-09T23:31:11,271000805,충북70자3086,36.6445626,127.4331493,40.556,270054821,솔밭공원.청소년수련관,0
2026-10-09T23:31:11,271000806,세종73자5645,36.62042,127.433841,5.729,270054831,가로수마을휴먼시아,19
2026-10-09T23:31:11,271000806,세종73자5644,36.532767,127.319185,22.289,293064499,다솜동,50
2026-10-09T23:31:11,271000806,세종73자5643,36.486877,127.301693,38.114,293064253,"법원,검찰청,경찰청",30
2026-10-09T23:31:11,271000806,세종73자5642,36.492343,127.326415,42.005,293064479,집현동,36
2026-10-09T23:31:41,293000304,세종70자1507,36.497587,127.317469,17.831,293064418,집현동,41
2026-10-09T23:31:41,293000304,세종70자1505,36.475333,127.28122,22.237,293064209,"보람동,대평동",255
2026-10-09T23:31:41,293000305,세종70자1510,36.483128,127.297753,2.793,293064216,소담동(새샘마을),21
2026-10-09T23:31:41,293000305,세종70자1506,36.534435,127.286673,13.605,293014058,누리동,56
2026-10-09T23:31:41,293000305,세종70자1305,36.488067,127.257062,20.614,293053004,"새롬동,나성동",31
2026-10-09T23:31:41,293000311,세종70자1351,36.469036,127.273863,0.0,293055002,세종고속시외버스터미널(지상),25
2026-10-09T23:31:41,293000311,세종70자1344,36.506561,127.271954,11.946,293900009,세종소방서,53
2026-10-09T23:31:41,293000312,세종70자1343,36.50736599,127.26894,11.116,293900007,양지고등학교,46
2026-10-09T23:31:41,293000312,세종70자1350,36.472246,127.276331,22.964,293064209,"보람동,대평동",38
2026-10-09T23:31:41,271000805,충북70자6076,36.50250387,127.26034549,11.121,293062006,정부세종청사 남측,0
2026-10-09T23:31:41,271000805,충북70자3086,36.6456886,127.4278916,40.986,270054822,현대백화점,0
2026-10-09T23:31:41,271000806,세종73자5645,36.618451,127.430071,6.217,270054832,서현초등학교,39
2026-10-09T23:31:41,271000806,세종73자5644,36.534699,127.316217,22.595,293064499,다솜동,25
2026-10-09T23:31:41,271000806,세종73자5643,36.487343,127.301932,38.114,293064253,"법원,검찰청,경찰청",33
2026-10-09T23:31:41,271000806,세종73자5642,36.492343,127.326415,42.005,293064479,집현동,36
2026-10-09T23:32:12,293000304,세종70자1507,36.497763,127.312572,18.273,293064257,반곡동(수루배마을),36
2026-10-09T23:32:12,293000304,세종70자1505,36.47190299,127.276321,22.875,293064251,대평동,255
2026-10-09T23:32:12,293000305,세종70자1510,36.484258,127.299301,2.995,293064216,소담동(새샘마을),19
2026-10-09T23:32:12,293000305,세종70자1506,36.534642,127.284178,13.827,293014058,누리동,59
2026-10-09T23:32:12,293000305,세종70자1305,36.487266,127.257477,20.704,293053004,"새롬동,나성동",17
2026-10-09T23:32:12,293000311,세종70자1351,36.469036,127.273863,0.0,293055002,세종고속시외버스터미널(지상),25
2026-10-09T23:32:12,293000311,세종70자1344,36.506949,127.270854,12.151,293900009,세종소방서,56
2026-10-09T23:32:12,293000312,세종70자1343,36.506136,127.272621,11.497,293900010,세종소방서,32
2026-10-09T23:32:12,293000312,세종70자1350,36.471956,127.27622,22.964,293064251,대평동,255
2026-10-09T23:32:12,271000805,충북70자6076,36.50682951,127.26188928,11.627,293062011,정부세종청사 북측,0
2026-10-09T23:32:12,271000805,충북70자3086,36.6456886,127.4278916,40.986,270054822,현대백화점,0
2026-10-09T23:32:12,271000806,세종73자5645,36.617769,127.427981,6.375,270054833,서현공원,44
2026-10-09T23:32:12,271000806,세종73자5644,36.536575,127.31182,23.008,293900063,용호동,61
2026-10-09T23:32:12,271000806,세종73자5643,36.489717,127.302936,38.385,293064253,"법원,검찰청,경찰청",29
2026-10-09T23:32:12,271000806,세종73자5642,36.492343,127.326415,42.005,293064479,집현동,36
2026-10-09T23:32:43,293000304,세종70자1507,36.497555,127.310425,18.49,293064257,반곡동(수루배마을),35
2026-10-09T23:32:43,293000304,세종70자1505,36.470008,127.273601,23.244,293064251,대평동,31
2026-10-09T23:32:43,293000305,세종70자1510,36.48451,127.29973,2.995,293064216,소담동(새샘마을),24
2026-10-09T23:32:43,293000305,세종70자1506,36.53396,127.27604,14.584,293014026,한별동,54
2026-10-09T23:32:43,293000305,세종70자1305,36.486521,127.257865,20.808,293053004,"새롬동,나성동",36
2026-10-09T23:32:43,293000311,세종70자1351,36.469036,127.273863,0.0,293055002,세종고속시외버스터미널(지상),25
2026-10-09T23:32:43,293000311,세종70자1344,36.50788,127.268182,12.391,293900009,세종소방서,56
2026-10-09T23:32:43,293000312,세종70자1343,36.506033,127.272876,11.497,293900010,세종소방서,32
2026-10-09T23:32:43,293000312,세종70자1350,36.470145,127.27364,23.196,293064251,대평동,28
2026-10-09T23:32:43,271000805,충북70자6076,36.51252376,127.2595524,12.301,293062011,정부세종청사 북측,0
2026-10-09T23:32:43,271000805,충북70자3086,36.6456886,127.4278916,40.986,270054822,현대백화점,0
2026-10-09T23:32:43,271000806,세종73자5645,36.61741,127.426213,6.542,270054833,서현공원,34
2026-10-09T23:32:43,271000806,세종73자5644,36.537292,127.307058,23.454,293900063,용호동,62
2026-10-09T23:32:43,271000806,세종73자5643,36.48997,127.303106,38.385,293064253,"법원,검찰청,경찰청",29
2026-10-09T23:32:43,271000806,세종73자5642,36.492343,127.326415,42.005,293064479,집현동,36
2026-10-09T23:33:13,293000304,세종70자1507,36.496406,127.307476,18.777,293064257,반곡동(수루배마을),43
2026-10-09T23:33:13,293000304,세종70자1505,36.469425,127.27377,23.247,293064251,대평동,31
2026-10-09T23:33:13,293000305,세종70자1510,36.485906,127.301041,3.268,293064216,소담동(새샘마을),24
2026-10-09T23:33:13,293000305,세종70자1506,36.533571,127.273651,14.815,293014026,한별동,57
2026-10-09T23:33:13,293000305,세종70자1305,36.481502,127.261589,21.432,293053009,한솔동,40
2026-10-09T23:33:13,293000311,세종70자1351,36.469036,127.273863,0.0,293055002,세종고속시외버스터미널(지상),25
2026-10-09T23:33:13,293000311,세종70자1344,36.50788,127.268182,12.391,293900009,세종소방서,56
2026-10-09T23:33:13,293000312,세종70자1343,36.504557,127.279309,12.09,293900010,세종소방서,65
2026-10-09T23:33:13,293000312,세종70자1350,36.469353,127.273871,23.335,293064251,대평동,28
2026-10-09T23:33:13,271000805,충북70자6076,36.514066,127.259188,12.494,293056003,도담동,0
2026-10-09T23:33:13,271000805,충북70자3086,36.6456886,127.4278916,40.986,270054822,현대백화점,0
2026-10-09T23:33:13,271000806,세종73자5645,36.61741,127.426213,6.542,270054833,서현공원,34
2026-10-09T23:33:13,271000806,세종73자5644,36.536313,127.301582,23.986,293900063,용호동,66
2026-10-09T23:33:13,271000806,세종73자5643,36.491088,127.303848,38.385,293064255,국책연구단지,36
2026-10-09T23:33:13,271000806,세종73자5642,36.492343,127.326415,42.005,293064479,집현동,36
2026-10-09T23:33:44,293000304,세종70자1507,36.492922,127.304996,19.221,293064257,반곡동(수루배마을),37
2026-10-09T23:33:44,293000304,세종70자1505,36.469425,127.27377,23.247,293064251,대평동,31
2026-10-09T23:33:44,293000305,세종70자1512,36.467695,127.2735,0.0,293055002,세종고속시외버스터미널(지상),255
2026-10-09T23:33:44,293000305,세종70자1510,36.486975,127.301681,3.411,293064253,"법원,검찰청,경찰청",19
2026-10-09T23:33:44,293000305,세종70자1506,36.532211,127.268912,15.211,293014026,한별동,45
2026-10-09T23:33:44,293000305,세종70자1305,36.480584,127.262155,21.553,293053009,한솔동,29
2026-10-09T23:33:44,293000311,세종70자1351,36.469036,127.273863,0.0,293055002,세종고속시외버스터미널(지상),25
2026-10-09T23:33:44,293000311,세종70자1344,36.508065,127.267634,12.457,293900009,세종소방서,28
2026-10-09T23:33:44,293000312,세종70자1343,36.503603,127.285323,12.639,293900011,전통문화체험관,65
2026-10-09T23:33:44,293000312,세종70자1350,36.469353,127.273871,23.335,293064251,대평동,28
2026-10-09T23:33:44,271000805,충북70자6076,36.51791572,127.25901,12.904,293056003,도담동,0
2026-10-09T23:33:44,271000805,충북70자3086,36.6456886,127.4278916,40.986,270054822,현대백화점,0
2026-10-09T23:33:44,271000806,세종73자5645,36.61741,127.426213,6.542,270054833,서현공원,34
2026-10-09T23:33:44,271000806,세종73자5644,36.53431599,127.294449,24.653,293900063,용호동,51
2026-10-09T23:33:44,271000806,세종73자5643,36.492987,127.305162,38.806,293064255,국책연구단지,54
2026-10-09T23:33:44,271000806,세종73자5642,36.492343,127.326415,42.005,293064479,집현동,36
2026-10-09T23:34:15,293000304,세종70자1507,36.49125,127.303838,19.638,293064261,국책연구단지,37
2026-10-09T23:34:15,293000304,세종70자1505,36.469425,127.27377,23.247,293064251,대평동,31
2026-10-09T23:34:15,293000305,세종70자1512,36.467695,127.2735,0.0,293055002,세종고속시외버스터미널(지상),255
2026-10-09T23:34:15,293000305,세종70자1510,36.489675,127.30282,3.683,293064253,"법원,검찰청,경찰청",53
2026-10-09T23:34:15,293000305,세종70자1506,36.529817,127.265088,15.673,293014017,"해밀동,산울동",26
2026-10-09T23:34:15,293000305,세종70자1305,36.479332,127.262737,21.739,293053009,한솔동,29
2026-10-09T23:34:15,293000311,세종70자1351,36.469036,127.273863,0.0,293055002,세종고속시외버스터미널(지상),25
2026-10-09T23:34:15,293000311,세종70자1344,36.508394,127.266325,12.6,293900008,양지고등학교,30
2026-10-09T23:34:15,293000312,세종70자1343,36.503264,127.288195,12.954,293900011,전통문화체험관,67
2026-10-09T23:34:15,293000312,세종70자1350,36.469353,127.273871,23.335,293064251,대평동,28
2026-10-09T23:34:15,271000805,충북70자6076,36.52210498,127.25991891,13.376,293064445,세종충남대학교병원,0
2026-10-09T23:34:15,271000805,충북70자3086,36.6456886,127.4278916,40.986,270054822,현대백화점,0
2026-10-09T23:34:15,271000806,세종73자5645,36.616984,127.423444,6.835,270054833,서현공원,29
2026-10-09T23:34:15,271000806,세종73자5644,36.534101,127.290603,24.94,293014058,누리동,56
2026-10-09T23:34:15,271000806,세종73자5643,36.497468,127.310654,39.521,293064258,반곡동(수루배마을),37
2026-10-09T23:34:15,271000806,세종73자5642,36.492343,127.326415,42.005,293064479,집현동,36
2026-10-09T23:34:45,293000304,세종70자1507,36.48871,127.30225,19.715,293064261,국책연구단지,37
2026-10-09T23:34:45,293000304,세종70자1505,36.469425,127.27377,23.247,293064251,대평동,31
2026-10-09T23:34:45,293000305,세종70자1512,36.467695,127.2735,0.0,293055002,세종고속시외버스터미널(지상),255
2026-10-09T23:34:45,293000305,세종70자1510,36.492975,127.30505,4.104,293064255,국책연구단지,52
2026-10-09T23:34:45,293000305,세종70자1506,36.529667,127.264892,15.673,293014017,"해밀동,산울동",26
2026-10-09T23:34:45,293000305,세종70자1305,36.479075,127.262921,21.739,293053009,한솔동,31
2026-10-09T23:34:45,293000311,세종70자1351,36.469036,127.273863,0.0,293055002,세종고속시외버스터미널(지상),25
2026-10-09T23:34:45,293000311,세종70자1344,36.508709,127.262339,12.954,293900008,양지고등학교,48
2026-10-09T23:34:45,293000312,세종70자1343,36.501387,127.293943,13.685,293900011,전통문화체험관,56
2026-10-09T23:34:45,293000312,세종70자1350,36.469353,127.273871,23.335,293064251,대평동,28
2026-10-09T23:34:45,271000805,충북70자6076,36.52720781,127.26268116,13.995,293064445,세종충남대학교병원,0
2026-10-09T23:34:45,271000805,충북70자3086,36.6456886,127.4278916,40.986,270054822,현대백화점,0
2026-10-09T23:34:45,271000806,세종73자5645,36.616914,127.423001,6.835,270054833,서현공원,29
2026-10-09T23:34:45,271000806,세종73자5644,36.534554,127.28532,25.579,293014058,누리동,55
2026-10-09T23:34:45,271000806,세종73자5643,36.497661,127.313685,39.834,293064258,반곡동(수루배마을),53
2026-10-09T23:34:45,271000806,세종73자5642,36.492343,127.326415,42.005,293064479,집현동,36
2026-10-09T23:35:16,293000304,세종70자1507,36.486785,127.30153,20.014,293064254,"법원,검찰청,경찰청",22
2026-10-09T23:35:16,293000304,세종70자1505,36.469425,127.27377,23.247,293064251,대평동,31
2026-10-09T23:35:16,293000305,세종70자1512,36.467695,127.2735,0.0,293055002,세종고속시외버스터미널(지상),255
2026-10-09T23:35:16,293000305,세종70자1510,36.497176,127.308186,4.629,293064255,국책연구단지,53
2026-10-09T23:35:16,293000305,세종70자1506,36.529282,127.264766,15.749,293014017,"해밀동,산울동",26
2026-10-09T23:35:16,293000305,세종70자1305,36.478081,127.263723,21.956,293053009,한솔동,52
2026-10-09T23:35:16,293000311,세종70자1351,36.469036,127.273863,0.0,293055002,세종고속시외버스터미널(지상),25
2026-10-09T23:35:16,293000311,세종70자1344,36.510463,127.260771,13.269,293056005,성금교차로,45
2026-10-09T23:35:16,293000312,세종70자1343,36.500395,127.296048,13.683,293900011,전통문화체험관,33
2026-10-09T23:35:16,293000312,세종70자1350,36.469353,127.273871,23.335,293064251,대평동,28
2026-10-09T23:35:16,271000805,충북70자6076,36.52720781,127.26268116,13.995,293064445,세종충남대학교병원,0
2026-10-09T23:35:16,271000805,충북70자3086,36.6456886,127.4278916,40.986,270054822,현대백화점,0
2026-10-09T23:35:16,271000806,세종73자5645,36.613532,127.423022,7.216,270054833,서현공원,56
2026-10-09T23:35:16,271000806,세종73자5644,36.534176,127.277097,26.223,293014026,한별동,57
2026-10-09T23:35:16,271000806,세종73자5643,36.497391,127.317676,40.187,293064258,반곡동(수루배마을),37
2026-10-09T23:35:16,271000806,세종73자5642,36.492343,127.326415,42.005,293064479,집현동,36
2026-10-09T23:35:47,293000304,세종70자1507,36.486719,127.301645,20.014,293064254,"법원,검찰청,경찰청",22
2026-10-09T23:35:47,293000304,세종70자1505,36.469425,127.27377,23.247,293064251,대평동,31
2026-10-09T23:35:47,293000305,세종70자1512,36.467695,127.2735,0.0,293055002,세종고속시외버스터미널(지상),255
2026-10-09T23:35:47,293000305,세종70자1510,36.49762,127.311061,4.935,293064258,반곡동(수루배마을),17
2026-10-09T23:35:47,293000305,세종70자1506,36.529199,127.264476,15.778,293014017,"해밀동,산울동",26
2026-10-09T23:35:47,293000305,세종70자1305,36.472074,127.268219,22.653,293053009,한솔동,56
2026-10-09T23:35:47,293000311,세종70자1351,36.469036,127.273863,0.0,293055002,세종고속시외버스터미널(지상),25
2026-10-09T23:35:47,293000311,세종70자1344,36.512583,127.259693,13.514,293064110,"도램마을8,10단지",39
2026-10-09T23:35:47,293000312,세종70자1343,36.49648899,127.304432,14.544,293900011,전통문화체험관,47
2026-10-09T23:35:47,293000312,세종70자1350,36.469353,127.273871,23.335,293064251,대평동,28
2026-10-09T23:35:47,271000805,충북70자6076,36.528682,127.263939,14.199,293014014,"해밀동,산울동",0
2026-10-09T23:35:47,271000805,충북70자3086,36.6456886,127.4278916,40.986,270054822,현대백화점,0
2026-10-09T23:35:47,271000806,세종73자5645,36.612014,127.423414,7.479,270054834,가경아이파크5단지,33
2026-10-09T23:35:47,271000806,세종73자5644,36.533694,127.274311,26.499,293014026,한별동,53
2026-10-09T23:35:47,271000806,세종73자5642,36.492343,127.326415,42.005,293064479,집현동,36
2026-10-09T23:35:47,271000806,세종73자5643,36.49812699,127.323413,40.613,293064479,집현동,46
2026-10-09T23:36:18,293000304,세종70자1507,36.48575,127.300912,20.053,293064254,"법원,검찰청,경찰청",40
2026-10-09T23:36:18,293000304,세종70자1505,36.469425,127.27377,23.247,293064251,대평동,31
2026-10-09T23:36:18,293000305,세종70자1512,36.467695,127.2735,0.0,293055002,세종고속시외버스터미널(지상),255
2026-10-09T23:36:18,293000305,세종70자1510,36.497658,127.311161,4.935,293064258,반곡동(수루배마을),17
2026-10-09T23:36:18,293000305,세종70자1506,36.52516,127.26137,16.286,293014017,"해밀동,산울동",58
2026-10-09T23:36:18,293000305,세종70자1305,36.470614,127.273431,23.159,293064221,세종고속시외버스터미널(지하),12
2026-10-09T23:36:18,293000311,세종70자1351,36.469036,127.273863,0.0,293055002,세종고속시외버스터미널(지상),25
2026-10-09T23:36:18,293000311,세종70자1344,36.514057,127.259377,13.707,293056004,도담동(도램마을),13
2026-10-09T23:36:18,293000312,세종70자1343,36.495886,127.305651,14.78,293900014,세종연구단지(수루배1단지),23
2026-10-09T23:36:18,293000312,세종70자1350,36.469353,127.273871,23.335,293064251,대평동,28
2026-10-09T23:36:18,271000805,충북70자6076,36.528682,127.263939,14.199,293014014,"해밀동,산울동",0
2026-10-09T23:36:18,271000805,충북70자3086,36.6456886,127.4278916,40.986,270054822,현대백화점,0
2026-10-09T23:36:18,271000806,세종73자5645,36.60965,127.423416,7.703,270054834,가경아이파크5단지,36
2026-10-09T23:36:18,271000806,세종73자5644,36.53244,127.26944,26.962,293014026,한별동,55
2026-10-09T23:36:18,271000806,세종73자5642,36.492343,127.326415,42.005,293064479,집현동,36
2026-10-09T23:36:18,271000806,세종73자5643,36.497928,127.325101,40.92,293064479,집현동,34
2026-10-09T23:36:48,293000304,세종70자1507,36.482567,127.297546,20.613,293064214,소담동(새샘마을),24
2026-10-09T23:36:48,293000304,세종70자1505,36.469425,127.27377,23.247,293064251,대평동,31
2026-10-09T23:36:48,293000305,세종70자1512,36.467695,127.2735,0.0,293055002,세종고속시외버스터미널(지상),255
2026-10-09T23:36:48,293000305,세종70자1510,36.497658,127.311161,4.935,293064258,반곡동(수루배마을),17
2026-10-09T23:36:48,293000305,세종70자1506,36.52111699,127.259556,16.772,293064446,세종충남대학교병원,36
2026-10-09T23:36:48,293000305,세종70자1305,36.469498,127.273807,23.324,293055001,세종고속시외버스터미널(지상),24
2026-10-09T23:36:48,293000311,세종70자1351,36.469036,127.273863,0.0,293055002,세종고속시외버스터미널(지상),25
2026-10-09T23:36:48,293000311,세종70자1344,36.51691,127.259095,14.04,293056004,도담동(도램마을),48
2026-10-09T23:36:48,293000312,세종70자1343,36.49680399,127.308347,14.999,293900014,세종연구단지(수루배1단지),51
2026-10-09T23:36:48,293000312,세종70자1350,36.469353,127.273871,23.335,293064251,대평동,28
2026-10-09T23:36:48,271000805,충북70자6076,36.528682,127.263939,14.199,293014014,"해밀동,산울동",0
2026-10-09T23:36:48,271000806,세종73자5645,36.608128,127.420426,8.022,270054834,가경아이파크5단지,36
2026-10-09T23:36:48,271000806,세종73자5644,36.529908,127.265175,27.424,293014017,"해밀동,산울동",40
2026-10-09T23:36:48,271000806,세종73자5642,36.492343,127.326415,42.005,293064479,집현동,36
2026-10-09T23:36:48,271000806,세종73자5643,36.497659,127.325174,40.92,293064479,집현동,36
2026-10-09T23:37:19,293000304,세종70자1507,36.482325,127.297446,20.613,293064214,소담동(새샘마을),24
2026-10-09T23:37:19,293000304,세종70자1505,36.469425,127.27377,23.247,293064251,대평동,31
2026-10-09T23:37:19,293000305,세종70자1512,36.467588,127.272953,0.0,293055002,세종고속시외버스터미널(지상),13
2026-10-09T23:37:19,293000305,세종70자1510,36.49775799,127.313845,5.131,293064258,반곡동(수루배마을),55
2026-10-09T23:37:19,293000305,세종70자1506,36.517888,127.258994,17.137,293064446,세종충남대학교병원,58
2026-10-09T23:37:19,293000305,세종70자1305,36.469498,127.273807,23.324,293055001,세종고속시외버스터미널(지상),24
2026-10-09T23:37:19,293000311,세종70자1351,36.469036,127.273863,0.0,293055002,세종고속시외버스터미널(지상),25
2026-10-09T23:37:19,293000311,세종70자1344,36.51846,127.257334,14.239,293064051,세종충남대병원,23
2026-10-09T23:37:19,293000312,세종70자1343,36.49743999,127.311168,15.255,293064400,반곡동(수루배마을),30
2026-10-09T23:37:19,293000312,세종70자1350,36.469353,127.273871,23.335,293064251,대평동,28
2026-10-09T23:37:19,271000805,충북70자6076,36.53377,127.27527,15.442,293014025,한별동,0
2026-10-09T23:37:19,271000806,세종73자5645,36.608048,127.420232,8.043,270054834,가경아이파크5단지,28
2026-10-09T23:37:19,271000806,세종73자5644,36.52922,127.264391,27.53,293014017,"해밀동,산울동",30
2026-10-09T23:37:19,271000806,세종73자5642,36.492343,127.326415,42.005,293064479,집현동,36
2026-10-09T23:37:19,271000806,세종73자5643,36.497659,127.325174,40.92,293064479,집현동,36
2026-10-09T23:37:49,293000304,세종70자1507,36.481985,127.297201,20.613,293064214,소담동(새샘마을),17
2026-10-09T23:37:49,293000304,세종70자1505,36.469425,127.27377,23.247,293064251,대평동,31
2026-10-09T23:37:49,293000305,세종70자1512,36.467718,127.274091,0.0,293055002,세종고속시외버스터미널(지상),10
2026-10-09T23:37:49,293000305,세종70자1510,36.497521,127.317965,5.485,293064258,반곡동(수루배마을),53
2026-10-09T23:37:49,293000305,세종70자1506,36.514367,127.25918,17.549,293056002,도담동,34
2026-10-09T23:37:49,293000305,세종70자1305,36.469498,127.273807,23.324,293055001,세종고속시외버스터미널(지상),24
2026-10-09T23:37:49,293000311,세종70자1351,36.469036,127.273863,0.0,293055002,세종고속시외버스터미널(지상),25
2026-10-09T23:37:49,293000311,세종70자1344,36.518788,127.256581,14.356,293064051,세종충남대병원,26
2026-10-09T23:37:49,293000312,세종70자1343,36.497566,127.312159,15.335,293064400,반곡동(수루배마을),47
2026-10-09T23:37:49,293000312,세종70자1350,36.469353,127.273871,23.335,293064251,대평동,28
2026-10-09T23:37:49,271000805,충북70자6076,36.53413001,127.27711618,15.552,293014025,한별동,0
2026-10-09T23:37:49,271000806,세종73자5645,36.607029,127.415211,8.522,270054834,가경아이파크5단지,70
2026-10-09T23:37:49,271000806,세종73자5644,36.525173,127.261365,28.038,293014017,"해밀동,산울동",50
2026-10-09T23:37:49,271000806,세종73자5642,36.492343,127.326415,42.005,293064479,집현동,36
2026-10-09T23:37:49,271000806,세종73자5643,36.497659,127.325174,40.92,293064479,집현동,36
2026-10-09T23:38:20,293000304,세종70자1507,36.480982,127.295223,20.746,293064214,소담동(새샘마을),54
2026-10-09T23:38:20,293000304,세종70자1505,36.469425,127.27377,23.247,293064251,대평동,31
2026-10-09T23:38:20,293000305,세종70자1512,36.468393,127.274085,0.0,293055002,세종고속시외버스터미널(지상),10
2026-10-09T23:38:20,293000305,세종70자1510,36.497966,127.322301,5.909,293064419,집현동,36
2026-10-09T23:38:20,293000305,세종70자1506,36.511136,127.260266,17.904,293056002,도담동,58
2026-10-09T23:38:20,293000305,세종70자1305,36.469498,127.273807,23.324,293055001,세종고속시외버스터미널(지상),24
2026-10-09T23:38:20,293000311,세종70자1351,36.469036,127.273863,0.0,293055002,세종고속시외버스터미널(지상),25
2026-10-09T23:38:20,293000311,세종70자1344,36.519584,127.252258,14.75,293064051,세종충남대병원,48
2026-10-09T23:38:20,293000312,세종70자1343,36.497459,127.316345,15.88,293900041,반곡고등학교,20
2026-10-09T23:38:20,293000312,세종70자1350,36.469353,127.273871,23.335,293064251,대평동,28
2026-10-09T23:38:20,271000805,충북70자6076,36.53440642,127.28671183,16.414,293014025,한별동,0
2026-10-09T23:38:20,271000806,세종73자5645,36.602433,127.409722,9.229,270054834,가경아이파크5단지,77
2026-10-09T23:38:20,271000806,세종73자5644,36.521975,127.259855,28.434,293064446,세종충남대학교병원,42
2026-10-09T23:38:20,271000806,세종73자5642,36.492343,127.326415,42.005,293064479,집현동,36
2026-10-09T23:38:20,271000806,세종73자5643,36.497659,127.325174,40.92,293064479,집현동,36
2026-10-09T23:38:51,293000304,세종70자1507,36.478672,127.289073,21.608,293064211,"세종시청,시의회,교육청",31
2026-10-09T23:38:51,293000304,세종70자1505,36.469425,127.27377,23.247,293064251,대평동,31
2026-10-09T23:38:51,293000305,세종70자1512,36.468393,127.274085,0.0,293055002,세종고속시외버스터미널(지상),10
2026-10-09T23:38:51,293000305,세종70자1510,36.500628,127.328231,6.521,293064417,세종공동캠퍼스,35
2026-10-09T23:38:51,293000305,세종70자1506,36.50678,127.261898,18.415,293056002,도담동,56
2026-10-09T23:38:51,293000305,세종70자1305,36.469498,127.273807,23.324,293055001,세종고속시외버스터미널(지상),24
2026-10-09T23:38:51,293000311,세종70자1344,36.519324,127.249464,15.057,293064051,세종충남대병원,48
2026-10-09T23:38:51,293000312,세종70자1343,36.497443,127.317201,15.88,293900041,반곡고등학교,17
2026-10-09T23:38:51,293000312,세종70자1350,36.469353,127.273871,23.335,293064251,대평동,28
2026-10-09T23:38:51,271000805,충북70자6076,36.53430741,127.29453371,17.123,293064420,누리동,0
2026-10-09T23:38:51,271000806,세종73자5645,36.598169,127.406112,9.834,270054834,가경아이파크5단지,76
2026-10-09T23:38:51,271000806,세종73자5644,36.521099,127.259528,28.523,293064446,세종충남대학교병원,33
2026-10-09T23:38:51,271000806,세종73자5643,36.497659,127.325174,40.92,293064479,집현동,36
2026-10-09T23:39:22,293000304,세종70자1507,36.478354,127.288305,21.608,293064211,"세종시청,시의회,교육청",32
2026-10-09T23:39:22,293000304,세종70자1505,36.469425,127.27377,23.247,293064251,대평동,31
2026-10-09T23:39:22,293000305,세종70자1512,36.468393,127.274085,0.0,293055002,세종고속시외버스터미널(지상),10
2026-10-09T23:39:22,293000305,세종70자1510,36.500951,127.328439,6.602,293064417,세종공동캠퍼스,35
2026-10-09T23:39:22,293000305,세종70자1506,36.504605,127.261358,18.664,293062014,정부세종청사 북측,33
2026-10-09T23:39:22,293000305,세종70자1305,36.469498,127.273807,23.324,293055001,세종고속시외버스터미널(지상),24
2026-10-09T23:39:22,293000311,세종70자1344,36.518794,127.245652,15.36,293064102,범지기마을10단지 북측,39
2026-10-09T23:39:22,293000312,세종70자1343,36.497436,127.317221,15.88,293900041,반곡고등학교,17
2026-10-09T23:39:22,293000312,세종70자1350,36.469353,127.273871,23.335,293064251,대평동,28
2026-10-09T23:39:22,271000805,충북70자6076,36.53650166,127.30236762,17.864,293064420,누리동,0
2026-10-09T23:39:22,271000806,세종73자5645,36.595292,127.39981,10.451,270054834,가경아이파크5단지,78
2026-10-09T23:39:22,271000806,세종73자5644,36.517849,127.25897,28.888,293064446,세종충남대학교병원,62
2026-10-09T23:39:22,271000806,세종73자5643,36.497659,127.325174,40.92,293064479,집현동,36
2026-10-09T23:39:52,293000304,세종70자1507,36.475627,127.281727,22.181,293064209,"보람동,대평동",38
2026-10-09T23:39:52,293000304,세종70자1505,36.469425,127.27377,23.247,293064251,대평동,31
2026-10-09T23:39:52,293000305,세종70자1512,36.468638,127.274071,0.0,293055002,세종고속시외버스터미널(지상),5
2026-10-09T23:39:52,293000305,세종70자1510,36.500951,127.328439,6.602,293064417,세종공동캠퍼스,35
2026-10-09T23:39:52,293000305,세종70자1506,36.501569,127.259912,18.982,293062007,정부세종청사 남측,3
2026-10-09T23:39:52,293000305,세종70자1305,36.469498,127.273807,23.324,293055001,세종고속시외버스터미널(지상),24
2026-10-09T23:39:52,293000311,세종70자1344,36.518951,127.244512,15.474,293064100,"범지기3,9단지(청소년센터)",29
2026-10-09T23:39:52,293000312,세종70자1343,36.497539,127.319738,16.14,293900041,반곡고등학교,50
2026-10-09T23:39:52,293000312,세종70자1350,36.469353,127.273871,23.335,293064251,대평동,28
2026-10-09T23:39:52,271000805,충북70자6076,36.53710202,127.30454237,18.071,293064420,누리동,0
2026-10-09T23:39:52,271000806,세종73자5645,36.590554,127.395172,11.07,270054834,가경아이파크5단지,79
2026-10-09T23:39:52,271000806,세종73자5644,36.515334,127.258945,29.182,293056002,도담동,44
2026-10-09T23:39:52,271000806,세종73자5643,36.497659,127.325174,40.92,293064479,집현동,36
2026-10-09T23:40:23,293000304,세종70자1507,36.475374,127.281249,22.237,293064209,"보람동,대평동",25
2026-10-09T23:40:23,293000304,세종70자1505,36.469425,127.27377,23.247,293064251,대평동,31
2026-10-09T23:40:23,293000305,세종70자1512,36.469386,127.273911,0.057,293055002,세종고속시외버스터미널(지상),11
2026-10-09T23:40:23,293000305,세종70자1510,36.50106799,127.328465,6.602,293064417,세종공동캠퍼스,12
2026-10-09T23:40:23,293000305,세종70자1506,36.498169,127.258022,19.417,293062007,정부세종청사 남측,58
2026-10-09T23:40:23,293000305,세종70자1305,36.469498,127.273807,23.324,293055001,세종고속시외버스터미널(지상),24
2026-10-09T23:40:23,293000311,세종70자1344,36.519365,127.243056,15.6,293064100,"범지기3,9단지(청소년센터)",13
2026-10-09T23:40:23,293000312,세종70자1343,36.497976,127.322823,16.306,293064479,집현동,42
2026-10-09T23:40:23,293000312,세종70자1350,36.469353,127.273871,23.335,293064251,대평동,28
2026-10-09T23:40:23,271000805,충북70자6076,36.5364579,127.3112516,18.621,293900062,용호동,0
2026-10-09T23:40:23,271000806,세종73자5645,36.586063,127.390679,11.831,270054834,가경아이파크5단지,77
2026-10-09T23:40:23,271000806,세종73자5644,36.512489,127.259492,29.495,293056002,도담동,56
2026-10-09T23:40:23,271000806,세종73자5643,36.497659,127.325174,40.92,293064479,집현동,36
2026-10-09T23:40:54,293000304,세종70자1507,36.472101,127.276075,22.875,293064209,"보람동,대평동",32
2026-10-09T23:40:54,293000305,세종70자1512,36.469583,127.273851,0.057,293055002,세종고속시외버스터미널(지상),11
2026-10-09T23:40:54,293000305,세종70자1510,36.503725,127.329368,6.786,293064417,세종공동캠퍼스,55
2026-10-09T23:40:54,293000305,세종70자1506,36.49528999,127.256641,19.794,293062004,다정동,46
2026-10-09T23:40:54,293000305,세종70자1305,36.469498,127.273807,23.324,293055001,세종고속시외버스터미널(지상),24
2026-10-09T23:40:54,293000311,세종70자1344,36.519365,127.243056,15.6,293064100,"범지기3,9단지(청소년센터)",13
2026-10-09T23:40:54,293000312,세종70자1343,36.49785099,127.325148,16.613,293064479,집현동,40
2026-10-09T23:40:54,271000805,충북70자6076,36.532531,127.3188316,19.482,293064498,다솜동,0
2026-10-09T23:40:54,271000806,세종73자5645,36.5814,127.387215,12.477,270054834,가경아이파크5단지,78
2026-10-09T23:40:54,271000806,세종73자5644,36.510583,127.260443,29.726,293056002,도담동,57
2026-10-09T23:40:54,271000806,세종73자5643,36.497659,127.325174,40.92,293064479,집현동,36
2026-10-09T23:41:24,293000304,세종70자1507,36.472101,127.276075,22.875,293064209,"보람동,대평동",255
2026-10-09T23:41:24,293000305,세종70자1512,36.469816,127.273736,0.057,293055002,세종고속시외버스터미널(지상),20
2026-10-09T23:41:24,293000305,세종70자1510,36.507841,127.329715,7.389,293064417,세종공동캠퍼스,54
2026-10-09T23:41:24,293000305,세종70자1506,36.492267,127.2563,20.095,293062004,다정동,57
2026-10-09T23:41:24,293000305,세종70자1305,36.469498,127.273807,23.324,293055001,세종고속시외버스터미널(지상),24
2026-10-09T23:41:24,293000311,세종70자1344,36.519365,127.243056,15.6,293064100,"범지기3,9단지(청소년센터)",13
2026-10-09T23:41:24,293000312,세종70자1343,36.495523,127.325473,16.9,293064479,집현동,37
2026-10-09T23:41:24,271000805,충북70자6076,36.532531,127.3188316,19.482,293064498,다솜동,0
2026-10-09T23:41:24,271000806,세종73자5645,36.575915,127.385077,12.477,270054834,가경아이파크5단지,79
2026-10-09T23:41:24,271000806,세종73자5644,36.505496,127.261654,30.316,293062014,정부세종청사 북측,34
2026-10-09T23:41:24,271000806,세종73자5643,36.497659,127.325174,40.92,293064479,집현동,36
2026-10-09T23:41:55,293000304,세종70자1507,36.469558,127.273797,23.244,293064209,"보람동,대평동",30
2026-10-09T23:41:55,293000305,세종70자1512,36.470723,127.273479,0.206,293055002,세종고속시외버스터미널(지상),20
2026-10-09T23:41:55,293000305,세종70자1510,36.512128,127.33012,7.75,293064417,세종공동캠퍼스,54
2026-10-09T23:41:55,293000305,세종70자1506,36.488182,127.256957,20.589,293062004,다정동,48
2026-10-09T23:41:55,293000305,세종70자1305,36.469498,127.273807,23.324,293055001,세종고속시외버스터미널(지상),24
2026-10-09T23:41:55,293000311,세종70자1344,36.519414,127.242774,15.639,293064100,"범지기3,9단지(청소년센터)",22
2026-10-09T23:41:55,293000312,세종70자1343,36.493319,127.325304,17.122,293900016,새나루마을10단지,33
2026-10-09T23:41:55,271000805,충북70자6076,36.5293491,127.3233229,20.045,293064498,다솜동,0
2026-10-09T23:41:55,271000806,세종73자5645,36.57074,127.381626,13.986,270054834,가경아이파크5단지,77
2026-10-09T23:41:55,271000806,세종73자5644,36.504603,127.261299,30.416,293062014,정부세종청사 북측,32
2026-10-09T23:41:55,271000806,세종73자5643,36.497659,127.325174,40.92,293064479,집현동,36
2026-10-09T23:42:26,293000303,세종70자1512,36.47225799,127.276511,23.503,293064221,세종고속시외버스터미널(지하),16
2026-10-09T23:42:26,293000304,세종70자1507,36.469225,127.273837,23.301,293064209,"보람동,대평동",30
2026-10-09T23:42:26,293000305,세종70자1510,36.516011,127.330473,8.338,293064417,세종공동캠퍼스,54
2026-10-09T23:42:26,293000305,세종70자1506,36.487441,127.257447,20.704,293062004,다정동,2
2026-10-09T23:42:26,293000305,세종70자1305,36.469498,127.273807,23.324,293055001,세종고속시외버스터미널(지상),24
2026-10-09T23:42:26,293000311,세종70자1344,36.516543,127.241504,15.986,293064471,아름제2중(가락마을20단지),23
2026-10-09T23:42:26,293000312,세종70자1343,36.490969,127.324621,17.401,293011069,새나루마을9단지,18
2026-10-09T23:42:26,271000805,충북70자6076,36.5293491,127.3233229,20.045,293064498,다솜동,0
2026-10-09T23:42:26,271000806,세종73자5645,36.566201,127.377154,14.388,270054834,가경아이파크5단지,77
2026-10-09T23:42:26,271000806,세종73자5644,36.502131,127.26016,30.734,293062007,정부세종청사 남측,19
2026-10-09T23:42:26,271000806,세종73자5643,36.497659,127.325174,40.92,293064479,집현동,36
2026-10-09T23:42:57,293000303,세종70자1512,36.47517599,127.280088,1.365,293064206,"보람동,대평동",40
2026-10-09T23:42:57,293000304,세종70자1507,36.469225,127.273837,23.301,293064209,"보람동,대평동",30
2026-10-09T23:42:57,293000305,세종70자1510,36.519205,127.330756,8.591,293064417,세종공동캠퍼스,21
2026-10-09T23:42:57,293000305,세종70자1506,36.486218,127.258031,20.842,293053004,"새롬동,나성동",54
2026-10-09T23:42:57,293000305,세종70자1305,36.469498,127.273807,23.324,293055001,세종고속시외버스터미널(지상),24
2026-10-09T23:42:57,293000311,세종70자1344,36.515395,127.241447,16.084,293064471,아름제2중(가락마을20단지),17
2026-10-09T23:42:57,293000312,세종70자1343,36.490341,127.324329,17.474,293011069,새나루마을9단지,33
2026-10-09T23:42:57,271000805,충북70자6076,36.5293491,127.3233229,20.045,293064498,다솜동,0
2026-10-09T23:42:57,271000806,세종73자5645,36.560559,127.369604,15.312,270054834,가경아이파크5단지,76
2026-10-09T23:42:57,271000806,세종73자5644,36.501864,127.260023,30.734,293062007,정부세종청사 남측,8
2026-10-09T23:42:57,271000806,세종73자5643,36.497659,127.325174,40.92,293064479,집현동,36
2026-10-09T23:43:28,293000303,세종70자1512,36.475508,127.280935,1.386,293064206,"보람동,대평동",20
2026-10-09T23:43:28,293000304,세종70자1507,36.469225,127.273837,23.301,293064209,"보람동,대평동",30
2026-10-09T23:43:28,293000305,세종70자1510,36.520156,127.330823,8.725,293064417,세종공동캠퍼스,32
2026-10-09T23:43:28,293000305,세종70자1506,36.482363,127.260942,21.314,293053004,"새롬동,나성동",56
2026-10-09T23:43:28,293000305,세종70자1305,36.469498,127.273807,23.324,293055001,세종고속시외버스터미널(지상),24
2026-10-09T23:43:28,293000311,세종70자1344,36.515313,127.241439,16.16,293064471,아름제2중(가락마을20단지),17
2026-10-09T23:43:28,293000312,세종70자1343,36.487679,127.322632,17.758,293011067,새나루마을8단지,33
2026-10-09T23:43:28,271000805,충북70자6076,36.5293491,127.3233229,20.045,293064498,다솜동,0
2026-10-09T23:43:28,271000806,세종73자5645,36.557107,127.369082,15.683,270054834,가경아이파크5단지,78
2026-10-09T23:43:28,271000806,세종73자5644,36.498278,127.258048,31.169,293062007,정부세종청사 남측,60
2026-10-09T23:43:28,271000806,세종73자5643,36.497659,127.325174,40.92,293064479,집현동,36
2026-10-09T23:43:58,293000303,세종70자1512,36.476896,127.284543,1.663,293064206,"보람동,대평동",49
2026-10-09T23:43:58,293000304,세종70자1507,36.469225,127.273837,23.301,293064209,"보람동,대평동",30
2026-10-09T23:43:58,293000305,세종70자1510,36.523066,127.329726,9.042,293064417,세종공동캠퍼스,56
2026-10-09T23:43:58,293000305,세종70자1506,36.480686,127.262114,21.553,293053009,한솔동,33
2026-10-09T23:43:58,293000305,세종70자1305,36.469498,127.273807,23.324,293055001,세종고속시외버스터미널(지상),24
2026-10-09T23:43:58,293000311,세종70자1344,36.515313,127.241439,16.16,293064471,아름제2중(가락마을20단지),17
2026-10-09T23:43:58,293000312,세종70자1343,36.48591,127.320952,18.132,293011064,새나루마을1단지,12
2026-10-09T23:43:58,271000805,충북70자6076,36.53584925,127.33461061,21.273,293064498,다솜동,0
2026-10-09T23:43:58,271000806,세종73자5645,36.551719,127.36967,16.436,270054834,가경아이파크5단지,74
2026-10-09T23:43:58,271000806,세종73자5644,36.495277,127.256605,31.545,293062004,다정동,44
2026-10-09T23:43:58,271000806,세종73자5643,36.497659,127.325174,40.92,293064479,집현동,36
2026-10-09T23:44:29,293000303,세종70자1512,36.478458,127.288074,2.015,293064210,"세종시청,시의회,교육청",19
2026-10-09T23:44:29,293000304,세종70자1507,36.469225,127.273837,23.301,293064209,"보람동,대평동",30
2026-10-09T23:44:29,293000305,세종70자1510,36.526551,127.326873,9.644,293064417,세종공동캠퍼스,55
2026-10-09T23:44:29,293000305,세종70자1506,36.479408,127.26277,21.739,293053009,한솔동,33
2026-10-09T23:44:29,293000305,세종70자1305,36.469498,127.273807,23.324,293055001,세종고속시외버스터미널(지상),24
2026-10-09T23:44:29,293000311,세종70자1344,36.514021,127.241409,16.334,293064471,아름제2중(가락마을20단지),46
2026-10-09T23:44:29,293000312,세종70자1343,36.484601,127.318912,18.314,293011064,새나루마을1단지,25
2026-10-09T23:44:29,271000805,충북70자6076,36.53875724,127.34085923,21.919,293064498,다솜동,0
2026-10-09T23:44:29,271000806,세종73자5645,36.545801,127.368176,17.195,270054834,가경아이파크5단지,78
2026-10-09T23:44:29,271000806,세종73자5644,36.494437,127.256425,31.616,293062004,다정동,30
2026-10-09T23:44:29,271000806,세종73자5643,36.497659,127.325174,40.92,293064479,집현동,36
2026-10-09T23:44:59,293000303,세종70자1512,36.478816,127.288898,2.015,293064210,"세종시청,시의회,교육청",31
2026-10-09T23:44:59,293000304,세종70자1507,36.469225,127.273837,23.301,293064209,"보람동,대평동",30
2026-10-09T23:44:59,293000305,세종70자1510,36.53160599,127.320485,10.296,293064492,다솜동,50
2026-10-09T23:44:59,293000305,세종70자1506,36.479387,127.262739,21.739,293053009,한솔동,33
2026-10-09T23:44:59,293000305,세종70자1305,36.469498,127.273807,23.324,293055001,세종고속시외버스터미널(지상),24
2026-10-09T23:44:59,293000311,세종70자1344,36.511119,127.241356,16.68,293064203,"시립도서관,대법원등기정보센터",27
2026-10-09T23:44:59,293000312,세종70자1343,36.483506,127.316542,18.589,293900017,새나루마을1단지 후문,29
2026-10-09T23:44:59,271000805,충북70자6076,36.54073053,127.34882556,22.691,293064498,다솜동,0
2026-10-09T23:44:59,271000806,세종73자5645,36.540929,127.365033,17.606,270054834,가경아이파크5단지,72
2026-10-09T23:44:59,271000806,세종73자5644,36.48907,127.256764,32.25,293062004,다정동,54
2026-10-09T23:44:59,271000806,세종73자5643,36.497659,127.325174,40.92,293064479,집현동,36
2026-10-09T23:45:30,293000303,세종70자1512,36.478816,127.288898,2.015,293064210,"세종시청,시의회,교육청",255
2026-10-09T23:45:30,293000304,세종70자1507,36.469225,127.273837,23.301,293064209,"보람동,대평동",30
2026-10-09T23:45:30,293000305,세종70자1510,36.53221,127.319733,10.537,293064492,다솜동,47
2026-10-09T23:45:30,293000305,세종70자1506,36.478751,127.263187,21.739,293053009,한솔동,43
2026-10-09T23:45:30,293000305,세종70자1305,36.469498,127.273807,23.324,293055001,세종고속시외버스터미널(지상),24
2026-10-09T23:45:30,293000311,세종70자1344,36.509714,127.241342,16.68,293064203,"시립도서관,대법원등기정보센터",30
2026-10-09T23:45:30,293000312,세종70자1343,36.482618,127.312267,18.904,293900017,새나루마을1단지 후문,52
2026-10-09T23:45:30,271000805,충북70자6076,36.54073053,127.34882556,22.691,293064498,다솜동,0
2026-10-09T23:45:30,271000806,세종73자5645,36.540537,127.358234,18.215,270054834,가경아이파크5단지,78
2026-10-09T23:45:30,271000806,세종73자5644,36.488006,127.25704,32.358,293053004,"새롬동,나성동",36
2026-10-09T23:45:30,271000806,세종73자5643,36.497659,127.325174,40.92,293064479,집현동,36
2026-10-09T23:46:02,293000303,세종70자1512,36.482658,127.29744,3.114,293064216,소담동(새샘마을),31
2026-10-09T23:46:02,293000304,세종70자1507,36.469225,127.273837,23.301,293064209,"보람동,대평동",30
2026-10-09T23:46:02,293000305,세종70자1510,36.53535,127.314265,10.94,293064492,다솜동,51
2026-10-09T23:46:02,293000305,세종70자1506,36.475257,127.265906,21.956,293053009,한솔동,58
2026-10-09T23:46:02,293000305,세종70자1305,36.469498,127.273807,23.324,293055001,세종고속시외버스터미널(지상),24
2026-10-09T23:46:02,293000311,세종70자1344,36.509126,127.241333,16.853,293064203,"시립도서관,대법원등기정보센터",30
2026-10-09T23:46:02,293000312,세종70자1343,36.482219,127.308795,19.233,293900017,새나루마을1단지 후문,45
2026-10-09T23:46:02,271000805,충북70자6076,36.54073053,127.34882556,22.691,293064498,다솜동,0
2026-10-09T23:46:02,271000806,세종73자5645,36.540642,127.346604,19.281,270054834,가경아이파크5단지,77
2026-10-09T23:46:02,271000806,세종73자5644,36.486561,127.257795,32.533,293053004,"새롬동,나성동",48
2026-10-09T23:46:02,271000806,세종73자5643,36.497659,127.325174,40.92,293064479,집현동,36
2026-10-09T23:46:32,293000303,세종70자1512,36.484211,127.299476,3.316,293064216,소담동(새샘마을),41
2026-10-09T23:46:32,293000304,세종70자1507,36.469225,127.273837,23.301,293064209,"보람동,대평동",30
2026-10-09T23:46:32,293000305,세종70자1510,36.53690499,127.310139,11.432,293900055,용호동,56
2026-10-09T23:46:32,293000305,세종70자1506,36.471633,127.268802,22.751,293053009,한솔동,57
2026-10-09T23:46:32,293000305,세종70자1305,36.469498,127.273807,23.324,293055001,세종고속시외버스터미널(지상),24
2026-10-09T23:46:32,293000311,세종70자1344,36.507938,127.24131,16.988,293064472,"가락마을8단지,가재마을4단지",10
2026-10-09T23:46:32,293000312,세종70자1343,36.482971,127.307051,19.458,293060004,한국개발연구원(KDI),36
2026-10-09T23:46:32,271000805,충북70자6076,36.5425228,127.3669915,24.429,293064498,다솜동,0
2026-10-09T23:46:32,271000806,세종73자5645,36.538841,127.34063,19.864,270054834,가경아이파크5단지,78
2026-10-09T23:46:32,271000806,세종73자5644,36.481369,127.261483,33.17,293053009,한솔동,37
2026-10-09T23:46:32,271000806,세종73자5643,36.497659,127.325174,40.92,293064479,집현동,36
2026-10-09T23:47:03,293000303,세종70자1512,36.486905,127.301583,3.733,293064253,"법원,검찰청,경찰청",39
2026-10-09T23:47:03,293000304,세종70자1507,36.469225,127.273837,23.301,293064209,"보람동,대평동",30
2026-10-09T23:47:03,293000305,세종70자1510,36.53649399,127.302238,12.16,293900055,용호동,50
2026-10-09T23:47:03,293000305,세종70자1506,36.47072399,127.273474,23.185,293064221,세종고속시외버스터미널(지하),16
2026-10-09T23:47:03,293000305,세종70자1305,36.469498,127.273807,23.324,293055001,세종고속시외버스터미널(지상),24
2026-10-09T23:47:03,293000311,세종70자1344,36.505189,127.241178,17.256,293064472,"가락마을8단지,가재마을4단지",42
2026-10-09T23:47:03,293000312,세종70자1343,36.484476,127.304738,19.623,293060004,한국개발연구원(KDI),22
2026-10-09T23:47:03,271000805,충북70자6076,36.5425228,127.3669915,24.429,293064498,다솜동,0
2026-10-09T23:47:03,271000806,세종73자5645,36.535915,127.334443,20.502,270054834,가경아이파크5단지,71
2026-10-09T23:47:03,271000806,세종73자5644,36.480915,127.261858,33.297,293053009,한솔동,25
2026-10-09T23:47:03,271000806,세종73자5643,36.497659,127.325174,40.92,293064479,집현동,36
2026-10-09T23:47:33,293000303,세종70자1512,36.488198,127.302158,3.857,293064253,"법원,검찰청,경찰청",46
2026-10-09T23:47:33,293000304,세종70자1507,36.469225,127.273837,23.301,293064209,"보람동,대평동",30
2026-10-09T23:47:33,293000305,세종70자1510,36.53626,127.301483,12.24,293900055,용호동,52
2026-10-09T23:47:33,293000305,세종70자1305,36.469498,127.273807,23.324,293055001,세종고속시외버스터미널(지상),24
2026-10-09T23:47:33,293000311,세종70자1344,36.503121,127.240967,17.501,293064473,"종촌초등학교(가락마을6,7단지)",34
2026-10-09T23:47:33,293000312,세종70자1343,36.485345,127.303121,19.983,293064364,새샘마을6단지,41
2026-10-09T23:47:33,271000805,충북70자6076,36.5425228,127.3669915,24.429,293064498,다솜동,0
2026-10-09T23:47:33,271000806,세종73자5645,36.5347,127.331966,20.801,270054834,가경아이파크5단지,61
2026-10-09T23:47:33,271000806,세종73자5644,36.480915,127.261858,33.297,293053009,한솔동,25
2026-10-09T23:47:33,271000806,세종73자5643,36.497659,127.325174,40.92,293064479,집현동,36
2026-10-09T23:48:04,293000303,세종70자1512,36.491656,127.304094,4.426,293064255,국책연구단지,31
2026-10-09T23:48:04,293000304,세종70자1507,36.469225,127.273837,23.301,293064209,"보람동,대평동",30
2026-10-09T23:48:04,293000305,세종70자1506,36.468434,127.273954,0.0,293055002,세종고속시외버스터미널(지상),11
2026-10-09T23:48:04,293000305,세종70자1510,36.535028,127.297138,12.657,293900055,용호동,50
2026-10-09T23:48:04,293000305,세종70자1305,36.469498,127.273807,23.324,293055001,세종고속시외버스터미널(지상),24
2026-10-09T23:48:04,293000311,세종70자1344,36.50239,127.240887,17.591,293064473,"종촌초등학교(가락마을6,7단지)",34
2026-10-09T23:48:04,293000312,세종70자1343,36.486105,127.301601,20.097,293064364,새샘마을6단지,39
2026-10-09T23:48:04,271000805,충북70자6076,36.5425228,127.3669915,24.429,293064498,다솜동,0
2026-10-09T23:48:04,271000806,세종73자5645,36.53342,127.329679,20.955,270054834,가경아이파크5단지,61
2026-10-09T23:48:04,271000806,세종73자5644,36.478829,127.26334,33.484,293053009,한솔동,57
2026-10-09T23:48:04,271000806,세종73자5643,36.497659,127.325174,40.92,293064479,집현동,36
2026-10-09T23:48:35,293000303,세종70자1512,36.494191,127.305888,4.738,293064255,국책연구단지,55
2026-10-09T23:48:35,293000304,세종70자1507,36.469225,127.273837,23.301,293064209,"보람동,대평동",30
2026-10-09T23:48:35,293000305,세종70자1506,36.46797,127.273375,0.0,293055002,세종고속시외버스터미널(지상),11
2026-10-09T23:48:35,293000305,세종70자1510,36.53405,127.291058,13.188,293014058,누리동,49
2026-10-09T23:48:35,293000305,세종70자1305,36.469498,127.273807,23.324,293055001,세종고속시외버스터미널(지상),24
2026-10-09T23:48:35,293000311,세종70자1344,36.50239,127.240887,17.591,293064473,"종촌초등학교(가락마을6,7단지)",34
2026-10-09T23:48:35,293000312,세종70자1343,36.486137,127.301063,20.141,293064364,새샘마을6단지,27
2026-10-09T23:48:35,271000805,충북70자6076,36.5425228,127.3669915,24.429,293064498,다솜동,0
2026-10-09T23:48:35,271000806,세종73자5645,36.532412,127.328012,20.955,270054834,가경아이파크5단지,62
2026-10-09T23:48:35,271000806,세종73자5644,36.474298,127.26663,34.341,293053009,한솔동,78
2026-10-09T23:48:35,271000806,세종73자5643,36.497659,127.325174,40.92,293064479,집현동,36
2026-10-09T23:49:06,293000303,세종70자1512,36.497555,127.310713,5.14,293064258,반곡동(수루배마을),37
2026-10-09T23:49:06,293000305,세종70자1506,36.467988,127.273807,0.0,293055002,세종고속시외버스터미널(지상),11
2026-10-09T23:49:06,293000305,세종70자1510,36.534465,127.286316,13.62,293014058,누리동,44
2026-10-09T23:49:06,293000305,세종70자1305,36.469498,127.273807,23.324,293055001,세종고속시외버스터미널(지상),24
2026-10-09T23:49:06,293000311,세종70자1344,36.50239,127.240887,17.591,293064473,"종촌초등학교(가락마을6,7단지)",34
2026-10-09T23:49:06,293000312,세종70자1343,36.482549,127.297599,20.701,293064214,소담동(새샘마을),12
2026-10-09T23:49:06,271000805,충북70자6076,36.5425228,127.3669915,24.429,293064498,다솜동,0
2026-10-09T23:49:06,271000806,세종73자5645,36.529822,127.323033,21.741,270054834,가경아이파크5단지,22
2026-10-09T23:49:06,271000806,세종73자5644,36.471068,127.27021,34.628,293053009,한솔동,50
2026-10-09T23:49:06,271000806,세종73자5643,36.497659,127.325174,40.92,293064479,집현동,36
2026-10-09T23:49:40,293000303,세종70자1512,36.497651,127.311159,5.256,293064258,반곡동(수루배마을),37
2026-10-09T23:49:40,293000305,세종70자1506,36.467973,127.273833,0.0,293055002,세종고속시외버스터미널(지상),11
2026-10-09T23:49:40,293000305,세종70자1510,36.534465,127.286316,13.62,293014058,누리동,255
2026-10-09T23:49:40,293000305,세종70자1305,36.469498,127.273807,23.324,293055001,세종고속시외버스터미널(지상),24
2026-10-09T23:49:40,293000311,세종70자1344,36.50212599,127.240847,17.598,293064473,"종촌초등학교(가락마을6,7단지)",28
2026-10-09T23:49:40,293000312,세종70자1343,36.481443,127.295858,20.834,293064214,소담동(새샘마을),56
2026-10-09T23:49:40,271000805,충북70자6076,36.5425228,127.3669915,24.429,293064498,다솜동,0
2026-10-09T23:49:40,271000806,세종73자5645,36.53217999,127.319931,22.289,293064499,다솜동,61
2026-10-09T23:49:40,271000806,세종73자5644,36.470828,127.273136,34.89,293064221,세종고속시외버스터미널(지하),39
2026-10-09T23:49:40,271000806,세종73자5643,36.497659,127.325174,40.92,293064479,집현동,36
2026-10-09T23:50:11,293000303,세종70자1512,36.497601,127.311426,5.256,293064258,반곡동(수루배마을),37
2026-10-09T23:50:11,293000305,세종70자1506,36.467973,127.273833,0.0,293055002,세종고속시외버스터미널(지상),11
2026-10-09T23:50:11,293000305,세종70자1510,36.53404,127.2765,14.529,293014026,한별동,29
2026-10-09T23:50:11,293000305,세종70자1305,36.469498,127.273807,23.324,293055001,세종고속시외버스터미널(지상),24
2026-10-09T23:50:11,293000311,세종70자1344,36.499784,127.240519,17.868,293064473,"종촌초등학교(가락마을6,7단지)",22
2026-10-09T23:50:11,293000312,세종70자1343,36.478705,127.289078,21.697,293064211,"세종시청,시의회,교육청",11
2026-10-09T23:50:11,271000805,충북70자6076,36.5425228,127.3669915,24.429,293064498,다솜동,0
2026-10-09T23:50:11,271000806,세종73자5645,36.53655899,127.311768,23.008,293900063,용호동,67
2026-10-09T23:50:11,271000806,세종73자5644,36.472259,127.276417,35.268,293064252,대평동,25
2026-10-09T23:50:11,271000806,세종73자5643,36.497659,127.325174,40.92,293064479,집현동,36
2026-10-09T23:50:41,293000303,세종70자1512,36.497715,127.313783,5.453,293064258,반곡동(수루배마을),56
2026-10-09T23:50:41,293000305,세종70자1506,36.467973,127.273833,0.0,293055002,세종고속시외버스터미널(지상),11
2026-10-09T23:50:41,293000305,세종70자1510,36.533966,127.27604,14.584,293014026,한별동,21
2026-10-09T23:50:41,293000305,세종70자1305,36.469498,127.273807,23.324,293055001,세종고속시외버스터미널(지상),24
2026-10-09T23:50:41,293000311,세종70자1344,36.49948,127.242927,18.277,293064145,다빛초등학교(가온마을3단지),27
2026-10-09T23:50:41,293000312,세종70자1343,36.47835,127.288215,21.697,293064211,"세종시청,시의회,교육청",39
2026-10-09T23:50:41,271000805,충북70자6076,36.5843171,127.388535,29.707,293064498,다솜동,0
2026-10-09T23:50:41,271000806,세종73자5645,36.537002,127.303601,23.758,293900063,용호동,73
2026-10-09T23:50:41,271000806,세종73자5644,36.473601,127.277692,35.406,293064252,대평동,43
2026-10-09T23:50:41,271000806,세종73자5643,36.497659,127.325174,40.92,293064479,집현동,36
2026-10-09T23:51:12,293000303,세종70자1512,36.497501,127.317718,5.807,293064258,반곡동(수루배마을),48
2026-10-09T23:51:12,293000305,세종70자1506,36.467973,127.273833,0.0,293055002,세종고속시외버스터미널(지상),11
2026-10-09T23:51:12,293000305,세종70자1510,36.53341,127.272788,14.92,293014026,한별동,48
2026-10-09T23:51:12,293000305,세종70자1305,36.469498,127.273807,23.324,293055001,세종고속시외버스터미널(지상),24
2026-10-09T23:51:12,293000311,세종70자1344,36.499445,127.243535,18.277,293064145,다빛초등학교(가온마을3단지),24
2026-10-09T23:51:12,293000312,세종70자1343,36.477178,127.285411,22.04,293064211,"세종시청,시의회,교육청",39
2026-10-09T23:51:12,271000805,충북70자6076,36.5843171,127.388535,29.707,293064498,다솜동,0
2026-10-09T23:51:12,271000806,세종73자5645,36.536484,127.302216,23.912,293900063,용호동,69
2026-10-09T23:51:12,271000806,세종73자5644,36.475214,127.280999,35.778,293064206,"보람동,대평동",26
2026-10-09T23:51:12,271000806,세종73자5643,36.497659,127.325174,40.92,293064479,집현동,36
2026-10-09T23:51:43,293000303,세종70자1512,36.497985,127.322309,6.232,293064419,집현동,33
2026-10-09T23:51:43,293000305,세종70자1506,36.467973,127.273833,0.0,293055002,세종고속시외버스터미널(지상),11
2026-10-09T23:51:43,293000305,세종70자1510,36.532061,127.268544,15.31,293014026,한별동,49
2026-10-09T23:51:43,293000305,세종70자1305,36.469498,127.273807,23.324,293055001,세종고속시외버스터미널(지상),24
2026-10-09T23:51:43,293000311,세종70자1344,36.499369,127.244603,18.277,293064145,다빛초등학교(가온마을3단지),24
2026-10-09T23:51:43,293000312,세종70자1343,36.476481,127.283718,22.056,293064211,"세종시청,시의회,교육청",45
2026-10-09T23:51:43,271000805,충북70자6076,36.5843171,127.388535,29.707,293064498,다솜동,0
2026-10-09T23:51:43,271000806,세종73자5645,36.534036,127.291398,24.94,293014058,누리동,61
2026-10-09T23:51:43,271000806,세종73자5644,36.476569,127.284011,36.058,293064206,"보람동,대평동",57
2026-10-09T23:51:43,271000806,세종73자5643,36.497659,127.325174,40.92,293064479,집현동,36
2026-10-09T23:52:14,293000303,세종70자1512,36.499739,127.327308,6.716,293064419,집현동,55
2026-10-09T23:52:14,293000305,세종70자1506,36.467973,127.273833,0.0,293055002,세종고속시외버스터미널(지상),11
2026-10-09T23:52:14,293000305,세종70자1510,36.530646,127.266245,15.615,293014026,한별동,36
2026-10-09T23:52:14,293000311,세종70자1344,36.499008,127.250083,18.661,293063001,"가재마을5단지,가온마을6단지",50
2026-10-09T23:52:14,293000312,세종70자1343,36.47537599,127.281287,22.325,293064209,"보람동,대평동",17
2026-10-09T23:52:14,271000805,충북70자6076,36.5843171,127.388535,29.707,293064498,다솜동,0
2026-10-09T23:52:14,271000806,세종73자5645,36.534464,127.286234,25.372,293014058,누리동,60
2026-10-09T23:52:14,271000806,세종73자5644,36.478191,127.287844,36.496,293064210,"세종시청,시의회,교육청",29
2026-10-09T23:52:14,271000806,세종73자5643,36.497659,127.325174,40.92,293064479,집현동,36
2026-10-09T23:52:44,293000303,세종70자1512,36.500565,127.328186,6.843,293064417,세종공동캠퍼스,37
2026-10-09T23:52:44,293000305,세종70자1506,36.467973,127.273833,0.0,293055002,세종고속시외버스터미널(지상),11
2026-10-09T23:52:44,293000305,세종70자1510,36.528958,127.264186,15.806,293014017,"해밀동,산울동",38
2026-10-09T23:52:44,293000311,세종70자1344,36.498688,127.254914,19.243,293062002,어진중학교(한뜰마을4단지),34
2026-10-09T23:52:44,293000312,세종70자1343,36.475012,127.280692,22.335,293064209,"보람동,대평동",36
2026-10-09T23:52:44,271000805,충북70자6076,36.60390185,127.4109746,32.749,293064498,다솜동,0
2026-10-09T23:52:44,271000806,세종73자5645,36.53437,127.279257,26.043,293014058,누리동,77
2026-10-09T23:52:44,271000806,세종73자5644,36.478751,127.289242,36.496,293064210,"세종시청,시의회,교육청",51
2026-10-09T23:52:44,271000806,세종73자5643,36.497659,127.325174,40.92,293064479,집현동,36
2026-10-09T23:53:15,293000303,세종70자1512,36.500971,127.328471,6.924,293064417,세종공동캠퍼스,37
2026-10-09T23:53:15,293000305,세종70자1506,36.467973,127.273833,0.0,293055002,세종고속시외버스터미널(지상),11
2026-10-09T23:53:15,293000305,세종70자1510,36.525183,127.261346,16.286,293014017,"해밀동,산울동",39
2026-10-09T23:53:15,293000311,세종70자1344,36.498658,127.255439,19.243,293062002,어진중학교(한뜰마을4단지),34
2026-10-09T23:53:15,293000312,세종70자1343,36.471983,127.276162,22.964,293064251,대평동,32
2026-10-09T23:53:15,271000805,충북70자6076,36.60579485,127.4127001,33.011,293064498,다솜동,0
2026-10-09T23:53:15,271000806,세종73자5645,36.533975,127.27604,26.336,293014026,한별동,23
2026-10-09T23:53:15,271000806,세종73자5644,36.481685,127.296035,37.277,293064210,"세종시청,시의회,교육청",51
2026-10-09T23:53:15,271000806,세종73자5643,36.497659,127.325174,40.92,293064479,집현동,36
2026-10-09T23:53:46,293000303,세종70자1512,36.50105,127.328494,6.924,293064417,세종공동캠퍼스,12
2026-10-09T23:53:46,293000305,세종70자1506,36.467973,127.273833,0.0,293055002,세종고속시외버스터미널(지상),11
2026-10-09T23:53:46,293000305,세종70자1510,36.522031,127.259843,16.662,293014017,"해밀동,산울동",52
2026-10-09T23:53:46,293000305,세종70자1355,36.469516,127.273991,23.321,293055001,세종고속시외버스터미널(지상),14
2026-10-09T23:53:46,293000311,세종70자1344,36.498624,127.25576,19.246,293062002,어진중학교(한뜰마을4단지),27
2026-10-09T23:53:46,293000312,세종70자1343,36.471983,127.276162,22.964,293064251,대평동,255
2026-10-09T23:53:46,271000805,충북70자6076,36.60760849,127.4185219,33.574,293064498,다솜동,0
2026-10-09T23:53:46,271000806,세종73자5645,36.53321,127.271851,26.672,293014026,한별동,62
2026-10-09T23:53:46,271000806,세종73자5644,36.482612,127.297669,37.502,293064216,소담동(새샘마을),8
2026-10-09T23:53:46,271000806,세종73자5643,36.497659,127.325174,40.92,293064479,집현동,36
2026-10-09T23:54:16,293000303,세종70자1512,36.502331,127.329135,7.108,293064417,세종공동캠퍼스,47
2026-10-09T23:54:16,293000305,세종70자1506,36.467973,127.273833,0.0,293055002,세종고속시외버스터미널(지상),11
2026-10-09T23:54:16,293000305,세종70자1510,36.519301,127.259181,16.953,293064446,세종충남대학교병원,49
2026-10-09T23:54:16,293000305,세종70자1355,36.469596,127.273976,23.321,293055001,세종고속시외버스터미널(지상),14
2026-10-09T23:54:16,293000311,세종70자1344,36.497925,127.257718,19.455,293062002,어진중학교(한뜰마을4단지),25
2026-10-09T23:54:16,293000312,세종70자1343,36.469214,127.273871,23.389,293064251,대평동,255
2026-10-09T23:54:16,271000805,충북70자6076,36.60973851,127.4240386,34.127,293064498,다솜동,0
2026-10-09T23:54:16,271000806,세종73자5645,36.531268,127.267096,27.199,293014026,한별동,40
2026-10-09T23:54:16,271000806,세종73자5644,36.484071,127.299491,37.698,293064216,소담동(새샘마을),48
2026-10-09T23:54:16,271000806,세종73자5643,36.497659,127.325174,40.92,293064479,집현동,36
2026-10-09T23:54:48,293000303,세종70자1512,36.506636,127.330253,7.711,293064417,세종공동캠퍼스,11
2026-10-09T23:54:48,293000305,세종70자1506,36.467973,127.273833,0.0,293055002,세종고속시외버스터미널(지상),11
2026-10-09T23:54:48,293000305,세종70자1510,36.515363,127.258911,17.431,293056002,도담동,50
2026-10-09T23:54:48,293000305,세종70자1355,36.469596,127.273976,23.321,293055001,세종고속시외버스터미널(지상),14
2026-10-09T23:54:48,293000311,세종70자1344,36.494831,127.256395,19.918,293062002,어진중학교(한뜰마을4단지),50
2026-10-09T23:54:48,293000312,세종70자1343,36.469189,127.27387,23.389,293064251,대평동,255
2026-10-09T23:54:48,271000805,충북70자6076,36.6125346,127.4235712,34.514,270054812,가경아이파크5단지,0
2026-10-09T23:54:48,271000806,세종73자5645,36.530682,127.266128,27.367,293014026,한별동,42
2026-10-09T23:54:48,271000806,세종73자5644,36.48684,127.301693,38.013,293064253,"법원,검찰청,경찰청",28
2026-10-09T23:54:48,271000806,세종73자5643,36.497659,127.325174,40.92,293064479,집현동,36
2026-10-09T23:55:18,293000303,세종70자1512,36.511013,127.329988,8.072,293064417,세종공동캠퍼스,57
2026-10-09T23:55:18,293000305,세종70자1506,36.467973,127.273833,0.0,293055002,세종고속시외버스터미널(지상),11
2026-10-09T23:55:18,293000305,세종70자1510,36.513886,127.259206,17.619,293056002,도담동,32
2026-10-09T23:55:18,293000305,세종70자1355,36.470241,127.273806,23.185,293055001,세종고속시외버스터미널(지상),29
2026-10-09T23:55:18,293000311,세종70자1344,36.493303,127.256166,20.064,293054001,다정동(대성고등학교),32
2026-10-09T23:55:18,293000312,세종70자1343,36.469189,127.27387,23.389,293064251,대평동,255
2026-10-09T23:55:18,271000805,충북70자6076,36.6125346,127.4235712,34.514,270054812,가경아이파크5단지,0
2026-10-09T23:55:18,271000806,세종73자5645,36.529261,127.264439,27.501,293014017,"해밀동,산울동",29
2026-10-09T23:55:18,271000806,세종73자5644,36.487394,127.301968,38.114,293064253,"법원,검찰청,경찰청",36
2026-10-09T23:55:18,271000806,세종73자5643,36.497659,127.325174,40.92,293064479,집현동,36
2026-10-09T23:55:50,293000303,세종70자1512,36.51941,127.330711,8.913,293064417,세종공동캠퍼스,37
2026-10-09T23:55:50,293000305,세종70자1506,36.467973,127.273833,0.0,293055002,세종고속시외버스터미널(지상),11
2026-10-09T23:55:50,293000305,세종70자1510,36.512393,127.259585,17.764,293056002,도담동,32
2026-10-09T23:55:50,293000305,세종70자1355,36.470241,127.273806,23.185,293055001,세종고속시외버스터미널(지상),255
2026-10-09T23:55:50,293000311,세종70자1344,36.491525,127.25626,20.305,293054001,다정동(대성고등학교),32
2026-10-09T23:55:50,293000312,세종70자1343,36.469189,127.27387,23.389,293064251,대평동,255
2026-10-09T23:55:50,271000805,충북70자6076,36.6125346,127.4235712,34.514,270054812,가경아이파크5단지,0
2026-10-09T23:55:50,271000806,세종73자5645,36.525125,127.261309,28.038,293014017,"해밀동,산울동",71
2026-10-09T23:55:50,271000806,세종73자5644,36.491596,127.304226,38.807,293064255,국책연구단지,47
2026-10-09T23:56:21,293000303,세종70자1512,36.519751,127.330741,9.037,293064417,세종공동캠퍼스,37
2026-10-09T23:56:21,293000305,세종70자1506,36.467973,127.273833,0.0,293055002,세종고속시외버스터미널(지상),11
2026-10-09T23:56:21,293000305,세종70자1510,36.51114299,127.260126,17.904,293056002,도담동,42
2026-10-09T23:56:21,293000305,세종70자1355,36.47233,127.276596,23.181,293055001,세종고속시외버스터미널(지상),6
2026-10-09T23:56:21,293000311,세종70자1344,36.491525,127.25626,20.305,293054001,다정동(대성고등학교),32
2026-10-09T23:56:21,293000312,세종70자1343,36.469189,127.27387,23.389,293064251,대평동,255
2026-10-09T23:56:21,271000805,충북70자6076,36.6174324,127.4276753,35.405,270054813,서현공원,0
2026-10-09T23:56:21,271000806,세종73자5645,36.521485,127.259688,28.494,293064446,세종충남대학교병원,17
2026-10-09T23:56:21,271000806,세종73자5644,36.49686,127.308425,39.332,293064255,국책연구단지,65
2026-10-09T23:56:51,293000303,세종70자1355,36.4742,127.278781,1.026,293064252,대평동,30
2026-10-09T23:56:51,293000303,세종70자1512,36.521245,127.330585,9.131,293064417,세종공동캠퍼스,39
2026-10-09T23:56:51,293000305,세종70자1506,36.467973,127.273833,0.0,293055002,세종고속시외버스터미널(지상),11
2026-10-09T23:56:51,293000305,세종70자1510,36.505428,127.26165,18.564,293062014,정부세종청사 북측,47
2026-10-09T23:56:51,293000311,세종70자1344,36.490533,127.256321,20.315,293064436,한국산업인력공단 세종지사,18
2026-10-09T23:56:51,293000312,세종70자1343,36.469189,127.27387,23.389,293064251,대평동,255
2026-10-09T23:56:51,271000805,충북70자6076,36.6174324,127.4276753,35.405,270054813,서현공원,0
2026-10-09T23:56:51,271000806,세종73자5645,36.52116,127.259559,28.523,293064446,세종충남대학교병원,32
2026-10-09T23:56:51,271000806,세종73자5644,36.497468,127.310732,39.521,293064258,반곡동(수루배마을),30
2026-10-09T23:57:22,293000303,세종70자1355,36.474906,127.280661,1.365,293064206,"보람동,대평동",17
2026-10-09T23:57:22,293000303,세종70자1512,36.524238,127.328958,9.563,293064417,세종공동캠퍼스,40
2026-10-09T23:57:22,293000305,세종70자1506,36.467973,127.273833,0.0,293055002,세종고속시외버스터미널(지상),11
2026-10-09T23:57:22,293000305,세종70자1510,36.50456599,127.261346,18.664,293062014,정부세종청사 북측,26
2026-10-09T23:57:22,293000311,세종70자1344,36.48977699,127.256492,20.457,293064436,한국산업인력공단 세종지사,42
2026-10-09T23:57:22,293000312,세종70자1343,36.469189,127.27387,23.389,293064251,대평동,255
2026-10-09T23:57:22,271000805,충북70자6076,36.618695,127.4315955,35.702,270054814,서현초등학교.가경아이파크아파트,0
2026-10-09T23:57:22,271000806,세종73자5645,36.51525,127.258971,29.182,293056002,도담동,48
2026-10-09T23:57:22,271000806,세종73자5644,36.497521,127.311172,39.637,293064258,반곡동(수루배마을),30
2026-10-09T23:57:53,293000303,세종70자1355,36.475235,127.281205,1.386,293064206,"보람동,대평동",18
2026-10-09T23:57:53,293000303,세종70자1512,36.526723,127.326563,9.966,293064417,세종공동캠퍼스,43
2026-10-09T23:57:53,293000305,세종70자1506,36.467973,127.273833,0.0,293055002,세종고속시외버스터미널(지상),11
2026-10-09T23:57:53,293000305,세종70자1510,36.502061,127.260166,18.982,293062007,정부세종청사 남측,45
2026-10-09T23:57:53,293000311,세종70자1344,36.48511,127.258748,20.843,293053003,"새롬동,나성동(청소년센터)",36
2026-10-09T23:57:53,293000312,세종70자1343,36.469189,127.27387,23.389,293064251,대평동,255
2026-10-09T23:57:53,271000805,충북70자6076,36.6215705,127.4336965,36.084,270054815,가로수마을휴먼시아,0
2026-10-09T23:57:53,271000806,세종73자5645,36.514381,127.25905,29.301,293056002,도담동,32
2026-10-09T23:57:53,271000806,세종73자5644,36.497521,127.311172,39.637,293064258,반곡동(수루배마을),30
2026-10-09T23:58:23,293000303,세종70자1355,36.476521,127.284023,1.663,293064206,"보람동,대평동",28
2026-10-09T23:58:23,293000303,세종70자1512,36.526723,127.326563,9.966,293064417,세종공동캠퍼스,255
2026-10-09T23:58:23,293000305,세종70자1506,36.467973,127.273833,0.0,293055002,세종고속시외버스터미널(지상),11
2026-10-09T23:58:23,293000305,세종70자1510,36.498268,127.258103,19.417,293062007,정부세종청사 남측,54
2026-10-09T23:58:23,293000311,세종70자1344,36.484571,127.259125,20.843,293053003,"새롬동,나성동(청소년센터)",36
2026-10-09T23:58:23,293000312,세종70자1343,36.469189,127.27387,23.389,293064251,대평동,255
2026-10-09T23:58:23,271000805,충북70자6076,36.6235138,127.4322545,36.406,270054816,하나병원,0
2026-10-09T23:58:23,271000806,세종73자5645,36.512919,127.25938,29.463,293056002,도담동,15
2026-10-09T23:58:23,271000806,세종73자5644,36.497557,127.311589,39.638,293064258,반곡동(수루배마을),36
2026-10-09T23:58:54,293000303,세종70자1355,36.477056,127.285318,1.663,293064206,"보람동,대평동",28
2026-10-09T23:58:54,293000303,세종70자1512,36.53209,127.319828,10.859,293064492,다솜동,47
2026-10-09T23:58:54,293000305,세종70자1506,36.467973,127.273833,0.0,293055002,세종고속시외버스터미널(지상),11
2026-10-09T23:58:54,293000305,세종70자1510,36.49524799,127.256601,19.794,293062004,다정동,47
2026-10-09T23:58:54,293000311,세종70자1344,36.48316,127.260154,21.362,293053003,"새롬동,나성동(청소년센터)",45
2026-10-09T23:58:54,293000312,세종70자1343,36.469189,127.27387,23.389,293064251,대평동,255
2026-10-09T23:58:54,271000805,충북70자6076,36.6235138,127.4322545,36.406,270054816,하나병원,0
2026-10-09T23:58:54,271000806,세종73자5645,36.511017,127.260197,29.679,293056002,도담동,53
2026-10-09T23:58:54,271000806,세종73자5644,36.497447,127.31765,40.187,293064258,반곡동(수루배마을),54
2026-10-09T23:59:25,293000303,세종70자1355,36.477056,127.285318,1.663,293064206,"보람동,대평동",28
2026-10-09T23:59:25,293000303,세종70자1512,36.53209,127.319828,10.859,293064492,다솜동,255
2026-10-09T23:59:25,293000305,세종70자1506,36.467973,127.273833,0.0,293055002,세종고속시외버스터미널(지상),11
2026-10-09T23:59:25,293000305,세종70자1510,36.494434,127.256455,19.864,293062004,다정동,21
2026-10-09T23:59:25,293000311,세종70자1344,36.480734,127.261941,21.601,293053008,한솔동(첫마을),34
2026-10-09T23:59:25,293000312,세종70자1343,36.469189,127.27387,23.389,293064251,대평동,255
2026-10-09T23:59:25,271000805,충북70자6076,36.62654,127.43015,36.941,270054311,고속버스터미널,0
2026-10-09T23:59:25,271000806,세종73자5645,36.505465,127.261682,30.316,293062014,정부세종청사 북측,48
2026-10-09T23:59:25,271000806,세종73자5644,36.497935,127.322791,40.613,293064479,집현동,40
2026-10-09T23:59:55,293000303,세종70자1355,36.47819599,127.287998,2.015,293064210,"세종시청,시의회,교육청",24
2026-10-09T23:59:55,293000303,세종70자1512,36.53649,127.311765,11.577,293064492,다솜동,47
2026-10-09T23:59:55,293000305,세종70자1506,36.467973,127.273833,0.0,293055002,세종고속시외버스터미널(지상),11
2026-10-09T23:59:55,293000305,세종70자1510,36.49224,127.256268,20.095,293062004,다정동,61
2026-10-09T23:59:55,293000311,세종70자1344,36.477629,127.264252,22.004,293053008,한솔동(첫마을),55
2026-10-09T23:59:55,293000312,세종70자1343,36.469189,127.27387,23.389,293064251,대평동,255
2026-10-09T23:59:55,271000805,충북70자6076,36.62717333,127.4294183,36.941,270054311,고속버스터미널,0
2026-10-09T23:59:55,271000806,세종73자5645,36.504587,127.261293,30.416,293062014,정부세종청사 북측,34
2026-10-09T23:59:55,271000806,세종73자5644,36.49804,127.323264,40.613,293064479,집현동,40
2026-10-10T00:00:28,293000303,세종70자1355,36.478841,127.289488,2.015,293064210,"세종시청,시의회,교육청",33
2026-10-10T00:00:28,293000303,세종70자1512,36.537291,127.306961,12.023,293900055,용호동,51
2026-10-10T00:00:28,293000305,세종70자1506,36.467973,127.273833,0.0,293055002,세종고속시외버스터미널(지상),11
2026-10-10T00:00:28,293000305,세종70자1510,36.488205,127.256799,20.589,293053004,"새롬동,나성동",48
2026-10-10T00:00:28,293000311,세종70자1344,36.47209999,127.268263,22.701,293053008,한솔동(첫마을),55
2026-10-10T00:00:28,293000312,세종70자1343,36.469189,127.27387,23.389,293064251,대평동,255
2026-10-10T00:00:28,271000805,충북70자6076,36.62717333,127.4294183,36.941,270054311,고속버스터미널,0
2026-10-10T00:00:28,271000806,세종73자5645,36.502057,127.260136,30.734,293062007,정부세종청사 남측,42
2026-10-10T00:00:28,271000806,세종73자5644,36.49804,127.323264,40.613,293064479,집현동,40
2026-10-10T00:00:58,293000303,세종70자1355,36.478841,127.289488,2.015,293064210,"세종시청,시의회,교육청",255
2026-10-10T00:00:58,293000303,세종70자1512,36.536293,127.30147,12.562,293900055,용호동,48
2026-10-10T00:00:58,293000305,세종70자1510,36.487241,127.257625,20.704,293053004,"새롬동,나성동",16
2026-10-10T00:00:58,293000311,세종70자1344,36.471024,127.270469,22.932,293053008,한솔동(첫마을),54
2026-10-10T00:00:58,293000312,세종70자1343,36.469189,127.27387,23.389,293064251,대평동,255
2026-10-10T00:00:58,271000805,충북70자6076,36.63126667,127.4264983,37.469,270054311,고속버스터미널,0
2026-10-10T00:00:58,271000806,세종73자5645,36.50077,127.259474,30.87,293062007,정부세종청사 남측,49
2026-10-10T00:00:58,271000806,세종73자5644,36.49804,127.323264,40.613,293064479,집현동,40
2026-10-10T00:01:29,293000303,세종70자1355,36.481836,127.295826,2.891,293064210,"세종시청,시의회,교육청",29
2026-10-10T00:01:29,293000303,세종70자1512,36.535338,127.298081,12.899,293900055,용호동,47
2026-10-10T00:01:29,293000305,세종70자1510,36.48713,127.257603,20.704,293053004,"새롬동,나성동",16
2026-10-10T00:01:29,293000311,세종70자1344,36.469279,127.273856,0.0,293055002,세종고속시외버스터미널(지상),30
2026-10-10T00:01:29,293000312,세종70자1343,36.469189,127.27387,23.389,293064251,대평동,255
2026-10-10T00:01:29,271000805,충북70자6076,36.63351,127.42522,37.77,971009440,비하삼일아파트,0
2026-10-10T00:01:29,271000806,세종73자5645,36.495255,127.256603,31.545,293062004,다정동,45
2026-10-10T00:01:29,271000806,세종73자5644,36.49804,127.323264,40.613,293064479,집현동,40
2026-10-10T00:02:00,293000303,세종70자1355,36.482408,127.297551,3.114,293064216,소담동(새샘마을),18
2026-10-10T00:02:00,293000303,세종70자1512,36.534226,127.29409,13.297,293900055,용호동,35
2026-10-10T00:02:00,293000305,세종70자1510,36.48611,127.257943,20.842,293053004,"새롬동,나성동",37
2026-10-10T00:02:00,293000311,세종70자1344,36.469025,127.273954,0.0,293055002,세종고속시외버스터미널(지상),14
2026-10-10T00:02:00,293000312,세종70자1343,36.469189,127.27387,23.389,293064251,대평동,255
2026-10-10T00:02:00,271000805,충북70자6076,36.63351,127.42522,37.77,971009440,비하삼일아파트,0
2026-10-10T00:02:00,271000806,세종73자5645,36.494417,127.256411,31.661,293062004,다정동,33
2026-10-10T00:02:00,271000806,세종73자5644,36.49804,127.323264,40.613,293064479,집현동,40
2026-10-10T00:02:30,293000303,세종70자1355,36.48276,127.298136,3.114,293064216,소담동(새샘마을),25
2026-10-10T00:02:30,293000303,세종70자1512,36.53409,127.290158,13.51,293014058,누리동,44
2026-10-10T00:02:30,293000305,세종70자1510,36.480386,127.260826,21.553,293053004,"새롬동,나성동",55
2026-10-10T00:02:30,293000311,세종70자1344,36.468156,127.273845,0.0,293055002,세종고속시외버스터미널(지상),11
2026-10-10T00:02:30,293000312,세종70자1343,36.469189,127.27387,23.389,293064251,대평동,255
2026-10-10T00:02:30,271000805,충북70자6076,36.63754,127.42323,38.364,971009600,영조1차아파트.비하새동네,0
2026-10-10T00:02:30,271000806,세종73자5645,36.48912099,127.256898,32.231,293062004,다정동,64
2026-10-10T00:02:30,271000806,세종73자5644,36.49804,127.323264,40.613,293064479,집현동,40
2026-10-10T00:03:01,293000303,세종70자1355,36.484553,127.300041,3.316,293064216,소담동(새샘마을),36
2026-10-10T00:03:01,293000303,세종70자1512,36.534476,127.285705,13.942,293014058,누리동,51
2026-10-10T00:03:01,293000305,세종70자1510,36.480648,127.261976,21.553,293053009,한솔동,22
2026-10-10T00:03:01,293000311,세종70자1344,36.468164,127.273709,0.0,293055002,세종고속시외버스터미널(지상),11
2026-10-10T00:03:01,293000312,세종70자1343,36.469189,127.27387,23.389,293064251,대평동,255
2026-10-10T00:03:01,271000805,충북70자6076,36.6393287,127.4227565,38.364,971009060,부모산.연화사입구,0
2026-10-10T00:03:01,271000806,세종73자5645,36.487584,127.257347,32.448,293053004,"새롬동,나성동",2
2026-10-10T00:03:01,271000806,세종73자5644,36.49804,127.323264,40.613,293064479,집현동,40
2026-10-10T00:03:32,293000303,세종70자1355,36.486761,127.301733,3.632,293064253,"법원,검찰청,경찰청",30
2026-10-10T00:03:32,293000303,세종70자1512,36.534144,127.279083,14.613,293014058,누리동,54
2026-10-10T00:03:32,293000305,세종70자1510,36.479344,127.262733,21.739,293053009,한솔동,4
2026-10-10T00:03:32,293000311,세종70자1344,36.468164,127.273709,0.0,293055002,세종고속시외버스터미널(지상),11
2026-10-10T00:03:32,293000312,세종70자1343,36.469189,127.27387,23.389,293064251,대평동,255
2026-10-10T00:03:32,271000805,충북70자6076,36.6414941,127.4225367,38.655,971008280,효성아파트,0
2026-10-10T00:03:32,271000806,세종73자5645,36.487226,127.257519,32.448,293053004,"새롬동,나성동",8
2026-10-10T00:03:32,271000806,세종73자5644,36.49804,127.323264,40.613,293064479,집현동,40
2026-10-10T00:04:03,293000303,세종70자1355,36.489621,127.302858,4.005,293064253,"법원,검찰청,경찰청",33
2026-10-10T00:04:03,293000303,세종70자1512,36.533988,127.276061,14.906,293014026,한별동,11
2026-10-10T00:04:03,293000304,세종70자1354,36.468178,127.274079,23.301,293055001,세종고속시외버스터미널(지상),5
2026-10-10T00:04:03,293000305,세종70자1510,36.479336,127.262731,21.739,293053009,한솔동,4
2026-10-10T00:04:03,293000311,세종70자1344,36.468164,127.273709,0.0,293055002,세종고속시외버스터미널(지상),11
2026-10-10T00:04:03,293000312,세종70자1343,36.469189,127.27387,23.389,293064251,대평동,255
2026-10-10T00:04:03,271000805,충북70자6076,36.64292333,127.4224717,38.831,971008280,효성아파트,0
2026-10-10T00:04:03,271000806,세종73자5645,36.486526,127.257891,32.546,293053004,"새롬동,나성동",42
2026-10-10T00:04:03,271000806,세종73자5644,36.49804,127.323264,40.613,293064479,집현동,40
2026-10-10T00:04:33,293000303,세종70자1355,36.490093,127.303168,4.005,293064253,"법원,검찰청,경찰청",33
2026-10-10T00:04:33,293000303,세종70자1512,36.533561,127.273486,15.137,293014026,한별동,45
2026-10-10T00:04:33,293000304,세종70자1354,36.468236,127.274073,23.301,293055001,세종고속시외버스터미널(지상),5
2026-10-10T00:04:33,293000305,세종70자1510,36.479148,127.262896,21.739,293053009,한솔동,24
2026-10-10T00:04:33,293000311,세종70자1344,36.468164,127.273709,0.0,293055002,세종고속시외버스터미널(지상),11
2026-10-10T00:04:33,293000312,세종70자1343,36.469189,127.27387,23.389,293064251,대평동,255
2026-10-10T00:04:33,271000805,충북70자6076,36.64292333,127.4224717,38.831,971008280,효성아파트,0
2026-10-10T00:04:33,271000806,세종73자5645,36.481392,127.26149,33.176,293053009,한솔동,42
2026-10-10T00:04:33,271000806,세종73자5644,36.49804,127.323264,40.613,293064479,집현동,40
2026-10-10T00:05:04,293000303,세종70자1355,36.490093,127.303168,4.005,293064253,"법원,검찰청,경찰청",33
2026-10-10T00:05:04,293000303,세종70자1512,36.532366,127.269238,15.532,293014026,한별동,48
2026-10-10T00:05:04,293000304,세종70자1354,36.468236,127.274073,23.301,293055001,세종고속시외버스터미널(지상),5
2026-10-10T00:05:04,293000305,세종70자1510,36.477285,127.264448,21.956,293053009,한솔동,40
2026-10-10T00:05:04,293000311,세종70자1344,36.468164,127.273709,0.0,293055002,세종고속시외버스터미널(지상),11
2026-10-10T00:05:04,271000805,충북70자6076,36.6418074,127.4263394,39.189,270054819,솔밭초등학교.신영지웰시티,0
2026-10-10T00:05:04,271000806,세종73자5645,36.480596,127.262018,33.297,293053009,한솔동,36
2026-10-10T00:05:04,271000806,세종73자5644,36.49804,127.323264,40.613,293064479,집현동,40
2026-10-10T00:05:35,293000303,세종70자1355,36.491628,127.3042,4.426,293064255,국책연구단지,33
2026-10-10T00:05:35,293000303,세종70자1512,36.530899,127.266663,15.769,293014026,한별동,15
2026-10-10T00:05:35,293000305,세종70자1510,36.472048,127.2683,22.653,293053009,한솔동,51
2026-10-10T00:05:35,293000311,세종70자1344,36.468164,127.273709,0.0,293055002,세종고속시외버스터미널(지상),11
2026-10-10T00:05:35,271000805,충북70자6076,36.6416906,127.4317181,39.712,270054820,대농공원.흥덕보건소임시청사,0
2026-10-10T00:05:35,271000806,세종73자5645,36.479538,127.26284,33.484,293053009,한솔동,17
2026-10-10T00:05:35,271000806,세종73자5644,36.49804,127.323264,40.613,293064479,집현동,40
2026-10-10T00:06:05,293000303,세종70자1355,36.49344,127.305451,4.426,293064255,국책연구단지,47
2026-10-10T00:06:05,293000303,세종70자1512,36.529326,127.264658,16.071,293014017,"해밀동,산울동",3
2026-10-10T00:06:05,293000305,세종70자1510,36.470546,127.273418,23.159,293064221,세종고속시외버스터미널(지하),10
2026-10-10T00:06:05,293000311,세종70자1344,36.468164,127.273709,0.0,293055002,세종고속시외버스터미널(지상),11
2026-10-10T00:06:05,271000805,충북70자6076,36.6416906,127.4317181,39.712,270054820,대농공원.흥덕보건소임시청사,0
2026-10-10T00:06:05,271000806,세종73자5645,36.479495,127.262864,33.484,293053009,한솔동,17
2026-10-10T00:06:05,271000806,세종73자5644,36.49804,127.323264,40.613,293064479,집현동,40
2026-10-10T00:06:36,293000303,세종70자1355,36.497483,127.310643,5.14,293064258,반곡동(수루배마을),35
2026-10-10T00:06:36,293000303,세종70자1512,36.529098,127.264521,16.099,293014017,"해밀동,산울동",19
2026-10-10T00:06:36,293000305,세종70자1510,36.46933,127.273881,23.324,293055001,세종고속시외버스터미널(지상),20
2026-10-10T00:06:36,293000311,세종70자1344,36.468164,127.273709,0.0,293055002,세종고속시외버스터미널(지상),11
2026-10-10T00:06:36,271000805,충북70자6076,36.6416906,127.4317181,39.712,270054820,대농공원.흥덕보건소임시청사,0
2026-10-10T00:06:36,271000806,세종73자5645,36.479495,127.262864,33.484,293053009,한솔동,17
2026-10-10T00:06:36,271000806,세종73자5644,36.49804,127.323264,40.613,293064479,집현동,40
2026-10-10T00:07:07,293000303,세종70자1355,36.49771299,127.313735,5.453,293064258,반곡동(수루배마을),41
2026-10-10T00:07:07,293000303,세종70자1512,36.526951,127.262581,16.396,293014017,"해밀동,산울동",44
2026-10-10T00:07:07,293000305,세종70자1510,36.468433,127.273786,23.378,293055001,세종고속시외버스터미널(지상),9
2026-10-10T00:07:07,293000311,세종70자1344,36.468164,127.273709,0.0,293055002,세종고속시외버스터미널(지상),11
2026-10-10T00:07:07,271000805,충북70자6076,36.6416906,127.4317181,39.712,270054820,대농공원.흥덕보건소임시청사,0
2026-10-10T00:07:07,271000806,세종73자5645,36.479211,127.263081,33.484,293053009,한솔동,32
2026-10-10T00:07:07,271000806,세종73자5644,36.49804,127.323264,40.613,293064479,집현동,40
2026-10-10T00:07:37,293000303,세종70자1355,36.497676,127.31424,5.453,293064258,반곡동(수루배마을),40
2026-10-10T00:07:37,293000303,세종70자1512,36.522038,127.25992,16.984,293014017,"해밀동,산울동",35
2026-10-10T00:07:37,293000305,세종70자1510,36.468443,127.273383,23.378,293055001,세종고속시외버스터미널(지상),9
2026-10-10T00:07:37,293000311,세종70자1344,36.468164,127.273709,0.0,293055002,세종고속시외버스터미널(지상),11
2026-10-10T00:07:37,271000805,충북70자6076,36.6445626,127.4331493,40.556,270054821,솔밭공원.청소년수련관,0
2026-10-10T00:07:37,271000806,세종73자5645,36.472066,127.268262,34.398,293053009,한솔동,53
2026-10-10T00:07:37,271000806,세종73자5644,36.49804,127.323264,40.613,293064479,집현동,40
2026-10-10T00:08:08,293000303,세종70자1355,36.497478,127.317096,5.806,293064258,반곡동(수루배마을),10
2026-10-10T00:08:08,293000303,세종70자1512,36.521358,127.259676,17.064,293064446,세종충남대학교병원,8
2026-10-10T00:08:08,293000305,세종70자1510,36.468443,127.273383,23.378,293055001,세종고속시외버스터미널(지상),9
2026-10-10T00:08:08,293000311,세종70자1344,36.468164,127.273709,0.0,293055002,세종고속시외버스터미널(지상),11
2026-10-10T00:08:08,271000805,충북70자6076,36.6445626,127.4331493,40.556,270054821,솔밭공원.청소년수련관,0
2026-10-10T00:08:08,271000806,세종73자5645,36.47079999,127.27295,34.865,293064221,세종고속시외버스터미널(지하),27
2026-10-10T00:08:08,271000806,세종73자5644,36.49804,127.323264,40.613,293064479,집현동,40
2026-10-10T00:08:40,293000303,세종70자1355,36.497461,127.31715,5.806,293064258,반곡동(수루배마을),10
2026-10-10T00:08:40,293000303,세종70자1512,36.52026,127.259406,17.193,293064446,세종충남대학교병원,40
2026-10-10T00:08:40,293000305,세종70자1510,36.468443,127.273383,23.378,293055001,세종고속시외버스터미널(지상),9
2026-10-10T00:08:40,293000311,세종70자1344,36.468164,127.273709,0.0,293055002,세종고속시외버스터미널(지상),11
2026-10-10T00:08:40,271000805,충북70자6076,36.6445626,127.4331493,40.556,270054821,솔밭공원.청소년수련관,0
2026-10-10T00:08:40,271000806,세종73자5645,36.472116,127.276247,35.268,293064252,대평동,40
2026-10-10T00:08:40,271000806,세종73자5644,36.49804,127.323264,40.613,293064479,집현동,40
2026-10-10T00:09:10,293000303,세종70자1355,36.49739499,127.317681,5.807,293064258,반곡동(수루배마을),33
2026-10-10T00:09:10,293000303,세종70자1512,36.515228,127.258963,17.752,293056002,도담동,40
2026-10-10T00:09:10,293000305,세종70자1510,36.468443,127.273383,23.378,293055001,세종고속시외버스터미널(지상),9
2026-10-10T00:09:10,293000311,세종70자1344,36.468164,127.273709,0.0,293055002,세종고속시외버스터미널(지상),11
2026-10-10T00:09:10,271000805,충북70자6076,36.6456886,127.4278916,40.986,270054822,현대백화점,0
2026-10-10T00:09:10,271000806,세종73자5645,36.472354,127.276689,35.268,293064252,대평동,13
2026-10-10T00:09:10,271000806,세종73자5644,36.49804,127.323264,40.613,293064479,집현동,40
2026-10-10T00:09:41,293000303,세종70자1355,36.497828,127.321706,6.23,293064419,집현동,21
2026-10-10T00:09:41,293000303,세종70자1512,36.514598,127.259111,17.871,293056002,도담동,40
2026-10-10T00:09:41,293000305,세종70자1510,36.468443,127.273383,23.378,293055001,세종고속시외버스터미널(지상),9
2026-10-10T00:09:41,293000311,세종70자1344,36.468164,127.273709,0.0,293055002,세종고속시외버스터미널(지상),11
2026-10-10T00:09:41,271000805,충북70자6076,36.6456886,127.4278916,40.986,270054822,현대백화점,0
2026-10-10T00:09:41,271000806,세종73자5645,36.474815,127.280533,35.688,293064206,"보람동,대평동",39
2026-10-10T00:09:41,271000806,세종73자5644,36.49804,127.323264,40.613,293064479,집현동,40
2026-10-10T00:10:11,293000303,세종70자1355,36.497965,127.322321,6.232,293064419,집현동,29
2026-10-10T00:10:11,293000303,세종70자1512,36.513653,127.259338,17.941,293056002,도담동,37
2026-10-10T00:10:11,293000305,세종70자1510,36.468443,127.273383,23.378,293055001,세종고속시외버스터미널(지상),9
2026-10-10T00:10:11,293000311,세종70자1344,36.468164,127.273709,0.0,293055002,세종고속시외버스터미널(지상),11
2026-10-10T00:10:11,271000805,충북70자6076,36.6456886,127.4278916,40.986,270054822,현대백화점,0
2026-10-10T00:10:11,271000806,세종73자5645,36.476488,127.283988,36.058,293064206,"보람동,대평동",60
2026-10-10T00:10:11,271000806,세종73자5644,36.49804,127.323264,40.613,293064479,집현동,40
2026-10-10T00:10:42,293000303,세종70자1355,36.50058099,127.328203,6.843,293064417,세종공동캠퍼스,34
2026-10-10T00:10:42,293000303,세종70자1512,36.51063,127.260506,18.296,293056002,도담동,43
2026-10-10T00:10:42,293000305,세종70자1510,36.468443,127.273383,23.378,293055001,세종고속시외버스터미널(지상),9
2026-10-10T00:10:42,293000311,세종70자1344,36.468164,127.273709,0.0,293055002,세종고속시외버스터미널(지상),11
2026-10-10T00:10:42,271000805,충북70자6076,36.6456886,127.4278916,40.986,270054822,현대백화점,0
2026-10-10T00:10:42,271000806,세종73자5645,36.478233,127.287966,36.496,293064210,"세종시청,시의회,교육청",24
2026-10-10T00:10:42,271000806,세종73자5644,36.49804,127.323264,40.613,293064479,집현동,40
2026-10-10T00:11:13,293000303,세종70자1355,36.5009,127.328411,6.924,293064417,세종공동캠퍼스,5
2026-10-10T00:11:13,293000303,세종70자1512,36.5054,127.261791,18.886,293062014,정부세종청사 북측,38
2026-10-10T00:11:13,293000305,세종70자1510,36.468443,127.273383,23.378,293055001,세종고속시외버스터미널(지상),9
2026-10-10T00:11:13,271000805,충북70자6076,36.6456886,127.4278916,40.986,270054822,현대백화점,0
2026-10-10T00:11:13,271000806,세종73자5645,36.47928,127.290493,36.715,293064210,"세종시청,시의회,교육청",62
2026-10-10T00:11:13,271000806,세종73자5644,36.49804,127.323264,40.613,293064479,집현동,40
2026-10-10T00:11:43,293000303,세종70자1355,36.500916,127.328415,6.924,293064417,세종공동캠퍼스,5
2026-10-10T00:11:43,293000303,세종70자1512,36.504546,127.261368,18.986,293062014,정부세종청사 북측,27
2026-10-10T00:11:43,293000305,세종70자1510,36.468443,127.273383,23.378,293055001,세종고속시외버스터미널(지상),9
2026-10-10T00:11:43,271000805,충북70자6076,36.6456886,127.4278916,40.986,270054822,현대백화점,0
2026-10-10T00:11:43,271000806,세종73자5645,36.481654,127.296063,37.277,293064210,"세종시청,시의회,교육청",64
2026-10-10T00:11:43,271000806,세종73자5644,36.49804,127.323264,40.613,293064479,집현동,40
2026-10-10T00:12:14,293000303,세종70자1355,36.50108,127.328621,6.924,293064417,세종공동캠퍼스,25
2026-10-10T00:12:14,293000303,세종70자1512,36.502076,127.260215,19.304,293062007,정부세종청사 남측,35
2026-10-10T00:12:14,293000305,세종70자1510,36.468443,127.273383,23.378,293055001,세종고속시외버스터미널(지상),9
2026-10-10T00:12:14,271000805,충북70자6076,36.6456886,127.4278916,40.986,270054822,현대백화점,0
2026-10-10T00:12:14,271000806,세종73자5645,36.482144,127.297063,37.398,293064210,"세종시청,시의회,교육청",5
2026-10-10T00:12:14,271000806,세종73자5644,36.49804,127.323264,40.613,293064479,집현동,40
2026-10-10T00:12:45,293000303,세종70자1355,36.504188,127.329535,7.359,293064417,세종공동캠퍼스,50
2026-10-10T00:12:45,293000303,세종70자1512,36.501146,127.259769,19.44,293062007,정부세종청사 남측,27
2026-10-10T00:12:45,293000305,세종70자1510,36.468443,127.273383,23.378,293055001,세종고속시외버스터미널(지상),9
2026-10-10T00:12:45,293000305,세종70자1509,36.469995,127.273755,23.321,293055001,세종고속시외버스터미널(지상),27
2026-10-10T00:12:45,271000805,충북70자6076,36.6456886,127.4278916,40.986,270054822,현대백화점,0
2026-10-10T00:12:45,271000806,세종73자5645,36.482441,127.297528,37.398,293064216,소담동(새샘마을),24
2026-10-10T00:12:45,271000806,세종73자5644,36.49804,127.323264,40.613,293064479,집현동,40
2026-10-10T00:13:15,293000303,세종70자1509,36.472647,127.276764,23.503,293064221,세종고속시외버스터미널(지하),255
2026-10-10T00:13:15,293000303,세종70자1355,36.508246,127.329844,7.711,293064417,세종공동캠퍼스,55
2026-10-10T00:13:15,293000303,세종70자1512,36.49832,127.258156,19.739,293062007,정부세종청사 남측,44
2026-10-10T00:13:15,293000305,세종70자1510,36.468443,127.273383,23.378,293055001,세종고속시외버스터미널(지상),9
2026-10-10T00:13:15,271000805,충북70자6076,36.6456886,127.4278916,40.986,270054822,현대백화점,0
2026-10-10T00:13:15,271000806,세종73자5645,36.484038,127.299503,37.698,293064216,소담동(새샘마을),59
2026-10-10T00:13:15,271000806,세종73자5644,36.49804,127.323264,40.613,293064479,집현동,40
2026-10-10T00:13:47,293000303,세종70자1509,36.475172,127.280998,1.365,293064206,"보람동,대평동",30
2026-10-10T00:13:47,293000303,세종70자1355,36.511894,127.330168,8.072,293064417,세종공동캠퍼스,50
2026-10-10T00:13:47,293000303,세종70자1512,36.49532,127.256679,20.115,293062004,다정동,12
2026-10-10T00:13:47,271000805,충북70자6076,36.6456886,127.4278916,40.986,270054822,현대백화점,0
2026-10-10T00:13:47,271000806,세종73자5645,36.489663,127.302884,38.385,293064253,"법원,검찰청,경찰청",60
2026-10-10T00:13:47,271000806,세종73자5644,36.49804,127.323264,40.613,293064479,집현동,40
2026-10-10T00:14:39,293000303,세종70자1509,36.47829999,127.287935,2.015,293064210,"세종시청,시의회,교육청",27
2026-10-10T00:14:39,293000303,세종70자1355,36.515408,127.33046,8.659,293064417,세종공동캠퍼스,41
2026-10-10T00:14:39,293000303,세종70자1512,36.494755,127.256598,20.186,293062004,다정동,7
2026-10-10T00:14:39,293000305,세종70자1510,36.468443,127.273383,23.378,293055001,세종고속시외버스터미널(지상),9
2026-10-10T00:14:39,271000805,충북70자6076,36.6456886,127.4278916,40.986,270054822,현대백화점,0
2026-10-10T00:14:39,271000806,세종73자5645,36.492973,127.305119,38.806,293064255,국책연구단지,66
2026-10-10T00:14:39,271000806,세종73자5644,36.49804,127.323264,40.613,293064479,집현동,40
2026-10-10T00:15:10,293000303,세종70자1509,36.478434,127.288202,2.015,293064210,"세종시청,시의회,교육청",12
2026-10-10T00:15:10,293000303,세종70자1355,36.518536,127.330731,8.913,293064417,세종공동캠퍼스,42
2026-10-10T00:15:10,293000303,세종70자1512,36.494396,127.256628,20.231,293062004,다정동,22
2026-10-10T00:15:10,293000305,세종70자1510,36.468443,127.273383,23.378,293055001,세종고속시외버스터미널(지상),9
2026-10-10T00:15:10,271000806,세종73자5645,36.496858,127.308414,39.332,293064255,국책연구단지,64
2026-10-10T00:15:10,271000806,세종73자5644,36.49804,127.323264,40.613,293064479,집현동,40
2026-10-10T00:15:43,293000303,세종70자1509,36.47865,127.288768,2.015,293064210,"세종시청,시의회,교육청",27
2026-10-10T00:15:43,293000303,세종70자1355,36.520193,127.33084,9.047,293064417,세종공동캠퍼스,35
2026-10-10T00:15:43,293000303,세종70자1512,36.494396,127.256628,20.231,293062004,다정동,255
2026-10-10T00:15:43,293000305,세종70자1510,36.468443,127.273383,23.378,293055001,세종고속시외버스터미널(지상),9
2026-10-10T00:15:43,271000806,세종73자5645,36.497447,127.310667,39.521,293064258,반곡동(수루배마을),38
2026-10-10T00:15:43,271000806,세종73자5644,36.49804,127.323264,40.613,293064479,집현동,40
2026-10-10T00:16:14,293000303,세종70자1509,36.481793,127.295834,2.891,293064210,"세종시청,시의회,교육청",48
2026-10-10T00:16:14,293000303,세종70자1355,36.52686,127.32653,9.966,293064417,세종공동캠퍼스,61
2026-10-10T00:16:14,293000303,세종70자1512,36.487616,127.257155,21.026,293062004,다정동,15
2026-10-10T00:16:14,293000305,세종70자1510,36.468443,127.273383,23.378,293055001,세종고속시외버스터미널(지상),9
2026-10-10T00:16:14,271000806,세종73자5645,36.497516,127.311197,39.637,293064258,반곡동(수루배마을),38
2026-10-10T00:16:14,271000806,세종73자5644,36.49804,127.323264,40.613,293064479,집현동,40
2026-10-10T00:16:45,293000303,세종70자1509,36.484101,127.29947,3.316,293064216,소담동(새샘마을),43
2026-10-10T00:16:45,293000303,세종70자1355,36.530421,127.322025,10.617,293064417,세종공동캠퍼스,60
2026-10-10T00:16:45,293000303,세종70자1512,36.48751,127.257411,21.026,293062004,다정동,15
2026-10-10T00:16:45,293000305,세종70자1510,36.468443,127.273383,23.378,293055001,세종고속시외버스터미널(지상),9
2026-10-10T00:16:45,271000806,세종73자5645,36.497517,127.311197,39.637,293064258,반곡동(수루배마을),38
2026-10-10T00:16:45,271000806,세종73자5644,36.49804,127.323264,40.613,293064479,집현동,40
2026-10-10T00:17:16,293000303,세종70자1509,36.486046,127.301047,3.59,293064216,소담동(새샘마을),2
2026-10-10T00:17:16,293000303,세종70자1355,36.533361,127.318368,10.992,293064492,다솜동,53
2026-10-10T00:17:16,293000303,세종70자1512,36.48751,127.257411,21.026,293062004,다정동,15
2026-10-10T00:17:16,271000806,세종73자5645,36.497553,127.315074,39.834,293064258,반곡동(수루배마을),50
2026-10-10T00:17:16,271000806,세종73자5644,36.49804,127.323264,40.613,293064479,집현동,40
2026-10-10T00:17:46,293000303,세종70자1509,36.486078,127.301108,3.59,293064216,소담동(새샘마을),2
2026-10-10T00:17:46,293000303,세종70자1355,36.53592,127.31342,11.488,293064492,다솜동,61
2026-10-10T00:17:46,293000303,세종70자1512,36.486585,127.25784,21.117,293053004,"새롬동,나성동",40
2026-10-10T00:17:46,293000304,세종70자1304,36.472195,127.268271,0.724,293064220,세종고속시외버스터미널(지하),56
2026-10-10T00:17:46,271000806,세종73자5645,36.49751,127.319673,40.447,293064258,반곡동(수루배마을),56
2026-10-10T00:17:46,271000806,세종73자5644,36.49804,127.323264,40.613,293064479,집현동,40
2026-10-10T00:18:17,293000303,세종70자1509,36.486142,127.301207,3.59,293064216,소담동(새샘마을),2
2026-10-10T00:18:17,293000303,세종70자1355,36.537299,127.3076,12.023,293900055,용호동,61
2026-10-10T00:18:17,293000303,세종70자1512,36.481461,127.261609,21.754,293053009,한솔동,36
2026-10-10T00:18:17,293000304,세종70자1304,36.474173,127.266868,0.779,293064220,세종고속시외버스터미널(지하),62
2026-10-10T00:18:17,271000806,세종73자5645,36.498081,127.323345,40.613,293064479,집현동,47
2026-10-10T00:18:17,271000806,세종73자5644,36.49804,127.323264,40.613,293064479,집현동,40
2026-10-10T00:18:47,293000303,세종70자1509,36.487366,127.301963,3.733,293064253,"법원,검찰청,경찰청",30
2026-10-10T00:18:47,293000303,세종70자1355,36.536253,127.301408,12.562,293900055,용호동,65
2026-10-10T00:18:47,293000303,세종70자1512,36.480696,127.262196,21.875,293053009,한솔동,18
2026-10-10T00:18:47,293000304,세종70자1304,36.480036,127.262696,1.822,293053011,한솔동,53
2026-10-10T00:18:47,271000806,세종73자5645,36.498081,127.323345,40.613,293064479,집현동,47
2026-10-10T00:18:47,271000806,세종73자5644,36.49804,127.323264,40.613,293064479,집현동,40
2026-10-10T00:19:18,293000303,세종70자1509,36.490248,127.303263,4.005,293064253,"법원,검찰청,경찰청",50
2026-10-10T00:19:18,293000303,세종70자1355,36.534883,127.296541,13.028,293900055,용호동,55
2026-10-10T00:19:18,293000303,세종70자1512,36.480546,127.262269,21.875,293053009,한솔동,22
2026-10-10T00:19:18,293000304,세종70자1304,36.482678,127.260805,2.062,293053011,한솔동,69
2026-10-10T00:19:18,271000806,세종73자5645,36.49843,127.324888,40.843,293064479,집현동,18
2026-10-10T00:19:18,271000806,세종73자5644,36.49804,127.323264,40.613,293064479,집현동,40
2026-10-10T00:19:49,293000303,세종70자1509,36.493393,127.305391,4.426,293064255,국책연구단지,54
2026-10-10T00:19:49,293000303,세종70자1355,36.534411,127.294898,13.223,293900055,용호동,55
2026-10-10T00:19:49,293000303,세종70자1512,36.479468,127.262899,22.061,293053009,한솔동,22
2026-10-10T00:19:49,293000304,세종70자1304,36.486573,127.258101,2.566,293053005,"새롬동,나성동",52
2026-10-10T00:19:49,271000806,세종73자5645,36.496121,127.325427,41.138,293064479,집현동,28
2026-10-10T00:19:49,271000806,세종73자5644,36.49804,127.323264,40.613,293064479,집현동,40
2026-10-10T00:20:20,293000303,세종70자1509,36.496981,127.308312,4.951,293064255,국책연구단지,50
2026-10-10T00:20:20,293000303,세종70자1355,36.534016,127.292603,13.408,293014058,누리동,49
2026-10-10T00:20:20,293000303,세종70자1512,36.479163,127.263081,22.061,293053009,한솔동,32
2026-10-10T00:20:20,293000304,세종70자1304,36.487631,127.25742,2.669,293053005,"새롬동,나성동",40
2026-10-10T00:20:20,271000806,세종73자5645,36.494094,127.325382,41.398,293064479,집현동,21
2026-10-10T00:20:20,271000806,세종73자5644,36.49804,127.323264,40.613,293064479,집현동,40
2026-10-10T00:20:50,293000303,세종70자1509,36.497738,127.312683,5.359,293064258,반곡동(수루배마을),48
2026-10-10T00:20:50,293000303,세종70자1355,36.534278,127.288328,13.927,293014058,누리동,62
2026-10-10T00:20:50,293000303,세종70자1512,36.47813,127.263901,22.278,293053009,한솔동,54
2026-10-10T00:20:50,293000304,세종70자1304,36.493631,127.256455,3.399,293054003,다정동,53
2026-10-10T00:20:50,271000806,세종73자5645,36.49257,127.325327,41.529,293064479,집현동,19
2026-10-10T00:21:21,293000303,세종70자1509,36.497554,127.316708,5.806,293064258,반곡동(수루배마을),19
2026-10-10T00:21:21,293000303,세종70자1355,36.53445099,127.286551,13.942,293014058,누리동,64
2026-10-10T00:21:21,293000303,세종70자1512,36.474276,127.266703,22.918,293053009,한솔동,58
2026-10-10T00:21:21,293000304,세종70자1304,36.498363,127.258256,3.946,293054003,다정동,65
2026-10-10T00:21:21,271000806,세종73자5645,36.492337,127.326454,42.005,293064479,집현동,40
2026-10-10T00:21:51,293000303,세종70자1509,36.49754,127.317259,5.806,293064258,반곡동(수루배마을),1
2026-10-10T00:21:51,293000303,세종70자1355,36.533961,127.275914,14.906,293014026,한별동,57
2026-10-10T00:21:51,293000303,세종70자1512,36.471186,127.269756,23.164,293053009,한솔동,45
2026-10-10T00:21:51,293000304,세종70자1304,36.5013,127.259899,4.246,293062006,정부세종청사 남측,24
2026-10-10T00:21:51,271000806,세종73자5645,36.492337,127.326454,42.005,293064479,집현동,40
2026-10-10T00:22:22,293000303,세종70자1509,36.497539,127.317685,5.807,293064258,반곡동(수루배마을),28
2026-10-10T00:22:22,293000303,세종70자1355,36.533056,127.271166,15.325,293014026,한별동,53
2026-10-10T00:22:22,293000303,세종70자1512,36.470613,127.273256,23.468,293053009,한솔동,8
2026-10-10T00:22:22,293000304,세종70자1304,36.50381999,127.261046,4.7,293062011,정부세종청사 북측,53
2026-10-10T00:22:22,271000806,세종73자5645,36.492337,127.326454,42.005,293064479,집현동,40
2026-10-10T00:22:53,293000303,세종70자1509,36.497994,127.322287,6.23,293064419,집현동,39
2026-10-10T00:22:53,293000303,세종70자1355,36.531366,127.26735,15.716,293014026,한별동,21
2026-10-10T00:22:53,293000304,세종70자1304,36.506828,127.262018,4.955,293062011,정부세종청사 북측,67
2026-10-10T00:22:53,293000305,세종70자1512,36.47228599,127.276568,0.425,293064252,대평동,255
2026-10-10T00:22:53,271000806,세종73자5645,36.492337,127.326454,42.005,293064479,집현동,40
2026-10-10T00:23:23,293000303,세종70자1509,36.498807,127.325453,6.491,293064419,집현동,49
2026-10-10T00:23:23,293000303,세종70자1355,36.531043,127.266808,15.769,293014026,한별동,21
2026-10-10T00:23:23,293000304,세종70자1304,36.51374899,127.259335,5.752,293056003,도담동,57
2026-10-10T00:23:23,293000305,세종70자1512,36.47479899,127.280521,1.043,293064206,"보람동,대평동",40
2026-10-10T00:23:23,271000806,세종73자5645,36.492337,127.326454,42.005,293064479,집현동,40
2026-10-10T00:23:54,293000303,세종70자1509,36.501402,127.32875,6.924,293064417,세종공동캠퍼스,39
2026-10-10T00:23:54,293000303,세종70자1355,36.531043,127.266808,15.769,293014026,한별동,21
2026-10-10T00:23:54,293000304,세종70자1304,36.514545,127.25913,5.822,293056003,도담동,32
2026-10-10T00:23:54,293000305,세종70자1512,36.47523,127.28104,1.043,293064206,"보람동,대평동",6
2026-10-10T00:23:54,271000806,세종73자5645,36.492337,127.326454,42.005,293064479,집현동,40
2026-10-10T00:24:25,293000303,세종70자1509,36.504811,127.329424,7.359,293064417,세종공동캠퍼스,50
2026-10-10T00:24:25,293000303,세종70자1355,36.529916,127.265214,15.994,293014017,"해밀동,산울동",30
2026-10-10T00:24:25,293000304,세종70자1304,36.517956,127.259174,6.232,293056003,도담동,57
2026-10-10T00:24:25,293000305,세종70자1512,36.475585,127.281623,1.122,293064206,"보람동,대평동",32
2026-10-10T00:24:25,271000806,세종73자5645,36.492337,127.326454,42.005,293064479,집현동,40
2026-10-10T00:24:55,293000303,세종70자1509,36.508608,127.32975,7.711,293064417,세종공동캠퍼스,57
2026-10-10T00:24:55,293000303,세종70자1355,36.529296,127.264783,16.071,293014017,"해밀동,산울동",30
2026-10-10T00:24:55,293000304,세종70자1304,36.520988,127.259623,6.565,293064445,세종충남대학교병원,20
2026-10-10T00:24:55,293000305,세종70자1512,36.477195,127.285401,1.341,293064206,"보람동,대평동",45
2026-10-10T00:24:55,271000806,세종73자5645,36.492337,127.326454,42.005,293064479,집현동,40
2026-10-10T00:25:28,293000303,세종70자1509,36.51304,127.330158,8.375,293064417,세종공동캠퍼스,57
2026-10-10T00:25:28,293000303,세종70자1355,36.529165,127.264556,16.071,293014017,"해밀동,산울동",21
2026-10-10T00:25:28,293000304,세종70자1304,36.524175,127.260905,7.078,293064445,세종충남대학교병원,53
2026-10-10T00:25:28,293000305,세종70자1512,36.478555,127.288378,1.693,293064210,"세종시청,시의회,교육청",37
2026-10-10T00:25:28,271000806,세종73자5645,36.492337,127.326454,42.005,293064479,집현동,40
2026-10-10T00:25:58,293000303,세종70자1509,36.516931,127.330512,8.659,293064417,세종공동캠퍼스,47
2026-10-10T00:25:58,293000303,세종70자1355,36.525176,127.261448,16.608,293014017,"해밀동,산울동",66
2026-10-10T00:25:58,293000304,세종70자1304,36.52826799,127.263635,7.47,293014014,"해밀동,산울동",51
2026-10-10T00:25:58,293000305,세종70자1512,36.478601,127.288486,1.693,293064210,"세종시청,시의회,교육청",8
2026-10-10T00:25:58,271000806,세종73자5645,36.492337,127.326454,42.005,293064479,집현동,40
2026-10-10T00:26:29,293000303,세종70자1509,36.520597,127.33073,9.131,293064417,세종공동캠퍼스,45
2026-10-10T00:26:29,293000303,세종70자1355,36.521359,127.259695,17.064,293014017,"해밀동,산울동",5
2026-10-10T00:26:29,293000304,세종70자1304,36.529236,127.264565,7.611,293014014,"해밀동,산울동",34
2026-10-10T00:26:29,293000305,세종70자1512,36.4799,127.291818,2.334,293064210,"세종시청,시의회,교육청",60
2026-10-10T00:26:29,271000806,세종73자5645,36.492337,127.326454,42.005,293064479,집현동,40
2026-10-10T00:27:00,293000303,세종70자1509,36.523993,127.329165,9.563,293064417,세종공동캠퍼스,48
2026-10-10T00:27:00,293000303,세종70자1355,36.521153,127.259543,17.093,293064446,세종충남대학교병원,24
2026-10-10T00:27:00,293000304,세종70자1304,36.53146,127.267713,7.963,293014014,"해밀동,산울동",50
2026-10-10T00:27:00,293000305,세종70자1512,36.481856,127.296548,2.661,293064210,"세종시청,시의회,교육청",50
2026-10-10T00:27:00,271000806,세종73자5645,36.492337,127.326454,42.005,293064479,집현동,40
2026-10-10T00:27:30,293000303,세종70자1509,36.526803,127.326556,9.966,293064417,세종공동캠퍼스,48
2026-10-10T00:27:30,293000303,세종70자1355,36.51525,127.258916,17.752,293056002,도담동,36
2026-10-10T00:27:30,293000304,세종70자1304,36.533198,127.2722,8.429,293014014,"해밀동,산울동",62
2026-10-10T00:27:30,293000305,세종70자1512,36.482816,127.29805,2.793,293064216,소담동(새샘마을),30
2026-10-10T00:27:30,271000806,세종73자5645,36.492337,127.326454,42.005,293064479,집현동,40
2026-10-10T00:28:01,293000303,세종70자1509,36.53031099,127.322049,10.311,293064417,세종공동캠퍼스,48
2026-10-10T00:28:01,293000303,세종70자1355,36.51481,127.259051,17.788,293056002,도담동,36
2026-10-10T00:28:01,293000304,세종70자1304,36.533698,127.274825,8.603,293014025,한별동,43
2026-10-10T00:28:01,293000305,세종70자1512,36.484208,127.299553,2.995,293064216,소담동(새샘마을),21
2026-10-10T00:28:01,271000806,세종73자5645,36.492337,127.326454,42.005,293064479,집현동,40
2026-10-10T00:28:32,293000303,세종70자1509,36.532312,127.319621,10.859,293064492,다솜동,48
2026-10-10T00:28:32,293000303,세종70자1355,36.511203,127.260188,18.226,293056002,도담동,70
2026-10-10T00:28:32,293000304,세종70자1304,36.534481,127.27959,9.09,293014025,한별동,49
2026-10-10T00:28:32,293000305,세종70자1512,36.484208,127.299553,2.995,293064216,소담동(새샘마을),21
2026-10-10T00:28:32,271000806,세종73자5645,36.492337,127.326454,42.005,293064479,집현동,40
2026-10-10T00:29:02,293000303,세종70자1509,36.53543299,127.31436,11.261,293064492,다솜동,43
2026-10-10T00:29:02,293000303,세종70자1355,36.505488,127.261701,18.886,293062014,정부세종청사 북측,36
2026-10-10T00:29:02,293000304,세종70자1304,36.534541,127.284826,9.52,293014025,한별동,54
2026-10-10T00:29:02,293000305,세종70자1512,36.485893,127.301018,3.268,293064216,소담동(새샘마을),31
2026-10-10T00:29:02,271000806,세종73자5645,36.492337,127.326454,42.005,293064479,집현동,40
2026-10-10T00:29:33,293000303,세종70자1509,36.536898,127.310143,11.754,293900055,용호동,43
2026-10-10T00:29:33,293000303,세종70자1355,36.504581,127.261285,18.986,293062014,정부세종청사 북측,31
2026-10-10T00:29:33,293000304,세종70자1304,36.534118,127.289636,10.159,293014025,한별동,50
2026-10-10T00:29:33,293000305,세종70자1512,36.487165,127.301816,3.411,293064253,"법원,검찰청,경찰청",16
2026-10-10T00:29:33,271000806,세종73자5645,36.492337,127.326454,42.005,293064479,집현동,40
2026-10-10T00:30:04,293000303,세종70자1509,36.537218,127.308314,11.882,293900055,용호동,42
2026-10-10T00:30:04,293000303,세종70자1355,36.502023,127.260074,19.304,293062007,정부세종청사 남측,25
2026-10-10T00:30:04,293000304,세종70자1304,36.53414,127.294135,10.376,293064420,누리동,17
2026-10-10T00:30:04,293000305,세종70자1512,36.489633,127.302755,3.683,293064253,"법원,검찰청,경찰청",57
2026-10-10T00:30:04,271000806,세종73자5645,36.492337,127.326454,42.005,293064479,집현동,40
2026-10-10T00:30:34,293000303,세종70자1509,36.536247,127.301455,12.562,293900055,용호동,45
2026-10-10T00:30:34,293000303,세종70자1355,36.50124,127.259771,19.44,293062007,정부세종청사 남측,39
2026-10-10T00:30:34,293000304,세종70자1304,36.53415,127.294208,10.451,293064420,누리동,17
2026-10-10T00:30:34,293000305,세종70자1512,36.491583,127.304126,4.105,293064255,국책연구단지,27
2026-10-10T00:30:34,271000806,세종73자5645,36.492337,127.326454,42.005,293064479,집현동,40
2026-10-10T00:31:05,293000303,세종70자1509,36.535817,127.299929,12.801,293900055,용호동,48
2026-10-10T00:31:05,293000303,세종70자1355,36.496336,127.256885,19.99,293062007,정부세종청사 남측,63
2026-10-10T00:31:05,293000304,세종70자1304,36.534549,127.2958,10.55,293064420,누리동,48
2026-10-10T00:31:05,293000305,세종70자1512,36.49292299,127.305058,4.105,293064255,국책연구단지,255
2026-10-10T00:31:05,271000806,세종73자5645,36.492337,127.326454,42.005,293064479,집현동,40
2026-10-10T00:31:36,293000303,세종70자1509,36.534258,127.294323,13.223,293900055,용호동,43
2026-10-10T00:31:36,293000303,세종70자1355,36.494996,127.256471,20.143,293062004,다정동,14
2026-10-10T00:31:36,293000304,세종70자1304,36.536446,127.302396,11.192,293064420,누리동,68
2026-10-10T00:31:36,293000305,세종70자1512,36.497523,127.310735,4.818,293064258,반곡동(수루배마을),37
2026-10-10T00:31:36,271000806,세종73자5645,36.492337,127.326454,42.005,293064479,집현동,40
2026-10-10T00:32:06,293000303,세종70자1509,36.534026,127.291463,13.51,293014058,누리동,47
2026-10-10T00:32:06,293000303,세종70자1355,36.494393,127.256401,20.231,293062004,다정동,39
2026-10-10T00:32:06,293000304,세종70자1304,36.537228,127.307219,11.651,293064420,누리동,57
2026-10-10T00:32:06,293000305,세종70자1512,36.497618,127.311156,4.935,293064258,반곡동(수루배마을),37
2026-10-10T00:32:06,271000806,세종73자5645,36.492337,127.326454,42.005,293064479,집현동,40
2026-10-10T00:32:37,293000303,세종70자1509,36.534447,127.286629,13.942,293014058,누리동,51
2026-10-10T00:32:37,293000303,세종70자1355,36.488076,127.257081,20.935,293053004,"새롬동,나성동",31
2026-10-10T00:32:37,293000304,세종70자1304,36.536231,127.312446,12.074,293900054,용호동,55
2026-10-10T00:32:37,293000305,세종70자1512,36.497648,127.311225,4.935,293064258,반곡동(수루배마을),37
2026-10-10T00:32:37,271000806,세종73자5645,36.492337,127.326454,42.005,293064479,집현동,40
2026-10-10T00:33:07,293000303,세종70자1509,36.534334,127.27918,14.613,293014058,누리동,47
2026-10-10T00:33:07,293000303,세종70자1355,36.487721,127.257313,20.935,293053004,"새롬동,나성동",31
2026-10-10T00:33:07,293000304,세종70자1304,36.533876,127.317465,12.618,293900054,용호동,58
2026-10-10T00:33:07,293000305,세종70자1512,36.497613,127.311353,4.935,293064258,반곡동(수루배마을),19
2026-10-10T00:33:07,271000806,세종73자5645,36.492337,127.326454,42.005,293064479,집현동,40
2026-10-10T00:33:38,293000303,세종70자1509,36.533961,127.276061,14.906,293014026,한별동,39
2026-10-10T00:33:38,293000303,세종70자1355,36.486575,127.257865,21.117,293053004,"새롬동,나성동",48
2026-10-10T00:33:38,293000304,세종70자1304,36.531746,127.320208,12.967,293064493,다솜동,65
2026-10-10T00:33:38,293000305,세종70자1512,36.497555,127.317628,5.485,293064258,반곡동(수루배마을),51
2026-10-10T00:33:38,271000806,세종73자5645,36.492337,127.326454,42.005,293064479,집현동,40
2026-10-10T00:34:09,293000303,세종70자1509,36.533582,127.273681,15.137,293014026,한별동,44
2026-10-10T00:34:09,293000303,세종70자1355,36.48256,127.261046,21.636,293053004,"새롬동,나성동",63
2026-10-10T00:34:09,293000304,세종70자1304,36.527476,127.325579,13.586,293064493,다솜동,43
2026-10-10T00:34:09,293000305,세종70자1512,36.49785399,127.321733,5.909,293064419,집현동,28
2026-10-10T00:34:09,271000806,세종73자5645,36.492337,127.326454,42.005,293064479,집현동,40
2026-10-10T00:34:39,293000303,세종70자1509,36.532566,127.269835,15.532,293014026,한별동,44
2026-10-10T00:34:39,293000303,세종70자1355,36.47910799,127.262989,22.061,293053009,한솔동,60
2026-10-10T00:34:39,293000304,세종70자1304,36.5246,127.328688,14.084,293064493,다솜동,58
2026-10-10T00:34:39,293000305,세종70자1512,36.498688,127.325211,6.169,293064419,집현동,47
2026-10-10T00:34:39,271000806,세종73자5645,36.492337,127.326454,42.005,293064479,집현동,40
2026-10-10T00:35:10,293000303,세종70자1509,36.529829,127.265151,15.994,293014017,"해밀동,산울동",39
2026-10-10T00:35:10,293000303,세종70자1355,36.47769,127.264036,22.278,293053009,한솔동,69
2026-10-10T00:35:10,293000304,세종70자1304,36.519958,127.330703,14.62,293064493,다솜동,57
2026-10-10T00:35:10,293000305,세종70자1512,36.500541,127.328169,6.521,293064417,세종공동캠퍼스,40
2026-10-10T00:35:10,271000806,세종73자5645,36.492337,127.326454,42.005,293064479,집현동,40
2026-10-10T00:35:42,293000303,세종70자1509,36.529224,127.264494,16.071,293014017,"해밀동,산울동",24
2026-10-10T00:35:42,293000303,세종70자1355,36.47302,127.267481,22.918,293053009,한솔동,69
2026-10-10T00:35:42,293000304,세종70자1304,36.515898,127.330359,15.095,293064493,다솜동,62
2026-10-10T00:35:42,293000305,세종70자1512,36.500871,127.328461,6.602,293064417,세종공동캠퍼스,40
2026-10-10T00:35:42,271000806,세종73자5645,36.492337,127.326454,42.005,293064479,집현동,40
2026-10-10T00:36:15,293000303,세종70자1509,36.5252,127.261394,16.608,293014017,"해밀동,산울동",37
2026-10-10T00:36:15,293000304,세종70자1304,36.511215,127.329928,15.576,293064493,다솜동,69
2026-10-10T00:36:15,293000305,세종70자1512,36.501088,127.328431,6.602,293064417,세종공동캠퍼스,7
2026-10-10T00:36:15,293000305,세종70자1355,36.471031,127.273684,23.181,293064221,세종고속시외버스터미널(지하),31
2026-10-10T00:36:15,271000806,세종73자5645,36.492337,127.326454,42.005,293064479,집현동,40
2026-10-10T00:36:45,293000303,세종70자1509,36.521548,127.259725,17.034,293014017,"해밀동,산울동",24
2026-10-10T00:36:45,293000304,세종70자1304,36.505648,127.329406,16.315,293064493,다솜동,78
2026-10-10T00:36:45,293000305,세종70자1355,36.473904,127.279151,0.704,293064252,대평동,64
2026-10-10T00:36:45,293000305,세종70자1512,36.501668,127.328865,6.694,293064417,세종공동캠퍼스,35
2026-10-10T00:36:45,271000806,세종73자5645,36.492337,127.326454,42.005,293064479,집현동,40
2026-10-10T00:37:16,293000303,세종70자1509,36.521255,127.259632,17.093,293014017,"해밀동,산울동",24
2026-10-10T00:37:16,293000304,세종70자1304,36.501443,127.32867,16.717,293064416,세종공동캠퍼스,22
2026-10-10T00:37:16,293000305,세종70자1355,36.475,127.281055,1.043,293064206,"보람동,대평동",42
2026-10-10T00:37:16,293000305,세종70자1512,36.505096,127.329475,7.037,293064417,세종공동캠퍼스,56
2026-10-10T00:37:47,293000303,세종70자1509,36.519649,127.25925,17.275,293064446,세종충남대학교병원,42
2026-10-10T00:37:47,293000304,세종70자1304,36.499651,127.326976,16.942,293064416,세종공동캠퍼스,61
2026-10-10T00:37:47,293000305,세종70자1355,36.475541,127.282153,1.122,293064206,"보람동,대평동",51
2026-10-10T00:37:47,293000305,세종70자1512,36.509576,127.329871,7.389,293064417,세종공동캠퍼스,57
2026-10-10T00:38:17,293000303,세종70자1509,36.516105,127.258896,17.655,293064446,세종충남대학교병원,52
2026-10-10T00:38:17,293000304,세종70자1304,36.49881,127.325273,17.148,293064416,세종공동캠퍼스,61
2026-10-10T00:38:17,293000305,세종70자1355,36.477871,127.28753,1.693,293064206,"보람동,대평동",58
2026-10-10T00:38:17,293000305,세종70자1512,36.51378,127.330241,8.053,293064417,세종공동캠퍼스,57
2026-10-10T00:38:48,293000303,세종70자1509,36.514329,127.259152,17.871,293056002,도담동,14
2026-10-10T00:38:48,293000304,세종70자1304,36.49881,127.325273,17.148,293064416,세종공동캠퍼스,61
2026-10-10T00:38:48,293000305,세종70자1355,36.478278,127.288276,1.693,293064210,"세종시청,시의회,교육청",37
2026-10-10T00:38:48,293000305,세종70자1512,36.518176,127.330648,8.591,293064417,세종공동캠퍼스,51
2026-10-10T00:39:20,293000303,세종70자1509,36.512346,127.259701,18.086,293056002,도담동,35
2026-10-10T00:39:20,293000304,세종70자1304,36.498084,127.322304,17.406,293064418,집현동,47
2026-10-10T00:39:20,293000305,세종70자1355,36.478266,127.288723,1.693,293064210,"세종시청,시의회,교육청",28
2026-10-10T00:39:20,293000305,세종70자1512,36.520175,127.330795,8.725,293064417,세종공동캠퍼스,35
2026-10-10T00:39:50,293000303,세종70자1509,36.509626,127.261126,18.415,293056002,도담동,43
2026-10-10T00:39:50,293000304,세종70자1304,36.497768,127.320351,17.574,293064418,집현동,64
2026-10-10T00:39:50,293000305,세종70자1355,36.478266,127.288723,1.693,293064210,"세종시청,시의회,교육청",255
2026-10-10T00:39:50,293000305,세종70자1512,36.521033,127.330678,8.809,293064417,세종공동캠퍼스,49
