ts,route_id,plate_no,lat,lng,dist_km,stop_id,stop_name,spot_speed
2026-10-09T22:59:03,293000317,세종70자1702,36.475082,127.281044,11.255,293064206,"보람동,대평동",18
2026-10-09T22:59:03,293000317,세종70자1705,36.566798,127.310807,25.379,293900055,용호동,68
2026-10-09T22:59:03,293000317,세종70자1706,36.619203,127.3264,33.214,270054837,오송역종점,13
2026-10-09T22:59:03,293000318,세종70자1701,36.569083,127.31309,6.775,270000635,오송역2.3.4,69
2026-10-09T22:59:03,293000318,세종70자1704,36.49757,127.318136,17.56,293064418,집현동,37
2026-10-09T22:59:03,293000318,세종70자1708,36.40434,127.305496,31.303,293055001,세종고속시외버스터미널(지상),69
2026-10-09T22:59:03,293000318,세종70자1707,36.390273,127.316072,32.906,186005278,반석역,26
2026-10-09T22:59:03,293000318,세종70자1703,36.388983,127.317121,32.906,186005278,반석역,21
2026-10-09T22:59:03,187000003,대전75자9936,36.423668,127.414363,13.157,187001386,오정농수산시장,0
2026-10-09T22:59:03,187000003,대전75자9935,36.482875,127.297933,76.483,293064214,소담동(새샘마을),0
2026-10-09T22:59:03,187000003,대전75자9930,36.514554,127.259191,68.276,293056003,도담동,0
2026-10-09T22:59:03,187000003,대전75자9927,36.588399,127.323535,47.337,293064420,누리동,0
2026-10-09T22:59:03,187000003,대전75자9926,36.618655,127.326979,51.99,270000635,오송역2.3.4,0
2026-10-09T22:59:03,187000003,대전75자9921,36.575533,127.319577,57.818,974019920,오송역2.3.4(미정차),0
2026-10-09T22:59:03,187000003,대전75자9919,36.514371,127.259059,68.276,293056002,도담동,0
2026-10-09T22:59:03,187000003,대전75자9918,36.475088,127.280862,74.751,293064206,"보람동,대평동",0
2026-10-09T22:59:03,187000003,대전75자9915,36.443827,127.383513,87.473,186005287,국제과학비즈니스벨트,0
2026-10-09T22:59:03,187000003,대전75자9914,36.355376,127.407004,99.835,187001389,오정농수산오거리,0
2026-10-09T22:59:03,187000003,대전75자9940,36.337972,127.429732,102.886,187001395,대전역동광장,0
2026-10-09T22:59:03,187000003,대전75자9912,36.333892,127.437279,104.27,187001395,대전역동광장,0
2026-10-09T22:59:03,271000801,충북70자7051,36.54753704,127.30138436,12.598,293064420,누리동,0
2026-10-09T22:59:03,271000801,충북70자2008,36.7108014,127.4299633,41.798,270051808,오창프라자,0
2026-10-09T22:59:34,293000317,세종70자1707,36.391323,127.315231,0.378,186005279,반석역,26
2026-10-09T22:59:34,293000317,세종70자1702,36.476497,127.284049,11.553,293064206,"보람동,대평동",50
2026-10-09T22:59:34,293000317,세종70자1705,36.572604,127.317077,26.587,293900055,용호동,69
2026-10-09T22:59:34,293000317,세종70자1706,36.619203,127.3264,33.214,270054837,오송역종점,13
2026-10-09T22:59:34,293000318,세종70자1701,36.565194,127.308892,7.979,270000635,오송역2.3.4,68
2026-10-09T22:59:34,293000318,세종70자1704,36.49757,127.318136,17.56,293064418,집현동,37
2026-10-09T22:59:34,293000318,세종70자1708,36.398772,127.310174,32.05,293055001,세종고속시외버스터미널(지상),69
2026-10-09T22:59:34,293000318,세종70자1703,36.388983,127.317121,32.906,186005278,반석역,21
2026-10-09T22:59:34,187000003,대전75자9940,36.340967,127.425671,1.816,187001380,한밭자이아파트,0
2026-10-09T22:59:34,187000003,대전75자9936,36.430038,127.405747,14.196,187001386,오정농수산시장,0
2026-10-09T22:59:34,187000003,대전75자9935,36.482292,127.297048,76.352,293064214,소담동(새샘마을),0
2026-10-09T22:59:34,187000003,대전75자9930,36.514554,127.259191,68.276,293056003,도담동,0
2026-10-09T22:59:34,187000003,대전75자9927,36.588399,127.323535,47.337,293064420,누리동,0
2026-10-09T22:59:34,187000003,대전75자9926,36.618655,127.326979,51.99,270000635,오송역2.3.4,0
2026-10-09T22:59:34,187000003,대전75자9921,36.56549,127.309214,59.446,974019920,오송역2.3.4(미정차),0
2026-10-09T22:59:34,187000003,대전75자9919,36.505481,127.261675,69.294,293062014,정부세종청사 북측,0
2026-10-09T22:59:34,187000003,대전75자9918,36.475088,127.280862,74.751,293064206,"보람동,대평동",0
2026-10-09T22:59:34,187000003,대전75자9915,36.443827,127.383513,87.473,186005287,국제과학비즈니스벨트,0
2026-10-09T22:59:34,187000003,대전75자9914,36.355376,127.407004,99.835,187001389,오정농수산오거리,0
2026-10-09T22:59:34,187000003,대전75자9912,36.333892,127.437279,104.27,187001395,대전역동광장,0
2026-10-09T22:59:34,271000801,충북70자7051,36.54753704,127.30138436,12.598,293064420,누리동,0
2026-10-09T22:59:34,271000801,충북70자2008,36.7108014,127.4299633,41.798,270051808,오창프라자,0
2026-10-09T23:00:04,293000317,세종70자1707,36.391551,127.315064,0.378,186005279,반석역,26
2026-10-09T23:00:04,293000317,세종70자1702,36.478042,127.287682,11.894,293064206,"보람동,대평동",14
2026-10-09T23:00:04,293000317,세종70자1705,36.578244,127.320973,27.32,293900055,용호동,68
2026-10-09T23:00:04,293000317,세종70자1706,36.619203,127.3264,33.214,270054837,오송역종점,13
2026-10-09T23:00:04,293000318,세종70자1701,36.561034,127.304819,8.412,270000635,오송역2.3.4,68
2026-10-09T23:00:04,293000318,세종70자1704,36.497727,127.314722,18.002,293064418,집현동,57
2026-10-09T23:00:04,293000318,세종70자1708,36.397565,127.310867,32.082,293055001,세종고속시외버스터미널(지상),62
2026-10-09T23:00:04,293000318,세종70자1703,36.388983,127.317121,32.906,186005278,반석역,21
2026-10-09T23:00:04,187000003,대전75자9940,36.343709,127.421879,2.273,187001381,솔랑마을아파트,0
2026-10-09T23:00:04,187000003,대전75자9936,36.430038,127.405747,14.196,187001386,오정농수산시장,0
2026-10-09T23:00:04,187000003,대전75자9935,36.478935,127.289469,75.378,293064211,"세종시청,시의회,교육청",0
2026-10-09T23:00:04,187000003,대전75자9930,36.520142,127.25944,68.158,293064445,세종충남대학교병원,0
2026-10-09T23:00:04,187000003,대전75자9927,36.594949,127.33111,48.362,293064420,누리동,0
2026-10-09T23:00:04,187000003,대전75자9926,36.618655,127.326979,51.99,270000635,오송역2.3.4,0
2026-10-09T23:00:04,187000003,대전75자9921,36.56549,127.309214,59.446,974019920,오송역2.3.4(미정차),0
2026-10-09T23:00:04,187000003,대전75자9919,36.505044,127.261508,69.359,293062014,정부세종청사 북측,0
2026-10-09T23:00:04,187000003,대전75자9918,36.478087,127.287634,75.378,293064210,"세종시청,시의회,교육청",0
2026-10-09T23:00:04,187000003,대전75자9915,36.43827,127.39522,88.78,187001388,대덕산업단지,0
2026-10-09T23:00:04,187000003,대전75자9914,36.355376,127.407004,99.835,187001389,오정농수산오거리,0
2026-10-09T23:00:04,187000003,대전75자9912,36.333892,127.437279,104.27,187001395,대전역동광장,0
2026-10-09T23:00:04,271000801,충북70자7051,36.54753704,127.30138436,12.598,293064420,누리동,0
2026-10-09T23:00:04,271000801,충북70자2008,36.7108014,127.4299633,41.798,270051808,오창프라자,0
2026-10-09T23:00:35,293000317,세종70자1707,36.391551,127.315064,0.378,186005279,반석역,26
2026-10-09T23:00:35,293000317,세종70자1702,36.478077,127.287805,11.894,293064206,"보람동,대평동",14
2026-10-09T23:00:35,293000317,세종70자1705,36.582633,127.321738,27.514,293900055,용호동,68
2026-10-09T23:00:35,293000317,세종70자1706,36.619203,127.3264,33.214,270054837,오송역종점,13
2026-10-09T23:00:35,293000318,세종70자1701,36.556367,127.302745,9.239,270000635,오송역2.3.4,68
2026-10-09T23:00:35,293000318,세종70자1704,36.497648,127.31136,18.2,293064257,반곡동(수루배마을),41
2026-10-09T23:00:35,293000318,세종70자1708,36.39584,127.311866,32.417,293055001,세종고속시외버스터미널(지상),36
2026-10-09T23:00:35,293000318,세종70자1703,36.388983,127.317121,32.906,186005278,반석역,21
2026-10-09T23:00:35,187000003,대전75자9940,36.343709,127.421879,2.273,187001381,솔랑마을아파트,0
2026-10-09T23:00:35,187000003,대전75자9936,36.437457,127.396785,15.381,187001387,대덕산업단지,0
2026-10-09T23:00:35,187000003,대전75자9935,36.478935,127.289469,75.378,293064211,"세종시청,시의회,교육청",0
2026-10-09T23:00:35,187000003,대전75자9930,36.522879,127.260294,68.054,293064445,세종충남대학교병원,0
2026-10-09T23:00:35,187000003,대전75자9927,36.594949,127.33111,48.362,293064420,누리동,0
2026-10-09T23:00:35,187000003,대전75자9926,36.618655,127.326979,51.99,270000635,오송역2.3.4,0
2026-10-09T23:00:35,187000003,대전75자9921,36.551773,127.301362,60.981,974019920,오송역2.3.4(미정차),0
2026-10-09T23:00:35,187000003,대전75자9919,36.502089,127.260135,70.533,293062007,정부세종청사 남측,0
2026-10-09T23:00:35,187000003,대전75자9918,36.478087,127.287634,75.378,293064210,"세종시청,시의회,교육청",0
2026-10-09T23:00:35,187000003,대전75자9915,36.437738,127.396167,88.78,187001388,대덕산업단지,0
2026-10-09T23:00:35,187000003,대전75자9914,36.355376,127.407004,99.835,187001389,오정농수산오거리,0
2026-10-09T23:00:35,187000003,대전75자9912,36.333892,127.437279,104.27,187001395,대전역동광장,0
2026-10-09T23:00:35,271000801,충북70자7051,36.54753704,127.30138436,12.598,293064420,누리동,0
2026-10-09T23:00:35,271000801,충북70자2008,36.7108014,127.4299633,41.798,270051808,오창프라자,0
2026-10-09T23:01:06,293000317,세종70자1707,36.391551,127.315064,0.378,186005279,반석역,26
2026-10-09T23:01:06,293000317,세종70자1702,36.478156,127.287948,11.991,293064210,"세종시청,시의회,교육청",15
2026-10-09T23:01:06,293000317,세종70자1705,36.58764699,127.323008,27.514,293900055,용호동,68
2026-10-09T23:01:06,293000317,세종70자1706,36.619203,127.3264,33.214,270054837,오송역종점,13
2026-10-09T23:01:06,293000318,세종70자1701,36.551187,127.301271,9.67,270000635,오송역2.3.4,68
2026-10-09T23:01:06,293000318,세종70자1704,36.49699,127.308406,18.509,293064257,반곡동(수루배마을),54
2026-10-09T23:01:06,293000318,세종70자1708,36.39266099,127.314214,32.806,186005278,반석역,28
2026-10-09T23:01:06,293000318,세종70자1703,36.388983,127.317121,32.906,186005278,반석역,21
2026-10-09T23:01:06,187000003,대전75자9940,36.346937,127.417568,2.873,187001382,대덕구청,0
2026-10-09T23:01:06,187000003,대전75자9936,36.438,127.395902,15.381,187001387,대덕산업단지,0
2026-10-09T23:01:06,187000003,대전75자9935,36.478484,127.28846,75.378,293064211,"세종시청,시의회,교육청",0
2026-10-09T23:01:06,187000003,대전75자9930,36.528382,127.263651,37.066,293014014,"해밀동,산울동",0
2026-10-09T23:01:06,187000003,대전75자9927,36.594949,127.33111,48.362,293064420,누리동,0
2026-10-09T23:01:06,187000003,대전75자9926,36.618655,127.326979,51.99,270000635,오송역2.3.4,0
2026-10-09T23:01:06,187000003,대전75자9921,36.551773,127.301362,60.981,974019920,오송역2.3.4(미정차),0
2026-10-09T23:01:06,187000003,대전75자9919,36.502089,127.260135,70.533,293062007,정부세종청사 남측,0
2026-10-09T23:01:06,187000003,대전75자9918,36.478087,127.287634,75.378,293064210,"세종시청,시의회,교육청",0
2026-10-09T23:01:06,187000003,대전75자9915,36.437738,127.396167,88.78,187001388,대덕산업단지,0
2026-10-09T23:01:06,187000003,대전75자9914,36.355376,127.407004,99.835,187001389,오정농수산오거리,0
2026-10-09T23:01:06,271000801,충북70자7051,36.54753704,127.30138436,12.598,293064420,누리동,0
2026-10-09T23:01:06,271000801,충북70자2008,36.7108014,127.4299633,41.798,270051808,오창프라자,0
2026-10-09T23:01:37,293000317,세종70자1707,36.393,127.314049,0.57,186005279,반석역,62
2026-10-09T23:01:37,293000317,세종70자1702,36.478528,127.288854,11.991,293064210,"세종시청,시의회,교육청",44
2026-10-09T23:01:37,293000317,세종70자1705,36.592647,127.329076,28.868,293900055,용호동,68
2026-10-09T23:01:37,293000317,세종70자1706,36.619203,127.3264,33.214,270054837,오송역종점,13
2026-10-09T23:01:37,293000318,세종70자1701,36.546106,127.301618,10.177,270000635,오송역2.3.4,66
2026-10-09T23:01:37,293000318,세종70자1704,36.492275,127.304547,19.041,293064261,국책연구단지,33
2026-10-09T23:01:37,293000318,세종70자1708,36.392141,127.314599,32.906,186005278,반석역,40
2026-10-09T23:01:37,293000318,세종70자1703,36.388983,127.317121,32.906,186005278,반석역,21
2026-10-09T23:01:37,187000003,대전75자9940,36.346937,127.417568,2.873,187001382,대덕구청,0
2026-10-09T23:01:37,187000003,대전75자9936,36.438,127.395902,15.381,187001387,대덕산업단지,0
2026-10-09T23:01:37,187000003,대전75자9935,36.478484,127.28846,75.378,293064211,"세종시청,시의회,교육청",0
2026-10-09T23:01:37,187000003,대전75자9930,36.528382,127.263651,37.066,293014014,"해밀동,산울동",0
2026-10-09T23:01:37,187000003,대전75자9927,36.608325,127.338923,50.16,293064420,누리동,0
2026-10-09T23:01:37,187000003,대전75자9926,36.618655,127.326979,51.99,270000635,오송역2.3.4,0
2026-10-09T23:01:37,187000003,대전75자9921,36.551773,127.301362,60.981,974019920,오송역2.3.4(미정차),0
2026-10-09T23:01:37,187000003,대전75자9919,36.501334,127.259742,70.533,293062007,정부세종청사 남측,0
2026-10-09T23:01:37,187000003,대전75자9918,36.478491,127.28862,75.378,293064210,"세종시청,시의회,교육청",0
2026-10-09T23:01:37,187000003,대전75자9915,36.430138,127.405507,90.041,187001388,대덕산업단지,0
2026-10-09T23:01:37,187000003,대전75자9914,36.35266,127.410345,100.476,187001390,오정동행정복지센터,0
2026-10-09T23:01:37,271000801,충북70자7051,36.58034132,127.32136417,15.922,293064420,누리동,0
2026-10-09T23:01:37,271000801,충북70자2008,36.7108014,127.4299633,41.798,270051808,오창프라자,0
2026-10-09T23:02:07,293000317,세종70자1707,36.395165,127.312472,0.864,186005279,반석역,29
2026-10-09T23:02:07,293000317,세종70자1702,36.481754,127.296023,12.77,293064210,"세종시청,시의회,교육청",64
2026-10-09T23:02:07,293000317,세종70자1705,36.596799,127.33282,29.741,293900055,용호동,68
2026-10-09T23:02:07,293000317,세종70자1706,36.619203,127.3264,33.214,270054837,오송역종점,13
2026-10-09T23:02:07,293000318,세종70자1701,36.540795,127.303287,10.777,270000635,오송역2.3.4,68
2026-10-09T23:02:07,293000318,세종70자1704,36.491836,127.304218,19.041,293064261,국책연구단지,28
2026-10-09T23:02:07,293000318,세종70자1708,36.391147,127.315284,32.906,186005278,반석역,57
2026-10-09T23:02:07,293000318,세종70자1703,36.388983,127.317121,32.906,186005278,반석역,21
2026-10-09T23:02:07,187000003,대전75자9940,36.346937,127.417568,2.873,187001382,대덕구청,0
2026-10-09T23:02:07,187000003,대전75자9936,36.438,127.395902,15.381,187001387,대덕산업단지,0
2026-10-09T23:02:07,187000003,대전75자9935,36.475806,127.28209,74.751,293064209,"보람동,대평동",0
2026-10-09T23:02:07,187000003,대전75자9930,36.529106,127.264283,37.178,293014014,"해밀동,산울동",0
2026-10-09T23:02:07,187000003,대전75자9927,36.608325,127.338923,53.56,293064420,누리동,0
2026-10-09T23:02:07,187000003,대전75자9921,36.537432,127.304375,62.669,974019920,오송역2.3.4(미정차),0
2026-10-09T23:02:07,187000003,대전75자9919,36.501334,127.259742,70.533,293062007,정부세종청사 남측,0
2026-10-09T23:02:07,187000003,대전75자9918,36.482293,127.297206,76.352,293064216,소담동(새샘마을),0
2026-10-09T23:02:07,187000003,대전75자9915,36.424078,127.413793,91.056,187001388,대덕산업단지,0
2026-10-09T23:02:07,187000003,대전75자9914,36.349897,127.413821,100.927,187001391,한남오거리(BRT),0
2026-10-09T23:02:07,271000801,충북70자7051,36.58259606,127.32166849,17.004,293064420,누리동,0
2026-10-09T23:02:07,271000801,충북70자2008,36.7108014,127.4299633,41.798,270051808,오창프라자,0
2026-10-09T23:02:38,293000317,세종70자1707,36.395469,127.31226,0.864,186005279,반석역,29
2026-10-09T23:02:38,293000317,세종70자1702,36.482408,127.297378,12.862,293064216,소담동(새샘마을),6
2026-10-09T23:02:38,293000317,세종70자1705,36.600721,127.33727,30.619,293900055,용호동,68
2026-10-09T23:02:38,293000317,세종70자1706,36.619203,127.3264,33.214,270054837,오송역종점,13
2026-10-09T23:02:38,293000318,세종70자1701,36.537535,127.304453,11.186,270000635,오송역2.3.4,15
2026-10-09T23:02:38,293000318,세종70자1704,36.487212,127.301739,19.737,293064254,"법원,검찰청,경찰청",34
2026-10-09T23:02:38,293000318,세종70자1708,36.388505,127.317252,32.906,186005278,반석역,55
2026-10-09T23:02:38,293000318,세종70자1703,36.388983,127.317121,32.906,186005278,반석역,21
2026-10-09T23:02:38,187000003,대전75자9940,36.346937,127.417568,2.873,187001382,대덕구청,0
2026-10-09T23:02:38,187000003,대전75자9936,36.443927,127.384069,16.77,187001387,대덕산업단지,0
2026-10-09T23:02:38,187000003,대전75자9935,36.47542,127.281332,74.751,293064209,"보람동,대평동",0
2026-10-09T23:02:38,187000003,대전75자9930,36.529106,127.264283,37.178,293014014,"해밀동,산울동",0
2026-10-09T23:02:38,187000003,대전75자9927,36.617255,127.32856,51.526,293064420,누리동,0
2026-10-09T23:02:38,187000003,대전75자9921,36.537432,127.304375,62.669,974019920,오송역2.3.4(미정차),0
2026-10-09T23:02:38,187000003,대전75자9919,36.495265,127.256597,70.533,293062004,다정동,0
2026-10-09T23:02:38,187000003,대전75자9918,36.482293,127.297206,76.352,293064216,소담동(새샘마을),0
2026-10-09T23:02:38,187000003,대전75자9915,36.424078,127.413793,91.056,187001388,대덕산업단지,0
2026-10-09T23:02:38,187000003,대전75자9914,36.349897,127.413821,100.927,187001391,한남오거리(BRT),0
2026-10-09T23:02:38,271000801,충북70자7051,36.587685,127.322945,17.873,293064420,누리동,0
2026-10-09T23:02:38,271000801,충북70자2008,36.7108014,127.4299633,41.798,270051808,오창프라자,0
2026-10-09T23:03:09,293000317,세종70자1707,36.395469,127.31226,0.864,186005279,반석역,29
2026-10-09T23:03:09,293000317,세종70자1702,36.482578,127.297613,12.993,293064216,소담동(새샘마을),6
2026-10-09T23:03:09,293000317,세종70자1705,36.605155,127.340078,31.198,293900055,용호동,68
2026-10-09T23:03:09,293000317,세종70자1706,36.619203,127.3264,33.214,270054837,오송역종점,13
2026-10-09T23:03:09,293000318,세종70자1701,36.537365,127.304505,11.186,270000635,오송역2.3.4,15
2026-10-09T23:03:09,293000318,세종70자1704,36.486735,127.301446,19.834,293064254,"법원,검찰청,경찰청",14
2026-10-09T23:03:09,293000318,세종70자1708,36.38743,127.318043,32.906,186005278,반석역,55
2026-10-09T23:03:09,293000318,세종70자1703,36.388983,127.317121,32.906,186005278,반석역,21
2026-10-09T23:03:09,187000003,대전75자9940,36.348144,127.416113,3.07,187001382,대덕구청,0
2026-10-09T23:03:09,187000003,대전75자9936,36.443927,127.384069,16.77,187001387,대덕산업단지,0
2026-10-09T23:03:09,187000003,대전75자9935,36.472328,127.276592,74.133,293064251,대평동,0
2026-10-09T23:03:09,187000003,대전75자9930,36.533755,127.274894,38.198,293014025,한별동,0
2026-10-09T23:03:09,187000003,대전75자9927,36.618645,127.327004,51.99,293064420,누리동,0
2026-10-09T23:03:09,187000003,대전75자9921,36.534611,127.295483,63.616,974019920,오송역2.3.4(미정차),0
2026-10-09T23:03:09,187000003,대전75자9919,36.494371,127.256377,70.649,293062004,다정동,0
2026-10-09T23:03:09,187000003,대전75자9918,36.482293,127.297206,76.352,293064216,소담동(새샘마을),0
2026-10-09T23:03:09,187000003,대전75자9915,36.415698,127.421109,92.207,187001388,대덕산업단지,0
2026-10-09T23:03:09,187000003,대전75자9914,36.348445,127.415636,101.136,187001391,한남오거리(BRT),0
2026-10-09T23:03:09,271000801,충북70자7051,36.587685,127.322945,17.873,293064420,누리동,0
2026-10-09T23:03:09,271000801,충북70자2008,36.7108014,127.4299633,41.798,270051808,오창프라자,0
2026-10-09T23:03:40,293000317,세종70자1707,36.399076,127.310256,1.323,186005279,반석역,68
2026-10-09T23:03:40,293000317,세종70자1702,36.482776,127.297904,12.993,293064216,소담동(새샘마을),33
2026-10-09T23:03:40,293000317,세종70자1705,36.609518,127.337591,31.739,293900055,용호동,68
2026-10-09T23:03:40,293000317,세종70자1706,36.619203,127.3264,33.214,270054837,오송역종점,13
2026-10-09T23:03:40,293000318,세종70자1701,36.537365,127.304505,11.186,270000635,오송역2.3.4,15
2026-10-09T23:03:40,293000318,세종70자1704,36.486636,127.301388,19.834,293064254,"법원,검찰청,경찰청",14
2026-10-09T23:03:40,293000318,세종70자1708,36.38743,127.318043,32.906,186005278,반석역,55
2026-10-09T23:03:40,293000318,세종70자1703,36.388983,127.317121,32.906,186005278,반석역,21
2026-10-09T23:03:40,187000003,대전75자9940,36.349349,127.414612,3.177,187001383,한남오거리(BRT),0
2026-10-09T23:03:40,187000003,대전75자9936,36.443927,127.384069,16.77,187001387,대덕산업단지,0
2026-10-09T23:03:40,187000003,대전75자9935,36.471026,127.273493,73.913,293064220,세종고속시외버스터미널(지하),0
2026-10-09T23:03:40,187000003,대전75자9930,36.533755,127.274894,38.198,293014025,한별동,0
2026-10-09T23:03:40,187000003,대전75자9927,36.618659,127.326992,51.99,270000635,오송역2.3.4,0
2026-10-09T23:03:40,187000003,대전75자9921,36.534045,127.291556,63.852,293014058,누리동,0
2026-10-09T23:03:40,187000003,대전75자9919,36.494371,127.256377,70.649,293062004,다정동,0
2026-10-09T23:03:40,187000003,대전75자9918,36.482851,127.298108,76.483,293064216,소담동(새샘마을),0
2026-10-09T23:03:40,187000003,대전75자9915,36.415698,127.421109,92.207,187001388,대덕산업단지,0
2026-10-09T23:03:40,187000003,대전75자9914,36.347217,127.417113,101.373,187001391,한남오거리(BRT),0
2026-10-09T23:03:40,271000801,충북70자7051,36.587685,127.322945,17.873,293064420,누리동,0
2026-10-09T23:03:40,271000801,충북70자2008,36.7108014,127.4299633,41.798,270051808,오창프라자,0
2026-10-09T23:04:11,293000317,세종70자1707,36.403243,127.306591,2.071,186005279,반석역,68
2026-10-09T23:04:11,293000317,세종70자1702,36.48672599,127.301573,13.511,293064253,"법원,검찰청,경찰청",43
2026-10-09T23:04:11,293000317,세종70자1705,36.613146,127.333079,32.304,293900055,용호동,67
2026-10-09T23:04:11,293000318,세종70자1701,36.537144,127.304736,11.232,270000635,오송역2.3.4,29
2026-10-09T23:04:11,293000318,세종70자1706,36.619046,127.326612,0.174,270000635,오송역2.3.4,15
2026-10-09T23:04:11,293000318,세종70자1704,36.486216,127.301105,19.858,293064254,"법원,검찰청,경찰청",42
2026-10-09T23:04:11,293000318,세종70자1703,36.388983,127.317121,32.906,186005278,반석역,21
2026-10-09T23:04:11,293000318,세종70자1708,36.38743,127.318043,32.906,186005278,반석역,55
2026-10-09T23:04:11,187000003,대전75자9940,36.350646,127.413012,3.46,187001383,한남오거리(BRT),0
2026-10-09T23:04:11,187000003,대전75자9936,36.453877,127.370049,18.712,187001387,대덕산업단지,0
2026-10-09T23:04:11,187000003,대전75자9935,36.471026,127.273493,73.913,293064220,세종고속시외버스터미널(지하),0
2026-10-09T23:04:11,187000003,대전75자9930,36.533755,127.274894,38.198,293014025,한별동,0
2026-10-09T23:04:11,187000003,대전75자9927,36.618659,127.326992,51.99,270000635,오송역2.3.4,0
2026-10-09T23:04:11,187000003,대전75자9921,36.534045,127.291556,63.852,293014058,누리동,0
2026-10-09T23:04:11,187000003,대전75자9919,36.488119,127.257127,71.353,293053004,"새롬동,나성동",0
2026-10-09T23:04:11,187000003,대전75자9918,36.484975,127.300386,76.686,293064216,소담동(새샘마을),0
2026-10-09T23:04:11,187000003,대전75자9915,36.405878,127.416762,93.385,187001388,대덕산업단지,0
2026-10-09T23:04:11,187000003,대전75자9914,36.347217,127.417113,101.373,187001391,한남오거리(BRT),0
2026-10-09T23:04:11,271000801,충북70자7051,36.587685,127.322945,17.873,293064420,누리동,0
2026-10-09T23:04:42,293000317,세종70자1707,36.407516,127.303152,2.371,186005279,반석역,68
2026-10-09T23:04:42,293000317,세종70자1702,36.4873,127.301911,13.612,293064253,"법원,검찰청,경찰청",36
2026-10-09T23:04:42,293000317,세종70자1705,36.616651,127.329223,32.85,293900055,용호동,30
2026-10-09T23:04:42,293000318,세종70자1701,36.537053,127.308895,11.577,270000635,오송역2.3.4,68
2026-10-09T23:04:42,293000318,세종70자1706,36.619084,127.326969,0.025,270000635,오송역2.3.4,15
2026-10-09T23:04:42,293000318,세종70자1704,36.48274,127.297732,20.298,293064214,소담동(새샘마을),33
2026-10-09T23:04:42,293000318,세종70자1703,36.388983,127.317121,32.906,186005278,반석역,21
2026-10-09T23:04:42,293000318,세종70자1708,36.388017,127.317964,32.906,186005278,반석역,55
2026-10-09T23:04:42,187000003,대전75자9940,36.351427,127.412008,3.606,187001384,오정동행정복지센터,0
2026-10-09T23:04:42,187000003,대전75자9936,36.453877,127.370049,18.712,187001387,대덕산업단지,0
2026-10-09T23:04:42,187000003,대전75자9935,36.471026,127.273493,73.913,293064220,세종고속시외버스터미널(지하),0
2026-10-09T23:04:42,187000003,대전75자9930,36.533946,127.29167,39.815,293064420,누리동,0
2026-10-09T23:04:42,187000003,대전75자9927,36.618659,127.326992,51.99,270000635,오송역2.3.4,0
2026-10-09T23:04:42,187000003,대전75자9921,36.534045,127.291556,63.852,293014058,누리동,0
2026-10-09T23:04:42,187000003,대전75자9919,36.488119,127.257127,71.353,293053004,"새롬동,나성동",0
2026-10-09T23:04:42,187000003,대전75자9918,36.486007,127.301273,76.959,293064216,소담동(새샘마을),0
2026-10-09T23:04:42,187000003,대전75자9915,36.405878,127.416762,93.385,187001388,대덕산업단지,0
2026-10-09T23:04:42,187000003,대전75자9914,36.344271,127.420978,101.806,187001393,솔랑마을아파트,0
2026-10-09T23:04:42,271000801,충북70자7051,36.61049682,127.3360995,21.337,293064420,누리동,0
2026-10-09T23:05:12,293000317,세종70자1707,36.412256,127.300696,3.023,186005279,반석역,68
2026-10-09T23:05:12,293000317,세종70자1702,36.492951,127.305114,14.304,293064255,국책연구단지,69
2026-10-09T23:05:12,293000317,세종70자1705,36.618273,127.32739,33.079,293900055,용호동,31
2026-10-09T23:05:12,293000318,세종70자1706,36.619083,127.32697,0.025,270000635,오송역2.3.4,15
2026-10-09T23:05:12,293000318,세종70자1701,36.534284,127.316666,12.344,293900054,용호동,67
2026-10-09T23:05:12,293000318,세종70자1704,36.48161,127.295762,20.568,293064214,소담동(새샘마을),53
2026-10-09T23:05:12,293000318,세종70자1703,36.388983,127.317121,32.906,186005278,반석역,21
2026-10-09T23:05:12,293000318,세종70자1708,36.388017,127.317964,32.906,186005278,반석역,55
2026-10-09T23:05:12,187000003,대전75자9940,36.355374,127.407111,4.188,187001385,오정농수산오거리,0
2026-10-09T23:05:12,187000003,대전75자9936,36.453877,127.370049,18.712,187001387,대덕산업단지,0
2026-10-09T23:05:12,187000003,대전75자9935,36.478932,127.263384,72.047,293064220,세종고속시외버스터미널(지하),0
2026-10-09T23:05:12,187000003,대전75자9930,36.53396,127.292778,39.884,293064420,누리동,0
2026-10-09T23:05:12,187000003,대전75자9927,36.618659,127.326992,51.99,270000635,오송역2.3.4,0
2026-10-09T23:05:12,187000003,대전75자9921,36.534166,127.277081,65.194,293014026,한별동,0
2026-10-09T23:05:12,187000003,대전75자9919,36.488119,127.257127,71.353,293053004,"새롬동,나성동",0
2026-10-09T23:05:12,187000003,대전75자9918,36.486007,127.301273,76.959,293064216,소담동(새샘마을),0
2026-10-09T23:05:12,187000003,대전75자9915,36.393212,127.413118,94.844,187001388,대덕산업단지,0
2026-10-09T23:05:12,187000003,대전75자9914,36.343677,127.421804,101.867,187001393,솔랑마을아파트,0
2026-10-09T23:05:12,271000801,충북70자7051,36.6142691,127.3317501,22.398,293064420,누리동,0
2026-10-09T23:05:43,293000317,세종70자1707,36.417235,127.299375,3.537,186005279,반석역,67
2026-10-09T23:05:43,293000317,세종70자1702,36.496924,127.308379,14.83,293064255,국책연구단지,67
2026-10-09T23:05:43,293000317,세종70자1705,36.618946,127.327126,33.16,293900055,용호동,12
2026-10-09T23:05:43,293000318,세종70자1706,36.619334,127.326988,0.025,270000635,오송역2.3.4,15
2026-10-09T23:05:43,293000318,세종70자1701,36.531743,127.320241,12.787,293064493,다솜동,68
2026-10-09T23:05:43,293000318,세종70자1704,36.47931899,127.290364,21.125,293064214,소담동(새샘마을),52
2026-10-09T23:05:43,293000318,세종70자1703,36.388983,127.317121,32.906,186005278,반석역,21
2026-10-09T23:05:43,293000318,세종70자1708,36.388017,127.317964,32.906,186005278,반석역,55
2026-10-09T23:05:43,187000003,대전75자9940,36.358246,127.404851,4.571,187001386,오정농수산시장,0
2026-10-09T23:05:43,187000003,대전75자9936,36.466928,127.365237,83.955,186005286,국제과학비즈니스벨트,0
2026-10-09T23:05:43,187000003,대전75자9935,36.479958,127.262642,72.047,293053011,한솔동,0
2026-10-09T23:05:43,187000003,대전75자9930,36.534336,127.294977,40.071,293064420,누리동,0
2026-10-09T23:05:43,187000003,대전75자9927,36.618659,127.326992,51.99,270000635,오송역2.3.4,0
2026-10-09T23:05:43,187000003,대전75자9921,36.534166,127.277081,65.194,293014026,한별동,0
2026-10-09T23:05:43,187000003,대전75자9919,36.48729,127.257505,71.443,293053004,"새롬동,나성동",0
2026-10-09T23:05:43,187000003,대전75자9918,36.483392,127.306365,77.514,293064216,소담동(새샘마을),0
2026-10-09T23:05:43,187000003,대전75자9915,36.382894,127.412477,95.992,187001388,대덕산업단지,0
2026-10-09T23:05:43,187000003,대전75자9914,36.343677,127.421804,101.867,187001393,솔랑마을아파트,0
2026-10-09T23:05:43,271000801,충북70자7051,36.617351,127.328306,22.857,293064420,누리동,0
2026-10-09T23:06:14,293000317,세종70자1707,36.421954,127.297467,3.537,186005279,반석역,68
2026-10-09T23:06:14,293000317,세종70자1702,36.497515,127.311069,15.135,293064258,반곡동(수루배마을),2
2026-10-09T23:06:14,293000318,세종70자1706,36.619318,127.326985,0.025,270000635,오송역2.3.4,15
2026-10-09T23:06:14,293000318,세종70자1705,36.61953599,127.326339,0.138,270000635,오송역2.3.4,22
2026-10-09T23:06:14,293000318,세종70자1701,36.528241,127.324593,13.406,293064493,다솜동,60
2026-10-09T23:06:14,293000318,세종70자1704,36.478675,127.288886,21.344,293064211,"세종시청,시의회,교육청",1
2026-10-09T23:06:14,293000318,세종70자1703,36.388983,127.317121,32.906,186005278,반석역,21
2026-10-09T23:06:14,293000318,세종70자1708,36.388017,127.317964,32.906,186005278,반석역,55
2026-10-09T23:06:14,187000003,대전75자9940,36.360976,127.402281,4.985,187001386,오정농수산시장,0
2026-10-09T23:06:14,187000003,대전75자9936,36.468442,127.360371,83.429,186005286,국제과학비즈니스벨트,0
2026-10-09T23:06:14,187000003,대전75자9935,36.480784,127.262069,72.047,293053011,한솔동,0
2026-10-09T23:06:14,187000003,대전75자9930,36.534336,127.294977,40.071,293064420,누리동,0
2026-10-09T23:06:14,187000003,대전75자9927,36.618659,127.326992,51.99,270000635,오송역2.3.4,0
2026-10-09T23:06:14,187000003,대전75자9921,36.534166,127.277081,65.194,293014026,한별동,0
2026-10-09T23:06:14,187000003,대전75자9919,36.481436,127.261554,72.047,293053009,한솔동,0
2026-10-09T23:06:14,187000003,대전75자9918,36.483392,127.306365,77.514,293064216,소담동(새샘마을),0
2026-10-09T23:06:14,187000003,대전75자9915,36.382894,127.412477,95.992,187001388,대덕산업단지,0
2026-10-09T23:06:14,187000003,대전75자9914,36.343677,127.421804,101.867,187001393,솔랑마을아파트,0
2026-10-09T23:06:14,271000801,충북70자7051,36.617351,127.328306,22.857,293064420,누리동,0
2026-10-09T23:06:44,293000317,세종70자1707,36.425429,127.293069,4.811,186005279,반석역,68
2026-10-09T23:06:44,293000317,세종70자1702,36.497525,127.311249,15.135,293064258,반곡동(수루배마을),5
2026-10-09T23:06:44,293000318,세종70자1706,36.619531,127.326157,0.158,270000635,오송역2.3.4,17
2026-10-09T23:06:44,293000318,세종70자1705,36.619041,127.326871,0.0,270000635,오송역2.3.4,22
2026-10-09T23:06:44,293000318,세종70자1701,36.525059,127.328366,13.842,293064493,다솜동,68
2026-10-09T23:06:44,293000318,세종70자1704,36.478005,127.287264,21.442,293064211,"세종시청,시의회,교육청",51
2026-10-09T23:06:44,293000318,세종70자1703,36.388983,127.317121,32.906,186005278,반석역,21
2026-10-09T23:06:44,293000318,세종70자1708,36.388017,127.317964,32.906,186005278,반석역,55
2026-10-09T23:06:44,187000003,대전75자9940,36.363145,127.399766,5.307,187001386,오정농수산시장,0
2026-10-09T23:06:44,187000003,대전75자9936,36.468442,127.360371,83.429,186005286,국제과학비즈니스벨트,0
2026-10-09T23:06:44,187000003,대전75자9935,36.485723,127.258841,71.529,293053011,한솔동,0
2026-10-09T23:06:44,187000003,대전75자9930,36.537022,127.304406,40.984,293064420,누리동,0
2026-10-09T23:06:44,187000003,대전75자9927,36.618659,127.326992,51.99,270000635,오송역2.3.4,0
2026-10-09T23:06:44,187000003,대전75자9921,36.534166,127.277081,65.194,293014026,한별동,0
2026-10-09T23:06:44,187000003,대전75자9919,36.480669,127.262078,72.047,293053009,한솔동,0
2026-10-09T23:06:44,187000003,대전75자9918,36.481809,127.30749,77.698,293064218,한국개발연구원(KDI),0
2026-10-09T23:06:44,187000003,대전75자9915,36.374684,127.403857,97.317,187001388,대덕산업단지,0
2026-10-09T23:06:44,187000003,대전75자9914,36.343677,127.421804,101.867,187001393,솔랑마을아파트,0
2026-10-09T23:06:44,271000801,충북70자7051,36.617351,127.328306,22.857,293064420,누리동,0
2026-10-09T23:07:15,293000317,세종70자1707,36.428993,127.288526,5.288,186005279,반석역,68
2026-10-09T23:07:15,293000317,세종70자1702,36.497525,127.311249,15.135,293064258,반곡동(수루배마을),5
2026-10-09T23:07:15,293000318,세종70자1706,36.618164,127.32736,0.342,270000635,오송역2.3.4,46
2026-10-09T23:07:15,293000318,세종70자1705,36.619041,127.326871,0.0,270000635,오송역2.3.4,22
2026-10-09T23:07:15,293000318,세종70자1701,36.51997999,127.330702,14.44,293064493,다솜동,69
2026-10-09T23:07:15,293000318,세종70자1704,36.475627,127.281775,22.012,293064209,"보람동,대평동",28
2026-10-09T23:07:15,293000318,세종70자1703,36.388983,127.317121,32.906,186005278,반석역,21
2026-10-09T23:07:15,293000318,세종70자1708,36.388017,127.317964,32.906,186005278,반석역,55
2026-10-09T23:07:15,187000003,대전75자9940,36.363145,127.399766,5.307,187001386,오정농수산시장,0
2026-10-09T23:07:15,187000003,대전75자9936,36.468442,127.360371,83.429,186005286,국제과학비즈니스벨트,0
2026-10-09T23:07:15,187000003,대전75자9935,36.486513,127.257981,71.529,293053005,"새롬동,나성동",0
2026-10-09T23:07:15,187000003,대전75자9930,36.537022,127.304406,40.984,293064420,누리동,0
2026-10-09T23:07:15,187000003,대전75자9927,36.618659,127.326992,51.99,270000635,오송역2.3.4,0
2026-10-09T23:07:15,187000003,대전75자9921,36.529829,127.265072,66.384,293014017,"해밀동,산울동",0
2026-10-09T23:07:15,187000003,대전75자9919,36.480669,127.262078,72.047,293053009,한솔동,0
2026-10-09T23:07:15,187000003,대전75자9918,36.481809,127.30749,77.698,293064218,한국개발연구원(KDI),0
2026-10-09T23:07:15,187000003,대전75자9915,36.374684,127.403857,97.317,187001388,대덕산업단지,0
2026-10-09T23:07:15,187000003,대전75자9914,36.342672,127.423216,102.12,187001393,솔랑마을아파트,0
2026-10-09T23:07:15,271000801,충북70자7051,36.617351,127.328306,22.857,293064420,누리동,0
2026-10-09T23:07:46,293000317,세종70자1707,36.433849,127.286213,5.758,186005279,반석역,67
2026-10-09T23:07:46,293000317,세종70자1702,36.497696,127.3137,15.332,293064258,반곡동(수루배마을),68
2026-10-09T23:07:46,293000318,세종70자1706,36.614143,127.331828,0.935,270000635,오송역2.3.4,67
2026-10-09T23:07:46,293000318,세종70자1705,36.619041,127.326871,0.0,270000635,오송역2.3.4,22
2026-10-09T23:07:46,293000318,세종70자1701,36.515054,127.330285,14.915,293064493,다솜동,68
2026-10-09T23:07:46,293000318,세종70자1704,36.475259,127.281066,22.069,293064209,"보람동,대평동",41
2026-10-09T23:07:46,293000318,세종70자1703,36.388983,127.317121,32.906,186005278,반석역,21
2026-10-09T23:07:46,293000318,세종70자1708,36.388017,127.317964,32.906,186005278,반석역,55
2026-10-09T23:07:46,187000003,대전75자9940,36.363145,127.399766,5.307,187001386,오정농수산시장,0
2026-10-09T23:07:46,187000003,대전75자9936,36.468442,127.360371,83.429,186005286,국제과학비즈니스벨트,0
2026-10-09T23:07:46,187000003,대전75자9935,36.486513,127.257981,71.529,293053005,"새롬동,나성동",0
2026-10-09T23:07:46,187000003,대전75자9930,36.537022,127.304406,40.984,293064420,누리동,0
2026-10-09T23:07:46,187000003,대전75자9927,36.618659,127.326992,51.99,270000635,오송역2.3.4,0
2026-10-09T23:07:46,187000003,대전75자9921,36.529127,127.264295,66.49,293014017,"해밀동,산울동",0
2026-10-09T23:07:46,187000003,대전75자9919,36.480669,127.262078,72.047,293053009,한솔동,0
2026-10-09T23:07:46,187000003,대전75자9918,36.47841,127.309852,78.174,293064218,한국개발연구원(KDI),0
2026-10-09T23:07:46,187000003,대전75자9915,36.374684,127.403857,97.317,187001388,대덕산업단지,0
2026-10-09T23:07:46,187000003,대전75자9914,36.34094,127.425613,102.437,187001394,한밭자이아파트,0
2026-10-09T23:07:46,271000801,충북70자7051,36.6183991,127.327211,23.657,293064420,누리동,0
2026-10-09T23:08:17,293000317,세종70자1707,36.439135,127.286105,6.454,186005279,반석역,68
2026-10-09T23:08:17,293000317,세종70자1702,36.497497,127.317751,15.685,293064258,반곡동(수루배마을),69
2026-10-09T23:08:17,293000318,세종70자1706,36.609803,127.337035,1.446,270000635,오송역2.3.4,68
2026-10-09T23:08:17,293000318,세종70자1705,36.619041,127.326871,0.0,270000635,오송역2.3.4,22
2026-10-09T23:08:17,293000318,세종70자1701,36.509927,127.329827,15.57,293064493,다솜동,68
2026-10-09T23:08:17,293000318,세종70자1704,36.471728,127.275997,22.707,293064251,대평동,37
2026-10-09T23:08:17,293000318,세종70자1703,36.388983,127.317121,32.906,186005278,반석역,21
2026-10-09T23:08:17,293000318,세종70자1708,36.388017,127.317964,32.906,186005278,반석역,55
2026-10-09T23:08:17,187000003,대전75자9940,36.374038,127.403577,6.855,187001386,오정농수산시장,0
2026-10-09T23:08:17,187000003,대전75자9936,36.474491,127.334257,80.933,186005286,국제과학비즈니스벨트,0
2026-10-09T23:08:17,187000003,대전75자9935,36.487328,127.257554,71.443,293053005,"새롬동,나성동",0
2026-10-09T23:08:17,187000003,대전75자9930,36.551251,127.301388,42.558,293064420,누리동,0
2026-10-09T23:08:17,187000003,대전75자9927,36.618659,127.326992,51.99,270000635,오송역2.3.4,0
2026-10-09T23:08:17,187000003,대전75자9921,36.529127,127.264295,66.49,293014017,"해밀동,산울동",0
2026-10-09T23:08:17,187000003,대전75자9919,36.479307,127.26305,72.047,293053009,한솔동,0
2026-10-09T23:08:17,187000003,대전75자9918,36.47841,127.309852,78.174,293064218,한국개발연구원(KDI),0
2026-10-09T23:08:17,187000003,대전75자9915,36.359951,127.40309,99.45,187001388,대덕산업단지,0
2026-10-09T23:08:17,187000003,대전75자9914,36.338237,127.429185,102.808,187001394,한밭자이아파트,0
2026-10-09T23:08:17,187000003,대전75자9110,36.333835,127.43711,104.27,187001395,대전역동광장,0
2026-10-09T23:08:17,271000801,충북70자7051,36.6189013,127.3272601,23.648,293064420,누리동,0
2026-10-09T23:08:51,293000317,세종70자1707,36.445588,127.286011,7.191,186005279,반석역,67
2026-10-09T23:08:51,293000317,세종70자1702,36.497983,127.322398,16.111,293064419,집현동,43
2026-10-09T23:08:51,293000318,세종70자1706,36.605582,127.339961,1.446,270000635,오송역2.3.4,69
2026-10-09T23:08:51,293000318,세종70자1705,36.619041,127.326871,0.0,270000635,오송역2.3.4,22
2026-10-09T23:08:51,293000318,세종70자1701,36.504835,127.329365,16.135,293064493,다솜동,68
2026-10-09T23:08:51,293000318,세종70자1704,36.470775,127.273393,22.939,293064251,대평동,15
2026-10-09T23:08:51,293000318,세종70자1703,36.388983,127.317121,32.906,186005278,반석역,21
2026-10-09T23:08:51,293000318,세종70자1708,36.388017,127.317964,32.906,186005278,반석역,55
2026-10-09T23:08:51,187000003,대전75자9940,36.374038,127.403577,6.855,187001386,오정농수산시장,0
2026-10-09T23:08:51,187000003,대전75자9936,36.474491,127.334257,80.933,186005286,국제과학비즈니스벨트,0
2026-10-09T23:08:51,187000003,대전75자9935,36.492804,127.256228,71.328,293053005,"새롬동,나성동",0
2026-10-09T23:08:51,187000003,대전75자9930,36.551251,127.301388,42.558,293064420,누리동,0
2026-10-09T23:08:51,187000003,대전75자9921,36.521995,127.259846,67.381,293064446,세종충남대학교병원,0
2026-10-09T23:08:51,187000003,대전75자9919,36.479307,127.26305,72.047,293053009,한솔동,0
2026-10-09T23:08:51,187000003,대전75자9918,36.47841,127.309852,78.174,293064218,한국개발연구원(KDI),0
2026-10-09T23:08:51,187000003,대전75자9915,36.355996,127.406208,99.835,187001389,오정농수산오거리,0
2026-10-09T23:08:51,187000003,대전75자9914,36.335971,127.430476,103.107,187001394,한밭자이아파트,0
2026-10-09T23:08:51,187000003,대전75자9110,36.333835,127.43711,104.27,187001395,대전역동광장,0
2026-10-09T23:08:51,271000801,충북70자7051,36.6189013,127.3272601,23.648,293064420,누리동,0
2026-10-09T23:09:21,293000317,세종70자1707,36.449145,127.285887,7.575,186005279,반석역,67
2026-10-09T23:09:21,293000317,세종70자1702,36.50060899,127.328172,16.722,293064417,세종공동캠퍼스,41
2026-10-09T23:09:21,293000318,세종70자1706,36.601013,127.337465,2.119,270000635,오송역2.3.4,68
2026-10-09T23:09:21,293000318,세종70자1705,36.619041,127.326871,0.0,270000635,오송역2.3.4,22
2026-10-09T23:09:21,293000318,세종70자1701,36.50142499,127.328683,16.537,293064416,세종공동캠퍼스,27
2026-10-09T23:09:21,293000318,세종70자1704,36.469693,127.273809,23.075,293055001,세종고속시외버스터미널(지상),35
2026-10-09T23:09:21,293000318,세종70자1703,36.388983,127.317121,32.906,186005278,반석역,21
2026-10-09T23:09:21,293000318,세종70자1708,36.388017,127.317964,32.906,186005278,반석역,55
2026-10-09T23:09:21,187000003,대전75자9940,36.374038,127.403577,6.855,187001386,오정농수산시장,0
2026-10-09T23:09:21,187000003,대전75자9936,36.474491,127.334257,80.933,186005286,국제과학비즈니스벨트,0
2026-10-09T23:09:21,187000003,대전75자9935,36.493537,127.256401,71.32,293054003,다정동,0
2026-10-09T23:09:21,187000003,대전75자9930,36.565137,127.309009,44.229,293064420,누리동,0
2026-10-09T23:09:21,187000003,대전75자9921,36.521117,127.259543,67.591,293064446,세종충남대학교병원,0
2026-10-09T23:09:21,187000003,대전75자9919,36.47095,127.270955,73.682,293053009,한솔동,0
2026-10-09T23:09:21,187000003,대전75자9918,36.47841,127.309852,78.174,293064218,한국개발연구원(KDI),0
2026-10-09T23:09:21,187000003,대전75자9915,36.355996,127.406208,99.835,187001389,오정농수산오거리,0
2026-10-09T23:09:21,187000003,대전75자9914,36.333862,127.43139,103.398,183002355,대전역,0
2026-10-09T23:09:21,187000003,대전75자9110,36.333835,127.43711,104.27,187001395,대전역동광장,0
2026-10-09T23:09:21,271000801,충북70자7051,36.6189013,127.3272601,23.648,293064420,누리동,0
2026-10-09T23:09:52,293000317,세종70자1707,36.454033,127.284315,8.034,186005279,반석역,67
2026-10-09T23:09:52,293000317,세종70자1702,36.500859,127.328376,16.722,293064417,세종공동캠퍼스,41
2026-10-09T23:09:52,293000318,세종70자1706,36.597238,127.333104,2.933,270000635,오송역2.3.4,68
2026-10-09T23:09:52,293000318,세종70자1705,36.619041,127.326871,0.0,270000635,오송역2.3.4,22
2026-10-09T23:09:52,293000318,세종70자1701,36.499154,127.326116,16.849,293064416,세종공동캠퍼스,41
2026-10-09T23:09:52,293000318,세종70자1704,36.469304,127.273883,23.078,293055001,세종고속시외버스터미널(지상),35
2026-10-09T23:09:52,293000318,세종70자1703,36.388983,127.317121,32.906,186005278,반석역,21
2026-10-09T23:09:52,293000318,세종70자1708,36.388017,127.317964,32.906,186005278,반석역,55
2026-10-09T23:09:52,187000003,대전75자9940,36.382484,127.412564,8.216,187001386,오정농수산시장,0
2026-10-09T23:09:52,187000003,대전75자9936,36.474491,127.334257,80.933,186005286,국제과학비즈니스벨트,0
2026-10-09T23:09:52,187000003,대전75자9935,36.49443,127.25653199999999,71.32,293054003,다정동,0
2026-10-09T23:09:52,187000003,대전75자9930,36.565137,127.309009,44.229,293064420,누리동,0
2026-10-09T23:09:52,187000003,대전75자9921,36.521117,127.259543,67.591,293064446,세종충남대학교병원,0
2026-10-09T23:09:52,187000003,대전75자9919,36.47097,127.274683,74.02,293064221,세종고속시외버스터미널(지하),0
2026-10-09T23:09:52,187000003,대전75자9918,36.474423,127.333785,80.933,293064218,한국개발연구원(KDI),0
2026-10-09T23:09:52,187000003,대전75자9915,36.355367,127.406985,99.835,187001389,오정농수산오거리,0
2026-10-09T23:09:52,187000003,대전75자9914,36.333044,127.431768,103.422,183002355,대전역,0
2026-10-09T23:09:52,187000003,대전75자9110,36.333835,127.43711,104.27,187001395,대전역동광장,0
2026-10-09T23:09:52,271000801,충북70자7051,36.6189013,127.3272601,23.648,293064420,누리동,0
2026-10-09T23:10:23,293000317,세종70자1707,36.459612,127.27959,8.905,186005279,반석역,67
2026-10-09T23:10:23,293000317,세종70자1702,36.500924,127.32849,16.802,293064417,세종공동캠퍼스,41
2026-10-09T23:10:23,293000318,세종70자1706,36.593062,127.329295,3.909,270000635,오송역2.3.4,69
2026-10-09T23:10:23,293000318,세종70자1705,36.619041,127.326871,0.0,270000635,오송역2.3.4,22
2026-10-09T23:10:23,293000318,세종70자1701,36.49883,127.325317,16.968,293064416,세종공동캠퍼스,41
2026-10-09T23:10:23,293000318,세종70자1704,36.468933,127.274743,23.194,293055001,세종고속시외버스터미널(지상),26
2026-10-09T23:10:23,293000318,세종70자1703,36.388983,127.317121,32.906,186005278,반석역,21
2026-10-09T23:10:23,293000318,세종70자1708,36.388017,127.317964,32.906,186005278,반석역,55
2026-10-09T23:10:23,187000003,대전75자9940,36.382484,127.412564,8.216,187001386,오정농수산시장,0
2026-10-09T23:10:23,187000003,대전75자9936,36.47823,127.310359,78.174,186005286,국제과학비즈니스벨트,0
2026-10-09T23:10:23,187000003,대전75자9935,36.500456,127.259457,33.779,293062006,정부세종청사 남측,0
2026-10-09T23:10:23,187000003,대전75자9930,36.565137,127.309009,44.229,293064420,누리동,0
2026-10-09T23:10:23,187000003,대전75자9921,36.515203,127.258958,68.158,293056002,도담동,0
2026-10-09T23:10:23,187000003,대전75자9919,36.471422,127.276607,74.133,293064252,대평동,0
2026-10-09T23:10:23,187000003,대전75자9918,36.474423,127.333785,80.933,293064218,한국개발연구원(KDI),0
2026-10-09T23:10:23,187000003,대전75자9915,36.352015,127.411161,100.642,187001390,오정동행정복지센터,0
2026-10-09T23:10:23,187000003,대전75자9914,36.333044,127.431768,103.422,183002355,대전역,0
2026-10-09T23:10:23,187000003,대전75자9110,36.333358,127.437538,104.21,187001395,대전역동광장,0
2026-10-09T23:10:23,271000801,충북70자7051,36.6189013,127.3272601,23.648,293064420,누리동,0
2026-10-09T23:10:53,293000317,세종70자1707,36.462612,127.276538,9.331,186005279,반석역,67
2026-10-09T23:10:53,293000317,세종70자1702,36.501044,127.328563,16.802,293064417,세종공동캠퍼스,26
2026-10-09T23:10:53,293000318,세종70자1706,36.589583,127.324708,4.46,270000635,오송역2.3.4,66
2026-10-09T23:10:53,293000318,세종70자1705,36.619041,127.326871,0.0,270000635,오송역2.3.4,22
2026-10-09T23:10:53,293000318,세종70자1701,36.49883,127.325317,16.968,293064416,세종공동캠퍼스,41
2026-10-09T23:10:53,293000318,세종70자1704,36.466062,127.275126,23.46,293055001,세종고속시외버스터미널(지상),67
2026-10-09T23:10:53,293000318,세종70자1703,36.388983,127.317121,32.906,186005278,반석역,21
2026-10-09T23:10:53,293000318,세종70자1708,36.388017,127.317964,32.906,186005278,반석역,55
2026-10-09T23:10:53,187000003,대전75자9940,36.392748,127.41317599999999,9.364,187001386,오정농수산시장,0
2026-10-09T23:10:53,187000003,대전75자9936,36.47823,127.310359,78.174,186005286,국제과학비즈니스벨트,0
2026-10-09T23:10:53,187000003,대전75자9935,36.503848,127.261055,34.281,293062011,정부세종청사 북측,0
2026-10-09T23:10:53,187000003,대전75자9930,36.575253000000004,127.319514,45.822,293064420,누리동,0
2026-10-09T23:10:53,187000003,대전75자9921,36.514319,127.259067,68.276,293056002,도담동,0
2026-10-09T23:10:53,187000003,대전75자9919,36.47253,127.276955,74.379,293064252,대평동,0
2026-10-09T23:10:53,187000003,대전75자9918,36.474423,127.333785,80.933,293064218,한국개발연구원(KDI),0
2026-10-09T23:10:53,187000003,대전75자9915,36.35051,127.413036,100.788,187001391,한남오거리(BRT),0
2026-10-09T23:10:53,187000003,대전75자9914,36.331394,127.432488,103.644,183002355,대전역,0
2026-10-09T23:10:53,187000003,대전75자9110,36.333358,127.437538,104.21,187001395,대전역동광장,0
2026-10-09T23:10:53,271000801,충북70자7051,36.6189013,127.3272601,23.648,293064420,누리동,0
2026-10-09T23:11:24,293000317,세종70자1707,36.46744,127.275139,9.907,186005279,반석역,31
2026-10-09T23:11:24,293000317,세종70자1702,36.502008,127.329053,16.894,293064417,세종공동캠퍼스,50
2026-10-09T23:11:24,293000318,세종70자1706,36.585052,127.32196,5.064,270000635,오송역2.3.4,66
2026-10-09T23:11:24,293000318,세종70자1705,36.619041,127.326871,0.0,270000635,오송역2.3.4,22
2026-10-09T23:11:24,293000318,세종70자1701,36.498244,127.32307,17.226,293064418,집현동,42
2026-10-09T23:11:24,293000318,세종70자1704,36.461308,127.277762,24.263,293055001,세종고속시외버스터미널(지상),68
2026-10-09T23:11:24,293000318,세종70자1703,36.388983,127.317121,32.906,186005278,반석역,21
2026-10-09T23:11:24,293000318,세종70자1708,36.388017,127.317964,32.906,186005278,반석역,55
2026-10-09T23:11:24,187000003,대전75자9940,36.392748,127.41317599999999,9.364,187001386,오정농수산시장,0
2026-10-09T23:11:24,187000003,대전75자9936,36.47823,127.310359,78.174,186005286,국제과학비즈니스벨트,0
2026-10-09T23:11:24,187000003,대전75자9935,36.503848,127.261055,34.281,293062011,정부세종청사 북측,0
2026-10-09T23:11:24,187000003,대전75자9930,36.575253000000004,127.319514,45.822,293064420,누리동,0
2026-10-09T23:11:24,187000003,대전75자9921,36.514319,127.259067,68.276,293056002,도담동,0
2026-10-09T23:11:24,187000003,대전75자9919,36.474683,127.280302,74.751,293064206,"보람동,대평동",0
2026-10-09T23:11:24,187000003,대전75자9918,36.474423,127.333785,80.933,293064218,한국개발연구원(KDI),0
2026-10-09T23:11:24,187000003,대전75자9915,36.349869,127.413811,100.927,187001391,한남오거리(BRT),0
2026-10-09T23:11:24,187000003,대전75자9914,36.331394,127.432488,103.644,183002355,대전역,0
2026-10-09T23:11:24,187000003,대전75자9110,36.331416,127.432786,103.644,187001395,대전역동광장,0
2026-10-09T23:11:24,271000801,충북70자7051,36.608358,127.338796,20.996,293064420,누리동,0
2026-10-09T23:11:55,293000317,세종70자1707,36.468834,127.27499,10.113,186005279,반석역,10
2026-10-09T23:11:55,293000317,세종70자1702,36.506803,127.329655,17.59,293064417,세종공동캠퍼스,69
2026-10-09T23:11:55,293000318,세종70자1706,36.579992,127.321225,5.61,270000635,오송역2.3.4,68
2026-10-09T23:11:55,293000318,세종70자1705,36.619041,127.326871,0.0,270000635,오송역2.3.4,22
2026-10-09T23:11:55,293000318,세종70자1701,36.497987,127.321867,17.228,293064418,집현동,46
2026-10-09T23:11:55,293000318,세종70자1704,36.457479,127.281707,24.81,293055001,세종고속시외버스터미널(지상),68
2026-10-09T23:11:55,293000318,세종70자1703,36.388983,127.317121,32.906,186005278,반석역,21
2026-10-09T23:11:55,293000318,세종70자1708,36.388017,127.317964,32.906,186005278,반석역,55
2026-10-09T23:11:55,187000003,대전75자9940,36.392748,127.41317599999999,9.364,187001386,오정농수산시장,0
2026-10-09T23:11:55,187000003,대전75자9936,36.47823,127.310359,78.174,186005286,국제과학비즈니스벨트,0
2026-10-09T23:11:55,187000003,대전75자9935,36.503848,127.261055,34.281,293062011,정부세종청사 북측,0
2026-10-09T23:11:55,187000003,대전75자9930,36.588379,127.323561,47.337,293064420,누리동,0
2026-10-09T23:11:55,187000003,대전75자9921,36.514319,127.259067,68.276,293056002,도담동,0
2026-10-09T23:11:55,187000003,대전75자9919,36.475088,127.280854,74.751,293064206,"보람동,대평동",0
2026-10-09T23:11:55,187000003,대전75자9918,36.4686,127.359688,83.429,293064218,한국개발연구원(KDI),0
2026-10-09T23:11:55,187000003,대전75자9915,36.346925,127.417453,101.38,187001392,대덕구청,0
2026-10-09T23:11:55,187000003,대전75자9110,36.332407,127.432193,103.562,187001395,대전역동광장,0
2026-10-09T23:11:55,187000003,대전75자9914,36.333867,127.437311,104.27,187001395,대전역동광장,0
2026-10-09T23:11:55,271000801,충북70자7051,36.608358,127.338796,20.996,293064420,누리동,0
2026-10-09T23:12:26,293000317,세종70자1707,36.469115,127.274083,10.212,293055002,세종고속시외버스터미널(지상),23
2026-10-09T23:12:26,293000317,세종70자1702,36.511822,127.330065,17.951,293064417,세종공동캠퍼스,68
2026-10-09T23:12:26,293000318,세종70자1706,36.575265,127.319397,6.389,270000635,오송역2.3.4,68
2026-10-09T23:12:26,293000318,세종70자1705,36.619041,127.326871,0.0,270000635,오송역2.3.4,22
2026-10-09T23:12:26,293000318,세종70자1701,36.497598,127.318129,17.56,293064418,집현동,5
2026-10-09T23:12:26,293000318,세종70자1704,36.452824,127.284798,25.334,293055001,세종고속시외버스터미널(지상),68
2026-10-09T23:12:26,293000318,세종70자1703,36.388983,127.317121,32.906,186005278,반석역,21
2026-10-09T23:12:26,293000318,세종70자1708,36.388017,127.317964,32.906,186005278,반석역,55
2026-10-09T23:12:26,187000003,대전75자9940,36.40543,127.416597,10.813,187001386,오정농수산시장,0
2026-10-09T23:12:26,187000003,대전75자9936,36.480665,127.308012,77.914,293064219,한국개발연구원(KDI),0
2026-10-09T23:12:26,187000003,대전75자9935,36.504557,127.26139,34.281,293062011,정부세종청사 북측,0
2026-10-09T23:12:26,187000003,대전75자9930,36.595055,127.331217,48.362,293064420,누리동,0
2026-10-09T23:12:26,187000003,대전75자9921,36.505472,127.261664,69.294,293062014,정부세종청사 북측,0
2026-10-09T23:12:26,187000003,대전75자9919,36.478083,127.287667,75.378,293064210,"세종시청,시의회,교육청",0
2026-10-09T23:12:26,187000003,대전75자9918,36.467203,127.364103,83.955,186005287,국제과학비즈니스벨트,0
2026-10-09T23:12:26,187000003,대전75자9915,36.346925,127.417453,101.38,187001392,대덕구청,0
2026-10-09T23:12:26,187000003,대전75자9110,36.332407,127.432193,103.562,187001395,대전역동광장,0
2026-10-09T23:12:26,187000003,대전75자9914,36.333867,127.437311,104.27,187001395,대전역동광장,0
2026-10-09T23:12:26,271000801,충북70자7051,36.608358,127.338796,20.996,293064420,누리동,0
2026-10-09T23:12:57,293000317,세종70자1707,36.469755,127.273858,10.269,293055002,세종고속시외버스터미널(지상),32
2026-10-09T23:12:57,293000317,세종70자1702,36.517177,127.330564,18.538,293064417,세종공동캠퍼스,68
2026-10-09T23:12:57,293000318,세종70자1706,36.571183,127.315375,6.775,270000635,오송역2.3.4,68
2026-10-09T23:12:57,293000318,세종70자1705,36.619041,127.326871,0.0,270000635,오송역2.3.4,22
2026-10-09T23:12:57,293000318,세종70자1701,36.497602,127.31754,17.651,293064418,집현동,41
2026-10-09T23:12:57,293000318,세종70자1704,36.447757,127.285854,26.036,293055001,세종고속시외버스터미널(지상),68
2026-10-09T23:12:57,293000318,세종70자1703,36.388983,127.317121,32.906,186005278,반석역,21
2026-10-09T23:12:57,293000318,세종70자1708,36.388017,127.317964,32.906,186005278,반석역,55
2026-10-09T23:12:57,187000003,대전75자9940,36.415255,127.421292,11.963,187001386,오정농수산시장,0
2026-10-09T23:12:57,187000003,대전75자9936,36.48323,127.306681,77.556,293064219,한국개발연구원(KDI),0
2026-10-09T23:12:57,187000003,대전75자9935,36.504557,127.26139,34.281,293062011,정부세종청사 북측,0
2026-10-09T23:12:57,187000003,대전75자9930,36.595055,127.331217,48.362,293064420,누리동,0
2026-10-09T23:12:57,187000003,대전75자9921,36.502098,127.260145,70.533,293062007,정부세종청사 남측,0
2026-10-09T23:12:57,187000003,대전75자9919,36.480574,127.29395,76.04,293064210,"세종시청,시의회,교육청",0
2026-10-09T23:12:57,187000003,대전75자9918,36.466816,127.365117,83.955,186005287,국제과학비즈니스벨트,0
2026-10-09T23:12:57,187000003,대전75자9915,36.344247,127.420983,101.806,187001393,솔랑마을아파트,0
2026-10-09T23:12:57,187000003,대전75자9110,36.33555,127.430839,103.131,187001395,대전역동광장,0
2026-10-09T23:12:57,187000003,대전75자9914,36.333867,127.437311,104.27,187001395,대전역동광장,0
2026-10-09T23:12:57,271000801,충북70자7051,36.608358,127.338796,20.996,293064420,누리동,0
2026-10-09T23:13:28,293000317,세종70자1707,36.47232799,127.276818,10.637,293064252,대평동,24
2026-10-09T23:13:28,293000317,세종70자1702,36.519676,127.330755,18.916,293064417,세종공동캠퍼스,68
2026-10-09T23:13:28,293000318,세종70자1706,36.567253,127.311127,7.979,270000635,오송역2.3.4,68
2026-10-09T23:13:28,293000318,세종70자1705,36.619041,127.326871,0.0,270000635,오송역2.3.4,22
2026-10-09T23:13:28,293000318,세종70자1701,36.49777,127.312463,18.093,293064257,반곡동(수루배마을),44
2026-10-09T23:13:28,293000318,세종70자1704,36.442604,127.285911,26.469,293055001,세종고속시외버스터미널(지상),68
2026-10-09T23:13:28,293000318,세종70자1703,36.388983,127.317121,32.906,186005278,반석역,21
2026-10-09T23:13:28,293000318,세종70자1708,36.388017,127.317964,32.906,186005278,반석역,55
2026-10-09T23:13:28,187000003,대전75자9940,36.415255,127.421292,11.963,187001386,오정농수산시장,0
2026-10-09T23:13:28,187000003,대전75자9936,36.48323,127.306681,77.556,293064219,한국개발연구원(KDI),0
2026-10-09T23:13:28,187000003,대전75자9935,36.513679,127.259273,35.519,293056003,도담동,0
2026-10-09T23:13:28,187000003,대전75자9930,36.595055,127.331217,48.362,293064420,누리동,0
2026-10-09T23:13:28,187000003,대전75자9921,36.501299,127.259757,70.533,293062007,정부세종청사 남측,0
2026-10-09T23:13:28,187000003,대전75자9919,36.480574,127.29395,76.04,293064210,"세종시청,시의회,교육청",0
2026-10-09T23:13:28,187000003,대전75자9918,36.466816,127.365117,83.955,186005287,국제과학비즈니스벨트,0
2026-10-09T23:13:28,187000003,대전75자9915,36.344247,127.420983,101.806,187001393,솔랑마을아파트,0
2026-10-09T23:13:28,187000003,대전75자9110,36.33555,127.430839,103.131,187001395,대전역동광장,0
2026-10-09T23:13:28,187000003,대전75자9914,36.333867,127.437311,104.27,187001395,대전역동광장,0
2026-10-09T23:13:28,271000801,충북70자7051,36.608358,127.338796,20.996,293064420,누리동,0
2026-10-09T23:13:58,293000317,세종70자1707,36.474804,127.280589,11.255,293064206,"보람동,대평동",36
2026-10-09T23:13:58,293000317,세종70자1702,36.521384,127.330537,19.118,293064417,세종공동캠퍼스,57
2026-10-09T23:13:58,293000318,세종70자1706,36.563561,127.307134,7.979,270000635,오송역2.3.4,66
2026-10-09T23:13:58,293000318,세종70자1705,36.619041,127.326871,0.0,270000635,오송역2.3.4,22
2026-10-09T23:13:58,293000318,세종70자1701,36.497663,127.311438,18.2,293064257,반곡동(수루배마을),41
2026-10-09T23:13:58,293000318,세종70자1704,36.437642,127.285967,27.037,293055001,세종고속시외버스터미널(지상),68
2026-10-09T23:13:58,293000318,세종70자1703,36.388983,127.317121,32.906,186005278,반석역,21
2026-10-09T23:13:58,293000318,세종70자1708,36.388553,127.317433,32.906,186005278,반석역,26
2026-10-09T23:13:58,187000003,대전75자9940,36.415255,127.421292,11.963,187001386,오정농수산시장,0
2026-10-09T23:13:58,187000003,대전75자9936,36.485372,127.300453,76.959,293064219,한국개발연구원(KDI),0
2026-10-09T23:13:58,187000003,대전75자9935,36.513679,127.259273,35.519,293056003,도담동,0
2026-10-09T23:13:58,187000003,대전75자9930,36.608316,127.338938,50.16,293064420,누리동,0
2026-10-09T23:13:58,187000003,대전75자9926,36.618877,127.326748,51.958,270000635,오송역2.3.4,0
2026-10-09T23:13:58,187000003,대전75자9921,36.498478,127.258183,70.533,293062007,정부세종청사 남측,0
2026-10-09T23:13:58,187000003,대전75자9919,36.482225,127.297244,76.352,293064216,소담동(새샘마을),0
2026-10-09T23:13:58,187000003,대전75자9918,36.454215,127.369632,85.478,186005287,국제과학비즈니스벨트,0
2026-10-09T23:13:58,187000003,대전75자9915,36.344247,127.420983,101.806,187001393,솔랑마을아파트,0
2026-10-09T23:13:58,187000003,대전75자9110,36.33555,127.430839,103.131,187001395,대전역동광장,0
2026-10-09T23:13:58,187000003,대전75자9914,36.333867,127.437311,104.27,187001395,대전역동광장,0
2026-10-09T23:13:58,271000801,충북70자7051,36.608358,127.338796,20.996,293064420,누리동,0
2026-10-09T23:14:29,293000317,세종70자1708,36.391366,127.315197,0.378,186005279,반석역,29
2026-10-09T23:14:29,293000317,세종70자1707,36.475036,127.280822,11.255,293064206,"보람동,대평동",6
2026-10-09T23:14:29,293000317,세종70자1702,36.525859,127.327677,19.614,293064417,세종공동캠퍼스,68
2026-10-09T23:14:29,293000318,세종70자1705,36.619041,127.326871,0.0,270000635,오송역2.3.4,22
2026-10-09T23:14:29,293000318,세종70자1706,36.559401,127.303848,8.708,270000635,오송역2.3.4,66
2026-10-09T23:14:29,293000318,세종70자1701,36.494195,127.305828,18.73,293064257,반곡동(수루배마을),66
2026-10-09T23:14:29,293000318,세종70자1704,36.432032,127.286497,27.685,293055001,세종고속시외버스터미널(지상),68
2026-10-09T23:14:29,293000318,세종70자1703,36.388983,127.317121,32.906,186005278,반석역,21
2026-10-09T23:14:29,187000003,대전75자9940,36.423694,127.414331,13.157,187001386,오정농수산시장,0
2026-10-09T23:14:29,187000003,대전75자9936,36.4829,127.297945,76.483,293064214,소담동(새샘마을),0
2026-10-09T23:14:29,187000003,대전75자9935,36.514536,127.259146,35.519,293056003,도담동,0
2026-10-09T23:14:29,187000003,대전75자9930,36.608316,127.338938,53.56,293064420,누리동,0
2026-10-09T23:14:29,187000003,대전75자9926,36.618877,127.326748,51.958,270000635,오송역2.3.4,0
2026-10-09T23:14:29,187000003,대전75자9921,36.495211,127.256597,70.533,293062004,다정동,0
2026-10-09T23:14:29,187000003,대전75자9919,36.482225,127.297244,76.352,293064216,소담동(새샘마을),0
2026-10-09T23:14:29,187000003,대전75자9918,36.454215,127.369632,85.478,186005287,국제과학비즈니스벨트,0
2026-10-09T23:14:29,187000003,대전75자9915,36.343688,127.421785,101.867,187001393,솔랑마을아파트,0
2026-10-09T23:14:29,187000003,대전75자9110,36.33555,127.430839,103.131,187001395,대전역동광장,0
2026-10-09T23:14:29,187000003,대전75자9914,36.333867,127.437311,104.27,187001395,대전역동광장,0
2026-10-09T23:14:29,271000801,충북70자7051,36.608358,127.338796,20.996,293064420,누리동,0
2026-10-09T23:15:01,293000317,세종70자1708,36.391554,127.315073,0.378,186005279,반석역,29
2026-10-09T23:15:01,293000317,세종70자1707,36.475308,127.281383,11.276,293064206,"보람동,대평동",40
2026-10-09T23:15:01,293000317,세종70자1702,36.525859,127.327677,19.614,293064417,세종공동캠퍼스,255
2026-10-09T23:15:01,293000318,세종70자1705,36.619041,127.326871,0.0,270000635,오송역2.3.4,22
2026-10-09T23:15:01,293000318,세종70자1706,36.554511,127.302156,9.239,270000635,오송역2.3.4,68
2026-10-09T23:15:01,293000318,세종70자1701,36.49183,127.304247,19.041,293064261,국책연구단지,29
2026-10-09T23:15:01,293000318,세종70자1704,36.427996,127.289561,27.943,293055001,세종고속시외버스터미널(지상),68
2026-10-09T23:15:01,293000318,세종70자1703,36.388983,127.317121,32.906,186005278,반석역,21
2026-10-09T23:15:01,187000003,대전75자9940,36.423694,127.414331,13.157,187001386,오정농수산시장,0
2026-10-09T23:15:01,187000003,대전75자9936,36.4829,127.297945,76.483,293064214,소담동(새샘마을),0
2026-10-09T23:15:01,187000003,대전75자9935,36.5202,127.259438,36.081,293064445,세종충남대학교병원,0
2026-10-09T23:15:01,187000003,대전75자9926,36.618877,127.326748,51.958,270000635,오송역2.3.4,0
2026-10-09T23:15:01,187000003,대전75자9930,36.618661,127.326974,51.99,270000635,오송역2.3.4,0
2026-10-09T23:15:01,187000003,대전75자9921,36.494386,127.256409,70.649,293062004,다정동,0
2026-10-09T23:15:01,187000003,대전75자9919,36.482802,127.2981,76.483,293064216,소담동(새샘마을),0
2026-10-09T23:15:01,187000003,대전75자9918,36.454215,127.369632,85.478,186005287,국제과학비즈니스벨트,0
2026-10-09T23:15:01,187000003,대전75자9915,36.343688,127.421785,101.867,187001393,솔랑마을아파트,0
2026-10-09T23:15:01,187000003,대전75자9110,36.337948,127.429763,102.886,187001395,대전역동광장,0
2026-10-09T23:15:01,187000003,대전75자9914,36.333867,127.437311,104.27,187001395,대전역동광장,0
2026-10-09T23:15:01,271000801,충북70자7051,36.608358,127.338796,20.996,293064420,누리동,0
2026-10-09T23:15:31,293000317,세종70자1708,36.391639,127.315004,0.378,186005279,반석역,29
2026-10-09T23:15:31,293000317,세종70자1707,36.476522,127.284014,11.553,293064206,"보람동,대평동",49
2026-10-09T23:15:31,293000317,세종70자1702,36.532831,127.318949,20.738,293064492,다솜동,65
2026-10-09T23:15:31,293000318,세종70자1705,36.619041,127.326871,0.0,270000635,오송역2.3.4,22
2026-10-09T23:15:31,293000318,세종70자1706,36.547374,127.301338,10.022,270000635,오송역2.3.4,68
2026-10-09T23:15:31,293000318,세종70자1701,36.489478,127.302623,19.47,293064261,국책연구단지,53
2026-10-09T23:15:31,293000318,세종70자1704,36.42427699,127.294511,27.943,293055001,세종고속시외버스터미널(지상),68
2026-10-09T23:15:31,293000318,세종70자1703,36.388983,127.317121,32.906,186005278,반석역,21
2026-10-09T23:15:31,187000003,대전75자9110,36.340472,127.426376,1.784,187001380,한밭자이아파트,0
2026-10-09T23:15:31,187000003,대전75자9940,36.43001,127.40577,14.196,187001386,오정농수산시장,0
2026-10-09T23:15:31,187000003,대전75자9936,36.48229,127.297034,76.352,293064214,소담동(새샘마을),0
2026-10-09T23:15:31,187000003,대전75자9935,36.522838,127.260275,36.391,293064445,세종충남대학교병원,0
2026-10-09T23:15:31,187000003,대전75자9930,36.618661,127.326974,51.99,270000635,오송역2.3.4,0
2026-10-09T23:15:31,187000003,대전75자9926,36.618877,127.326748,51.958,270000635,오송역2.3.4,0
2026-10-09T23:15:31,187000003,대전75자9921,36.489169,127.256814,71.239,293062004,다정동,0
2026-10-09T23:15:31,187000003,대전75자9919,36.48497,127.300393,76.686,293064216,소담동(새샘마을),0
2026-10-09T23:15:31,187000003,대전75자9918,36.443818,127.383535,87.473,186005287,국제과학비즈니스벨트,0
2026-10-09T23:15:31,187000003,대전75자9915,36.341509,127.424795,102.32,187001394,한밭자이아파트,0
2026-10-09T23:15:31,187000003,대전75자9914,36.333867,127.437311,104.27,187001395,대전역동광장,0
2026-10-09T23:15:31,271000801,충북70자7051,36.608358,127.338796,20.996,293064420,누리동,0
2026-10-09T23:16:03,293000317,세종70자1708,36.391638,127.315004,0.378,186005279,반석역,29
2026-10-09T23:16:03,293000317,세종70자1707,36.47814,127.287856,11.991,293064210,"세종시청,시의회,교육청",38
2026-10-09T23:16:03,293000317,세종70자1702,36.535803,127.313688,21.367,293064492,다솜동,67
2026-10-09T23:16:03,293000318,세종70자1705,36.619041,127.326871,0.0,270000635,오송역2.3.4,22
2026-10-09T23:16:03,293000318,세종70자1706,36.544525,127.302022,10.317,270000635,오송역2.3.4,66
2026-10-09T23:16:03,293000318,세종70자1701,36.487237,127.301768,19.737,293064254,"법원,검찰청,경찰청",40
2026-10-09T23:16:03,293000318,세종70자1704,36.420793,127.298231,29.366,293055001,세종고속시외버스터미널(지상),69
2026-10-09T23:16:03,293000318,세종70자1703,36.388983,127.317121,32.906,186005278,반석역,21
2026-10-09T23:16:03,187000003,대전75자9110,36.34311,127.422734,2.202,187001381,솔랑마을아파트,0
2026-10-09T23:16:03,187000003,대전75자9940,36.43001,127.40577,14.196,187001386,오정농수산시장,0
2026-10-09T23:16:03,187000003,대전75자9936,36.480808,127.293873,76.04,293064214,소담동(새샘마을),0
2026-10-09T23:16:03,187000003,대전75자9935,36.5284,127.263678,37.066,293014014,"해밀동,산울동",0
2026-10-09T23:16:03,187000003,대전75자9930,36.618661,127.326974,51.99,270000635,오송역2.3.4,0
2026-10-09T23:16:03,187000003,대전75자9926,36.618877,127.326748,51.958,270000635,오송역2.3.4,0
2026-10-09T23:16:03,187000003,대전75자9921,36.48804,127.257089,71.353,293053004,"새롬동,나성동",0
2026-10-09T23:16:03,187000003,대전75자9919,36.485975,127.30131,76.959,293064216,소담동(새샘마을),0
2026-10-09T23:16:03,187000003,대전75자9918,36.443818,127.383535,87.473,186005287,국제과학비즈니스벨트,0
2026-10-09T23:16:03,187000003,대전75자9915,36.340927,127.425598,102.437,187001394,한밭자이아파트,0
2026-10-09T23:16:03,187000003,대전75자9914,36.333867,127.437311,104.27,187001395,대전역동광장,0
2026-10-09T23:16:03,271000801,충북70자7051,36.608358,127.338796,20.996,293064420,누리동,0
2026-10-09T23:16:35,293000317,세종70자1708,36.392234,127.314612,0.468,186005279,반석역,45
2026-10-09T23:16:35,293000317,세종70자1707,36.47836199,127.28839,11.991,293064210,"세종시청,시의회,교육청",22
2026-10-09T23:16:35,293000317,세종70자1702,36.537339,127.307806,21.902,293900055,용호동,69
2026-10-09T23:16:35,293000318,세종70자1705,36.619041,127.326871,0.0,270000635,오송역2.3.4,22
2026-10-09T23:16:35,293000318,세종70자1706,36.542629,127.302631,10.514,270000635,오송역2.3.4,66
2026-10-09T23:16:35,293000318,세종70자1701,36.486864,127.301545,19.834,293064254,"법원,검찰청,경찰청",40
2026-10-09T23:16:35,293000318,세종70자1704,36.414729,127.299788,30.037,293055001,세종고속시외버스터미널(지상),68
2026-10-09T23:16:35,293000318,세종70자1703,36.388983,127.317121,32.906,186005278,반석역,21
2026-10-09T23:16:35,187000003,대전75자9110,36.34311,127.422734,2.202,187001381,솔랑마을아파트,0
2026-10-09T23:16:35,187000003,대전75자9940,36.437451,127.396778,15.381,187001387,대덕산업단지,0
2026-10-09T23:16:35,187000003,대전75자9936,36.478929,127.289446,75.378,293064211,"세종시청,시의회,교육청",0
2026-10-09T23:16:35,187000003,대전75자9935,36.5284,127.263678,37.066,293014014,"해밀동,산울동",0
2026-10-09T23:16:35,187000003,대전75자9930,36.618661,127.326974,51.99,270000635,오송역2.3.4,0
2026-10-09T23:16:35,187000003,대전75자9926,36.618877,127.326748,51.958,270000635,오송역2.3.4,0
2026-10-09T23:16:35,187000003,대전75자9921,36.487243,127.257476,71.443,293053004,"새롬동,나성동",0
2026-10-09T23:16:35,187000003,대전75자9919,36.485975,127.30131,76.959,293064216,소담동(새샘마을),0
2026-10-09T23:16:35,187000003,대전75자9918,36.438266,127.395228,88.78,187001388,대덕산업단지,0
2026-10-09T23:16:35,187000003,대전75자9915,36.338227,127.429277,102.843,187001394,한밭자이아파트,0
2026-10-09T23:16:35,187000003,대전75자9914,36.333867,127.437311,104.27,187001395,대전역동광장,0
2026-10-09T23:16:35,271000801,충북70자7051,36.608358,127.338796,20.996,293064420,누리동,0
2026-10-09T23:17:05,293000317,세종70자1708,36.39594499,127.31193,0.956,186005279,반석역,60
2026-10-09T23:17:05,293000317,세종70자1707,36.47923,127.290486,12.21,293064210,"세종시청,시의회,교육청",65
2026-10-09T23:17:05,293000317,세종70자1702,36.537339,127.307806,21.902,293900055,용호동,69
2026-10-09T23:17:05,293000318,세종70자1705,36.619041,127.326871,0.0,270000635,오송역2.3.4,22
2026-10-09T23:17:05,293000318,세종70자1706,36.538994,127.303929,10.916,270000635,오송역2.3.4,63
2026-10-09T23:17:05,293000318,세종70자1701,36.48676,127.301513,19.834,293064254,"법원,검찰청,경찰청",17
2026-10-09T23:17:05,293000318,세종70자1704,36.410314,127.30143,30.55,293055001,세종고속시외버스터미널(지상),68
2026-10-09T23:17:05,293000318,세종70자1703,36.388983,127.317121,32.906,186005278,반석역,21
2026-10-09T23:17:05,187000003,대전75자9110,36.343702,127.421896,2.273,187001381,솔랑마을아파트,0
2026-10-09T23:17:05,187000003,대전75자9940,36.438003,127.395887,15.381,187001387,대덕산업단지,0
2026-10-09T23:17:05,187000003,대전75자9936,36.478508,127.288409,75.378,293064211,"세종시청,시의회,교육청",0
2026-10-09T23:17:05,187000003,대전75자9935,36.529033,127.264362,37.178,293014014,"해밀동,산울동",0
2026-10-09T23:17:05,187000003,대전75자9930,36.618661,127.326974,51.99,270000635,오송역2.3.4,0
2026-10-09T23:17:05,187000003,대전75자9926,36.618877,127.326748,51.958,270000635,오송역2.3.4,0
2026-10-09T23:17:05,187000003,대전75자9921,36.487243,127.257476,71.443,293053004,"새롬동,나성동",0
2026-10-09T23:17:05,187000003,대전75자9919,36.483364,127.306349,77.514,293064216,소담동(새샘마을),0
2026-10-09T23:17:05,187000003,대전75자9918,36.437749,127.396138,88.78,187001388,대덕산업단지,0
2026-10-09T23:17:05,187000003,대전75자9915,36.333831,127.431354,103.398,183002355,대전역,0
2026-10-09T23:17:05,187000003,대전75자9914,36.333867,127.437311,104.27,187001395,대전역동광장,0
2026-10-09T23:17:36,293000317,세종70자1708,36.399788,127.309724,1.417,186005279,반석역,68
2026-10-09T23:17:36,293000317,세종70자1707,36.482379,127.297468,12.993,293064216,소담동(새샘마을),36
2026-10-09T23:17:36,293000317,세종70자1702,36.543972,127.302329,22.963,293900055,용호동,68
2026-10-09T23:17:36,293000318,세종70자1705,36.619041,127.326871,0.0,270000635,오송역2.3.4,22
2026-10-09T23:17:36,293000318,세종70자1706,36.537141,127.304717,11.232,270000635,오송역2.3.4,28
2026-10-09T23:17:36,293000318,세종70자1701,36.483539,127.298797,20.254,293064254,"법원,검찰청,경찰청",60
2026-10-09T23:17:36,293000318,세종70자1704,36.404319,127.305523,31.303,293055001,세종고속시외버스터미널(지상),69
2026-10-09T23:17:36,293000318,세종70자1703,36.388983,127.317121,32.906,186005278,반석역,21
2026-10-09T23:17:36,187000003,대전75자9110,36.345718,127.419098,2.657,187001382,대덕구청,0
2026-10-09T23:17:36,187000003,대전75자9940,36.438003,127.395887,15.381,187001387,대덕산업단지,0
2026-10-09T23:17:36,187000003,대전75자9936,36.475828,127.282115,74.751,293064209,"보람동,대평동",0
2026-10-09T23:17:36,187000003,대전75자9935,36.529033,127.264362,37.178,293014014,"해밀동,산울동",0
2026-10-09T23:17:36,187000003,대전75자9930,36.618661,127.326974,51.99,270000635,오송역2.3.4,0
2026-10-09T23:17:36,187000003,대전75자9926,36.618877,127.326748,51.958,270000635,오송역2.3.4,0
2026-10-09T23:17:36,187000003,대전75자9921,36.481461,127.261495,72.047,293053009,한솔동,0
2026-10-09T23:17:36,187000003,대전75자9919,36.48181,127.307478,77.698,293064218,한국개발연구원(KDI),0
2026-10-09T23:17:36,187000003,대전75자9918,36.437749,127.396138,88.78,187001388,대덕산업단지,0
2026-10-09T23:17:36,187000003,대전75자9915,36.333029,127.431748,103.422,183002355,대전역,0
2026-10-09T23:17:36,187000003,대전75자9914,36.333867,127.437311,104.27,187001395,대전역동광장,0
2026-10-09T23:18:07,293000317,세종70자1708,36.40567699,127.304464,2.224,186005279,반석역,68
2026-10-09T23:18:07,293000317,세종70자1707,36.48270999,127.297921,12.993,293064216,소담동(새샘마을),29
2026-10-09T23:18:07,293000317,세종70자1702,36.549234,127.301273,23.708,293900055,용호동,68
2026-10-09T23:18:07,293000318,세종70자1705,36.619041,127.326871,0.0,270000635,오송역2.3.4,22
2026-10-09T23:18:07,293000318,세종70자1706,36.536481,127.311729,11.894,293900054,용호동,68
2026-10-09T23:18:07,293000318,세종70자1701,36.482379,127.297176,20.435,293064214,소담동(새샘마을),34
2026-10-09T23:18:07,293000318,세종70자1704,36.401972,127.307655,31.907,293055001,세종고속시외버스터미널(지상),68
2026-10-09T23:18:07,293000318,세종70자1703,36.388983,127.317121,32.906,186005278,반석역,21
2026-10-09T23:18:07,187000003,대전75자9110,36.346102,127.41858,2.717,187001382,대덕구청,0
2026-10-09T23:18:07,187000003,대전75자9940,36.438003,127.395887,15.381,187001387,대덕산업단지,0
2026-10-09T23:18:07,187000003,대전75자9936,36.475418,127.281342,74.751,293064209,"보람동,대평동",0
2026-10-09T23:18:07,187000003,대전75자9935,36.529033,127.264362,37.178,293014014,"해밀동,산울동",0
2026-10-09T23:18:07,187000003,대전75자9926,36.618877,127.326748,51.958,270000635,오송역2.3.4,0
2026-10-09T23:18:07,187000003,대전75자9930,36.618661,127.326974,51.99,270000635,오송역2.3.4,0
2026-10-09T23:18:07,187000003,대전75자9921,36.481461,127.261495,72.047,293053009,한솔동,0
2026-10-09T23:18:07,187000003,대전75자9919,36.480929,127.307765,77.914,293064218,한국개발연구원(KDI),0
2026-10-09T23:18:07,187000003,대전75자9918,36.430107,127.405534,90.041,187001388,대덕산업단지,0
2026-10-09T23:18:07,187000003,대전75자9915,36.333029,127.431748,103.422,183002355,대전역,0
2026-10-09T23:18:38,293000317,세종70자1708,36.410482,127.301444,2.823,186005279,반석역,69
2026-10-09T23:18:38,293000317,세종70자1707,36.484112,127.299605,13.195,293064216,소담동(새샘마을),49
2026-10-09T23:18:38,293000317,세종70자1702,36.554319,127.302201,24.033,293900055,용호동,68
2026-10-09T23:18:38,293000318,세종70자1705,36.619041,127.326871,0.0,270000635,오송역2.3.4,22
2026-10-09T23:18:38,293000318,세종70자1706,36.53431,127.316647,12.344,293900054,용호동,72
2026-10-09T23:18:38,293000318,세종70자1701,36.481661,127.295852,20.568,293064214,소담동(새샘마을),255
2026-10-09T23:18:38,293000318,세종70자1704,36.397724,127.310821,32.082,293055001,세종고속시외버스터미널(지상),61
2026-10-09T23:18:38,293000318,세종70자1703,36.388983,127.317121,32.906,186005278,반석역,21
2026-10-09T23:18:38,187000003,대전75자9110,36.346102,127.41858,2.717,187001382,대덕구청,0
2026-10-09T23:18:38,187000003,대전75자9940,36.443916,127.384037,16.77,187001387,대덕산업단지,0
2026-10-09T23:18:38,187000003,대전75자9936,36.473346,127.278116,74.412,293064209,"보람동,대평동",0
2026-10-09T23:18:38,187000003,대전75자9935,36.529033,127.264362,37.178,293014014,"해밀동,산울동",0
2026-10-09T23:18:38,187000003,대전75자9926,36.618877,127.326748,51.958,270000635,오송역2.3.4,0
2026-10-09T23:18:38,187000003,대전75자9930,36.618661,127.326974,51.99,270000635,오송역2.3.4,0
2026-10-09T23:18:38,187000003,대전75자9921,36.48063,127.262066,72.047,293053009,한솔동,0
2026-10-09T23:18:38,187000003,대전75자9919,36.478389,127.309885,78.174,293064218,한국개발연구원(KDI),0
2026-10-09T23:18:38,187000003,대전75자9918,36.430107,127.405534,90.041,187001388,대덕산업단지,0
2026-10-09T23:18:38,187000003,대전75자9915,36.33141,127.432483,103.644,183002355,대전역,0
2026-10-09T23:19:08,293000317,세종70자1708,36.414278,127.300003,3.292,186005279,반석역,69
2026-10-09T23:19:08,293000317,세종70자1707,36.485918,127.301097,13.469,293064216,소담동(새샘마을),3
2026-10-09T23:19:08,293000317,세종70자1702,36.559278,127.303908,24.64,293900055,용호동,68
2026-10-09T23:19:08,293000318,세종70자1705,36.619041,127.326871,0.0,270000635,오송역2.3.4,22
2026-10-09T23:19:08,293000318,세종70자1706,36.531777,127.320205,12.787,293064493,다솜동,69
2026-10-09T23:19:08,293000318,세종70자1701,36.47883499,127.289201,21.344,293064211,"세종시청,시의회,교육청",38
2026-10-09T23:19:08,293000318,세종70자1704,36.396137,127.311718,32.417,293055001,세종고속시외버스터미널(지상),61
2026-10-09T23:19:08,293000318,세종70자1703,36.388983,127.317121,32.906,186005278,반석역,21
2026-10-09T23:19:08,187000003,대전75자9110,36.348137,127.416086,3.07,187001382,대덕구청,0
2026-10-09T23:19:08,187000003,대전75자9940,36.443916,127.384037,16.77,187001387,대덕산업단지,0
2026-10-09T23:19:08,187000003,대전75자9936,36.47248,127.276378,74.133,293064251,대평동,0
2026-10-09T23:19:08,187000003,대전75자9935,36.533706,127.274805,38.198,293014025,한별동,0
2026-10-09T23:19:08,187000003,대전75자9926,36.617473,127.328105,52.19,270000635,오송역2.3.4,0
2026-10-09T23:19:08,187000003,대전75자9930,36.618661,127.326974,51.99,270000635,오송역2.3.4,0
2026-10-09T23:19:08,187000003,대전75자9921,36.48063,127.262066,72.047,293053009,한솔동,0
2026-10-09T23:19:08,187000003,대전75자9919,36.478389,127.309885,78.174,293064218,한국개발연구원(KDI),0
2026-10-09T23:19:08,187000003,대전75자9918,36.424054,127.413807,91.056,187001388,대덕산업단지,0
2026-10-09T23:19:08,187000003,대전75자9915,36.332902,127.437456,104.185,183002355,대전역,0
2026-10-09T23:19:39,293000317,세종70자1708,36.416318,127.29954,3.514,186005279,반석역,68
2026-10-09T23:19:39,293000317,세종70자1707,36.485927,127.301103,13.469,293064216,소담동(새샘마을),3
2026-10-09T23:19:39,293000317,세종70자1702,36.56436699,127.308195,25.379,293900055,용호동,68
2026-10-09T23:19:39,293000318,세종70자1705,36.618869,127.326989,0.0,270000635,오송역2.3.4,23
2026-10-09T23:19:39,293000318,세종70자1706,36.528368,127.324401,13.406,293064493,다솜동,64
2026-10-09T23:19:39,293000318,세종70자1701,36.478264,127.28782,21.344,293064211,"세종시청,시의회,교육청",51
2026-10-09T23:19:39,293000318,세종70자1704,36.39519,127.312407,32.475,293055001,세종고속시외버스터미널(지상),51
2026-10-09T23:19:39,293000318,세종70자1703,36.388983,127.317121,32.906,186005278,반석역,21
2026-10-09T23:19:39,187000003,대전75자9110,36.349307,127.414657,3.177,187001383,한남오거리(BRT),0
2026-10-09T23:19:39,187000003,대전75자9940,36.443916,127.384037,16.77,187001387,대덕산업단지,0
2026-10-09T23:19:39,187000003,대전75자9936,36.471568,127.273466,73.95,293064220,세종고속시외버스터미널(지하),0
2026-10-09T23:19:39,187000003,대전75자9935,36.533899,127.27589,38.366,293014025,한별동,0
2026-10-09T23:19:39,187000003,대전75자9930,36.618661,127.326974,51.99,270000635,오송역2.3.4,0
2026-10-09T23:19:39,187000003,대전75자9926,36.616965,127.328672,52.19,974019920,오송역2.3.4(미정차),0
2026-10-09T23:19:39,187000003,대전75자9921,36.48063,127.262066,72.047,293053009,한솔동,0
2026-10-09T23:19:39,187000003,대전75자9919,36.478389,127.309885,78.174,293064218,한국개발연구원(KDI),0
2026-10-09T23:19:39,187000003,대전75자9918,36.424054,127.413807,91.056,187001388,대덕산업단지,0
2026-10-09T23:19:39,187000003,대전75자9915,36.333884,127.437329,104.27,187001395,대전역동광장,0
2026-10-09T23:20:10,293000317,세종70자1708,36.424462,127.294389,3.537,186005279,반석역,69
2026-10-09T23:20:10,293000317,세종70자1707,36.486707,127.30162,13.511,293064253,"법원,검찰청,경찰청",32
2026-10-09T23:20:10,293000317,세종70자1702,36.567342,127.3114,25.379,293900055,용호동,68
2026-10-09T23:20:10,293000318,세종70자1705,36.61934,127.32698,0.025,270000635,오송역2.3.4,23
2026-10-09T23:20:10,293000318,세종70자1706,36.525291,127.328182,13.842,293064493,다솜동,68
2026-10-09T23:20:10,293000318,세종70자1701,36.475661,127.281792,22.012,293064209,"보람동,대평동",41
2026-10-09T23:20:10,293000318,세종70자1703,36.388983,127.317121,32.906,186005278,반석역,21
2026-10-09T23:20:10,293000318,세종70자1704,36.392488,127.31439,32.906,186005278,반석역,32
2026-10-09T23:20:10,187000003,대전75자9110,36.351384,127.412055,3.606,187001384,오정동행정복지센터,0
2026-10-09T23:20:10,187000003,대전75자9940,36.443916,127.384037,16.77,187001387,대덕산업단지,0
2026-10-09T23:20:10,187000003,대전75자9936,36.471568,127.273466,73.95,293064220,세종고속시외버스터미널(지하),0
2026-10-09T23:20:10,187000003,대전75자9935,36.533899,127.27589,38.366,293014025,한별동,0
2026-10-09T23:20:10,187000003,대전75자9930,36.618661,127.326974,51.99,270000635,오송역2.3.4,0
2026-10-09T23:20:10,187000003,대전75자9926,36.616291,127.329416,52.19,974019920,오송역2.3.4(미정차),0
2026-10-09T23:20:10,187000003,대전75자9921,36.470954,127.270869,73.682,293053009,한솔동,0
2026-10-09T23:20:10,187000003,대전75자9919,36.478389,127.309885,78.174,293064218,한국개발연구원(KDI),0
2026-10-09T23:20:10,187000003,대전75자9918,36.415646,127.421109,92.207,187001388,대덕산업단지,0
2026-10-09T23:20:10,187000003,대전75자9915,36.333884,127.437329,104.27,187001395,대전역동광장,0
2026-10-09T23:20:41,293000317,세종70자1708,36.426591,127.291539,4.901,186005279,반석역,69
2026-10-09T23:20:41,293000317,세종70자1707,36.48976,127.302946,13.884,293064253,"법원,검찰청,경찰청",55
2026-10-09T23:20:41,293000317,세종70자1702,36.572647,127.317118,26.587,293900055,용호동,69
2026-10-09T23:20:41,293000318,세종70자1705,36.61934,127.32698,0.025,270000635,오송역2.3.4,23
2026-10-09T23:20:41,293000318,세종70자1706,36.519886,127.330707,14.44,293064493,다솜동,69
2026-10-09T23:20:41,293000318,세종70자1701,36.475149,127.280827,22.078,293064209,"보람동,대평동",47
2026-10-09T23:20:41,293000318,세종70자1703,36.388983,127.317121,32.906,186005278,반석역,21
2026-10-09T23:20:41,293000318,세종70자1704,36.39157,127.315014,32.906,186005278,반석역,50
2026-10-09T23:20:41,187000003,대전75자9110,36.353016,127.410016,3.811,187001384,오정동행정복지센터,0
2026-10-09T23:20:41,187000003,대전75자9940,36.453852,127.370046,18.712,187001387,대덕산업단지,0
2026-10-09T23:20:41,187000003,대전75자9936,36.471568,127.273466,73.95,293064220,세종고속시외버스터미널(지하),0
2026-10-09T23:20:41,187000003,대전75자9935,36.533946,127.291693,39.815,293064420,누리동,0
2026-10-09T23:20:41,187000003,대전75자9930,36.618661,127.326974,51.99,270000635,오송역2.3.4,0
2026-10-09T23:20:41,187000003,대전75자9926,36.608614,127.338509,53.548,974019920,오송역2.3.4(미정차),0
2026-10-09T23:20:41,187000003,대전75자9921,36.470686,127.273,73.866,293064221,세종고속시외버스터미널(지하),0
2026-10-09T23:20:41,187000003,대전75자9919,36.474432,127.333792,80.933,293064218,한국개발연구원(KDI),0
2026-10-09T23:20:41,187000003,대전75자9918,36.405809,127.416714,93.385,187001388,대덕산업단지,0
2026-10-09T23:20:41,187000003,대전75자9915,36.333855,127.437119,104.27,187001395,대전역동광장,0
2026-10-09T23:21:11,293000317,세종70자1708,36.432308,127.286528,5.7,186005279,반석역,69
2026-10-09T23:21:11,293000317,세종70자1707,36.491592,127.304208,14.305,293064255,국책연구단지,41
2026-10-09T23:21:11,293000317,세종70자1702,36.575288,127.319552,26.972,293900055,용호동,69
2026-10-09T23:21:11,293000318,세종70자1705,36.61934,127.32698,0.025,270000635,오송역2.3.4,23
2026-10-09T23:21:11,293000318,세종70자1706,36.515441,127.330312,14.915,293064493,다솜동,68
2026-10-09T23:21:11,293000318,세종70자1701,36.47222099,127.276365,22.707,293064251,대평동,30
2026-10-09T23:21:11,293000318,세종70자1703,36.388983,127.317121,32.906,186005278,반석역,21
2026-10-09T23:21:11,293000318,세종70자1704,36.388026,127.317652,32.906,186005278,반석역,36
2026-10-09T23:21:11,187000003,대전75자9110,36.354714,127.4079,4.079,187001385,오정농수산오거리,0
2026-10-09T23:21:11,187000003,대전75자9940,36.453852,127.370046,18.712,187001387,대덕산업단지,0
2026-10-09T23:21:11,187000003,대전75자9936,36.471568,127.273466,73.95,293064220,세종고속시외버스터미널(지하),0
2026-10-09T23:21:11,187000003,대전75자9935,36.533946,127.291693,39.815,293064420,누리동,0
2026-10-09T23:21:11,187000003,대전75자9926,36.608614,127.338509,53.548,974019920,오송역2.3.4(미정차),0
2026-10-09T23:21:11,187000003,대전75자9921,36.470877,127.273701,73.913,293064221,세종고속시외버스터미널(지하),0
2026-10-09T23:21:11,187000003,대전75자9919,36.474432,127.333792,80.933,293064218,한국개발연구원(KDI),0
2026-10-09T23:21:11,187000003,대전75자9918,36.405809,127.416714,93.385,187001388,대덕산업단지,0
2026-10-09T23:21:11,187000003,대전75자9915,36.333855,127.437119,104.27,187001395,대전역동광장,0
2026-10-09T23:21:42,293000317,세종70자1708,36.438687,127.286085,6.403,186005279,반석역,69
2026-10-09T23:21:42,293000317,세종70자1707,36.496326,127.307505,14.749,293064255,국책연구단지,73
2026-10-09T23:21:42,293000317,세종70자1702,36.582735,127.32175,27.514,293900055,용호동,68
2026-10-09T23:21:42,293000318,세종70자1705,36.61934,127.32698,0.025,270000635,오송역2.3.4,23
2026-10-09T23:21:42,293000318,세종70자1706,36.510309,127.329837,15.57,293064493,다솜동,68
2026-10-09T23:21:42,293000318,세종70자1701,36.470777,127.273389,22.939,293064251,대평동,3
2026-10-09T23:21:42,293000318,세종70자1703,36.388983,127.317121,32.906,186005278,반석역,21
2026-10-09T23:21:42,293000318,세종70자1704,36.3877,127.317889,32.906,186005278,반석역,36
2026-10-09T23:21:42,187000003,대전75자9110,36.358256,127.404845,4.571,187001386,오정농수산시장,0
2026-10-09T23:21:42,187000003,대전75자9940,36.453852,127.370046,18.712,187001387,대덕산업단지,0
2026-10-09T23:21:42,187000003,대전75자9936,36.479979,127.262639,72.047,293053011,한솔동,0
2026-10-09T23:21:42,187000003,대전75자9935,36.53434,127.294968,40.071,293064420,누리동,0
2026-10-09T23:21:42,187000003,대전75자9926,36.595421,127.331392,54.403,974019920,오송역2.3.4(미정차),0
2026-10-09T23:21:42,187000003,대전75자9921,36.472207,127.276233,74.133,293064252,대평동,0
2026-10-09T23:21:42,187000003,대전75자9919,36.474432,127.333792,80.933,293064218,한국개발연구원(KDI),0
2026-10-09T23:21:42,187000003,대전75자9918,36.393056,127.413105,94.844,187001388,대덕산업단지,0
2026-10-09T23:21:42,187000003,대전75자9915,36.333855,127.437119,104.27,187001395,대전역동광장,0
2026-10-09T23:22:13,293000317,세종70자1708,36.443882,127.286022,6.94,186005279,반석역,69
2026-10-09T23:22:13,293000317,세종70자1707,36.49749,127.311029,15.135,293064258,반곡동(수루배마을),8
2026-10-09T23:22:13,293000317,세종70자1702,36.587755,127.323065,27.514,293900055,용호동,68
2026-10-09T23:22:13,293000318,세종70자1705,36.619295,127.327026,0.025,270000635,오송역2.3.4,6
2026-10-09T23:22:13,293000318,세종70자1706,36.501864,127.328902,16.449,293064416,세종공동캠퍼스,40
2026-10-09T23:22:13,293000318,세종70자1701,36.469368,127.27383,23.078,293055001,세종고속시외버스터미널(지상),35
2026-10-09T23:22:13,293000318,세종70자1703,36.388983,127.317121,32.906,186005278,반석역,21
2026-10-09T23:22:13,293000318,세종70자1704,36.3877,127.317889,32.906,186005278,반석역,36
2026-10-09T23:22:13,187000003,대전75자9110,36.358256,127.404845,4.571,187001386,오정농수산시장,0
2026-10-09T23:22:13,187000003,대전75자9940,36.46688,127.365397,83.955,186005286,국제과학비즈니스벨트,0
2026-10-09T23:22:13,187000003,대전75자9936,36.480733,127.262102,72.047,293053011,한솔동,0
2026-10-09T23:22:13,187000003,대전75자9935,36.53434,127.294968,40.071,293064420,누리동,0
2026-10-09T23:22:13,187000003,대전75자9926,36.595421,127.331392,55.294,974019920,오송역2.3.4(미정차),0
2026-10-09T23:22:13,187000003,대전75자9921,36.474745,127.280295,74.751,293064206,"보람동,대평동",0
2026-10-09T23:22:13,187000003,대전75자9919,36.468548,127.359811,83.429,293064218,한국개발연구원(KDI),0
2026-10-09T23:22:13,187000003,대전75자9918,36.393056,127.413105,94.844,187001388,대덕산업단지,0
2026-10-09T23:22:13,187000003,대전75자9915,36.333855,127.437119,104.27,187001395,대전역동광장,0
2026-10-09T23:22:44,293000317,세종70자1708,36.448884,127.28589,7.575,186005279,반석역,68
2026-10-09T23:22:44,293000317,세종70자1707,36.497509,127.311147,15.135,293064258,반곡동(수루배마을),8
2026-10-09T23:22:44,293000317,세종70자1702,36.589713,127.325129,28.868,293900055,용호동,68
2026-10-09T23:22:44,293000318,세종70자1705,36.619231,127.326212,0.174,270000635,오송역2.3.4,25
2026-10-09T23:22:44,293000318,세종70자1706,36.50136599,127.328642,16.537,293064416,세종공동캠퍼스,35
2026-10-09T23:22:44,293000318,세종70자1701,36.469368,127.27383,23.078,293055001,세종고속시외버스터미널(지상),35
2026-10-09T23:22:44,293000318,세종70자1703,36.388983,127.317121,32.906,186005278,반석역,21
2026-10-09T23:22:44,293000318,세종70자1704,36.385589,127.319489,32.906,186005278,반석역,64
2026-10-09T23:22:44,293000363,세종70자1726,36.619151,127.326581,0.174,270000635,오송역2.3.4,11
2026-10-09T23:22:44,187000003,대전75자9110,36.360975,127.402279,4.985,187001386,오정농수산시장,0
2026-10-09T23:22:44,187000003,대전75자9940,36.468436,127.360356,83.429,186005286,국제과학비즈니스벨트,0
2026-10-09T23:22:44,187000003,대전75자9936,36.486511,127.257984,71.529,293053005,"새롬동,나성동",0
2026-10-09T23:22:44,187000003,대전75자9935,36.537031999999996,127.30443,40.984,293064420,누리동,0
2026-10-09T23:22:44,187000003,대전75자9926,36.588664,127.323656,56.437,974019920,오송역2.3.4(미정차),0
2026-10-09T23:22:44,187000003,대전75자9921,36.475135,127.280815,74.751,293064206,"보람동,대평동",0
2026-10-09T23:22:44,187000003,대전75자9919,36.467209,127.364075,83.955,186005287,국제과학비즈니스벨트,0
2026-10-09T23:22:44,187000003,대전75자9918,36.382913,127.41251,95.992,187001388,대덕산업단지,0
2026-10-09T23:22:44,187000003,대전75자9915,36.333855,127.437119,104.27,187001395,대전역동광장,0
2026-10-09T23:23:14,293000317,세종70자1708,36.453874,127.284388,8.034,186005279,반석역,68
2026-10-09T23:23:14,293000317,세종70자1707,36.497501,127.311143,15.135,293064258,반곡동(수루배마을),8
2026-10-09T23:23:14,293000317,세종70자1702,36.593443,127.329812,29.6,293900055,용호동,68
2026-10-09T23:23:14,293000318,세종70자1705,36.618706,127.326813,0.0,270000635,오송역2.3.4,25
2026-10-09T23:23:14,293000318,세종70자1706,36.499328,127.326481,16.849,293064416,세종공동캠퍼스,53
2026-10-09T23:23:14,293000318,세종70자1701,36.469368,127.27383,23.078,293055001,세종고속시외버스터미널(지상),35
2026-10-09T23:23:14,293000318,세종70자1703,36.388983,127.317121,32.906,186005278,반석역,21
2026-10-09T23:23:14,293000363,세종70자1726,36.619007,127.327094,0.0,270000635,오송역2.3.4,28
2026-10-09T23:23:14,187000003,대전75자9110,36.36312,127.399795,5.307,187001386,오정농수산시장,0
2026-10-09T23:23:14,187000003,대전75자9940,36.468436,127.360356,83.429,186005286,국제과학비즈니스벨트,0
2026-10-09T23:23:14,187000003,대전75자9936,36.487341,127.257558,71.443,293053005,"새롬동,나성동",0
2026-10-09T23:23:14,187000003,대전75자9935,36.537031999999996,127.30443,40.984,293064420,누리동,0
2026-10-09T23:23:14,187000003,대전75자9926,36.588664,127.323656,56.437,974019920,오송역2.3.4(미정차),0
2026-10-09T23:23:14,187000003,대전75자9921,36.475135,127.280815,74.751,293064206,"보람동,대평동",0
2026-10-09T23:23:14,187000003,대전75자9919,36.467209,127.364075,83.955,186005287,국제과학비즈니스벨트,0
2026-10-09T23:23:14,187000003,대전75자9918,36.382913,127.41251,95.992,187001388,대덕산업단지,0
2026-10-09T23:23:14,187000003,대전75자9915,36.333855,127.437119,104.27,187001395,대전역동광장,0
2026-10-09T23:23:45,293000317,세종70자1708,36.458802,127.280449,8.78,186005279,반석역,69
2026-10-09T23:23:45,293000317,세종70자1707,36.49768,127.31373,15.332,293064258,반곡동(수루배마을),67
2026-10-09T23:23:45,293000317,세종70자1702,36.597577,127.333628,30.131,293900055,용호동,68
2026-10-09T23:23:45,293000318,세종70자1705,36.616349,127.329368,0.625,270000635,오송역2.3.4,69
2026-10-09T23:23:45,293000318,세종70자1706,36.498775,127.32523,16.968,293064416,세종공동캠퍼스,53
2026-10-09T23:23:45,293000318,세종70자1701,36.468986,127.274651,23.194,293055001,세종고속시외버스터미널(지상),26
2026-10-09T23:23:45,293000318,세종70자1703,36.388983,127.317121,32.906,186005278,반석역,21
2026-10-09T23:23:45,293000363,세종70자1726,36.619322,127.326993,0.025,270000635,오송역2.3.4,28
2026-10-09T23:23:45,187000003,대전75자9110,36.36312,127.399795,5.307,187001386,오정농수산시장,0
2026-10-09T23:23:45,187000003,대전75자9940,36.468436,127.360356,83.429,186005286,국제과학비즈니스벨트,0
2026-10-09T23:23:45,187000003,대전75자9936,36.490609,127.256074,71.328,293053005,"새롬동,나성동",0
2026-10-09T23:23:45,187000003,대전75자9935,36.537031999999996,127.30443,40.984,293064420,누리동,0
2026-10-09T23:23:45,187000003,대전75자9926,36.575592,127.319633,57.818,974019920,오송역2.3.4(미정차),0
2026-10-09T23:23:45,187000003,대전75자9921,36.475135,127.280815,74.751,293064206,"보람동,대평동",0
2026-10-09T23:23:45,187000003,대전75자9919,36.467209,127.364075,83.955,186005287,국제과학비즈니스벨트,0
2026-10-09T23:23:45,187000003,대전75자9918,36.374626,127.40375,97.317,187001388,대덕산업단지,0
2026-10-09T23:23:45,187000003,대전75자9915,36.333855,127.437119,104.27,187001395,대전역동광장,0
2026-10-09T23:24:16,293000317,세종70자1708,36.46266399,127.276558,9.365,186005279,반석역,68
2026-10-09T23:24:16,293000317,세종70자1707,36.497499,127.317737,15.685,293064258,반곡동(수루배마을),45
2026-10-09T23:24:16,293000317,세종70자1702,36.601315,127.33804,30.72,293900055,용호동,68
2026-10-09T23:24:16,293000318,세종70자1705,36.612522,127.333638,1.19,270000635,오송역2.3.4,69
2026-10-09T23:24:16,293000318,세종70자1706,36.498657,127.324781,16.983,293064416,세종공동캠퍼스,40
2026-10-09T23:24:16,293000318,세종70자1701,36.467312,127.274971,23.46,293055001,세종고속시외버스터미널(지상),44
2026-10-09T23:24:16,293000318,세종70자1703,36.388983,127.317121,32.906,186005278,반석역,21
2026-10-09T23:24:16,293000363,세종70자1726,36.619322,127.326993,0.025,270000635,오송역2.3.4,28
2026-10-09T23:24:16,187000003,대전75자9110,36.36312,127.399795,5.307,187001386,오정농수산시장,0
2026-10-09T23:24:16,187000003,대전75자9940,36.468436,127.360356,83.429,186005286,국제과학비즈니스벨트,0
2026-10-09T23:24:16,187000003,대전75자9936,36.493488,127.256388,71.32,293054003,다정동,0
2026-10-09T23:24:16,187000003,대전75자9935,36.551222,127.301456,42.558,293064420,누리동,0
2026-10-09T23:24:16,187000003,대전75자9926,36.575592,127.319633,57.818,974019920,오송역2.3.4(미정차),0
2026-10-09T23:24:16,187000003,대전75자9921,36.478055,127.287612,75.378,293064210,"세종시청,시의회,교육청",0
2026-10-09T23:24:16,187000003,대전75자9919,36.454361,127.369657,85.478,186005287,국제과학비즈니스벨트,0
2026-10-09T23:24:16,187000003,대전75자9918,36.374626,127.40375,97.317,187001388,대덕산업단지,0
2026-10-09T23:24:16,187000003,대전75자9915,36.333855,127.437119,104.27,187001395,대전역동광장,0
2026-10-09T23:24:47,293000317,세종70자1708,36.467475,127.275114,9.907,186005279,반석역,50
2026-10-09T23:24:47,293000317,세종70자1707,36.49788,127.321815,16.109,293064419,집현동,25
2026-10-09T23:24:47,293000317,세종70자1702,36.608527,127.338716,31.423,293900055,용호동,69
2026-10-09T23:24:47,293000318,세종70자1705,36.608258,127.338851,1.446,270000635,오송역2.3.4,68
2026-10-09T23:24:47,293000318,세종70자1706,36.498068,127.322351,17.226,293064418,집현동,45
2026-10-09T23:24:47,293000318,세종70자1701,36.462369,127.276622,24.041,293055001,세종고속시외버스터미널(지상),68
2026-10-09T23:24:47,293000318,세종70자1703,36.388983,127.317121,32.906,186005278,반석역,21
2026-10-09T23:24:47,293000363,세종70자1726,36.619322,127.326993,0.025,270000635,오송역2.3.4,28
2026-10-09T23:24:47,187000003,대전75자9110,36.36312,127.399795,5.307,187001386,오정농수산시장,0
2026-10-09T23:24:47,187000003,대전75자9940,36.468436,127.360356,83.429,186005286,국제과학비즈니스벨트,0
2026-10-09T23:24:47,187000003,대전75자9936,36.494447,127.256517,71.32,293054003,다정동,0
2026-10-09T23:24:47,187000003,대전75자9935,36.551222,127.301456,42.558,293064420,누리동,0
2026-10-09T23:24:47,187000003,대전75자9926,36.565498,127.309239,59.446,974019920,오송역2.3.4(미정차),0
2026-10-09T23:24:47,187000003,대전75자9921,36.478443,127.288634,75.378,293064210,"세종시청,시의회,교육청",0
2026-10-09T23:24:47,187000003,대전75자9919,36.454361,127.369657,85.478,186005287,국제과학비즈니스벨트,0
2026-10-09T23:24:47,187000003,대전75자9918,36.374626,127.40375,97.317,187001388,대덕산업단지,0
2026-10-09T23:24:47,187000003,대전75자9915,36.333855,127.437119,104.27,187001395,대전역동광장,0
2026-10-09T23:24:47,187000003,대전75자9912,36.333835,127.437122,104.27,187001395,대전역동광장,0
2026-10-09T23:25:18,293000317,세종70자1708,36.469036,127.274932,10.113,186005279,반석역,50
2026-10-09T23:25:18,293000317,세종70자1707,36.498762,127.32538,16.37,293064419,집현동,50
2026-10-09T23:25:18,293000317,세종70자1702,36.610554,127.336105,31.923,293900055,용호동,68
2026-10-09T23:25:18,293000318,세종70자1705,36.604149,127.33982,1.446,270000635,오송역2.3.4,68
2026-10-09T23:25:18,293000318,세종70자1706,36.497678,127.319835,17.394,293064418,집현동,51
2026-10-09T23:25:18,293000318,세종70자1701,36.458528,127.280541,24.593,293055001,세종고속시외버스터미널(지상),68
2026-10-09T23:25:18,293000318,세종70자1703,36.388983,127.317121,32.906,186005278,반석역,21
2026-10-09T23:25:18,293000363,세종70자1726,36.619293,127.326988,0.025,270000635,오송역2.3.4,28
2026-10-09T23:25:18,187000003,대전75자9110,36.37405,127.403654,6.855,187001386,오정농수산시장,0
2026-10-09T23:25:18,187000003,대전75자9940,36.474467,127.334309,80.933,186005286,국제과학비즈니스벨트,0
2026-10-09T23:25:18,187000003,대전75자9936,36.498001,127.257971,33.527,293054003,다정동,0
2026-10-09T23:25:18,187000003,대전75자9935,36.565168,127.309038,44.229,293064420,누리동,0
2026-10-09T23:25:18,187000003,대전75자9926,36.565498,127.309239,59.446,974019920,오송역2.3.4(미정차),0
2026-10-09T23:25:18,187000003,대전75자9921,36.48123,127.295016,76.255,293064210,"세종시청,시의회,교육청",0
2026-10-09T23:25:18,187000003,대전75자9919,36.454361,127.369657,85.478,186005287,국제과학비즈니스벨트,0
2026-10-09T23:25:18,187000003,대전75자9918,36.363334,127.399437,98.958,187001388,대덕산업단지,0
2026-10-09T23:25:18,187000003,대전75자9915,36.333855,127.437119,104.27,187001395,대전역동광장,0
2026-10-09T23:25:18,187000003,대전75자9912,36.333835,127.437122,104.27,187001395,대전역동광장,0
2026-10-09T23:25:48,293000317,세종70자1708,36.46975,127.273828,10.269,293055002,세종고속시외버스터미널(지상),35
2026-10-09T23:25:48,293000317,세종70자1707,36.500873,127.328371,16.802,293064417,세종공동캠퍼스,38
2026-10-09T23:25:48,293000317,세종70자1702,36.614317,127.331762,32.499,293900055,용호동,68
2026-10-09T23:25:48,293000318,세종70자1705,36.600012,127.336195,2.119,270000635,오송역2.3.4,68
2026-10-09T23:25:48,293000318,세종70자1706,36.497586,127.318031,17.65,293064418,집현동,51
2026-10-09T23:25:48,293000318,세종70자1701,36.454585,127.283828,25.334,293055001,세종고속시외버스터미널(지상),68
2026-10-09T23:25:48,293000318,세종70자1703,36.388983,127.317121,32.906,186005278,반석역,21
2026-10-09T23:25:48,293000363,세종70자1726,36.61811999,127.327388,0.354,270000635,오송역2.3.4,50
2026-10-09T23:25:48,187000003,대전75자9110,36.37405,127.403654,6.855,187001386,오정농수산시장,0
2026-10-09T23:25:48,187000003,대전75자9940,36.474467,127.334309,80.933,186005286,국제과학비즈니스벨트,0
2026-10-09T23:25:48,187000003,대전75자9936,36.500457,127.259438,33.779,293062006,정부세종청사 남측,0
2026-10-09T23:25:48,187000003,대전75자9935,36.565168,127.309038,44.229,293064420,누리동,0
2026-10-09T23:25:48,187000003,대전75자9926,36.565498,127.309239,59.446,974019920,오송역2.3.4(미정차),0
2026-10-09T23:25:48,187000003,대전75자9921,36.482309,127.297173,76.352,293064216,소담동(새샘마을),0
2026-10-09T23:25:48,187000003,대전75자9919,36.443818,127.383605,87.473,186005287,국제과학비즈니스벨트,0
2026-10-09T23:25:48,187000003,대전75자9918,36.358705,127.404249,99.616,187001388,대덕산업단지,0
2026-10-09T23:25:48,187000003,대전75자9912,36.333835,127.437122,104.27,187001395,대전역동광장,0
2026-10-09T23:26:19,293000317,세종70자1708,36.470829,127.27389,10.454,293055002,세종고속시외버스터미널(지상),19
2026-10-09T23:26:19,293000317,세종70자1707,36.500873,127.328371,16.802,293064417,세종공동캠퍼스,38
2026-10-09T23:26:19,293000317,세종70자1702,36.61829,127.327369,33.079,293900055,용호동,36
2026-10-09T23:26:19,293000318,세종70자1705,36.596119,127.332039,2.933,270000635,오송역2.3.4,68
2026-10-09T23:26:19,293000318,세종70자1706,36.497616,127.316719,17.651,293064418,집현동,56
2026-10-09T23:26:19,293000318,세종70자1701,36.449499,127.285675,25.803,293055001,세종고속시외버스터미널(지상),68
2026-10-09T23:26:19,293000318,세종70자1703,36.388983,127.317121,32.906,186005278,반석역,21
2026-10-09T23:26:19,293000363,세종70자1726,36.614101,127.331834,0.935,270000635,오송역2.3.4,67
2026-10-09T23:26:19,187000003,대전75자9110,36.382517,127.412566,8.216,187001386,오정농수산시장,0
2026-10-09T23:26:19,187000003,대전75자9940,36.474467,127.334309,80.933,186005286,국제과학비즈니스벨트,0
2026-10-09T23:26:19,187000003,대전75자9936,36.501269,127.259848,33.827,293062006,정부세종청사 남측,0
2026-10-09T23:26:19,187000003,대전75자9935,36.575239,127.319511,45.822,293064420,누리동,0
2026-10-09T23:26:19,187000003,대전75자9926,36.551591,127.301348,60.981,974019920,오송역2.3.4(미정차),0
2026-10-09T23:26:19,187000003,대전75자9921,36.482863,127.298115,76.483,293064216,소담동(새샘마을),0
2026-10-09T23:26:19,187000003,대전75자9919,36.443818,127.383605,87.473,186005287,국제과학비즈니스벨트,0
2026-10-09T23:26:19,187000003,대전75자9918,36.358705,127.404249,99.616,187001388,대덕산업단지,0
2026-10-09T23:26:19,187000003,대전75자9912,36.333371,127.437536,104.21,187001395,대전역동광장,0
2026-10-09T23:26:50,293000317,세종70자1708,36.472426,127.276798,10.883,293064252,대평동,39
2026-10-09T23:26:50,293000317,세종70자1707,36.500873,127.328371,16.802,293064417,세종공동캠퍼스,38
2026-10-09T23:26:50,293000317,세종70자1702,36.619421,127.326563,33.214,270054837,오송역종점,27
2026-10-09T23:26:50,293000318,세종70자1705,36.591975,127.328238,4.032,270000635,오송역2.3.4,68
2026-10-09T23:26:50,293000318,세종70자1706,36.497655,127.311347,18.2,293064257,반곡동(수루배마을),50
2026-10-09T23:26:50,293000318,세종70자1701,36.444363,127.285873,26.406,293055001,세종고속시외버스터미널(지상),68
2026-10-09T23:26:50,293000318,세종70자1703,36.388983,127.317121,32.906,186005278,반석역,21
2026-10-09T23:26:50,293000363,세종70자1726,36.610718,127.335719,1.446,270000635,오송역2.3.4,67
2026-10-09T23:26:50,187000003,대전75자9110,36.382517,127.412566,8.216,187001386,오정농수산시장,0
2026-10-09T23:26:50,187000003,대전75자9940,36.474467,127.334309,80.933,186005286,국제과학비즈니스벨트,0
2026-10-09T23:26:50,187000003,대전75자9936,36.503797,127.260999,34.281,293062011,정부세종청사 북측,0
2026-10-09T23:26:50,187000003,대전75자9935,36.575239,127.319511,45.822,293064420,누리동,0
2026-10-09T23:26:50,187000003,대전75자9926,36.551591,127.301348,60.981,974019920,오송역2.3.4(미정차),0
2026-10-09T23:26:50,187000003,대전75자9921,36.485965,127.301287,76.959,293064216,소담동(새샘마을),0
2026-10-09T23:26:50,187000003,대전75자9918,36.358705,127.404249,99.616,187001388,대덕산업단지,0
2026-10-09T23:26:50,187000003,대전75자9919,36.438243,127.39527,88.78,187001388,대덕산업단지,0
2026-10-09T23:26:50,187000003,대전75자9912,36.333371,127.437536,104.21,187001395,대전역동광장,0
2026-10-09T23:27:20,293000317,세종70자1708,36.475022,127.280797,11.255,293064206,"보람동,대평동",3
2026-10-09T23:27:20,293000317,세종70자1707,36.503328,127.329278,16.987,293064417,세종공동캠퍼스,62
2026-10-09T23:27:20,293000317,세종70자1702,36.619421,127.326563,33.214,270054837,오송역종점,27
2026-10-09T23:27:20,293000318,세종70자1705,36.58766399,127.32287,4.728,270000635,오송역2.3.4,68
2026-10-09T23:27:20,293000318,세종70자1706,36.495135,127.305845,18.73,293064257,반곡동(수루배마을),72
2026-10-09T23:27:20,293000318,세종70자1701,36.43786999,127.285962,27.037,293055001,세종고속시외버스터미널(지상),68
2026-10-09T23:27:20,293000318,세종70자1703,36.388983,127.317121,32.906,186005278,반석역,21
2026-10-09T23:27:20,293000363,세종70자1726,36.606346,127.339827,1.446,270000635,오송역2.3.4,68
2026-10-09T23:27:20,187000003,대전75자9110,36.382517,127.412566,8.216,187001386,오정농수산시장,0
2026-10-09T23:27:20,187000003,대전75자9940,36.478239,127.310319,78.174,186005286,국제과학비즈니스벨트,0
2026-10-09T23:27:20,187000003,대전75자9936,36.503797,127.260999,34.281,293062011,정부세종청사 북측,0
2026-10-09T23:27:20,187000003,대전75자9935,36.575239,127.319511,45.822,293064420,누리동,0
2026-10-09T23:27:20,187000003,대전75자9926,36.551591,127.301348,60.981,974019920,오송역2.3.4(미정차),0
2026-10-09T23:27:20,187000003,대전75자9921,36.485965,127.301287,76.959,293064216,소담동(새샘마을),0
2026-10-09T23:27:20,187000003,대전75자9919,36.438243,127.39527,88.78,187001388,대덕산업단지,0
2026-10-09T23:27:20,187000003,대전75자9918,36.355961,127.406251,99.835,187001389,오정농수산오거리,0
2026-10-09T23:27:20,187000003,대전75자9912,36.33139,127.432779,103.644,187001395,대전역동광장,0
2026-10-09T23:27:51,293000317,세종70자1708,36.475087,127.280906,11.255,293064206,"보람동,대평동",3
2026-10-09T23:27:51,293000317,세종70자1707,36.508397,127.329777,17.59,293064417,세종공동캠퍼스,68
2026-10-09T23:27:51,293000317,세종70자1702,36.619421,127.326563,33.214,270054837,오송역종점,27
2026-10-09T23:27:51,293000318,세종70자1705,36.582482,127.321585,5.312,270000635,오송역2.3.4,68
2026-10-09T23:27:51,293000318,세종70자1706,36.491378,127.30393,19.041,293064261,국책연구단지,54
2026-10-09T23:27:51,293000318,세종70자1701,36.43209199,127.286455,27.685,293055001,세종고속시외버스터미널(지상),68
2026-10-09T23:27:51,293000318,세종70자1703,36.388983,127.317121,32.906,186005278,반석역,21
2026-10-09T23:27:51,293000363,세종70자1726,36.604146,127.339832,1.446,270000635,오송역2.3.4,68
2026-10-09T23:27:51,187000003,대전75자9110,36.392819,127.413184,9.364,187001386,오정농수산시장,0
2026-10-09T23:27:51,187000003,대전75자9940,36.478239,127.310319,78.174,186005286,국제과학비즈니스벨트,0
2026-10-09T23:27:51,187000003,대전75자9936,36.513641,127.259291,35.519,293056003,도담동,0
2026-10-09T23:27:51,187000003,대전75자9935,36.588366,127.323523,47.337,293064420,누리동,0
2026-10-09T23:27:51,187000003,대전75자9926,36.551591,127.301348,60.981,974019920,오송역2.3.4(미정차),0
2026-10-09T23:27:51,187000003,대전75자9921,36.483412,127.306233,77.514,293064216,소담동(새샘마을),0
2026-10-09T23:27:51,187000003,대전75자9919,36.43774,127.396138,88.78,187001388,대덕산업단지,0
2026-10-09T23:27:51,187000003,대전75자9918,36.355376,127.406988,99.835,187001389,오정농수산오거리,0
2026-10-09T23:27:51,187000003,대전75자9912,36.332396,127.43221,103.562,187001395,대전역동광장,0
2026-10-09T23:28:22,293000317,세종70자1708,36.475296,127.281335,11.276,293064206,"보람동,대평동",40
2026-10-09T23:28:22,293000317,세종70자1707,36.513541,127.330231,18.254,293064417,세종공동캠퍼스,68
2026-10-09T23:28:22,293000317,세종70자1702,36.619421,127.326563,33.214,270054837,오송역종점,27
2026-10-09T23:28:22,293000318,세종70자1705,36.57739,127.320564,6.159,270000635,오송역2.3.4,68
2026-10-09T23:28:22,293000318,세종70자1706,36.487342,127.301806,19.737,293064254,"법원,검찰청,경찰청",49
2026-10-09T23:28:22,293000318,세종70자1701,36.428787,127.288588,27.943,293055001,세종고속시외버스터미널(지상),68
2026-10-09T23:28:22,293000318,세종70자1703,36.388983,127.317121,32.906,186005278,반석역,21
2026-10-09T23:28:22,293000363,세종70자1726,36.600056,127.336246,2.119,270000635,오송역2.3.4,67
2026-10-09T23:28:22,187000003,대전75자9110,36.392819,127.413184,9.364,187001386,오정농수산시장,0
2026-10-09T23:28:22,187000003,대전75자9940,36.480684,127.307958,77.914,293064219,한국개발연구원(KDI),0
2026-10-09T23:28:22,187000003,대전75자9936,36.513641,127.259291,35.519,293056003,도담동,0
2026-10-09T23:28:22,187000003,대전75자9935,36.595077,127.331229,48.362,293064420,누리동,0
2026-10-09T23:28:22,187000003,대전75자9926,36.53744,127.304389,62.669,974019920,오송역2.3.4(미정차),0
2026-10-09T23:28:22,187000003,대전75자9921,36.481756,127.307473,77.698,293064218,한국개발연구원(KDI),0
2026-10-09T23:28:22,187000003,대전75자9919,36.430098,127.405521,90.041,187001388,대덕산업단지,0
2026-10-09T23:28:22,187000003,대전75자9918,36.352643,127.410371,100.476,187001390,오정동행정복지센터,0
2026-10-09T23:28:22,187000003,대전75자9912,36.333244,127.431792,103.422,187001395,대전역동광장,0
2026-10-09T23:28:52,293000317,세종70자1708,36.47711,127.285407,11.66,293064206,"보람동,대평동",64
2026-10-09T23:28:52,293000317,세종70자1707,36.518366,127.330674,18.792,293064417,세종공동캠퍼스,49
2026-10-09T23:28:52,293000317,세종70자1702,36.619421,127.326563,33.214,270054837,오송역종점,27
2026-10-09T23:28:52,293000318,세종70자1705,36.57250599,127.316814,6.775,270000635,오송역2.3.4,67
2026-10-09T23:28:52,293000318,세종70자1706,36.486586,127.301368,19.834,293064254,"법원,검찰청,경찰청",3
2026-10-09T23:28:52,293000318,세종70자1701,36.424203,127.294523,27.943,293055001,세종고속시외버스터미널(지상),68
2026-10-09T23:28:52,293000318,세종70자1703,36.388983,127.317121,32.906,186005278,반석역,21
2026-10-09T23:28:52,293000363,세종70자1726,36.596215,127.3321,2.933,270000635,오송역2.3.4,68
2026-10-09T23:28:52,187000003,대전75자9110,36.392819,127.413184,9.364,187001386,오정농수산시장,0
2026-10-09T23:28:52,187000003,대전75자9940,36.480684,127.307958,77.914,293064219,한국개발연구원(KDI),0
2026-10-09T23:28:52,187000003,대전75자9936,36.514565,127.25913,35.519,293056003,도담동,0
2026-10-09T23:28:52,187000003,대전75자9935,36.595077,127.331229,48.362,293064420,누리동,0
2026-10-09T23:28:52,187000003,대전75자9926,36.53744,127.304389,62.669,974019920,오송역2.3.4(미정차),0
2026-10-09T23:28:52,187000003,대전75자9921,36.480874,127.307797,77.914,293064218,한국개발연구원(KDI),0
2026-10-09T23:28:52,187000003,대전75자9919,36.430098,127.405521,90.041,187001388,대덕산업단지,0
2026-10-09T23:28:52,187000003,대전75자9918,36.350533,127.412995,100.788,187001391,한남오거리(BRT),0
2026-10-09T23:28:52,187000003,대전75자9912,36.335589,127.43077,103.131,187001395,대전역동광장,0
2026-10-09T23:29:23,293000317,세종70자1708,36.478271,127.288158,11.991,293064210,"세종시청,시의회,교육청",32
2026-10-09T23:29:23,293000317,세종70자1707,36.519664,127.330781,18.916,293064417,세종공동캠퍼스,49
2026-10-09T23:29:23,293000317,세종70자1702,36.619421,127.326563,33.214,270054837,오송역종점,27
2026-10-09T23:29:23,293000318,세종70자1705,36.569914,127.31402,6.775,270000635,오송역2.3.4,69
2026-10-09T23:29:23,293000318,세종70자1706,36.486574,127.301391,19.834,293064254,"법원,검찰청,경찰청",3
2026-10-09T23:29:23,293000318,세종70자1701,36.421335,127.29781,29.29,293055001,세종고속시외버스터미널(지상),68
2026-10-09T23:29:23,293000318,세종70자1703,36.388983,127.317121,32.906,186005278,반석역,21
2026-10-09T23:29:23,293000318,세종70자1704,36.385943,127.319261,32.906,186005278,반석역,43
2026-10-09T23:29:23,293000363,세종70자1726,36.592094,127.328348,4.032,270000635,오송역2.3.4,67
2026-10-09T23:29:23,187000003,대전75자9110,36.405419,127.416568,10.813,187001386,오정농수산시장,0
2026-10-09T23:29:23,187000003,대전75자9940,36.481487,127.307676,77.698,293064219,한국개발연구원(KDI),0
2026-10-09T23:29:23,187000003,대전75자9936,36.520149,127.259425,36.056,293064445,세종충남대학교병원,0
2026-10-09T23:29:23,187000003,대전75자9935,36.595077,127.331229,48.362,293064420,누리동,0
2026-10-09T23:29:23,187000003,대전75자9927,36.618909,127.326625,51.958,270000635,오송역2.3.4,0
2026-10-09T23:29:23,187000003,대전75자9926,36.534587,127.295492,63.616,974019920,오송역2.3.4(미정차),0
2026-10-09T23:29:23,187000003,대전75자9921,36.478383,127.30986,78.174,293064218,한국개발연구원(KDI),0
2026-10-09T23:29:23,187000003,대전75자9919,36.424051,127.413802,91.056,187001388,대덕산업단지,0
2026-10-09T23:29:23,187000003,대전75자9918,36.34985,127.413833,100.927,187001391,한남오거리(BRT),0
2026-10-09T23:29:23,187000003,대전75자9912,36.335589,127.43077,103.131,187001395,대전역동광장,0
2026-10-09T23:29:54,293000318,세종70자1705,36.56433899,127.308015,7.979,270000635,오송역2.3.4,68
2026-10-09T23:29:54,293000318,세종70자1706,36.486574,127.301391,19.834,293064254,"법원,검찰청,경찰청",3
2026-10-09T23:29:54,293000318,세종70자1701,36.41467999,127.29978,30.037,293055001,세종고속시외버스터미널(지상),68
2026-10-09T23:29:54,293000318,세종70자1703,36.388983,127.317121,32.906,186005278,반석역,21
2026-10-09T23:29:54,293000318,세종70자1704,36.386849,127.318529,32.906,186005278,반석역,43
2026-10-09T23:29:54,293000363,세종70자1726,36.583926,127.321779,4.728,270000635,오송역2.3.4,68
2026-10-09T23:29:54,187000003,대전75자9110,36.405419,127.416568,10.813,187001386,오정농수산시장,0
2026-10-09T23:29:54,187000003,대전75자9940,36.485428,127.300508,76.959,293064219,한국개발연구원(KDI),0
2026-10-09T23:29:54,187000003,대전75자9936,36.522897,127.260294,36.391,293064445,세종충남대학교병원,0
2026-10-09T23:29:54,187000003,대전75자9935,36.608453,127.338814,50.16,293064420,누리동,0
2026-10-09T23:29:54,187000003,대전75자9927,36.618909,127.326625,51.958,270000635,오송역2.3.4,0
2026-10-09T23:29:54,187000003,대전75자9926,36.53403,127.292743,63.781,293014058,누리동,0
2026-10-09T23:29:54,187000003,대전75자9921,36.478383,127.30986,78.174,293064218,한국개발연구원(KDI),0
2026-10-09T23:29:54,187000003,대전75자9919,36.415557,127.421123,92.207,187001388,대덕산업단지,0
2026-10-09T23:29:54,187000003,대전75자9918,36.346907,127.417458,101.38,187001392,대덕구청,0
2026-10-09T23:29:54,187000003,대전75자9912,36.335589,127.43077,103.131,187001395,대전역동광장,0
2026-10-09T23:30:35,293000317,세종70자1708,36.481097,127.293874,12.549,293064210,"세종시청,시의회,교육청",73
2026-10-09T23:30:35,293000317,세종70자1707,36.52197,127.330312,19.118,293064417,세종공동캠퍼스,54
2026-10-09T23:30:35,293000317,세종70자1702,36.619461,127.326528,33.214,270054837,오송역종점,27
2026-10-09T23:30:35,293000318,세종70자1705,36.562115,127.305709,8.29,270000635,오송역2.3.4,68
2026-10-09T23:30:35,293000318,세종70자1706,36.486248,127.301156,19.858,293064254,"법원,검찰청,경찰청",38
2026-10-09T23:30:35,293000318,세종70자1701,36.407797,127.302809,31.003,293055001,세종고속시외버스터미널(지상),68
2026-10-09T23:30:35,293000318,세종70자1703,36.388983,127.317121,32.906,186005278,반석역,21
2026-10-09T23:30:35,293000318,세종70자1704,36.389649,127.316495,32.906,186005278,반석역,53
2026-10-09T23:30:35,293000363,세종70자1726,36.578829,127.321013,5.725,270000635,오송역2.3.4,68
2026-10-09T23:30:35,187000003,대전75자9110,36.415317,127.421277,12.011,187001386,오정농수산시장,0
2026-10-09T23:30:35,187000003,대전75자9940,36.482841,127.297865,76.483,293064214,소담동(새샘마을),0
2026-10-09T23:30:35,187000003,대전75자9936,36.528398,127.263673,37.066,293014014,"해밀동,산울동",0
2026-10-09T23:30:35,187000003,대전75자9935,36.617249,127.328551,51.526,293064420,누리동,0
2026-10-09T23:30:35,187000003,대전75자9927,36.618909,127.326625,51.958,270000635,오송역2.3.4,0
2026-10-09T23:30:35,187000003,대전75자9926,36.534028,127.291586,63.852,293014058,누리동,0
2026-10-09T23:30:35,187000003,대전75자9921,36.478383,127.30986,78.174,293064218,한국개발연구원(KDI),0
2026-10-09T23:30:35,187000003,대전75자9919,36.415557,127.421123,92.207,187001388,대덕산업단지,0
2026-10-09T23:30:35,187000003,대전75자9918,36.346402,127.418116,101.499,187001392,대덕구청,0
2026-10-09T23:30:35,187000003,대전75자9912,36.337918,127.429741,102.886,187001395,대전역동광장,0
2026-10-09T23:31:06,293000317,세종70자1704,36.391538,127.315069,0.378,186005279,반석역,30
2026-10-09T23:31:06,293000317,세종70자1708,36.482432,127.297407,12.993,293064216,소담동(새샘마을),34
2026-10-09T23:31:06,293000317,세종70자1707,36.526039,127.327462,19.614,293064417,세종공동캠퍼스,67
2026-10-09T23:31:06,293000317,세종70자1702,36.619461,127.326528,33.214,270054837,오송역종점,27
2026-10-09T23:31:06,293000318,세종70자1705,36.557646,127.303177,8.708,270000635,오송역2.3.4,68
2026-10-09T23:31:06,293000318,세종70자1706,36.482752,127.297721,20.298,293064214,소담동(새샘마을),39
2026-10-09T23:31:06,293000318,세종70자1701,36.403451,127.306238,31.303,293055001,세종고속시외버스터미널(지상),68
2026-10-09T23:31:06,293000318,세종70자1703,36.388983,127.317121,32.906,186005278,반석역,21
2026-10-09T23:31:06,293000363,세종70자1726,36.574183,127.318521,6.542,270000635,오송역2.3.4,67
2026-10-09T23:31:06,187000003,대전75자9912,36.340471,127.426317,1.784,187001380,한밭자이아파트,0
2026-10-09T23:31:06,187000003,대전75자9110,36.415317,127.421277,12.011,187001386,오정농수산시장,0
2026-10-09T23:31:06,187000003,대전75자9940,36.482841,127.297865,76.483,293064214,소담동(새샘마을),0
2026-10-09T23:31:06,187000003,대전75자9936,36.529068,127.264361,37.178,293014014,"해밀동,산울동",0
2026-10-09T23:31:06,187000003,대전75자9927,36.618909,127.326625,51.958,270000635,오송역2.3.4,0
2026-10-09T23:31:06,187000003,대전75자9935,36.61866,127.32697,51.99,270000635,오송역2.3.4,0
2026-10-09T23:31:06,187000003,대전75자9926,36.534028,127.291586,63.852,293014058,누리동,0
2026-10-09T23:31:06,187000003,대전75자9921,36.474421,127.333758,80.933,293064218,한국개발연구원(KDI),0
2026-10-09T23:31:06,187000003,대전75자9919,36.405821,127.41672,93.385,187001388,대덕산업단지,0
2026-10-09T23:31:06,187000003,대전75자9918,36.344294,127.420921,101.806,187001393,솔랑마을아파트,0
2026-10-09T23:31:37,293000317,세종70자1704,36.393463,127.313698,0.57,186005279,반석역,53
2026-10-09T23:31:37,293000317,세종70자1708,36.48418,127.299581,13.195,293064216,소담동(새샘마을),60
2026-10-09T23:31:37,293000317,세종70자1707,36.53237399,127.319514,20.738,293064492,다솜동,66
2026-10-09T23:31:37,293000317,세종70자1702,36.619461,127.326528,33.214,270054837,오송역종점,27
2026-10-09T23:31:37,293000318,세종70자1705,36.547415,127.301372,10.022,270000635,오송역2.3.4,67
2026-10-09T23:31:37,293000318,세종70자1706,36.48243699,127.29722,20.435,293064214,소담동(새샘마을),29
2026-10-09T23:31:37,293000318,세종70자1701,36.399077,127.309968,32.05,293055001,세종고속시외버스터미널(지상),68
2026-10-09T23:31:37,293000318,세종70자1703,36.388983,127.317121,32.906,186005278,반석역,21
2026-10-09T23:31:37,293000363,세종70자1727,36.619143,127.326595,0.174,270000635,오송역2.3.4,8
2026-10-09T23:31:37,293000363,세종70자1726,36.570192,127.314288,6.775,270000635,오송역2.3.4,68
2026-10-09T23:31:37,187000003,대전75자9912,36.343092,127.422712,2.202,187001381,솔랑마을아파트,0
2026-10-09T23:31:37,187000003,대전75자9110,36.415317,127.421277,12.011,187001386,오정농수산시장,0
2026-10-09T23:31:37,187000003,대전75자9940,36.478926,127.289457,75.378,293064211,"세종시청,시의회,교육청",0
2026-10-09T23:31:37,187000003,대전75자9936,36.529068,127.264361,37.178,293014014,"해밀동,산울동",0
2026-10-09T23:31:37,187000003,대전75자9927,36.618909,127.326625,51.958,270000635,오송역2.3.4,0
2026-10-09T23:31:37,187000003,대전75자9935,36.61866,127.32697,51.99,270000635,오송역2.3.4,0
2026-10-09T23:31:37,187000003,대전75자9926,36.534028,127.291586,63.852,293014058,누리동,0
2026-10-09T23:31:37,187000003,대전75자9921,36.474421,127.333758,80.933,293064218,한국개발연구원(KDI),0
2026-10-09T23:31:37,187000003,대전75자9919,36.405821,127.41672,93.385,187001388,대덕산업단지,0
2026-10-09T23:31:37,187000003,대전75자9918,36.344294,127.420921,101.806,187001393,솔랑마을아파트,0
2026-10-09T23:32:07,293000317,세종70자1704,36.395448,127.312247,0.864,186005279,반석역,53
2026-10-09T23:32:07,293000317,세종70자1708,36.485225,127.300445,13.469,293064216,소담동(새샘마을),60
2026-10-09T23:32:07,293000317,세종70자1707,36.535465,127.31447,21.14,293064492,다솜동,66
2026-10-09T23:32:07,293000317,세종70자1702,36.619461,127.326528,33.214,270054837,오송역종점,27
2026-10-09T23:32:07,293000318,세종70자1705,36.543971,127.302254,10.412,270000635,오송역2.3.4,36
2026-10-09T23:32:07,293000318,세종70자1706,36.479313,127.290397,21.125,293064214,소담동(새샘마을),59
2026-10-09T23:32:07,293000318,세종70자1701,36.396126,127.311667,32.417,293055001,세종고속시외버스터미널(지상),6
2026-10-09T23:32:07,293000318,세종70자1703,36.388983,127.317121,32.906,186005278,반석역,21
2026-10-09T23:32:07,293000363,세종70자1727,36.619127,127.326991,0.025,270000635,오송역2.3.4,8
2026-10-09T23:32:07,293000363,세종70자1726,36.566454,127.310258,7.979,270000635,오송역2.3.4,67
2026-10-09T23:32:07,187000003,대전75자9912,36.343685,127.421882,2.273,187001381,솔랑마을아파트,0
2026-10-09T23:32:07,187000003,대전75자9110,36.423753,127.414253,13.157,187001386,오정농수산시장,0
2026-10-09T23:32:07,187000003,대전75자9940,36.47853,127.288453,75.378,293064211,"세종시청,시의회,교육청",0
2026-10-09T23:32:07,187000003,대전75자9936,36.529068,127.264361,37.178,293014014,"해밀동,산울동",0
2026-10-09T23:32:07,187000003,대전75자9927,36.618909,127.326625,51.958,270000635,오송역2.3.4,0
2026-10-09T23:32:07,187000003,대전75자9935,36.61866,127.32697,51.99,270000635,오송역2.3.4,0
2026-10-09T23:32:07,187000003,대전75자9926,36.533959,127.275962,65.296,293014026,한별동,0
2026-10-09T23:32:07,187000003,대전75자9921,36.474421,127.333758,80.933,293064218,한국개발연구원(KDI),0
2026-10-09T23:32:07,187000003,대전75자9919,36.393073,127.413107,94.844,187001388,대덕산업단지,0
2026-10-09T23:32:07,187000003,대전75자9918,36.343698,127.421766,101.867,187001393,솔랑마을아파트,0
2026-10-09T23:32:38,293000317,세종70자1704,36.395961,127.311911,0.956,186005279,반석역,43
2026-10-09T23:32:38,293000317,세종70자1708,36.485947,127.301011,13.469,293064216,소담동(새샘마을),60
2026-10-09T23:32:38,293000317,세종70자1707,36.536408,127.311992,21.456,293900055,용호동,59
2026-10-09T23:32:38,293000317,세종70자1702,36.619461,127.326528,33.214,270054837,오송역종점,27
2026-10-09T23:32:38,293000318,세종70자1705,36.540714,127.303354,10.777,270000635,오송역2.3.4,68
2026-10-09T23:32:38,293000318,세종70자1706,36.478853,127.289335,21.121,293064211,"세종시청,시의회,교육청",37
2026-10-09T23:32:38,293000318,세종70자1701,36.395873,127.31184,32.417,293055001,세종고속시외버스터미널(지상),35
2026-10-09T23:32:38,293000318,세종70자1703,36.388983,127.317121,32.906,186005278,반석역,21
2026-10-09T23:32:38,293000363,세종70자1727,36.619318,127.326966,0.025,270000635,오송역2.3.4,8
2026-10-09T23:32:38,293000363,세종70자1726,36.562599,127.306128,8.29,270000635,오송역2.3.4,67
2026-10-09T23:32:38,187000003,대전75자9912,36.345745,127.419028,2.657,187001382,대덕구청,0
2026-10-09T23:32:38,187000003,대전75자9110,36.423753,127.414253,13.157,187001386,오정농수산시장,0
2026-10-09T23:32:38,187000003,대전75자9940,36.47853,127.288453,75.378,293064211,"세종시청,시의회,교육청",0
2026-10-09T23:32:38,187000003,대전75자9936,36.533904,127.275925,38.366,293014025,한별동,0
2026-10-09T23:32:38,187000003,대전75자9927,36.618909,127.326625,51.958,270000635,오송역2.3.4,0
2026-10-09T23:32:38,187000003,대전75자9935,36.61866,127.32697,51.99,270000635,오송역2.3.4,0
2026-10-09T23:32:38,187000003,대전75자9926,36.533959,127.275962,65.296,293014026,한별동,0
2026-10-09T23:32:38,187000003,대전75자9921,36.468527,127.359872,83.429,293064218,한국개발연구원(KDI),0
2026-10-09T23:32:38,187000003,대전75자9919,36.393073,127.413107,94.844,187001388,대덕산업단지,0
2026-10-09T23:32:38,187000003,대전75자9918,36.343698,127.421766,101.867,187001393,솔랑마을아파트,0
2026-10-09T23:33:09,293000317,세종70자1704,36.399791,127.309705,1.417,186005279,반석역,68
2026-10-09T23:33:09,293000317,세종70자1708,36.485947,127.301011,13.469,293064216,소담동(새샘마을),60
2026-10-09T23:33:09,293000317,세종70자1707,36.53733299,127.304852,22.187,293900055,용호동,31
2026-10-09T23:33:09,293000317,세종70자1702,36.619461,127.326528,33.214,270054837,오송역종점,27
2026-10-09T23:33:09,293000318,세종70자1705,36.537593,127.304404,11.186,270000635,오송역2.3.4,5
2026-10-09T23:33:09,293000318,세종70자1706,36.47797099,127.28719,21.442,293064211,"세종시청,시의회,교육청",61
2026-10-09T23:33:09,293000318,세종70자1701,36.392467,127.314357,32.906,186005278,반석역,4
2026-10-09T23:33:09,293000318,세종70자1703,36.388983,127.317121,32.906,186005278,반석역,21
2026-10-09T23:33:09,293000363,세종70자1727,36.619318,127.326966,0.025,270000635,오송역2.3.4,8
2026-10-09T23:33:09,293000363,세종70자1726,36.558141,127.303219,8.708,270000635,오송역2.3.4,68
2026-10-09T23:33:09,187000003,대전75자9912,36.346942,127.417527,2.873,187001382,대덕구청,0
2026-10-09T23:33:09,187000003,대전75자9110,36.430028,127.405736,14.196,187001386,오정농수산시장,0
2026-10-09T23:33:09,187000003,대전75자9940,36.47853,127.288453,75.378,293064211,"세종시청,시의회,교육청",0
2026-10-09T23:33:09,187000003,대전75자9936,36.533904,127.275925,38.366,293014025,한별동,0
2026-10-09T23:33:09,187000003,대전75자9935,36.61866,127.32697,51.99,270000635,오송역2.3.4,0
2026-10-09T23:33:09,187000003,대전75자9927,36.616944,127.3287,52.19,974019920,오송역2.3.4(미정차),0
2026-10-09T23:33:09,187000003,대전75자9926,36.533959,127.275962,65.296,293014026,한별동,0
2026-10-09T23:33:09,187000003,대전75자9921,36.466773,127.365171,83.955,186005287,국제과학비즈니스벨트,0
2026-10-09T23:33:09,187000003,대전75자9919,36.382772,127.412491,95.992,187001388,대덕산업단지,0
2026-10-09T23:33:09,187000003,대전75자9918,36.343698,127.421766,101.867,187001393,솔랑마을아파트,0
2026-10-09T23:33:40,293000317,세종70자1704,36.404515,127.305444,2.078,186005279,반석역,68
2026-10-09T23:33:40,293000317,세종70자1708,36.487247,127.301885,13.612,293064253,"법원,검찰청,경찰청",31
2026-10-09T23:33:40,293000317,세종70자1707,36.543963,127.302349,22.963,293900055,용호동,68
2026-10-09T23:33:40,293000317,세종70자1702,36.619461,127.326528,33.214,270054837,오송역종점,27
2026-10-09T23:33:40,293000318,세종70자1705,36.537131,127.305401,11.232,270000635,오송역2.3.4,44
2026-10-09T23:33:40,293000318,세종70자1706,36.475639,127.281821,22.012,293064209,"보람동,대평동",16
2026-10-09T23:33:40,293000318,세종70자1701,36.39220199,127.314538,32.906,186005278,반석역,37
2026-10-09T23:33:40,293000318,세종70자1703,36.388983,127.317121,32.906,186005278,반석역,21
2026-10-09T23:33:40,293000363,세종70자1727,36.619318,127.326966,0.025,270000635,오송역2.3.4,8
2026-10-09T23:33:40,293000363,세종70자1726,36.553359,127.301673,9.239,270000635,오송역2.3.4,67
2026-10-09T23:33:40,187000003,대전75자9912,36.346942,127.417527,2.873,187001382,대덕구청,0
2026-10-09T23:33:40,187000003,대전75자9110,36.430028,127.405736,14.196,187001386,오정농수산시장,0
2026-10-09T23:33:40,187000003,대전75자9940,36.475839,127.282133,74.751,293064209,"보람동,대평동",0
2026-10-09T23:33:40,187000003,대전75자9936,36.533956,127.291649,39.815,293064420,누리동,0
2026-10-09T23:33:40,187000003,대전75자9935,36.61866,127.32697,51.99,270000635,오송역2.3.4,0
2026-10-09T23:33:40,187000003,대전75자9927,36.616272,127.329442,52.19,974019920,오송역2.3.4(미정차),0
2026-10-09T23:33:40,187000003,대전75자9926,36.533959,127.275962,65.296,293014026,한별동,0
2026-10-09T23:33:40,187000003,대전75자9921,36.466773,127.365171,83.955,186005287,국제과학비즈니스벨트,0
2026-10-09T23:33:40,187000003,대전75자9919,36.382772,127.412491,95.992,187001388,대덕산업단지,0
2026-10-09T23:33:40,187000003,대전75자9918,36.343698,127.421766,101.867,187001393,솔랑마을아파트,0
2026-10-09T23:34:10,293000317,세종70자1704,36.406831,127.303613,2.371,186005279,반석역,69
2026-10-09T23:34:10,293000317,세종70자1708,36.49092799,127.303703,13.884,293064255,국책연구단지,38
2026-10-09T23:34:10,293000317,세종70자1707,36.549191,127.301301,23.708,293900055,용호동,68
2026-10-09T23:34:10,293000317,세종70자1702,36.619461,127.326528,33.214,270054837,오송역종점,27
2026-10-09T23:34:10,293000318,세종70자1705,36.536443,127.311848,11.894,293900054,용호동,68
2026-10-09T23:34:10,293000318,세종70자1706,36.47526,127.281069,22.069,293064209,"보람동,대평동",42
2026-10-09T23:34:10,293000318,세종70자1701,36.387621,127.317923,32.906,186005278,반석역,19
2026-10-09T23:34:10,293000318,세종70자1703,36.388983,127.317121,32.906,186005278,반석역,21
2026-10-09T23:34:10,293000363,세종70자1727,36.619318,127.326966,0.025,270000635,오송역2.3.4,8
2026-10-09T23:34:10,293000363,세종70자1726,36.546476,127.301458,10.138,270000635,오송역2.3.4,68
2026-10-09T23:34:10,187000003,대전75자9912,36.346942,127.417527,2.873,187001382,대덕구청,0
2026-10-09T23:34:10,187000003,대전75자9110,36.437443,127.39676,15.381,187001387,대덕산업단지,0
2026-10-09T23:34:10,187000003,대전75자9940,36.475435,127.281355,74.751,293064209,"보람동,대평동",0
2026-10-09T23:34:10,187000003,대전75자9936,36.533956,127.291649,39.815,293064420,누리동,0
2026-10-09T23:34:10,187000003,대전75자9935,36.61866,127.32697,51.99,270000635,오송역2.3.4,0
2026-10-09T23:34:10,187000003,대전75자9927,36.616272,127.329442,52.19,974019920,오송역2.3.4(미정차),0
2026-10-09T23:34:10,187000003,대전75자9926,36.529856,127.265098,66.384,293014017,"해밀동,산울동",0
2026-10-09T23:34:10,187000003,대전75자9921,36.466773,127.365171,83.955,186005287,국제과학비즈니스벨트,0
2026-10-09T23:34:10,187000003,대전75자9919,36.382772,127.412491,95.992,187001388,대덕산업단지,0
2026-10-09T23:34:10,187000003,대전75자9918,36.342702,127.423179,102.12,187001393,솔랑마을아파트,0
2026-10-09T23:34:42,293000317,세종70자1704,36.414218,127.300045,3.267,186005279,반석역,69
2026-10-09T23:34:42,293000317,세종70자1708,36.49295,127.305085,14.304,293064255,국책연구단지,67
2026-10-09T23:34:42,293000317,세종70자1707,36.554242,127.302194,24.033,293900055,용호동,67
2026-10-09T23:34:42,293000317,세종70자1702,36.619461,127.326528,33.214,270054837,오송역종점,27
2026-10-09T23:34:42,293000318,세종70자1705,36.5342,127.316821,12.344,293900054,용호동,65
2026-10-09T23:34:42,293000318,세종70자1706,36.471805,127.275999,22.707,293064251,대평동,40
2026-10-09T23:34:42,293000318,세종70자1701,36.387522,127.317993,32.906,186005278,반석역,19
2026-10-09T23:34:42,293000318,세종70자1703,36.388983,127.317121,32.906,186005278,반석역,21
2026-10-09T23:34:42,293000363,세종70자1727,36.619318,127.326966,0.025,270000635,오송역2.3.4,8
2026-10-09T23:34:42,293000363,세종70자1726,36.543167,127.302375,10.514,270000635,오송역2.3.4,67
2026-10-09T23:34:42,187000003,대전75자9912,36.346942,127.417527,2.873,187001382,대덕구청,0
2026-10-09T23:34:42,187000003,대전75자9110,36.437443,127.39676,15.381,187001387,대덕산업단지,0
2026-10-09T23:34:42,187000003,대전75자9940,36.471742,127.275807,74.133,293064251,대평동,0
2026-10-09T23:34:42,187000003,대전75자9936,36.53395,127.292712,39.884,293064420,누리동,0
2026-10-09T23:34:42,187000003,대전75자9935,36.61866,127.32697,51.99,270000635,오송역2.3.4,0
2026-10-09T23:34:42,187000003,대전75자9927,36.608532,127.338601,53.548,974019920,오송역2.3.4(미정차),0
2026-10-09T23:34:42,187000003,대전75자9926,36.529149,127.264298,66.49,293014017,"해밀동,산울동",0
2026-10-09T23:34:42,187000003,대전75자9921,36.454325,127.369638,85.478,186005287,국제과학비즈니스벨트,0
2026-10-09T23:34:42,187000003,대전75자9919,36.374643,127.40383,97.317,187001388,대덕산업단지,0
2026-10-09T23:34:42,187000003,대전75자9918,36.340938,127.425576,102.32,187001394,한밭자이아파트,0
2026-10-09T23:35:13,293000317,세종70자1704,36.416419,127.29954,3.514,186005279,반석역,68
2026-10-09T23:35:13,293000317,세종70자1708,36.497469,127.310475,15.019,293064258,반곡동(수루배마을),47
2026-10-09T23:35:13,293000317,세종70자1707,36.559161,127.303859,24.64,293900055,용호동,68
2026-10-09T23:35:13,293000317,세종70자1702,36.619461,127.326528,33.214,270054837,오송역종점,27
2026-10-09T23:35:13,293000318,세종70자1705,36.532569,127.319159,12.668,293900054,용호동,65
2026-10-09T23:35:13,293000318,세종70자1706,36.471805,127.275999,22.707,293064251,대평동,255
2026-10-09T23:35:13,293000318,세종70자1701,36.387522,127.317993,32.906,186005278,반석역,19
2026-10-09T23:35:13,293000318,세종70자1703,36.388983,127.317121,32.906,186005278,반석역,21
2026-10-09T23:35:13,293000363,세종70자1727,36.61931,127.32694,0.025,270000635,오송역2.3.4,13
2026-10-09T23:35:13,293000363,세종70자1726,36.537337,127.304365,11.186,270000635,오송역2.3.4,33
2026-10-09T23:35:13,187000003,대전75자9912,36.349312,127.41462,3.177,187001383,한남오거리(BRT),0
2026-10-09T23:35:13,187000003,대전75자9110,36.437443,127.39676,15.381,187001387,대덕산업단지,0
2026-10-09T23:35:13,187000003,대전75자9940,36.470699,127.273463,73.913,293064220,세종고속시외버스터미널(지하),0
2026-10-09T23:35:13,187000003,대전75자9936,36.534343,127.294992,40.071,293064420,누리동,0
2026-10-09T23:35:13,187000003,대전75자9935,36.61866,127.32697,51.99,270000635,오송역2.3.4,0
2026-10-09T23:35:13,187000003,대전75자9927,36.608532,127.338601,53.548,974019920,오송역2.3.4(미정차),0
2026-10-09T23:35:13,187000003,대전75자9926,36.529149,127.264298,66.49,293014017,"해밀동,산울동",0
2026-10-09T23:35:13,187000003,대전75자9921,36.454325,127.369638,85.478,186005287,국제과학비즈니스벨트,0
2026-10-09T23:35:13,187000003,대전75자9919,36.374643,127.40383,97.317,187001388,대덕산업단지,0
2026-10-09T23:35:13,187000003,대전75자9918,36.338224,127.42928,102.843,187001394,한밭자이아파트,0
2026-10-09T23:35:44,293000317,세종70자1704,36.422961,127.296383,3.537,186005279,반석역,69
2026-10-09T23:35:44,293000317,세종70자1708,36.497534,127.311316,15.135,293064258,반곡동(수루배마을),32
2026-10-09T23:35:44,293000317,세종70자1707,36.563454,127.307209,25.373,293900055,용호동,67
2026-10-09T23:35:44,293000317,세종70자1702,36.619461,127.326528,33.214,270054837,오송역종점,27
2026-10-09T23:35:44,293000318,세종70자1705,36.532569,127.319159,12.668,293900054,용호동,65
2026-10-09T23:35:44,293000318,세종70자1706,36.469643,127.273802,23.075,293055001,세종고속시외버스터미널(지상),31
2026-10-09T23:35:44,293000318,세종70자1701,36.385604,127.319428,32.906,186005278,반석역,69
2026-10-09T23:35:44,293000318,세종70자1703,36.388983,127.317121,32.906,186005278,반석역,21
2026-10-09T23:35:44,293000363,세종70자1727,36.618996,127.326472,0.174,270000635,오송역2.3.4,17
2026-10-09T23:35:44,293000363,세종70자1726,36.536082,127.30061,11.5,270000635,오송역2.3.4,67
2026-10-09T23:35:44,187000003,대전75자9912,36.351375,127.412022,3.606,187001384,오정동행정복지센터,0
2026-10-09T23:35:44,187000003,대전75자9110,36.437993,127.395885,15.381,187001387,대덕산업단지,0
2026-10-09T23:35:44,187000003,대전75자9940,36.470866,127.271235,73.682,293064220,세종고속시외버스터미널(지하),0
2026-10-09T23:35:44,187000003,대전75자9936,36.537052,127.304487,40.984,293064420,누리동,0
2026-10-09T23:35:44,187000003,대전75자9935,36.61866,127.32697,51.99,270000635,오송역2.3.4,0
2026-10-09T23:35:44,187000003,대전75자9927,36.595404,127.331387,54.403,974019920,오송역2.3.4(미정차),0
2026-10-09T23:35:44,187000003,대전75자9926,36.523217,127.260341,67.283,293014017,"해밀동,산울동",0
2026-10-09T23:35:44,187000003,대전75자9921,36.443808,127.383692,87.473,186005287,국제과학비즈니스벨트,0
2026-10-09T23:35:44,187000003,대전75자9919,36.363264,127.399497,98.958,187001388,대덕산업단지,0
2026-10-09T23:35:44,187000003,대전75자9918,36.335961,127.430452,103.107,187001394,한밭자이아파트,0
2026-10-09T23:36:15,293000317,세종70자1704,36.426506,127.291665,4.901,186005279,반석역,69
2026-10-09T23:36:15,293000317,세종70자1708,36.497501,127.317111,15.685,293064258,반곡동(수루배마을),65
2026-10-09T23:36:15,293000317,세종70자1707,36.5673,127.311358,25.379,293900055,용호동,67
2026-10-09T23:36:15,293000317,세종70자1702,36.619461,127.326528,33.214,270054837,오송역종점,27
2026-10-09T23:36:15,293000318,세종70자1705,36.530761,127.32144,12.93,293064493,다솜동,70
2026-10-09T23:36:15,293000318,세종70자1706,36.469408,127.273848,23.078,293055001,세종고속시외버스터미널(지상),31
2026-10-09T23:36:15,293000318,세종70자1703,36.388983,127.317121,32.906,186005278,반석역,21
2026-10-09T23:36:15,293000363,세종70자1727,36.618592,127.326931,0.0,270000635,오송역2.3.4,17
2026-10-09T23:36:15,293000363,세종70자1726,36.534025,127.292708,12.311,293014058,누리동,54
2026-10-09T23:36:15,187000003,대전75자9912,36.352014,127.411247,3.663,187001384,오정동행정복지센터,0
2026-10-09T23:36:15,187000003,대전75자9110,36.437993,127.395885,15.381,187001387,대덕산업단지,0
2026-10-09T23:36:15,187000003,대전75자9940,36.470866,127.271235,73.682,293064220,세종고속시외버스터미널(지하),0
2026-10-09T23:36:15,187000003,대전75자9936,36.537052,127.304487,40.984,293064420,누리동,0
2026-10-09T23:36:15,187000003,대전75자9935,36.61866,127.32697,51.99,270000635,오송역2.3.4,0
2026-10-09T23:36:15,187000003,대전75자9927,36.58865,127.323646,56.437,974019920,오송역2.3.4(미정차),0
2026-10-09T23:36:15,187000003,대전75자9926,36.522,127.25985,67.381,293064446,세종충남대학교병원,0
2026-10-09T23:36:15,187000003,대전75자9921,36.443808,127.383692,87.473,186005287,국제과학비즈니스벨트,0
2026-10-09T23:36:15,187000003,대전75자9919,36.358738,127.404232,99.616,187001388,대덕산업단지,0
2026-10-09T23:36:15,187000003,대전75자9918,36.333841,127.431342,103.398,183002355,대전역,0
2026-10-09T23:36:45,293000317,세종70자1704,36.429087,127.288494,5.288,186005279,반석역,69
2026-10-09T23:36:45,293000317,세종70자1708,36.497501,127.317111,15.685,293064258,반곡동(수루배마을),65
2026-10-09T23:36:45,293000317,세종70자1707,36.57126,127.315614,26.584,293900055,용호동,68
2026-10-09T23:36:45,293000317,세종70자1702,36.619461,127.326528,33.214,270054837,오송역종점,27
2026-10-09T23:36:45,293000318,세종70자1705,36.527352,127.325733,13.551,293064493,다솜동,55
2026-10-09T23:36:45,293000318,세종70자1706,36.469408,127.273848,23.078,293055001,세종고속시외버스터미널(지상),31
2026-10-09T23:36:45,293000318,세종70자1703,36.388983,127.317121,32.906,186005278,반석역,21
2026-10-09T23:36:45,293000363,세종70자1727,36.618592,127.326931,0.0,270000635,오송역2.3.4,17
2026-10-09T23:36:45,293000363,세종70자1726,36.534035,127.291518,12.449,293014058,누리동,38
2026-10-09T23:36:45,187000003,대전75자9912,36.354696,127.407894,4.079,187001385,오정농수산오거리,0
2026-10-09T23:36:45,187000003,대전75자9110,36.443905,127.384046,16.77,187001387,대덕산업단지,0
2026-10-09T23:36:45,187000003,대전75자9940,36.470866,127.271235,73.682,293064220,세종고속시외버스터미널(지하),0
2026-10-09T23:36:45,187000003,대전75자9936,36.537052,127.304487,40.984,293064420,누리동,0
2026-10-09T23:36:45,187000003,대전75자9927,36.58865,127.323646,56.437,974019920,오송역2.3.4(미정차),0
2026-10-09T23:36:45,187000003,대전75자9926,36.521135,127.259548,67.591,293064446,세종충남대학교병원,0
2026-10-09T23:36:45,187000003,대전75자9919,36.358738,127.404232,99.616,187001388,대덕산업단지,0
2026-10-09T23:36:45,187000003,대전75자9921,36.43823,127.395253,88.78,187001388,대덕산업단지,0
2026-10-09T23:36:45,187000003,대전75자9918,36.333023,127.431734,103.422,183002355,대전역,0
2026-10-09T23:37:16,293000317,세종70자1704,36.436781,127.286125,6.2,186005279,반석역,68
2026-10-09T23:37:16,293000317,세종70자1708,36.497676,127.320412,15.945,293064258,반곡동(수루배마을),62
2026-10-09T23:37:16,293000317,세종70자1707,36.575152,127.319428,26.933,293900055,용호동,68
2026-10-09T23:37:16,293000317,세종70자1702,36.619461,127.326528,33.214,270054837,오송역종점,27
2026-10-09T23:37:16,293000318,세종70자1705,36.523358,127.329456,14.058,293064493,다솜동,68
2026-10-09T23:37:16,293000318,세종70자1706,36.469084,127.274091,23.131,293055001,세종고속시외버스터미널(지상),23
2026-10-09T23:37:16,293000318,세종70자1703,36.388983,127.317121,32.906,186005278,반석역,21
2026-10-09T23:37:16,293000363,세종70자1727,36.618475,127.327024,0.349,270000635,오송역2.3.4,27
2026-10-09T23:37:16,293000363,세종70자1726,36.53445099,127.286527,12.88,293014058,누리동,67
2026-10-09T23:37:16,187000003,대전75자9912,36.354696,127.407894,4.079,187001385,오정농수산오거리,0
2026-10-09T23:37:16,187000003,대전75자9110,36.443905,127.384046,16.77,187001387,대덕산업단지,0
2026-10-09T23:37:16,187000003,대전75자9940,36.470866,127.271235,73.682,293064220,세종고속시외버스터미널(지하),0
2026-10-09T23:37:16,187000003,대전75자9936,36.551305,127.301404,42.558,293064420,누리동,0
2026-10-09T23:37:16,187000003,대전75자9927,36.575543,127.319589,57.818,974019920,오송역2.3.4(미정차),0
2026-10-09T23:37:16,187000003,대전75자9926,36.521135,127.259548,67.591,293064446,세종충남대학교병원,0
2026-10-09T23:37:16,187000003,대전75자9919,36.358738,127.404232,99.616,187001388,대덕산업단지,0
2026-10-09T23:37:16,187000003,대전75자9921,36.437733,127.396121,88.78,187001388,대덕산업단지,0
2026-10-09T23:37:16,187000003,대전75자9918,36.331372,127.432478,103.644,183002355,대전역,0
2026-10-09T23:37:47,293000317,세종70자1704,36.43902,127.286093,6.454,186005279,반석역,68
2026-10-09T23:37:47,293000317,세종70자1708,36.498697,127.32522,16.37,293064419,집현동,58
2026-10-09T23:37:47,293000317,세종70자1707,36.58046499,127.321416,27.514,293900055,용호동,67
2026-10-09T23:37:47,293000318,세종70자1702,36.619523,127.326401,0.138,270000635,오송역2.3.4,13
2026-10-09T23:37:47,293000318,세종70자1705,36.520646,127.330653,14.359,293064493,다솜동,11
2026-10-09T23:37:47,293000318,세종70자1706,36.467284,127.274979,23.46,293055001,세종고속시외버스터미널(지상),53
2026-10-09T23:37:47,293000318,세종70자1703,36.388983,127.317121,32.906,186005278,반석역,21
2026-10-09T23:37:47,293000363,세종70자1727,36.615026,127.330816,0.798,270000635,오송역2.3.4,66
2026-10-09T23:37:47,293000363,세종70자1726,36.534472,127.279014,13.552,293014058,누리동,65
2026-10-09T23:37:47,187000003,대전75자9912,36.354696,127.407894,4.079,187001385,오정농수산오거리,0
2026-10-09T23:37:47,187000003,대전75자9110,36.443905,127.384046,16.77,187001387,대덕산업단지,0
2026-10-09T23:37:47,187000003,대전75자9940,36.479954,127.262661,72.047,293053011,한솔동,0
2026-10-09T23:37:47,187000003,대전75자9936,36.551305,127.301404,42.558,293064420,누리동,0
2026-10-09T23:37:47,187000003,대전75자9927,36.575543,127.319589,57.818,974019920,오송역2.3.4(미정차),0
2026-10-09T23:37:47,187000003,대전75자9926,36.515242,127.258955,68.158,293056002,도담동,0
2026-10-09T23:37:47,187000003,대전75자9919,36.356993,127.40515,99.835,187001388,대덕산업단지,0
2026-10-09T23:37:47,187000003,대전75자9921,36.437733,127.396121,88.78,187001388,대덕산업단지,0
2026-10-09T23:37:47,187000003,대전75자9918,36.332912,127.43746,104.185,183002355,대전역,0
2026-10-09T23:38:17,293000317,세종70자1704,36.446937,127.285973,7.341,186005279,반석역,68
2026-10-09T23:38:17,293000317,세종70자1708,36.501014,127.32852,16.802,293064417,세종공동캠퍼스,30
2026-10-09T23:38:17,293000317,세종70자1707,36.585176,127.32214,27.514,293900055,용호동,68
2026-10-09T23:38:17,293000318,세종70자1702,36.618915,127.326782,0.0,270000635,오송역2.3.4,16
2026-10-09T23:38:17,293000318,세종70자1705,36.517088,127.330455,14.701,293064493,다솜동,67
2026-10-09T23:38:17,293000318,세종70자1706,36.46232599,127.276695,24.041,293055001,세종고속시외버스터미널(지상),68
2026-10-09T23:38:17,293000318,세종70자1703,36.388983,127.317121,32.906,186005278,반석역,21
2026-10-09T23:38:17,293000363,세종70자1727,36.610765,127.335677,1.446,270000635,오송역2.3.4,67
2026-10-09T23:38:17,293000363,세종70자1726,36.533979,127.275986,13.844,293014026,한별동,30
2026-10-09T23:38:17,187000003,대전75자9912,36.355358,127.407105,4.188,187001385,오정농수산오거리,0
2026-10-09T23:38:17,187000003,대전75자9110,36.443905,127.384046,16.77,187001387,대덕산업단지,0
2026-10-09T23:38:17,187000003,대전75자9940,36.480774,127.262084,72.047,293053011,한솔동,0
2026-10-09T23:38:17,187000003,대전75자9936,36.551305,127.301404,42.558,293064420,누리동,0
2026-10-09T23:38:17,187000003,대전75자9927,36.56555,127.309301,59.446,974019920,오송역2.3.4(미정차),0
2026-10-09T23:38:17,187000003,대전75자9926,36.515242,127.258955,68.158,293056002,도담동,0
2026-10-09T23:38:17,187000003,대전75자9921,36.430124,127.405469,90.041,187001388,대덕산업단지,0
2026-10-09T23:38:17,187000003,대전75자9919,36.355971,127.406228,99.835,187001389,오정농수산오거리,0
2026-10-09T23:38:17,187000003,대전75자9918,36.333886,127.437297,104.27,187001395,대전역동광장,0
2026-10-09T23:38:48,293000317,세종70자1704,36.45152199,127.285342,7.867,186005279,반석역,68
2026-10-09T23:38:48,293000317,세종70자1708,36.503412,127.329301,16.987,293064417,세종공동캠퍼스,46
2026-10-09T23:38:48,293000317,세종70자1707,36.589726,127.325093,28.868,293900055,용호동,68
2026-10-09T23:38:48,293000318,세종70자1702,36.619318,127.326965,0.025,270000635,오송역2.3.4,16
2026-10-09T23:38:48,293000318,세종70자1705,36.511984,127.329994,15.396,293064493,다솜동,68
2026-10-09T23:38:48,293000318,세종70자1706,36.458592,127.280507,24.593,293055001,세종고속시외버스터미널(지상),68
2026-10-09T23:38:48,293000318,세종70자1703,36.388983,127.317121,32.906,186005278,반석역,21
2026-10-09T23:38:48,293000363,세종70자1727,36.607683,127.339246,1.446,270000635,오송역2.3.4,67
2026-10-09T23:38:48,293000363,세종70자1726,36.533596,127.273615,14.075,293014026,한별동,54
2026-10-09T23:38:48,187000003,대전75자9912,36.355358,127.407105,4.188,187001385,오정농수산오거리,0
2026-10-09T23:38:48,187000003,대전75자9110,36.453978,127.370071,18.712,187001387,대덕산업단지,0
2026-10-09T23:38:48,187000003,대전75자9940,36.485531,127.25866,71.529,293053011,한솔동,0
2026-10-09T23:38:48,187000003,대전75자9936,36.565207,127.309095,44.229,293064420,누리동,0
2026-10-09T23:38:48,187000003,대전75자9927,36.56555,127.309301,59.446,974019920,오송역2.3.4(미정차),0
2026-10-09T23:38:48,187000003,대전75자9926,36.515242,127.258955,68.158,293056002,도담동,0
2026-10-09T23:38:48,187000003,대전75자9921,36.430124,127.405469,90.041,187001388,대덕산업단지,0
2026-10-09T23:38:48,187000003,대전75자9919,36.352617,127.410378,100.476,187001390,오정동행정복지센터,0
2026-10-09T23:38:48,187000003,대전75자9918,36.333886,127.437297,104.27,187001395,대전역동광장,0
2026-10-09T23:39:19,293000317,세종70자1704,36.453955,127.284335,8.034,186005279,반석역,68
2026-10-09T23:39:19,293000317,세종70자1708,36.508287,127.32976,17.59,293064417,세종공동캠퍼스,68
2026-10-09T23:39:19,293000317,세종70자1707,36.593256,127.329622,29.557,293900055,용호동,67
2026-10-09T23:39:19,293000318,세종70자1702,36.61931,127.327011,0.025,270000635,오송역2.3.4,6
2026-10-09T23:39:19,293000318,세종70자1705,36.50689,127.32953,15.926,293064493,다솜동,68
2026-10-09T23:39:19,293000318,세종70자1706,36.45155599,127.285222,25.51,293055001,세종고속시외버스터미널(지상),69
2026-10-09T23:39:19,293000318,세종70자1703,36.388983,127.317121,32.906,186005278,반석역,21
2026-10-09T23:39:19,293000363,세종70자1727,36.602751,127.339182,1.446,270000635,오송역2.3.4,68
2026-10-09T23:39:19,293000363,세종70자1726,36.529777,127.265025,14.933,293014017,"해밀동,산울동",53
2026-10-09T23:39:19,187000003,대전75자9912,36.355358,127.407105,4.188,187001385,오정농수산오거리,0
2026-10-09T23:39:19,187000003,대전75자9110,36.453978,127.370071,18.712,187001387,대덕산업단지,0
2026-10-09T23:39:19,187000003,대전75자9940,36.486475,127.258006,71.529,293053005,"새롬동,나성동",0
2026-10-09T23:39:19,187000003,대전75자9936,36.565207,127.309095,44.229,293064420,누리동,0
2026-10-09T23:39:19,187000003,대전75자9927,36.56555,127.309301,59.446,974019920,오송역2.3.4(미정차),0
2026-10-09T23:39:19,187000003,대전75자9926,36.514379,127.259027,68.276,293056002,도담동,0
2026-10-09T23:39:19,187000003,대전75자9921,36.424006,127.413822,91.056,187001388,대덕산업단지,0
2026-10-09T23:39:19,187000003,대전75자9919,36.350522,127.413025,100.788,187001391,한남오거리(BRT),0
2026-10-09T23:39:19,187000003,대전75자9918,36.333886,127.437297,104.27,187001395,대전역동광장,0
2026-10-09T23:39:50,293000317,세종70자1704,36.459623,127.279603,8.905,186005279,반석역,68
2026-10-09T23:39:50,293000317,세종70자1708,36.513272,127.330212,18.254,293064417,세종공동캠퍼스,68
2026-10-09T23:39:50,293000317,세종70자1707,36.597352,127.333368,30.131,293900055,용호동,68
2026-10-09T23:39:50,293000318,세종70자1702,36.618139,127.327393,0.342,270000635,오송역2.3.4,54
2026-10-09T23:39:50,293000318,세종70자1705,36.501871,127.328889,16.449,293064416,세종공동캠퍼스,35
2026-10-09T23:39:50,293000318,세종70자1706,36.445336,127.285871,26.187,293055001,세종고속시외버스터미널(지상),67
2026-10-09T23:39:50,293000318,세종70자1703,36.388983,127.317121,32.906,186005278,반석역,21
2026-10-09T23:39:50,293000363,세종70자1727,36.598849,127.334814,2.119,270000635,오송역2.3.4,67
2026-10-09T23:39:50,293000363,세종70자1726,36.529178,127.264325,15.038,293014017,"해밀동,산울동",39
2026-10-09T23:39:50,187000003,대전75자9912,36.356714,127.405581,4.38,187001385,오정농수산오거리,0
2026-10-09T23:39:50,187000003,대전75자9110,36.466862,127.365391,83.955,186005286,국제과학비즈니스벨트,0
2026-10-09T23:39:50,187000003,대전75자9940,36.486475,127.258006,71.529,293053005,"새롬동,나성동",0
2026-10-09T23:39:50,187000003,대전75자9936,36.565207,127.309095,44.229,293064420,누리동,0
2026-10-09T23:39:50,187000003,대전75자9927,36.551713,127.301355,60.981,974019920,오송역2.3.4(미정차),0
2026-10-09T23:39:50,187000003,대전75자9926,36.514379,127.259027,68.276,293056002,도담동,0
2026-10-09T23:39:50,187000003,대전75자9921,36.415608,127.421101,92.207,187001388,대덕산업단지,0
2026-10-09T23:39:50,187000003,대전75자9919,36.349904,127.413786,100.927,187001391,한남오거리(BRT),0
2026-10-09T23:39:50,187000003,대전75자9918,36.333852,127.437124,104.27,187001395,대전역동광장,0
2026-10-09T23:40:21,293000317,세종70자1704,36.46253699,127.276663,9.331,186005279,반석역,67
2026-10-09T23:40:21,293000317,세종70자1708,36.518568,127.330693,18.792,293064417,세종공동캠퍼스,62
2026-10-09T23:40:21,293000317,세종70자1707,36.601074,127.337693,30.682,293900055,용호동,68
2026-10-09T23:40:21,293000318,세종70자1702,36.614146,127.331792,0.935,270000635,오송역2.3.4,67
2026-10-09T23:40:21,293000318,세종70자1705,36.501371,127.328671,16.537,293064416,세종공동캠퍼스,26
2026-10-09T23:40:21,293000318,세종70자1706,36.440236,127.285938,26.755,293055001,세종고속시외버스터미널(지상),67
2026-10-09T23:40:21,293000318,세종70자1703,36.388983,127.317121,32.906,186005278,반석역,21
2026-10-09T23:40:21,293000363,세종70자1727,36.594842,127.330891,2.933,270000635,오송역2.3.4,68
2026-10-09T23:40:21,293000363,세종70자1726,36.52519199,127.261338,15.547,293014017,"해밀동,산울동",67
2026-10-09T23:40:21,187000003,대전75자9912,36.358311,127.404815,4.571,187001386,오정농수산시장,0
2026-10-09T23:40:21,187000003,대전75자9110,36.468443,127.360284,83.429,186005286,국제과학비즈니스벨트,0
2026-10-09T23:40:21,187000003,대전75자9940,36.487344,127.257572,71.443,293053005,"새롬동,나성동",0
2026-10-09T23:40:21,187000003,대전75자9936,36.57519,127.319486,45.822,293064420,누리동,0
2026-10-09T23:40:21,187000003,대전75자9927,36.551713,127.301355,60.981,974019920,오송역2.3.4(미정차),0
2026-10-09T23:40:21,187000003,대전75자9926,36.514379,127.259027,68.276,293056002,도담동,0
2026-10-09T23:40:21,187000003,대전75자9921,36.415608,127.421101,92.207,187001388,대덕산업단지,0
2026-10-09T23:40:21,187000003,대전75자9919,36.349904,127.413786,100.927,187001391,한남오거리(BRT),0
2026-10-09T23:40:21,187000003,대전75자9918,36.333328,127.437523,104.21,187001395,대전역동광장,0
2026-10-09T23:40:51,293000317,세종70자1704,36.467472,127.27512,9.907,186005279,반석역,50
2026-10-09T23:40:51,293000317,세종70자1708,36.521786,127.330393,19.118,293064417,세종공동캠퍼스,61
2026-10-09T23:40:51,293000317,세종70자1707,36.606442,127.339905,31.349,293900055,용호동,67
2026-10-09T23:40:51,293000318,세종70자1702,36.610717,127.335717,1.446,270000635,오송역2.3.4,68
2026-10-09T23:40:51,293000318,세종70자1705,36.498205,127.323055,17.226,293064418,집현동,42
2026-10-09T23:40:51,293000318,세종70자1706,36.435152,127.285998,27.188,293055001,세종고속시외버스터미널(지상),68
2026-10-09T23:40:51,293000318,세종70자1703,36.388983,127.317121,32.906,186005278,반석역,21
2026-10-09T23:40:51,293000363,세종70자1727,36.590916,127.326873,4.075,270000635,오송역2.3.4,67
2026-10-09T23:40:51,293000363,세종70자1726,36.521107,127.259548,16.032,293064446,세종충남대학교병원,52
2026-10-09T23:40:51,187000003,대전75자9912,36.360943,127.40231,4.985,187001386,오정농수산시장,0
2026-10-09T23:40:51,187000003,대전75자9110,36.468443,127.360284,83.429,186005286,국제과학비즈니스벨트,0
2026-10-09T23:40:51,187000003,대전75자9940,36.487344,127.257572,71.443,293053005,"새롬동,나성동",0
2026-10-09T23:40:51,187000003,대전75자9936,36.57519,127.319486,45.822,293064420,누리동,0
2026-10-09T23:40:51,187000003,대전75자9927,36.551713,127.301355,60.981,974019920,오송역2.3.4(미정차),0
2026-10-09T23:40:51,187000003,대전75자9926,36.514379,127.259027,68.276,293056002,도담동,0
2026-10-09T23:40:51,187000003,대전75자9921,36.405757,127.416678,93.385,187001388,대덕산업단지,0
2026-10-09T23:40:51,187000003,대전75자9919,36.346904,127.417457,101.38,187001392,대덕구청,0
2026-10-09T23:40:51,187000003,대전75자9914,36.333828,127.437103,104.27,187001395,대전역동광장,0
2026-10-09T23:40:51,187000003,대전75자9918,36.333328,127.437523,104.21,187001395,대전역동광장,0
2026-10-09T23:41:23,293000317,세종70자1704,36.468888,127.274959,10.113,186005279,반석역,50
2026-10-09T23:41:23,293000317,세종70자1708,36.525971,127.327574,19.614,293064417,세종공동캠퍼스,68
2026-10-09T23:41:23,293000317,세종70자1707,36.610552,127.336073,31.935,293900055,용호동,68
2026-10-09T23:41:23,293000318,세종70자1702,36.60631399,127.339849,1.446,270000635,오송역2.3.4,68
2026-10-09T23:41:23,293000318,세종70자1705,36.498064,127.322378,17.226,293064418,집현동,30
2026-10-09T23:41:23,293000318,세종70자1706,36.430388,127.287311,27.87,293055001,세종고속시외버스터미널(지상),65
2026-10-09T23:41:23,293000318,세종70자1703,36.388983,127.317121,32.906,186005278,반석역,21
2026-10-09T23:41:23,293000363,세종70자1727,36.587246,127.322627,4.776,270000635,오송역2.3.4,67
2026-10-09T23:41:23,293000363,세종70자1726,36.515208,127.258959,16.691,293056002,도담동,54
2026-10-09T23:41:23,187000003,대전75자9912,36.363187,127.399709,5.307,187001386,오정농수산시장,0
2026-10-09T23:41:23,187000003,대전75자9110,36.468443,127.360284,83.429,186005286,국제과학비즈니스벨트,0
2026-10-09T23:41:23,187000003,대전75자9940,36.494447,127.256515,71.32,293054003,다정동,0
2026-10-09T23:41:23,187000003,대전75자9936,36.588369,127.323539,47.337,293064420,누리동,0
2026-10-09T23:41:23,187000003,대전75자9927,36.537445,127.30437,62.669,974019920,오송역2.3.4(미정차),0
2026-10-09T23:41:23,187000003,대전75자9926,36.505488,127.261675,69.294,293062014,정부세종청사 북측,0
2026-10-09T23:41:23,187000003,대전75자9921,36.405757,127.416678,93.385,187001388,대덕산업단지,0
2026-10-09T23:41:23,187000003,대전75자9919,36.346904,127.417457,101.38,187001392,대덕구청,0
2026-10-09T23:41:23,187000003,대전75자9914,36.333828,127.437103,104.27,187001395,대전역동광장,0
2026-10-09T23:41:23,187000003,대전75자9918,36.333328,127.437523,104.21,187001395,대전역동광장,0
2026-10-09T23:41:53,293000317,세종70자1704,36.469108,127.274069,10.212,293055002,세종고속시외버스터미널(지상),17
2026-10-09T23:41:53,293000317,세종70자1708,36.529819,127.322693,20.19,293064417,세종공동캠퍼스,70
2026-10-09T23:41:53,293000317,세종70자1707,36.61442,127.331646,32.502,293900055,용호동,68
2026-10-09T23:41:53,293000318,세종70자1702,36.604091,127.339818,1.446,270000635,오송역2.3.4,68
2026-10-09T23:41:53,293000318,세종70자1705,36.497591,127.318615,17.56,293064418,집현동,27
2026-10-09T23:41:53,293000318,세종70자1706,36.426399,127.291623,27.943,293055001,세종고속시외버스터미널(지상),68
2026-10-09T23:41:53,293000318,세종70자1703,36.388983,127.317121,32.906,186005278,반석역,21
2026-10-09T23:41:53,293000363,세종70자1727,36.582397,127.321575,5.34,270000635,오송역2.3.4,68
2026-10-09T23:41:53,293000363,세종70자1726,36.51467,127.259009,16.727,293056002,도담동,54
2026-10-09T23:41:53,187000003,대전75자9912,36.363187,127.399709,5.307,187001386,오정농수산시장,0
2026-10-09T23:41:53,187000003,대전75자9110,36.468443,127.360284,83.429,186005286,국제과학비즈니스벨트,0
2026-10-09T23:41:53,187000003,대전75자9940,36.498047,127.257997,33.527,293054003,다정동,0
2026-10-09T23:41:53,187000003,대전75자9936,36.588369,127.323539,47.337,293064420,누리동,0
2026-10-09T23:41:53,187000003,대전75자9927,36.537445,127.30437,62.669,974019920,오송역2.3.4(미정차),0
2026-10-09T23:41:53,187000003,대전75자9926,36.505044,127.261523,69.359,293062014,정부세종청사 북측,0
2026-10-09T23:41:53,187000003,대전75자9921,36.393102,127.413085,94.844,187001388,대덕산업단지,0
2026-10-09T23:41:53,187000003,대전75자9919,36.346405,127.418101,101.499,187001392,대덕구청,0
2026-10-09T23:41:53,187000003,대전75자9914,36.333828,127.437103,104.27,187001395,대전역동광장,0
2026-10-09T23:41:53,187000003,대전75자9918,36.333328,127.437523,104.21,187001395,대전역동광장,0
2026-10-09T23:42:24,293000317,세종70자1704,36.469873,127.273805,10.269,293055002,세종고속시외버스터미널(지상),34
2026-10-09T23:42:24,293000317,세종70자1708,36.533022,127.318714,20.738,293064492,다솜동,67
2026-10-09T23:42:24,293000317,세종70자1707,36.617452,127.328261,32.972,293900055,용호동,45
2026-10-09T23:42:24,293000318,세종70자1702,36.599982,127.33614,2.119,270000635,오송역2.3.4,68
2026-10-09T23:42:24,293000318,세종70자1705,36.497583,127.317481,17.651,293064418,집현동,44
2026-10-09T23:42:24,293000318,세종70자1706,36.422797,127.296405,29.065,293055001,세종고속시외버스터미널(지상),68
2026-10-09T23:42:24,293000318,세종70자1703,36.388983,127.317121,32.906,186005278,반석역,21
2026-10-09T23:42:24,293000363,세종70자1727,36.577182,127.320475,5.925,270000635,오송역2.3.4,68
2026-10-09T23:42:24,293000363,세종70자1726,36.51467,127.259009,16.727,293056002,도담동,54
2026-10-09T23:42:24,187000003,대전75자9912,36.374061,127.403703,6.855,187001386,오정농수산시장,0
2026-10-09T23:42:24,187000003,대전75자9110,36.474481,127.334315,80.933,186005286,국제과학비즈니스벨트,0
2026-10-09T23:42:24,187000003,대전75자9940,36.500495,127.259447,33.801,293062006,정부세종청사 남측,0
2026-10-09T23:42:24,187000003,대전75자9936,36.595044,127.331209,48.362,293064420,누리동,0
2026-10-09T23:42:24,187000003,대전75자9927,36.534556,127.295434,63.616,974019920,오송역2.3.4(미정차),0
2026-10-09T23:42:24,187000003,대전75자9926,36.502108,127.260142,70.533,293062007,정부세종청사 남측,0
2026-10-09T23:42:24,187000003,대전75자9921,36.393102,127.413085,94.844,187001388,대덕산업단지,0
2026-10-09T23:42:24,187000003,대전75자9919,36.346405,127.418101,101.499,187001392,대덕구청,0
2026-10-09T23:42:24,187000003,대전75자9914,36.333828,127.437103,104.27,187001395,대전역동광장,0
2026-10-09T23:42:24,187000003,대전75자9918,36.333328,127.437523,104.21,187001395,대전역동광장,0
2026-10-09T23:42:55,293000317,세종70자1704,36.472301,127.276601,10.637,293064252,대평동,13
2026-10-09T23:42:55,293000317,세종70자1708,36.53649,127.311886,21.456,293900055,용호동,61
2026-10-09T23:42:55,293000317,세종70자1707,36.618686,127.326946,33.114,293900055,용호동,11
2026-10-09T23:42:55,293000318,세종70자1702,36.599982,127.33614,2.906,270000635,오송역2.3.4,68
2026-10-09T23:42:55,293000318,세종70자1705,36.49774699,127.312462,18.093,293064257,반곡동(수루배마을),40
2026-10-09T23:42:55,293000318,세종70자1706,36.418581,127.299064,29.579,293055001,세종고속시외버스터미널(지상),68
2026-10-09T23:42:55,293000318,세종70자1703,36.388983,127.317121,32.906,186005278,반석역,21
2026-10-09T23:42:55,293000363,세종70자1727,36.572498,127.316802,6.775,270000635,오송역2.3.4,67
2026-10-09T23:42:55,293000363,세종70자1726,36.51111199,127.260149,17.164,293056002,도담동,67
2026-10-09T23:42:55,187000003,대전75자9912,36.374061,127.403703,6.855,187001386,오정농수산시장,0
2026-10-09T23:42:55,187000003,대전75자9110,36.474481,127.334315,80.933,186005286,국제과학비즈니스벨트,0
2026-10-09T23:42:55,187000003,대전75자9940,36.503783,127.260986,34.281,293062011,정부세종청사 북측,0
2026-10-09T23:42:55,187000003,대전75자9936,36.595044,127.331209,48.362,293064420,누리동,0
2026-10-09T23:42:55,187000003,대전75자9927,36.534556,127.295434,63.616,974019920,오송역2.3.4(미정차),0
2026-10-09T23:42:55,187000003,대전75자9926,36.502108,127.260142,70.533,293062007,정부세종청사 남측,0
2026-10-09T23:42:55,187000003,대전75자9921,36.38274,127.412473,95.992,187001388,대덕산업단지,0
2026-10-09T23:42:55,187000003,대전75자9919,36.344235,127.421006,101.806,187001393,솔랑마을아파트,0
2026-10-09T23:42:55,187000003,대전75자9914,36.333828,127.437103,104.27,187001395,대전역동광장,0
2026-10-09T23:42:55,187000003,대전75자9918,36.333328,127.437523,104.21,187001395,대전역동광장,0
2026-10-09T23:43:25,293000317,세종70자1704,36.474712,127.280255,11.255,293064252,대평동,39
2026-10-09T23:43:25,293000317,세종70자1708,36.537258,127.308371,21.761,293900055,용호동,65
2026-10-09T23:43:25,293000317,세종70자1707,36.618842,127.327073,33.16,293900055,용호동,11
2026-10-09T23:43:25,293000318,세종70자1702,36.599982,127.33614,2.906,270000635,오송역2.3.4,68
2026-10-09T23:43:25,293000318,세종70자1705,36.497649,127.311436,18.2,293064257,반곡동(수루배마을),41
2026-10-09T23:43:25,293000318,세종70자1706,36.413589,127.300097,30.173,293055001,세종고속시외버스터미널(지상),68
2026-10-09T23:43:25,293000318,세종70자1703,36.388983,127.317121,32.906,186005278,반석역,21
2026-10-09T23:43:25,293000363,세종70자1727,36.569012,127.313053,6.775,270000635,오송역2.3.4,68
2026-10-09T23:43:25,293000363,세종70자1726,36.506807,127.261957,17.675,293056002,도담동,65
2026-10-09T23:43:25,187000003,대전75자9912,36.382522,127.412564,8.216,187001386,오정농수산시장,0
2026-10-09T23:43:25,187000003,대전75자9110,36.474481,127.334315,80.933,186005286,국제과학비즈니스벨트,0
2026-10-09T23:43:25,187000003,대전75자9940,36.504591,127.261392,34.281,293062011,정부세종청사 북측,0
2026-10-09T23:43:25,187000003,대전75자9936,36.595044,127.331209,48.362,293064420,누리동,0
2026-10-09T23:43:25,187000003,대전75자9927,36.534017,127.292758,63.781,293014058,누리동,0
2026-10-09T23:43:25,187000003,대전75자9926,36.501297,127.259746,70.533,293062007,정부세종청사 남측,0
2026-10-09T23:43:25,187000003,대전75자9921,36.374671,127.40389,97.317,187001388,대덕산업단지,0
2026-10-09T23:43:25,187000003,대전75자9919,36.344235,127.421006,101.806,187001393,솔랑마을아파트,0
2026-10-09T23:43:25,187000003,대전75자9914,36.331392,127.432766,103.644,187001395,대전역동광장,0
2026-10-09T23:43:25,187000003,대전75자9918,36.333328,127.437523,104.21,187001395,대전역동광장,0
2026-10-09T23:43:56,293000317,세종70자1704,36.475104,127.280895,11.255,293064206,"보람동,대평동",33
2026-10-09T23:43:56,293000317,세종70자1708,36.539712,127.303792,22.459,293900055,용호동,68
2026-10-09T23:43:56,293000317,세종70자1707,36.618842,127.327073,33.16,293900055,용호동,11
2026-10-09T23:43:56,293000318,세종70자1702,36.599982,127.33614,2.906,270000635,오송역2.3.4,68
2026-10-09T23:43:56,293000318,세종70자1705,36.494267,127.305787,18.73,293064257,반곡동(수루배마을),66
2026-10-09T23:43:56,293000318,세종70자1706,36.40862,127.302332,30.676,293055001,세종고속시외버스터미널(지상),68
2026-10-09T23:43:56,293000318,세종70자1703,36.388983,127.317121,32.906,186005278,반석역,21
2026-10-09T23:43:56,293000363,세종70자1727,36.564259,127.307932,7.979,270000635,오송역2.3.4,67
2026-10-09T23:43:56,293000363,세종70자1726,36.504576,127.261277,17.924,293062014,정부세종청사 북측,36
2026-10-09T23:43:56,187000003,대전75자9912,36.382522,127.412564,8.216,187001386,오정농수산시장,0
2026-10-09T23:43:56,187000003,대전75자9110,36.478216,127.310368,78.174,186005286,국제과학비즈니스벨트,0
2026-10-09T23:43:56,187000003,대전75자9940,36.504591,127.261392,34.281,293062011,정부세종청사 북측,0
2026-10-09T23:43:56,187000003,대전75자9936,36.608307,127.338939,50.16,293064420,누리동,0
2026-10-09T23:43:56,187000003,대전75자9930,36.618912,127.326794,51.958,270000635,오송역2.3.4,0
2026-10-09T23:43:56,187000003,대전75자9927,36.534017,127.292758,63.781,293014058,누리동,0
2026-10-09T23:43:56,187000003,대전75자9926,36.49849,127.258189,70.533,293062007,정부세종청사 남측,0
2026-10-09T23:43:56,187000003,대전75자9921,36.374671,127.40389,97.317,187001388,대덕산업단지,0
2026-10-09T23:43:56,187000003,대전75자9919,36.343689,127.421771,101.867,187001393,솔랑마을아파트,0
2026-10-09T23:43:56,187000003,대전75자9914,36.332423,127.432197,103.562,187001395,대전역동광장,0
2026-10-09T23:43:56,187000003,대전75자9918,36.333328,127.437523,104.21,187001395,대전역동광장,0
2026-10-09T23:44:27,293000317,세종70자1704,36.47529,127.281272,11.276,293064206,"보람동,대평동",34
2026-10-09T23:44:27,293000317,세종70자1708,36.543209,127.302591,22.861,293900055,용호동,68
2026-10-09T23:44:27,293000317,세종70자1707,36.618842,127.327073,33.16,293900055,용호동,11
2026-10-09T23:44:27,293000318,세종70자1702,36.580294,127.321272,5.571,270000635,오송역2.3.4,69
2026-10-09T23:44:27,293000318,세종70자1705,36.491832,127.304225,19.041,293064261,국책연구단지,28
2026-10-09T23:44:27,293000318,세종70자1706,36.404202,127.305596,31.303,293055001,세종고속시외버스터미널(지상),69
2026-10-09T23:44:27,293000318,세종70자1701,36.385474,127.319619,32.906,186005278,반석역,36
2026-10-09T23:44:27,293000318,세종70자1703,36.388983,127.317121,32.906,186005278,반석역,21
2026-10-09T23:44:27,293000363,세종70자1727,36.561331,127.305066,8.412,270000635,오송역2.3.4,67
2026-10-09T23:44:27,293000363,세종70자1726,36.50207,127.260121,18.242,293062007,정부세종청사 남측,58
2026-10-09T23:44:27,187000003,대전75자9912,36.392858,127.413174,9.364,187001386,오정농수산시장,0
2026-10-09T23:44:27,187000003,대전75자9110,36.480628,127.307986,77.914,293064219,한국개발연구원(KDI),0
2026-10-09T23:44:27,187000003,대전75자9940,36.504591,127.261392,34.281,293062011,정부세종청사 북측,0
2026-10-09T23:44:27,187000003,대전75자9936,36.608307,127.338939,53.56,293064420,누리동,0
2026-10-09T23:44:27,187000003,대전75자9930,36.618912,127.326794,51.958,270000635,오송역2.3.4,0
2026-10-09T23:44:27,187000003,대전75자9927,36.534017,127.292758,63.781,293014058,누리동,0
2026-10-09T23:44:27,187000003,대전75자9926,36.495255,127.2566,70.533,293062004,다정동,0
2026-10-09T23:44:27,187000003,대전75자9921,36.374671,127.40389,97.317,187001388,대덕산업단지,0
2026-10-09T23:44:27,187000003,대전75자9919,36.343689,127.421771,101.867,187001393,솔랑마을아파트,0
2026-10-09T23:44:27,187000003,대전75자9914,36.333254,127.431862,103.422,187001395,대전역동광장,0
2026-10-09T23:44:27,187000003,대전75자9918,36.333328,127.437523,104.21,187001395,대전역동광장,0
2026-10-09T23:44:57,293000317,세종70자1704,36.477651,127.286587,11.837,293064206,"보람동,대평동",56
2026-10-09T23:44:57,293000317,세종70자1708,36.548282,127.301345,23.369,293900055,용호동,68
2026-10-09T23:44:57,293000317,세종70자1707,36.619152,127.326813,33.214,293900055,용호동,11
2026-10-09T23:44:57,293000318,세종70자1702,36.577415,127.32058,6.121,270000635,오송역2.3.4,68
2026-10-09T23:44:57,293000318,세종70자1705,36.487222,127.301735,19.737,293064254,"법원,검찰청,경찰청",43
2026-10-09T23:44:57,293000318,세종70자1706,36.40017,127.309206,31.907,293055001,세종고속시외버스터미널(지상),69
2026-10-09T23:44:57,293000318,세종70자1701,36.386875,127.318488,32.906,186005278,반석역,36
2026-10-09T23:44:57,293000318,세종70자1703,36.388983,127.317121,32.906,186005278,반석역,21
2026-10-09T23:44:57,293000363,세종70자1727,36.556433,127.302784,9.239,270000635,오송역2.3.4,67
2026-10-09T23:44:57,293000363,세종70자1726,36.500311,127.259275,18.426,293062007,정부세종청사 남측,57
2026-10-09T23:44:57,187000003,대전75자9912,36.392858,127.413174,9.364,187001386,오정농수산시장,0
2026-10-09T23:44:57,187000003,대전75자9110,36.48318,127.306755,77.556,293064219,한국개발연구원(KDI),0
2026-10-09T23:44:57,187000003,대전75자9940,36.504591,127.261392,34.281,293062011,정부세종청사 북측,0
2026-10-09T23:44:57,187000003,대전75자9936,36.618215,127.327467,52.081,293064420,누리동,0
2026-10-09T23:44:57,187000003,대전75자9930,36.618912,127.326794,51.958,270000635,오송역2.3.4,0
2026-10-09T23:44:57,187000003,대전75자9927,36.533967,127.276032,65.296,293014026,한별동,0
2026-10-09T23:44:57,187000003,대전75자9926,36.494335,127.256377,70.649,293062004,다정동,0
2026-10-09T23:44:57,187000003,대전75자9921,36.359898,127.403149,99.45,187001388,대덕산업단지,0
2026-10-09T23:44:57,187000003,대전75자9919,36.341468,127.424832,102.32,187001394,한밭자이아파트,0
2026-10-09T23:44:57,187000003,대전75자9914,36.333254,127.431862,103.422,187001395,대전역동광장,0
2026-10-09T23:44:57,187000003,대전75자9918,36.333328,127.437523,104.21,187001395,대전역동광장,0
2026-10-09T23:45:28,293000317,세종70자1704,36.47834,127.288155,11.991,293064210,"세종시청,시의회,교육청",6
2026-10-09T23:45:28,293000317,세종70자1708,36.553247,127.30186,24.033,293900055,용호동,68
2026-10-09T23:45:28,293000317,세종70자1707,36.619152,127.326813,33.214,293900055,용호동,11
2026-10-09T23:45:28,293000318,세종70자1702,36.572511,127.316828,6.775,270000635,오송역2.3.4,68
2026-10-09T23:45:28,293000318,세종70자1705,36.48687,127.301508,19.834,293064254,"법원,검찰청,경찰청",43
2026-10-09T23:45:28,293000318,세종70자1706,36.39623,127.311623,32.417,293055001,세종고속시외버스터미널(지상),20
2026-10-09T23:45:28,293000318,세종70자1701,36.386875,127.318488,32.906,186005278,반석역,36
2026-10-09T23:45:28,293000318,세종70자1703,36.388983,127.317121,32.906,186005278,반석역,21
2026-10-09T23:45:28,293000363,세종70자1727,36.551647,127.30135,9.514,270000635,오송역2.3.4,67
2026-10-09T23:45:28,293000363,세종70자1726,36.49523099,127.256591,19.054,293062004,다정동,54
2026-10-09T23:45:28,187000003,대전75자9912,36.405511,127.416625,10.813,187001386,오정농수산시장,0
2026-10-09T23:45:28,187000003,대전75자9110,36.48318,127.306755,77.556,293064219,한국개발연구원(KDI),0
2026-10-09T23:45:28,187000003,대전75자9940,36.513653,127.259281,35.519,293056003,도담동,0
2026-10-09T23:45:28,187000003,대전75자9936,36.618671,127.326989,52.003,270000635,오송역2.3.4,0
2026-10-09T23:45:28,187000003,대전75자9930,36.618912,127.326794,51.958,270000635,오송역2.3.4,0
2026-10-09T23:45:28,187000003,대전75자9927,36.533967,127.276032,65.296,293014026,한별동,0
2026-10-09T23:45:28,187000003,대전75자9926,36.489355,127.256838,71.239,293062004,다정동,0
2026-10-09T23:45:28,187000003,대전75자9921,36.3588,127.404138,99.616,187001388,대덕산업단지,0
2026-10-09T23:45:28,187000003,대전75자9919,36.341468,127.424832,102.32,187001394,한밭자이아파트,0
2026-10-09T23:45:28,187000003,대전75자9914,36.333254,127.431862,103.422,187001395,대전역동광장,0
2026-10-09T23:45:28,187000003,대전75자9918,36.333328,127.437523,104.21,187001395,대전역동광장,0
2026-10-09T23:45:59,293000317,세종70자1704,36.47855,127.288764,11.991,293064210,"세종시청,시의회,교육청",39
2026-10-09T23:45:59,293000317,세종70자1708,36.558223,127.303479,24.64,293900055,용호동,69
2026-10-09T23:45:59,293000317,세종70자1707,36.619152,127.326813,33.214,293900055,용호동,11
2026-10-09T23:45:59,293000318,세종70자1702,36.566147,127.309946,7.979,270000635,오송역2.3.4,68
2026-10-09T23:45:59,293000318,세종70자1705,36.486868,127.301512,19.834,293064254,"법원,검찰청,경찰청",43
2026-10-09T23:45:59,293000318,세종70자1706,36.395854,127.311853,32.417,293055001,세종고속시외버스터미널(지상),33
2026-10-09T23:45:59,293000318,세종70자1701,36.386875,127.318488,32.906,186005278,반석역,36
2026-10-09T23:45:59,293000318,세종70자1703,36.388983,127.317121,32.906,186005278,반석역,21
2026-10-09T23:45:59,293000363,세종70자1727,36.546427,127.301539,10.138,270000635,오송역2.3.4,67
2026-10-09T23:45:59,293000363,세종70자1726,36.493611,127.256315,19.23,293062004,다정동,55
2026-10-09T23:45:59,187000003,대전75자9912,36.415376,127.421259,12.011,187001386,오정농수산시장,0
2026-10-09T23:45:59,187000003,대전75자9110,36.485366,127.300456,76.959,293064219,한국개발연구원(KDI),0
2026-10-09T23:45:59,187000003,대전75자9940,36.513653,127.259281,35.519,293056003,도담동,0
2026-10-09T23:45:59,187000003,대전75자9936,36.618671,127.326989,51.99,270000635,오송역2.3.4,0
2026-10-09T23:45:59,187000003,대전75자9930,36.618912,127.326794,51.958,270000635,오송역2.3.4,0
2026-10-09T23:45:59,187000003,대전75자9927,36.533967,127.276032,65.296,293014026,한별동,0
2026-10-09T23:45:59,187000003,대전75자9926,36.488102,127.257028,71.353,293053004,"새롬동,나성동",0
2026-10-09T23:45:59,187000003,대전75자9921,36.355942,127.406249,99.835,187001389,오정농수산오거리,0
2026-10-09T23:45:59,187000003,대전75자9919,36.338198,127.429171,102.808,187001394,한밭자이아파트,0
2026-10-09T23:45:59,187000003,대전75자9914,36.335584,127.430824,103.131,187001395,대전역동광장,0
2026-10-09T23:46:30,293000317,세종70자1704,36.479261,127.290435,12.21,293064210,"세종시청,시의회,교육청",255
2026-10-09T23:46:30,293000317,세종70자1708,36.564463,127.308289,25.379,293900055,용호동,68
2026-10-09T23:46:30,293000317,세종70자1707,36.619152,127.326813,33.214,293900055,용호동,11
2026-10-09T23:46:30,293000318,세종70자1702,36.56224,127.3058,8.29,270000635,오송역2.3.4,68
2026-10-09T23:46:30,293000318,세종70자1705,36.486755,127.301445,19.834,293064254,"법원,검찰청,경찰청",18
2026-10-09T23:46:30,293000318,세종70자1706,36.392494,127.314339,32.906,186005278,반석역,12
2026-10-09T23:46:30,293000318,세종70자1701,36.387563,127.31802,32.906,186005278,반석역,48
2026-10-09T23:46:30,293000318,세종70자1703,36.388983,127.317121,32.906,186005278,반석역,21
2026-10-09T23:46:30,293000363,세종70자1727,36.539527,127.303672,10.916,270000635,오송역2.3.4,67
2026-10-09T23:46:30,293000363,세종70자1726,36.48807999,127.257068,19.874,293053004,"새롬동,나성동",33
2026-10-09T23:46:30,187000003,대전75자9912,36.415376,127.421259,12.011,187001386,오정농수산시장,0
2026-10-09T23:46:30,187000003,대전75자9110,36.482863,127.297903,76.483,293064214,소담동(새샘마을),0
2026-10-09T23:46:30,187000003,대전75자9940,36.514555,127.25913,35.519,293056003,도담동,0
2026-10-09T23:46:30,187000003,대전75자9936,36.618671,127.326989,51.99,270000635,오송역2.3.4,0
2026-10-09T23:46:30,187000003,대전75자9930,36.618912,127.326794,51.958,270000635,오송역2.3.4,0
2026-10-09T23:46:30,187000003,대전75자9927,36.533967,127.276032,65.296,293014026,한별동,0
2026-10-09T23:46:30,187000003,대전75자9926,36.488102,127.257028,71.353,293053004,"새롬동,나성동",0
2026-10-09T23:46:30,187000003,대전75자9921,36.35535,127.407,99.835,187001389,오정농수산오거리,0
2026-10-09T23:46:30,187000003,대전75자9919,36.333868,127.4314,103.398,183002355,대전역,0
2026-10-09T23:46:30,187000003,대전75자9914,36.337971,127.429734,102.886,187001395,대전역동광장,0
2026-10-09T23:47:00,293000317,세종70자1701,36.391288,127.315237,0.378,186005279,반석역,47
2026-10-09T23:47:00,293000317,세종70자1704,36.48277,127.29784,12.993,293064216,소담동(새샘마을),31
2026-10-09T23:47:00,293000317,세종70자1707,36.619152,127.326813,33.214,293900055,용호동,11
2026-10-09T23:47:00,293000317,세종70자1708,36.566674,127.310677,25.379,293900055,용호동,68
2026-10-09T23:47:00,293000318,세종70자1702,36.557441,127.3031,8.708,270000635,오송역2.3.4,68
2026-10-09T23:47:00,293000318,세종70자1705,36.485611,127.300607,19.93,293064254,"법원,검찰청,경찰청",57
2026-10-09T23:47:00,293000318,세종70자1706,36.391326,127.315148,32.906,186005278,반석역,63
2026-10-09T23:47:00,293000318,세종70자1703,36.388983,127.317121,32.906,186005278,반석역,21
2026-10-09T23:47:00,293000363,세종70자1727,36.53652799,127.302161,11.42,270000635,오송역2.3.4,66
2026-10-09T23:47:00,293000363,세종70자1726,36.486576,127.257851,20.056,293053004,"새롬동,나성동",57
2026-10-09T23:47:00,187000003,대전75자9914,36.340481,127.426328,1.784,187001380,한밭자이아파트,0
2026-10-09T23:47:00,187000003,대전75자9912,36.423731,127.414283,13.157,187001386,오정농수산시장,0
2026-10-09T23:47:00,187000003,대전75자9110,36.482863,127.297903,76.483,293064214,소담동(새샘마을),0
2026-10-09T23:47:00,187000003,대전75자9940,36.520086,127.259413,36.056,293064445,세종충남대학교병원,0
2026-10-09T23:47:00,187000003,대전75자9936,36.618671,127.326989,51.99,270000635,오송역2.3.4,0
2026-10-09T23:47:00,187000003,대전75자9930,36.617501,127.328084,52.19,270000635,오송역2.3.4,0
2026-10-09T23:47:00,187000003,대전75자9927,36.533967,127.276032,65.296,293014026,한별동,0
2026-10-09T23:47:00,187000003,대전75자9926,36.487214,127.257464,71.443,293053004,"새롬동,나성동",0
2026-10-09T23:47:00,187000003,대전75자9921,36.352596,127.410391,100.476,187001390,오정동행정복지센터,0
2026-10-09T23:47:00,187000003,대전75자9919,36.333868,127.4314,103.398,183002355,대전역,0
2026-10-09T23:47:31,293000317,세종70자1701,36.392935,127.314068,0.57,186005279,반석역,58
2026-10-09T23:47:31,293000317,세종70자1704,36.485191,127.300388,13.469,293064216,소담동(새샘마을),44
2026-10-09T23:47:31,293000317,세종70자1707,36.619152,127.326813,33.214,293900055,용호동,11
2026-10-09T23:47:31,293000317,세종70자1708,36.572662,127.317128,26.587,293900055,용호동,69
2026-10-09T23:47:31,293000318,세종70자1702,36.552449,127.301507,9.514,270000635,오송역2.3.4,68
2026-10-09T23:47:31,293000318,세종70자1705,36.48241,127.297209,20.435,293064214,소담동(새샘마을),28
2026-10-09T23:47:31,293000318,세종70자1706,36.387712,127.317809,32.906,186005278,반석역,36
2026-10-09T23:47:31,293000318,세종70자1703,36.388983,127.317121,32.906,186005278,반석역,21
2026-10-09T23:47:31,293000363,세종70자1727,36.53585,127.299787,11.74,270000635,오송역2.3.4,67
2026-10-09T23:47:31,293000363,세종70자1726,36.482163,127.260942,20.574,293053004,"새롬동,나성동",64
2026-10-09T23:47:31,187000003,대전75자9914,36.342403,127.423676,2.107,187001380,한밭자이아파트,0
2026-10-09T23:47:31,187000003,대전75자9912,36.423731,127.414283,13.157,187001386,오정농수산시장,0
2026-10-09T23:47:31,187000003,대전75자9110,36.482279,127.297118,76.352,293064214,소담동(새샘마을),0
2026-10-09T23:47:31,187000003,대전75자9940,36.522838,127.260261,36.391,293064445,세종충남대학교병원,0
2026-10-09T23:47:31,187000003,대전75자9936,36.618671,127.326989,51.99,270000635,오송역2.3.4,0
2026-10-09T23:47:31,187000003,대전75자9930,36.616205,127.329518,52.19,974019920,오송역2.3.4(미정차),0
2026-10-09T23:47:31,187000003,대전75자9927,36.529785,127.26503,66.384,293014017,"해밀동,산울동",0
2026-10-09T23:47:31,187000003,대전75자9926,36.481446,127.261502,72.047,293053009,한솔동,0
2026-10-09T23:47:31,187000003,대전75자9921,36.350448,127.413057,100.788,187001391,한남오거리(BRT),0
2026-10-09T23:47:31,187000003,대전75자9919,36.333036,127.431701,103.422,183002355,대전역,0
2026-10-09T23:48:02,293000317,세종70자1701,36.39514,127.312446,0.864,186005279,반석역,30
2026-10-09T23:48:02,293000317,세종70자1704,36.485954,127.30103,13.469,293064216,소담동(새샘마을),44
2026-10-09T23:48:02,293000317,세종70자1707,36.619152,127.326813,33.214,293900055,용호동,11
2026-10-09T23:48:02,293000317,세종70자1708,36.574565,127.319002,26.855,293900055,용호동,69
2026-10-09T23:48:02,293000318,세종70자1702,36.547333,127.301332,10.022,270000635,오송역2.3.4,68
2026-10-09T23:48:02,293000318,세종70자1705,36.481568,127.295704,20.568,293064214,소담동(새샘마을),67
2026-10-09T23:48:02,293000318,세종70자1706,36.38879,127.317199,32.906,186005278,반석역,6
2026-10-09T23:48:02,293000318,세종70자1703,36.388983,127.317121,32.906,186005278,반석역,21
2026-10-09T23:48:02,293000363,세종70자1727,36.534436,127.29501,12.161,270000635,오송역2.3.4,11
2026-10-09T23:48:02,293000363,세종70자1726,36.480962,127.261844,20.813,293053009,한솔동,7
2026-10-09T23:48:02,187000003,대전75자9914,36.343712,127.421866,2.273,187001381,솔랑마을아파트,0
2026-10-09T23:48:02,187000003,대전75자9912,36.429963,127.405805,14.196,187001386,오정농수산시장,0
2026-10-09T23:48:02,187000003,대전75자9110,36.478918,127.289455,75.378,293064211,"세종시청,시의회,교육청",0
2026-10-09T23:48:02,187000003,대전75자9940,36.528407,127.263684,37.066,293014014,"해밀동,산울동",0
2026-10-09T23:48:02,187000003,대전75자9936,36.618671,127.326989,51.99,270000635,오송역2.3.4,0
2026-10-09T23:48:02,187000003,대전75자9930,36.616205,127.329518,52.19,974019920,오송역2.3.4(미정차),0
2026-10-09T23:48:02,187000003,대전75자9927,36.529171,127.26433,66.49,293014017,"해밀동,산울동",0
2026-10-09T23:48:02,187000003,대전75자9926,36.481446,127.261502,72.047,293053009,한솔동,0
2026-10-09T23:48:02,187000003,대전75자9921,36.349832,127.413786,100.927,187001391,한남오거리(BRT),0
2026-10-09T23:48:02,187000003,대전75자9919,36.331382,127.432446,103.644,183002355,대전역,0
2026-10-09T23:48:33,293000317,세종70자1701,36.395441,127.312227,0.864,186005279,반석역,30
2026-10-09T23:48:33,293000317,세종70자1704,36.485954,127.30103,13.469,293064216,소담동(새샘마을),44
2026-10-09T23:48:33,293000317,세종70자1707,36.619152,127.326813,33.214,293900055,용호동,11
2026-10-09T23:48:33,293000317,세종70자1708,36.58265999,127.321719,27.514,293900055,용호동,68
2026-10-09T23:48:33,293000318,세종70자1702,36.542617,127.302592,10.514,270000635,오송역2.3.4,71
2026-10-09T23:48:33,293000318,세종70자1705,36.478825,127.28929,21.344,293064211,"세종시청,시의회,교육청",9
2026-10-09T23:48:33,293000318,세종70자1706,36.388837,127.317161,32.906,186005278,반석역,6
2026-10-09T23:48:33,293000318,세종70자1703,36.388983,127.317121,32.906,186005278,반석역,21
2026-10-09T23:48:33,293000363,세종70자1727,36.534023,127.291539,12.449,293014058,누리동,60
2026-10-09T23:48:33,293000363,세종70자1726,36.479086,127.263157,21.0,293053009,한솔동,64
2026-10-09T23:48:33,187000003,대전75자9914,36.345743,127.419066,2.657,187001382,대덕구청,0
2026-10-09T23:48:33,187000003,대전75자9912,36.429963,127.405805,14.196,187001386,오정농수산시장,0
2026-10-09T23:48:33,187000003,대전75자9110,36.478918,127.289455,75.378,293064211,"세종시청,시의회,교육청",0
2026-10-09T23:48:33,187000003,대전75자9940,36.528407,127.263684,37.066,293014014,"해밀동,산울동",0
2026-10-09T23:48:33,187000003,대전75자9936,36.618671,127.326989,51.99,270000635,오송역2.3.4,0
2026-10-09T23:48:33,187000003,대전75자9930,36.608613,127.338497,53.548,974019920,오송역2.3.4(미정차),0
2026-10-09T23:48:33,187000003,대전75자9927,36.522031,127.259859,67.381,293064446,세종충남대학교병원,0
2026-10-09T23:48:33,187000003,대전75자9926,36.479248,127.263054,72.047,293053009,한솔동,0
2026-10-09T23:48:33,187000003,대전75자9921,36.348384,127.415626,101.136,187001391,한남오거리(BRT),0
2026-10-09T23:48:33,187000003,대전75자9919,36.332892,127.437464,104.185,183002355,대전역,0
2026-10-09T23:49:03,293000317,세종70자1701,36.39594799,127.311888,0.956,186005279,반석역,43
2026-10-09T23:49:03,293000317,세종70자1704,36.485954,127.30103,13.469,293064216,소담동(새샘마을),44
2026-10-09T23:49:03,293000317,세종70자1707,36.619152,127.326813,33.214,293900055,용호동,11
2026-10-09T23:49:03,293000317,세종70자1708,36.5877,127.323009,27.514,293900055,용호동,69
2026-10-09T23:49:03,293000318,세종70자1702,36.542617,127.302592,10.514,270000635,오송역2.3.4,71
2026-10-09T23:49:03,293000318,세종70자1705,36.478794,127.289224,21.344,293064211,"세종시청,시의회,교육청",9
2026-10-09T23:49:03,293000318,세종70자1706,36.388837,127.317161,32.906,186005278,반석역,6
2026-10-09T23:49:03,293000318,세종70자1703,36.388983,127.317121,32.906,186005278,반석역,21
2026-10-09T23:49:03,293000363,세종70자1727,36.53443999,127.286608,12.88,293014058,누리동,67
2026-10-09T23:49:03,293000363,세종70자1726,36.475105,127.266025,21.217,293053009,한솔동,46
2026-10-09T23:49:03,187000003,대전75자9914,36.346108,127.418575,2.717,187001382,대덕구청,0
2026-10-09T23:49:03,187000003,대전75자9912,36.43743,127.396782,15.381,187001387,대덕산업단지,0
2026-10-09T23:49:03,187000003,대전75자9110,36.478918,127.289455,75.378,293064211,"세종시청,시의회,교육청",0
2026-10-09T23:49:03,187000003,대전75자9940,36.529056,127.264332,37.178,293014014,"해밀동,산울동",0
2026-10-09T23:49:03,187000003,대전75자9936,36.618671,127.326989,51.99,270000635,오송역2.3.4,0
2026-10-09T23:49:03,187000003,대전75자9930,36.608613,127.338497,53.548,974019920,오송역2.3.4(미정차),0
2026-10-09T23:49:03,187000003,대전75자9927,36.521157,127.259558,67.591,293064446,세종충남대학교병원,0
2026-10-09T23:49:03,187000003,대전75자9926,36.479248,127.263054,72.047,293053009,한솔동,0
2026-10-09T23:49:03,187000003,대전75자9921,36.346905,127.417453,101.38,187001392,대덕구청,0
2026-10-09T23:49:03,187000003,대전75자9919,36.333869,127.437325,104.27,187001395,대전역동광장,0
2026-10-09T23:49:34,293000317,세종70자1701,36.399774,127.30969,1.417,186005279,반석역,68
2026-10-09T23:49:34,293000317,세종70자1704,36.487043,127.301742,13.612,293064253,"법원,검찰청,경찰청",33
2026-10-09T23:49:34,293000317,세종70자1707,36.619152,127.326813,33.214,293900055,용호동,11
2026-10-09T23:49:34,293000317,세종70자1708,36.589215,127.324411,28.868,293900055,용호동,69
2026-10-09T23:49:34,293000318,세종70자1702,36.542617,127.302592,10.514,270000635,오송역2.3.4,71
2026-10-09T23:49:34,293000318,세종70자1705,36.478575,127.288697,21.344,293064211,"세종시청,시의회,교육청",26
2026-10-09T23:49:34,293000318,세종70자1706,36.388837,127.317161,32.906,186005278,반석역,6
2026-10-09T23:49:34,293000318,세종70자1703,36.388983,127.317121,32.906,186005278,반석역,21
2026-10-09T23:49:34,293000363,세종70자1727,36.534128,127.277016,13.743,293014026,한별동,68
2026-10-09T23:49:34,293000363,세종70자1726,36.471351,127.26928,22.061,293053009,한솔동,69
2026-10-09T23:49:34,187000003,대전75자9914,36.346937,127.417578,2.873,187001382,대덕구청,0
2026-10-09T23:49:34,187000003,대전75자9912,36.437991,127.39587,15.381,187001387,대덕산업단지,0
2026-10-09T23:49:34,187000003,대전75자9110,36.478509,127.288464,75.378,293064211,"세종시청,시의회,교육청",0
2026-10-09T23:49:34,187000003,대전75자9940,36.529056,127.264332,37.178,293014014,"해밀동,산울동",0
2026-10-09T23:49:34,187000003,대전75자9936,36.618671,127.326989,51.99,270000635,오송역2.3.4,0
2026-10-09T23:49:34,187000003,대전75자9930,36.608613,127.338497,53.548,974019920,오송역2.3.4(미정차),0
2026-10-09T23:49:34,187000003,대전75자9927,36.515232,127.258951,68.158,293056002,도담동,0
2026-10-09T23:49:34,187000003,대전75자9926,36.479248,127.263054,72.047,293053009,한솔동,0
2026-10-09T23:49:34,187000003,대전75자9921,36.346394,127.418099,101.499,187001392,대덕구청,0
2026-10-09T23:49:34,187000003,대전75자9919,36.333869,127.437325,104.27,187001395,대전역동광장,0
2026-10-09T23:50:05,293000317,세종70자1701,36.40836,127.302606,2.698,186005279,반석역,69
2026-10-09T23:50:05,293000317,세종70자1704,36.489709,127.302894,13.884,293064253,"법원,검찰청,경찰청",55
2026-10-09T23:50:05,293000317,세종70자1707,36.619152,127.326813,33.214,293900055,용호동,11
2026-10-09T23:50:05,293000317,세종70자1708,36.592728,127.329157,29.458,293900055,용호동,68
2026-10-09T23:50:05,293000318,세종70자1702,36.53645,127.311768,11.894,293900054,용호동,67
2026-10-09T23:50:05,293000318,세종70자1705,36.476452,127.28361,21.799,293064211,"세종시청,시의회,교육청",67
2026-10-09T23:50:05,293000318,세종70자1706,36.388837,127.317161,32.906,186005278,반석역,6
2026-10-09T23:50:05,293000318,세종70자1703,36.388983,127.317121,32.906,186005278,반석역,21
2026-10-09T23:50:05,293000363,세종70자1727,36.533733,127.274569,14.007,293014026,한별동,67
2026-10-09T23:50:05,293000363,세종70자1726,36.470453,127.273522,22.445,293064221,세종고속시외버스터미널(지하),36
2026-10-09T23:50:05,187000003,대전75자9914,36.346937,127.417578,2.873,187001382,대덕구청,0
2026-10-09T23:50:05,187000003,대전75자9912,36.437991,127.39587,15.381,187001387,대덕산업단지,0
2026-10-09T23:50:05,187000003,대전75자9110,36.475812,127.282094,74.751,293064209,"보람동,대평동",0
2026-10-09T23:50:05,187000003,대전75자9940,36.529056,127.264332,37.178,293014014,"해밀동,산울동",0
2026-10-09T23:50:05,187000003,대전75자9936,36.618671,127.326989,51.99,270000635,오송역2.3.4,0
2026-10-09T23:50:05,187000003,대전75자9930,36.608613,127.338497,53.548,974019920,오송역2.3.4(미정차),0
2026-10-09T23:50:05,187000003,대전75자9927,36.515232,127.258951,68.158,293056002,도담동,0
2026-10-09T23:50:05,187000003,대전75자9926,36.470947,127.27096,73.682,293053009,한솔동,0
2026-10-09T23:50:05,187000003,대전75자9921,36.34426,127.420929,101.806,187001393,솔랑마을아파트,0
2026-10-09T23:50:05,187000003,대전75자9919,36.333869,127.437325,104.27,187001395,대전역동광장,0
2026-10-09T23:50:35,293000317,세종70자1701,36.413026,127.300409,3.137,186005279,반석역,68
2026-10-09T23:50:35,293000317,세종70자1704,36.493041,127.305158,14.304,293064255,국책연구단지,61
2026-10-09T23:50:35,293000317,세종70자1707,36.619152,127.326813,33.214,293900055,용호동,11
2026-10-09T23:50:35,293000317,세종70자1708,36.597043,127.333072,30.079,293900055,용호동,69
2026-10-09T23:50:35,293000318,세종70자1702,36.534259,127.316662,12.344,293900054,용호동,67
2026-10-09T23:50:35,293000318,세종70자1705,36.475233,127.281067,22.069,293064209,"보람동,대평동",37
2026-10-09T23:50:35,293000318,세종70자1706,36.388837,127.317161,32.906,186005278,반석역,6
2026-10-09T23:50:35,293000318,세종70자1703,36.388983,127.317121,32.906,186005278,반석역,21
2026-10-09T23:50:35,293000363,세종70자1727,36.529807,127.265099,14.933,293014017,"해밀동,산울동",51
2026-10-09T23:50:35,293000363,세종70자1726,36.46848,127.27484,22.701,293055001,세종고속시외버스터미널(지상),47
2026-10-09T23:50:35,187000003,대전75자9914,36.346937,127.417578,2.873,187001382,대덕구청,0
2026-10-09T23:50:35,187000003,대전75자9912,36.437991,127.39587,15.381,187001387,대덕산업단지,0
2026-10-09T23:50:35,187000003,대전75자9110,36.475413,127.281352,74.751,293064209,"보람동,대평동",0
2026-10-09T23:50:35,187000003,대전75자9940,36.533708,127.274721,38.198,293014025,한별동,0
2026-10-09T23:50:35,187000003,대전75자9936,36.618671,127.326989,51.99,270000635,오송역2.3.4,0
2026-10-09T23:50:35,187000003,대전75자9930,36.595449,127.3314,54.403,974019920,오송역2.3.4(미정차),0
2026-10-09T23:50:35,187000003,대전75자9927,36.515232,127.258951,68.158,293056002,도담동,0
2026-10-09T23:50:35,187000003,대전75자9926,36.470521,127.27297,73.854,293064221,세종고속시외버스터미널(지하),0
2026-10-09T23:50:35,187000003,대전75자9921,36.34426,127.420929,101.806,187001393,솔랑마을아파트,0
2026-10-09T23:50:35,187000003,대전75자9919,36.333869,127.437325,104.27,187001395,대전역동광장,0
2026-10-09T23:51:06,293000317,세종70자1701,36.418248,127.29926,3.537,186005279,반석역,67
2026-10-09T23:51:06,293000317,세종70자1704,36.496886,127.308272,14.83,293064255,국책연구단지,59
2026-10-09T23:51:06,293000317,세종70자1707,36.619152,127.326813,33.214,293900055,용호동,11
2026-10-09T23:51:06,293000317,세종70자1708,36.600857,127.337461,30.654,293900055,용호동,69
2026-10-09T23:51:06,293000318,세종70자1702,36.531796,127.32009,12.787,293064493,다솜동,68
2026-10-09T23:51:06,293000318,세종70자1705,36.475046,127.280753,22.078,293064209,"보람동,대평동",44
2026-10-09T23:51:06,293000318,세종70자1706,36.388837,127.317161,32.906,186005278,반석역,6
2026-10-09T23:51:06,293000318,세종70자1703,36.388983,127.317121,32.906,186005278,반석역,21
2026-10-09T23:51:06,293000363,세종70자1727,36.529396,127.264654,15.009,293014017,"해밀동,산울동",51
2026-10-09T23:51:06,293000363,세종70자1726,36.465129,127.275239,23.262,293055001,세종고속시외버스터미널(지상),67
2026-10-09T23:51:06,187000003,대전75자9914,36.348154,127.416066,3.07,187001382,대덕구청,0
2026-10-09T23:51:06,187000003,대전75자9912,36.443907,127.384015,16.77,187001387,대덕산업단지,0
2026-10-09T23:51:06,187000003,대전75자9110,36.472004,127.276352,74.133,293064251,대평동,0
2026-10-09T23:51:06,187000003,대전75자9940,36.533894,127.275848,38.366,293014025,한별동,0
2026-10-09T23:51:06,187000003,대전75자9930,36.595449,127.3314,55.294,974019920,오송역2.3.4(미정차),0
2026-10-09T23:51:06,187000003,대전75자9927,36.514333,127.259011,68.276,293056002,도담동,0
2026-10-09T23:51:06,187000003,대전75자9926,36.470808,127.273727,73.913,293064221,세종고속시외버스터미널(지하),0
2026-10-09T23:51:06,187000003,대전75자9921,36.343671,127.42175,101.867,187001393,솔랑마을아파트,0
2026-10-09T23:51:06,187000003,대전75자9919,36.333869,127.437325,104.27,187001395,대전역동광장,0
2026-10-09T23:51:37,293000317,세종70자1701,36.423062,127.296268,3.537,186005279,반석역,69
2026-10-09T23:51:37,293000317,세종70자1704,36.497553,127.311235,15.135,293064258,반곡동(수루배마을),28
2026-10-09T23:51:37,293000317,세종70자1707,36.619152,127.326813,33.214,293900055,용호동,11
2026-10-09T23:51:37,293000317,세종70자1708,36.608432,127.338815,31.392,293900055,용호동,69
2026-10-09T23:51:37,293000318,세종70자1702,36.527479,127.325517,13.406,293064493,다솜동,57
2026-10-09T23:51:37,293000318,세종70자1705,36.471992,127.276182,22.707,293064251,대평동,2
2026-10-09T23:51:37,293000318,세종70자1706,36.388837,127.317161,32.906,186005278,반석역,6
2026-10-09T23:51:37,293000318,세종70자1703,36.388983,127.317121,32.906,186005278,반석역,21
2026-10-09T23:51:37,293000363,세종70자1727,36.529157,127.264353,15.038,293014017,"해밀동,산울동",38
2026-10-09T23:51:37,293000363,세종70자1726,36.460877,127.278147,23.769,293055001,세종고속시외버스터미널(지상),68
2026-10-09T23:51:37,187000003,대전75자9914,36.349349,127.414597,3.177,187001383,한남오거리(BRT),0
2026-10-09T23:51:37,187000003,대전75자9912,36.443907,127.384015,16.77,187001387,대덕산업단지,0
2026-10-09T23:51:37,187000003,대전75자9110,36.472004,127.276352,74.133,293064251,대평동,0
2026-10-09T23:51:37,187000003,대전75자9940,36.533894,127.275848,38.366,293014025,한별동,0
2026-10-09T23:51:37,187000003,대전75자9930,36.588707,127.323685,56.437,974019920,오송역2.3.4(미정차),0
2026-10-09T23:51:37,187000003,대전75자9927,36.514333,127.259011,68.276,293056002,도담동,0
2026-10-09T23:51:37,187000003,대전75자9926,36.470803,127.274873,74.032,293064221,세종고속시외버스터미널(지하),0
2026-10-09T23:51:37,187000003,대전75자9921,36.343671,127.42175,101.867,187001393,솔랑마을아파트,0
2026-10-09T23:51:37,187000003,대전75자9919,36.333869,127.437325,104.27,187001395,대전역동광장,0
2026-10-09T23:52:08,293000317,세종70자1701,36.42660399,127.291552,4.901,186005279,반석역,69
2026-10-09T23:52:08,293000317,세종70자1704,36.497634,127.314696,15.332,293064258,반곡동(수루배마을),55
2026-10-09T23:52:08,293000317,세종70자1707,36.619152,127.326813,33.214,293900055,용호동,11
2026-10-09T23:52:08,293000317,세종70자1708,36.61260699,127.333693,32.183,293900055,용호동,68
2026-10-09T23:52:08,293000318,세종70자1702,36.523642,127.329238,14.058,293064493,다솜동,68
2026-10-09T23:52:08,293000318,세종70자1705,36.470527,127.273421,22.939,293064251,대평동,30
2026-10-09T23:52:08,293000318,세종70자1706,36.388837,127.317161,32.906,186005278,반석역,6
2026-10-09T23:52:08,293000318,세종70자1703,36.388983,127.317121,32.906,186005278,반석역,21
2026-10-09T23:52:08,293000363,세종70자1727,36.525165,127.261363,15.547,293014017,"해밀동,산울동",67
2026-10-09T23:52:08,293000363,세종70자1726,36.456935,127.282136,24.317,293055001,세종고속시외버스터미널(지상),67
2026-10-09T23:52:08,187000003,대전75자9914,36.351401,127.412031,3.606,187001384,오정동행정복지센터,0
2026-10-09T23:52:08,187000003,대전75자9912,36.443907,127.384015,16.77,187001387,대덕산업단지,0
2026-10-09T23:52:08,187000003,대전75자9110,36.470777,127.273371,73.892,293064220,세종고속시외버스터미널(지하),0
2026-10-09T23:52:08,187000003,대전75자9940,36.53395,127.291686,39.815,293064420,누리동,0
2026-10-09T23:52:08,187000003,대전75자9930,36.588707,127.323685,56.437,974019920,오송역2.3.4(미정차),0
2026-10-09T23:52:08,187000003,대전75자9927,36.505042,127.261531,69.359,293062014,정부세종청사 북측,0
2026-10-09T23:52:08,187000003,대전75자9926,36.470803,127.274873,74.032,293064221,세종고속시외버스터미널(지하),0
2026-10-09T23:52:08,187000003,대전75자9921,36.343671,127.42175,101.867,187001393,솔랑마을아파트,0
2026-10-09T23:52:08,187000003,대전75자9919,36.333869,127.437325,104.27,187001395,대전역동광장,0
2026-10-09T23:52:39,293000317,세종70자1701,36.430049,127.287689,5.442,186005279,반석역,68
2026-10-09T23:52:39,293000317,세종70자1704,36.497505,127.317091,15.685,293064258,반곡동(수루배마을),55
2026-10-09T23:52:39,293000317,세종70자1707,36.619152,127.326813,33.214,293900055,용호동,11
2026-10-09T23:52:39,293000317,세종70자1708,36.61440799,127.33168,32.502,293900055,용호동,70
2026-10-09T23:52:39,293000318,세종70자1702,36.51872,127.330594,14.56,293064493,다솜동,67
2026-10-09T23:52:39,293000318,세종70자1705,36.469286,127.273797,23.078,293055001,세종고속시외버스터미널(지상),38
2026-10-09T23:52:39,293000318,세종70자1706,36.388837,127.317161,32.906,186005278,반석역,6
2026-10-09T23:52:39,293000318,세종70자1703,36.388983,127.317121,32.906,186005278,반석역,21
2026-10-09T23:52:39,293000363,세종70자1727,36.52199199,127.259866,15.943,293014017,"해밀동,산울동",57
2026-10-09T23:52:39,293000363,세종70자1726,36.451417,127.285252,25.007,293055001,세종고속시외버스터미널(지상),68
2026-10-09T23:52:39,187000003,대전75자9914,36.352041,127.411267,3.663,187001384,오정동행정복지센터,0
2026-10-09T23:52:39,187000003,대전75자9912,36.453946,127.370067,18.712,187001387,대덕산업단지,0
2026-10-09T23:52:39,187000003,대전75자9110,36.470845,127.271315,73.682,293064220,세종고속시외버스터미널(지하),0
2026-10-09T23:52:39,187000003,대전75자9940,36.534337,127.295006,40.071,293064420,누리동,0
2026-10-09T23:52:39,187000003,대전75자9930,36.588707,127.323685,56.437,974019920,오송역2.3.4(미정차),0
2026-10-09T23:52:39,187000003,대전75자9927,36.502156,127.260176,70.533,293062007,정부세종청사 남측,0
2026-10-09T23:52:39,187000003,대전75자9926,36.47467,127.280346,74.751,293064206,"보람동,대평동",0
2026-10-09T23:52:39,187000003,대전75자9921,36.342642,127.423207,102.12,187001393,솔랑마을아파트,0
2026-10-09T23:52:39,187000003,대전75자9919,36.333869,127.437325,104.27,187001395,대전역동광장,0
2026-10-09T23:53:09,293000317,세종70자1701,36.435153,127.286134,6.2,186005279,반석역,68
2026-10-09T23:53:09,293000317,세종70자1704,36.497499,127.317629,15.685,293064258,반곡동(수루배마을),40
2026-10-09T23:53:09,293000317,세종70자1707,36.619152,127.326813,33.214,293900055,용호동,11
2026-10-09T23:53:09,293000317,세종70자1708,36.617034,127.328806,32.894,293900055,용호동,27
2026-10-09T23:53:09,293000318,세종70자1702,36.51345,127.33012,15.157,293064493,다솜동,68
2026-10-09T23:53:09,293000318,세종70자1705,36.468986,127.274644,23.194,293055001,세종고속시외버스터미널(지상),25
2026-10-09T23:53:09,293000318,세종70자1706,36.388837,127.317161,32.906,186005278,반석역,6
2026-10-09T23:53:09,293000318,세종70자1703,36.388983,127.317121,32.906,186005278,반석역,21
2026-10-09T23:53:09,293000363,세종70자1727,36.517819,127.258986,16.397,293064446,세종충남대학교병원,67
2026-10-09T23:53:09,293000363,세종70자1726,36.447213,127.285841,25.543,293055001,세종고속시외버스터미널(지상),67
2026-10-09T23:53:09,187000003,대전75자9914,36.352041,127.411267,3.663,187001384,오정동행정복지센터,0
2026-10-09T23:53:09,187000003,대전75자9912,36.453946,127.370067,18.712,187001387,대덕산업단지,0
2026-10-09T23:53:09,187000003,대전75자9110,36.470845,127.271315,73.682,293064220,세종고속시외버스터미널(지하),0
2026-10-09T23:53:09,187000003,대전75자9940,36.534337,127.295006,40.071,293064420,누리동,0
2026-10-09T23:53:09,187000003,대전75자9930,36.575543,127.319578,57.818,974019920,오송역2.3.4(미정차),0
2026-10-09T23:53:09,187000003,대전75자9927,36.501333,127.259762,70.533,293062007,정부세종청사 남측,0
2026-10-09T23:53:09,187000003,대전75자9926,36.47467,127.280346,74.751,293064206,"보람동,대평동",0
2026-10-09T23:53:09,187000003,대전75자9921,36.341512,127.424739,102.32,187001394,한밭자이아파트,0
2026-10-09T23:53:09,187000003,대전75자9919,36.333869,127.437325,104.27,187001395,대전역동광장,0
2026-10-09T23:53:40,293000317,세종70자1701,36.440331,127.286068,6.631,186005279,반석역,68
2026-10-09T23:53:40,293000317,세종70자1704,36.498004,127.322446,16.111,293064419,집현동,50
2026-10-09T23:53:40,293000317,세종70자1707,36.619152,127.326813,33.214,293900055,용호동,11
2026-10-09T23:53:40,293000317,세종70자1708,36.617434,127.328342,32.957,293900055,용호동,33
2026-10-09T23:53:40,293000318,세종70자1702,36.508165,127.329647,15.735,293064493,다솜동,68
2026-10-09T23:53:40,293000318,세종70자1705,36.465333,127.275198,23.755,293055001,세종고속시외버스터미널(지상),68
2026-10-09T23:53:40,293000318,세종70자1706,36.388837,127.317161,32.906,186005278,반석역,6
2026-10-09T23:53:40,293000318,세종70자1703,36.388983,127.317121,32.906,186005278,반석역,21
2026-10-09T23:53:40,293000363,세종70자1714,36.619065,127.327024,0.025,270000635,오송역2.3.4,18
2026-10-09T23:53:40,293000363,세종70자1727,36.51515,127.258964,16.691,293056002,도담동,51
2026-10-09T23:53:40,293000363,세종70자1726,36.442287,127.285904,26.09,293055001,세종고속시외버스터미널(지상),67
2026-10-09T23:53:40,187000003,대전75자9914,36.352041,127.411267,3.663,187001384,오정동행정복지센터,0
2026-10-09T23:53:40,187000003,대전75자9912,36.46691,127.365243,83.955,186005286,국제과학비즈니스벨트,0
2026-10-09T23:53:40,187000003,대전75자9110,36.478965,127.263381,72.047,293064220,세종고속시외버스터미널(지하),0
2026-10-09T23:53:40,187000003,대전75자9940,36.534337,127.295006,40.071,293064420,누리동,0
2026-10-09T23:53:40,187000003,대전75자9930,36.575543,127.319578,57.818,974019920,오송역2.3.4(미정차),0
2026-10-09T23:53:40,187000003,대전75자9927,36.498503,127.258205,70.533,293062007,정부세종청사 남측,0
2026-10-09T23:53:40,187000003,대전75자9926,36.47508,127.280878,74.751,293064206,"보람동,대평동",0
2026-10-09T23:53:40,187000003,대전75자9921,36.338211,127.429177,102.808,187001394,한밭자이아파트,0
2026-10-09T23:53:40,187000003,대전75자9919,36.333869,127.437325,104.27,187001395,대전역동광장,0
2026-10-09T23:54:11,293000317,세종70자1701,36.445664,127.285996,7.191,186005279,반석역,68
2026-10-09T23:54:11,293000317,세종70자1704,36.501114,127.328529,16.802,293064417,세종공동캠퍼스,43
2026-10-09T23:54:11,293000317,세종70자1707,36.619152,127.326813,33.214,293900055,용호동,11
2026-10-09T23:54:11,293000317,세종70자1708,36.618264,127.327403,33.079,293900055,용호동,24
2026-10-09T23:54:11,293000318,세종70자1702,36.501897,127.328918,16.449,293064416,세종공동캠퍼스,47
2026-10-09T23:54:11,293000318,세종70자1705,36.460739,127.278283,24.263,293055001,세종고속시외버스터미널(지상),68
2026-10-09T23:54:11,293000318,세종70자1706,36.388837,127.317161,32.906,186005278,반석역,6
2026-10-09T23:54:11,293000318,세종70자1703,36.388983,127.317121,32.906,186005278,반석역,21
2026-10-09T23:54:11,293000363,세종70자1714,36.619317,127.326971,0.025,270000635,오송역2.3.4,18
2026-10-09T23:54:11,293000363,세종70자1727,36.51429499,127.259044,16.809,293056002,도담동,39
2026-10-09T23:54:11,293000363,세종70자1726,36.43653,127.285977,26.695,293055001,세종고속시외버스터미널(지상),67
2026-10-09T23:54:11,187000003,대전75자9914,36.352041,127.411267,3.663,187001384,오정동행정복지센터,0
2026-10-09T23:54:11,187000003,대전75자9912,36.468463,127.360236,83.429,186005286,국제과학비즈니스벨트,0
2026-10-09T23:54:11,187000003,대전75자9110,36.480028,127.262608,72.047,293053011,한솔동,0
2026-10-09T23:54:11,187000003,대전75자9940,36.534337,127.295006,40.071,293064420,누리동,0
2026-10-09T23:54:11,187000003,대전75자9930,36.575543,127.319578,57.818,974019920,오송역2.3.4(미정차),0
2026-10-09T23:54:11,187000003,대전75자9927,36.495216,127.256597,70.533,293062004,다정동,0
2026-10-09T23:54:11,187000003,대전75자9926,36.47508,127.280878,74.751,293064206,"보람동,대평동",0
2026-10-09T23:54:11,187000003,대전75자9921,36.335921,127.43057400000001,103.107,187001394,한밭자이아파트,0
2026-10-09T23:54:11,187000003,대전75자9919,36.333869,127.437325,104.27,187001395,대전역동광장,0
2026-10-09T23:54:42,293000317,세종70자1701,36.451607,127.28533,7.864,186005279,반석역,68
2026-10-09T23:54:42,293000317,세종70자1704,36.503065,127.329253,16.987,293064417,세종공동캠퍼스,63
2026-10-09T23:54:42,293000317,세종70자1708,36.618981,127.327145,33.16,270054837,오송역종점,14
2026-10-09T23:54:42,293000318,세종70자1707,36.619154,127.32681,0.025,270000635,오송역2.3.4,4
2026-10-09T23:54:42,293000318,세종70자1702,36.501181,127.328542,16.537,293064416,세종공동캠퍼스,43
2026-10-09T23:54:42,293000318,세종70자1705,36.456752,127.282288,24.81,293055001,세종고속시외버스터미널(지상),67
2026-10-09T23:54:42,293000318,세종70자1706,36.388837,127.317161,32.906,186005278,반석역,6
2026-10-09T23:54:42,293000318,세종70자1703,36.388983,127.317121,32.906,186005278,반석역,21
2026-10-09T23:54:42,293000363,세종70자1714,36.619317,127.326971,0.025,270000635,오송역2.3.4,18
2026-10-09T23:54:42,293000363,세종70자1727,36.51106,127.260177,17.187,293056002,도담동,67
2026-10-09T23:54:42,293000363,세종70자1726,36.432151,127.286442,27.191,293055001,세종고속시외버스터미널(지상),67
2026-10-09T23:54:42,187000003,대전75자9914,36.35301,127.410013,3.811,187001384,오정동행정복지센터,0
2026-10-09T23:54:42,187000003,대전75자9912,36.468463,127.360236,83.429,186005286,국제과학비즈니스벨트,0
2026-10-09T23:54:42,187000003,대전75자9110,36.480754,127.26209,72.047,293053011,한솔동,0
2026-10-09T23:54:42,187000003,대전75자9940,36.534337,127.295006,40.071,293064420,누리동,0
2026-10-09T23:54:42,187000003,대전75자9930,36.565525,127.30926,59.446,974019920,오송역2.3.4(미정차),0
2026-10-09T23:54:42,187000003,대전75자9927,36.49437,127.256404,70.649,293062004,다정동,0
2026-10-09T23:54:42,187000003,대전75자9926,36.478272,127.28806,75.378,293064210,"세종시청,시의회,교육청",0
2026-10-09T23:54:42,187000003,대전75자9921,36.332984,127.431679,103.422,183002355,대전역,0
2026-10-09T23:54:42,187000003,대전75자9919,36.333869,127.437325,104.27,187001395,대전역동광장,0
2026-10-09T23:55:12,293000317,세종70자1701,36.455259,127.283567,8.558,186005279,반석역,68
2026-10-09T23:55:12,293000317,세종70자1704,36.507957,127.329708,17.59,293064417,세종공동캠퍼스,69
2026-10-09T23:55:12,293000317,세종70자1708,36.619275,127.326848,33.214,270054837,오송역종점,29
2026-10-09T23:55:12,293000318,세종70자1707,36.618836,127.32679,0.0,270000635,오송역2.3.4,12
2026-10-09T23:55:12,293000318,세종70자1702,36.498813,127.325363,16.968,293064416,세종공동캠퍼스,13
2026-10-09T23:55:12,293000318,세종70자1705,36.451476,127.285231,25.5,293055001,세종고속시외버스터미널(지상),68
2026-10-09T23:55:12,293000318,세종70자1706,36.388837,127.317161,32.906,186005278,반석역,6
2026-10-09T23:55:12,293000318,세종70자1703,36.388983,127.317121,32.906,186005278,반석역,21
2026-10-09T23:55:12,293000363,세종70자1714,36.619317,127.326971,0.025,270000635,오송역2.3.4,18
2026-10-09T23:55:12,293000363,세종70자1727,36.505438,127.261657,17.824,293062014,정부세종청사 북측,57
2026-10-09T23:55:12,293000363,세종70자1726,36.42636,127.291649,27.45,293055001,세종고속시외버스터미널(지상),67
2026-10-09T23:55:12,187000003,대전75자9914,36.355389,127.407125,4.188,187001385,오정농수산오거리,0
2026-10-09T23:55:12,187000003,대전75자9912,36.468463,127.360236,83.429,186005286,국제과학비즈니스벨트,0
2026-10-09T23:55:12,187000003,대전75자9110,36.486464,127.257995,71.529,293053005,"새롬동,나성동",0
2026-10-09T23:55:12,187000003,대전75자9940,36.534337,127.295006,40.071,293064420,누리동,0
2026-10-09T23:55:12,187000003,대전75자9930,36.565525,127.30926,59.446,974019920,오송역2.3.4(미정차),0
2026-10-09T23:55:12,187000003,대전75자9927,36.488039,127.257114,71.353,293053004,"새롬동,나성동",0
2026-10-09T23:55:12,187000003,대전75자9926,36.478081,127.287627,75.378,293064210,"세종시청,시의회,교육청",0
2026-10-09T23:55:12,187000003,대전75자9921,36.332984,127.431679,103.422,183002355,대전역,0
2026-10-09T23:55:44,293000317,세종70자1701,36.459673,127.279541,8.905,186005279,반석역,68
2026-10-09T23:55:44,293000317,세종70자1704,36.513131,127.330178,18.254,293064417,세종공동캠퍼스,68
2026-10-09T23:55:44,293000317,세종70자1708,36.619275,127.326848,33.214,270054837,오송역종점,29
2026-10-09T23:55:44,293000318,세종70자1707,36.619296,127.326937,0.025,270000635,오송역2.3.4,12
2026-10-09T23:55:44,293000318,세종70자1702,36.498784,127.325262,16.968,293064416,세종공동캠퍼스,13
2026-10-09T23:55:44,293000318,세종70자1705,36.447239,127.285832,26.036,293055001,세종고속시외버스터미널(지상),68
2026-10-09T23:55:44,293000318,세종70자1706,36.388837,127.317161,32.906,186005278,반석역,6
2026-10-09T23:55:44,293000318,세종70자1703,36.388983,127.317121,32.906,186005278,반석역,21
2026-10-09T23:55:44,293000363,세종70자1714,36.619666,127.326274,0.138,270000635,오송역2.3.4,15
2026-10-09T23:55:44,293000363,세종70자1727,36.501039,127.259622,18.378,293062007,정부세종청사 남측,46
2026-10-09T23:55:44,293000363,세종70자1726,36.422784,127.296397,28.572,293055001,세종고속시외버스터미널(지상),67
2026-10-09T23:55:44,187000003,대전75자9914,36.356739,127.40561,4.38,187001385,오정농수산오거리,0
2026-10-09T23:55:44,187000003,대전75자9912,36.468463,127.360236,83.429,186005286,국제과학비즈니스벨트,0
2026-10-09T23:55:44,187000003,대전75자9110,36.486464,127.257995,71.529,293053005,"새롬동,나성동",0
2026-10-09T23:55:44,187000003,대전75자9940,36.534337,127.295006,40.071,293064420,누리동,0
2026-10-09T23:55:44,187000003,대전75자9930,36.565525,127.30926,59.446,974019920,오송역2.3.4(미정차),0
2026-10-09T23:55:44,187000003,대전75자9927,36.488039,127.257114,71.353,293053004,"새롬동,나성동",0
2026-10-09T23:55:44,187000003,대전75자9926,36.478472,127.288631,75.378,293064210,"세종시청,시의회,교육청",0
2026-10-09T23:55:44,187000003,대전75자9921,36.331406,127.432418,103.644,183002355,대전역,0
2026-10-09T23:56:16,293000317,세종70자1701,36.463484,127.275962,9.524,186005279,반석역,68
2026-10-09T23:56:16,293000317,세종70자1704,36.518096,127.330644,18.792,293064417,세종공동캠퍼스,52
2026-10-09T23:56:16,293000317,세종70자1708,36.619275,127.326848,33.214,270054837,오송역종점,29
2026-10-09T23:56:16,293000318,세종70자1707,36.619296,127.326937,0.025,270000635,오송역2.3.4,12
2026-10-09T23:56:16,293000318,세종70자1702,36.49866699,127.324778,16.983,293064416,세종공동캠퍼스,40
2026-10-09T23:56:16,293000318,세종70자1705,36.442107,127.285888,26.583,293055001,세종고속시외버스터미널(지상),68
2026-10-09T23:56:16,293000318,세종70자1706,36.388837,127.317161,32.906,186005278,반석역,6
2026-10-09T23:56:16,293000318,세종70자1703,36.388983,127.317121,32.906,186005278,반석역,21
2026-10-09T23:56:16,293000363,세종70자1714,36.618117,127.327407,0.354,270000635,오송역2.3.4,52
2026-10-09T23:56:16,293000363,세종70자1727,36.496744,127.257174,18.9,293062007,정부세종청사 남측,69
2026-10-09T23:56:16,293000363,세종70자1726,36.420567,127.298326,28.872,293055001,세종고속시외버스터미널(지상),68
2026-10-09T23:56:16,187000003,대전75자9914,36.359759,127.403598,4.813,187001386,오정농수산시장,0
2026-10-09T23:56:16,187000003,대전75자9912,36.47447,127.334252,80.933,186005286,국제과학비즈니스벨트,0
2026-10-09T23:56:16,187000003,대전75자9110,36.487341,127.257532,71.443,293053005,"새롬동,나성동",0
2026-10-09T23:56:16,187000003,대전75자9940,36.534337,127.295006,40.071,293064420,누리동,0
2026-10-09T23:56:16,187000003,대전75자9930,36.551677,127.301339,60.981,974019920,오송역2.3.4(미정차),0
2026-10-09T23:56:16,187000003,대전75자9927,36.488039,127.257114,71.353,293053004,"새롬동,나성동",0
2026-10-09T23:56:16,187000003,대전75자9926,36.480973,127.294976,76.255,293064210,"세종시청,시의회,교육청",0
2026-10-09T23:56:16,187000003,대전75자9921,36.331406,127.432418,103.644,183002355,대전역,0
2026-10-09T23:56:47,293000317,세종70자1701,36.468122,127.275014,9.907,186005279,반석역,39
2026-10-09T23:56:47,293000317,세종70자1704,36.520154,127.330713,18.926,293064417,세종공동캠퍼스,39
2026-10-09T23:56:47,293000317,세종70자1708,36.619275,127.326848,33.214,270054837,오송역종점,29
2026-10-09T23:56:47,293000318,세종70자1707,36.619296,127.326937,0.025,270000635,오송역2.3.4,12
2026-10-09T23:56:47,293000318,세종70자1702,36.498085,127.322408,17.226,293064418,집현동,30
2026-10-09T23:56:47,293000318,세종70자1705,36.43647699,127.285957,27.188,293055001,세종고속시외버스터미널(지상),67
2026-10-09T23:56:47,293000318,세종70자1706,36.388837,127.317161,32.906,186005278,반석역,6
2026-10-09T23:56:47,293000318,세종70자1703,36.387774,127.318103,32.906,186005278,반석역,21
2026-10-09T23:56:47,293000363,세종70자1714,36.61417,127.331768,0.935,270000635,오송역2.3.4,67
2026-10-09T23:56:47,293000363,세종70자1727,36.494667,127.25651,19.124,293062004,다정동,18
2026-10-09T23:56:47,293000363,세종70자1726,36.414732,127.299768,29.543,293055001,세종고속시외버스터미널(지상),67
2026-10-09T23:56:47,187000003,대전75자9914,36.36313,127.399895,5.307,187001386,오정농수산시장,0
2026-10-09T23:56:47,187000003,대전75자9912,36.47447,127.334252,80.933,186005286,국제과학비즈니스벨트,0
2026-10-09T23:56:47,187000003,대전75자9110,36.487341,127.257532,71.443,293053005,"새롬동,나성동",0
2026-10-09T23:56:47,187000003,대전75자9940,36.534337,127.295006,40.071,293064420,누리동,0
2026-10-09T23:56:47,187000003,대전75자9930,36.551677,127.301339,60.981,974019920,오송역2.3.4(미정차),0
2026-10-09T23:56:47,187000003,대전75자9927,36.488039,127.257114,71.353,293053004,"새롬동,나성동",0
2026-10-09T23:56:47,187000003,대전75자9926,36.4823,127.29719,76.352,293064216,소담동(새샘마을),0
2026-10-09T23:56:47,187000003,대전75자9921,36.333867,127.437297,104.27,187001395,대전역동광장,0
2026-10-09T23:57:17,293000317,세종70자1701,36.468848,127.274949,10.125,186005279,반석역,39
2026-10-09T23:57:17,293000317,세종70자1704,36.522426,127.330042,19.243,293064417,세종공동캠퍼스,67
2026-10-09T23:57:17,293000317,세종70자1708,36.619275,127.326848,33.214,270054837,오송역종점,29
2026-10-09T23:57:17,293000318,세종70자1707,36.619281,127.327048,0.025,270000635,오송역2.3.4,1
2026-10-09T23:57:17,293000318,세종70자1702,36.497707,127.320031,17.394,293064418,집현동,57
2026-10-09T23:57:17,293000318,세종70자1705,36.43191,127.286518,27.685,293055001,세종고속시외버스터미널(지상),68
2026-10-09T23:57:17,293000318,세종70자1706,36.388837,127.317161,32.906,186005278,반석역,6
2026-10-09T23:57:17,293000318,세종70자1703,36.387774,127.318103,32.906,186005278,반석역,21
2026-10-09T23:57:17,293000363,세종70자1714,36.610768,127.335674,1.446,270000635,오송역2.3.4,68
2026-10-09T23:57:17,293000363,세종70자1727,36.493644,127.256325,19.23,293062004,다정동,255
2026-10-09T23:57:17,293000363,세종70자1726,36.41035999,127.301372,30.056,293055001,세종고속시외버스터미널(지상),67
2026-10-09T23:57:17,187000003,대전75자9914,36.36313,127.399895,5.307,187001386,오정농수산시장,0
2026-10-09T23:57:17,187000003,대전75자9912,36.47447,127.334252,80.933,186005286,국제과학비즈니스벨트,0
2026-10-09T23:57:17,187000003,대전75자9110,36.493502,127.256387,71.32,293054003,다정동,0
2026-10-09T23:57:17,187000003,대전75자9940,36.534337,127.295006,40.071,293064420,누리동,0
2026-10-09T23:57:17,187000003,대전75자9930,36.551677,127.301339,60.981,974019920,오송역2.3.4(미정차),0
2026-10-09T23:57:17,187000003,대전75자9927,36.487216,127.257503,71.443,293053004,"새롬동,나성동",0
2026-10-09T23:57:17,187000003,대전75자9926,36.4823,127.29719,76.352,293064216,소담동(새샘마을),0
2026-10-09T23:57:17,187000003,대전75자9921,36.333867,127.437297,104.27,187001395,대전역동광장,0
2026-10-09T23:57:48,293000317,세종70자1701,36.469118,127.274069,10.212,293055002,세종고속시외버스터미널(지상),19
2026-10-09T23:57:48,293000317,세종70자1704,36.5267,127.326608,19.844,293064417,세종공동캠퍼스,69
2026-10-09T23:57:48,293000317,세종70자1708,36.619275,127.326848,33.214,270054837,오송역종점,29
2026-10-09T23:57:48,293000318,세종70자1707,36.61972,127.32641,0.133,270000635,오송역2.3.4,16
2026-10-09T23:57:48,293000318,세종70자1702,36.497571,127.318091,17.56,293064418,집현동,57
2026-10-09T23:57:48,293000318,세종70자1705,36.426381,127.291612,27.943,293055001,세종고속시외버스터미널(지상),68
2026-10-09T23:57:48,293000318,세종70자1706,36.388837,127.317161,32.906,186005278,반석역,6
2026-10-09T23:57:48,293000318,세종70자1703,36.3892,127.316928,32.906,186005278,반석역,44
2026-10-09T23:57:48,293000363,세종70자1714,36.606206,127.339853,1.446,270000635,오송역2.3.4,68
2026-10-09T23:57:48,293000363,세종70자1727,36.487583,127.257323,19.964,293053004,"새롬동,나성동",52
2026-10-09T23:57:48,293000363,세종70자1726,36.404413,127.305373,30.81,293055001,세종고속시외버스터미널(지상),68
2026-10-09T23:57:48,187000003,대전75자9914,36.36313,127.399895,5.307,187001386,오정농수산시장,0
2026-10-09T23:57:48,187000003,대전75자9912,36.478236,127.310294,78.174,186005286,국제과학비즈니스벨트,0
2026-10-09T23:57:48,187000003,대전75자9110,36.494428,127.256548,71.32,293054003,다정동,0
2026-10-09T23:57:48,187000003,대전75자9930,36.551677,127.301339,60.981,974019920,오송역2.3.4(미정차),0
2026-10-09T23:57:48,187000003,대전75자9927,36.481383,127.261491,72.047,293053009,한솔동,0
2026-10-09T23:57:48,187000003,대전75자9926,36.482831,127.298084,76.483,293064216,소담동(새샘마을),0
2026-10-09T23:57:48,187000003,대전75자9921,36.333867,127.437297,104.27,187001395,대전역동광장,0
2026-10-09T23:58:20,293000317,세종70자1703,36.39128,127.315292,0.378,186005279,반석역,26
2026-10-09T23:58:20,293000317,세종70자1701,36.470156,127.273674,10.418,293055002,세종고속시외버스터미널(지상),41
2026-10-09T23:58:20,293000317,세종70자1704,36.53249799,127.319333,20.738,293064492,다솜동,67
2026-10-09T23:58:20,293000317,세종70자1708,36.619275,127.326848,33.214,270054837,오송역종점,29
2026-10-09T23:58:20,293000318,세종70자1707,36.618058,127.327423,0.358,270000635,오송역2.3.4,49
2026-10-09T23:58:20,293000318,세종70자1702,36.497586,127.317495,17.651,293064418,집현동,42
2026-10-09T23:58:20,293000318,세종70자1705,36.422781,127.296397,29.065,293055001,세종고속시외버스터미널(지상),68
2026-10-09T23:58:20,293000318,세종70자1706,36.388837,127.317161,32.906,186005278,반석역,6
2026-10-09T23:58:20,293000363,세종70자1714,36.602418,127.338947,1.446,270000635,오송역2.3.4,68
2026-10-09T23:58:20,293000363,세종70자1727,36.487583,127.257323,19.964,293053004,"새롬동,나성동",52
2026-10-09T23:58:20,293000363,세종70자1726,36.401946,127.307598,31.414,293055001,세종고속시외버스터미널(지상),67
2026-10-09T23:58:20,187000003,대전75자9914,36.373995,127.403559,6.855,187001386,오정농수산시장,0
2026-10-09T23:58:20,187000003,대전75자9912,36.480632,127.30799,77.914,293064219,한국개발연구원(KDI),0
2026-10-09T23:58:20,187000003,대전75자9110,36.497965,127.258041,33.527,293054003,다정동,0
2026-10-09T23:58:20,187000003,대전75자9930,36.537467,127.30439,62.669,974019920,오송역2.3.4(미정차),0
2026-10-09T23:58:20,187000003,대전75자9927,36.481383,127.261491,72.047,293053009,한솔동,0
2026-10-09T23:58:20,187000003,대전75자9926,36.485991,127.301269,76.959,293064216,소담동(새샘마을),0
2026-10-09T23:58:20,187000003,대전75자9921,36.333867,127.437297,104.27,187001395,대전역동광장,0
2026-10-09T23:58:50,293000317,세종70자1703,36.391494,127.31512,0.378,186005279,반석역,26
2026-10-09T23:58:50,293000317,세종70자1701,36.47214499,127.276349,10.637,293064252,대평동,33
2026-10-09T23:58:50,293000317,세종70자1704,36.53542199,127.314608,21.14,293064492,다솜동,67
2026-10-09T23:58:50,293000317,세종70자1708,36.619275,127.326848,33.214,270054837,오송역종점,29
2026-10-09T23:58:50,293000318,세종70자1707,36.61416899,127.331738,0.935,270000635,오송역2.3.4,67
2026-10-09T23:58:50,293000318,세종70자1702,36.497737,127.312509,18.093,293064257,반곡동(수루배마을),43
2026-10-09T23:58:50,293000318,세종70자1705,36.420056,127.298563,29.427,293055001,세종고속시외버스터미널(지상),69
2026-10-09T23:58:50,293000318,세종70자1706,36.388837,127.317161,32.906,186005278,반석역,6
2026-10-09T23:58:50,293000363,세종70자1714,36.598685,127.334612,2.119,270000635,오송역2.3.4,68
2026-10-09T23:58:50,293000363,세종70자1727,36.486539,127.257835,20.05,293053004,"새롬동,나성동",55
2026-10-09T23:58:50,293000363,세종70자1726,36.39764,127.310787,31.588,293055001,세종고속시외버스터미널(지상),53
2026-10-09T23:58:50,187000003,대전75자9914,36.373995,127.403559,6.855,187001386,오정농수산시장,0
2026-10-09T23:58:50,187000003,대전75자9912,36.481501,127.307678,77.698,293064219,한국개발연구원(KDI),0
2026-10-09T23:58:50,187000003,대전75자9110,36.500498,127.259518,33.801,293062006,정부세종청사 남측,0
2026-10-09T23:58:50,187000003,대전75자9930,36.537467,127.30439,62.669,974019920,오송역2.3.4(미정차),0
2026-10-09T23:58:50,187000003,대전75자9927,36.479286,127.263013,72.047,293053009,한솔동,0
2026-10-09T23:58:50,187000003,대전75자9926,36.485991,127.301269,76.959,293064216,소담동(새샘마을),0
2026-10-09T23:58:50,187000003,대전75자9921,36.333867,127.437297,104.27,187001395,대전역동광장,0
2026-10-09T23:59:21,293000317,세종70자1703,36.391494,127.31512,0.378,186005279,반석역,26
2026-10-09T23:59:21,293000317,세종70자1701,36.47235,127.276847,10.883,293064252,대평동,255
2026-10-09T23:59:21,293000317,세종70자1704,36.536434,127.311943,21.456,293900055,용호동,69
2026-10-09T23:59:21,293000317,세종70자1708,36.619275,127.326848,33.214,270054837,오송역종점,29
2026-10-09T23:59:21,293000318,세종70자1707,36.610798,127.335614,1.446,270000635,오송역2.3.4,67
2026-10-09T23:59:21,293000318,세종70자1702,36.49763699,127.311358,18.2,293064257,반곡동(수루배마을),44
2026-10-09T23:59:21,293000318,세종70자1705,36.414667,127.299785,30.037,293055001,세종고속시외버스터미널(지상),67
2026-10-09T23:59:21,293000318,세종70자1706,36.388837,127.317161,32.906,186005278,반석역,6
2026-10-09T23:59:21,293000363,세종70자1714,36.594642,127.330701,2.933,270000635,오송역2.3.4,68
2026-10-09T23:59:21,293000363,세종70자1727,36.482497,127.2608,20.574,293053004,"새롬동,나성동",65
2026-10-09T23:59:21,293000363,세종70자1726,36.395881,127.311827,31.924,293055001,세종고속시외버스터미널(지상),30
2026-10-09T23:59:21,187000003,대전75자9914,36.373995,127.403559,6.855,187001386,오정농수산시장,0
2026-10-09T23:59:21,187000003,대전75자9912,36.481501,127.307678,77.698,293064219,한국개발연구원(KDI),0
2026-10-09T23:59:21,187000003,대전75자9110,36.501321,127.259893,33.827,293062006,정부세종청사 남측,0
2026-10-09T23:59:21,187000003,대전75자9930,36.534032,127.292648,63.781,293014058,누리동,0
2026-10-09T23:59:21,187000003,대전75자9927,36.479286,127.263013,72.047,293053009,한솔동,0
2026-10-09T23:59:21,187000003,대전75자9926,36.483439,127.306308,77.514,293064216,소담동(새샘마을),0
2026-10-09T23:59:21,187000003,대전75자9921,36.333867,127.437297,104.27,187001395,대전역동광장,0
2026-10-09T23:59:52,293000317,세종70자1703,36.391494,127.31512,0.378,186005279,반석역,26
2026-10-09T23:59:52,293000317,세종70자1701,36.474984,127.280873,11.255,293064206,"보람동,대평동",40
2026-10-09T23:59:52,293000317,세종70자1704,36.53982899,127.303766,22.459,293900055,용호동,68
2026-10-09T23:59:52,293000317,세종70자1708,36.619275,127.326848,33.214,270054837,오송역종점,29
2026-10-09T23:59:52,293000318,세종70자1707,36.60626899,127.339812,1.446,270000635,오송역2.3.4,68
2026-10-09T23:59:52,293000318,세종70자1702,36.4942,127.305777,18.73,293064257,반곡동(수루배마을),66
2026-10-09T23:59:52,293000318,세종70자1705,36.41011,127.3015,30.55,293055001,세종고속시외버스터미널(지상),68
2026-10-09T23:59:52,293000318,세종70자1706,36.388837,127.317161,32.906,186005278,반석역,6
2026-10-09T23:59:52,293000363,세종70자1714,36.590744,127.326594,4.075,270000635,오송역2.3.4,68
2026-10-09T23:59:52,293000363,세종70자1727,36.48065299,127.262049,20.813,293053009,한솔동,40
2026-10-09T23:59:52,293000363,세종70자1726,36.39263299,127.314227,32.313,186005278,반석역,38
2026-10-09T23:59:52,187000003,대전75자9914,36.382422,127.412551,8.216,187001386,오정농수산시장,0
2026-10-09T23:59:52,187000003,대전75자9912,36.481501,127.307678,77.698,293064219,한국개발연구원(KDI),0
2026-10-09T23:59:52,187000003,대전75자9110,36.501321,127.259893,33.827,293062006,정부세종청사 남측,0
2026-10-09T23:59:52,187000003,대전75자9930,36.534032,127.292648,63.781,293014058,누리동,0
2026-10-09T23:59:52,187000003,대전75자9927,36.479286,127.263013,72.047,293053009,한솔동,0
2026-10-09T23:59:52,187000003,대전75자9926,36.483439,127.306308,77.514,293064216,소담동(새샘마을),0
2026-10-09T23:59:52,187000003,대전75자9921,36.333867,127.437297,104.27,187001395,대전역동광장,0
2026-10-10T00:00:22,293000317,세종70자1703,36.391554,127.315064,0.378,186005279,반석역,26
2026-10-10T00:00:22,293000317,세종70자1701,36.475235,127.281322,11.276,293064206,"보람동,대평동",39
2026-10-10T00:00:22,293000317,세종70자1704,36.540987,127.303361,22.598,293900055,용호동,68
2026-10-10T00:00:22,293000317,세종70자1708,36.619275,127.326848,33.214,270054837,오송역종점,29
2026-10-10T00:00:22,293000318,세종70자1707,36.602947,127.339309,1.446,270000635,오송역2.3.4,68
2026-10-10T00:00:22,293000318,세종70자1702,36.489554,127.302697,19.47,293064261,국책연구단지,69
2026-10-10T00:00:22,293000318,세종70자1705,36.404297,127.305494,31.303,293055001,세종고속시외버스터미널(지상),69
2026-10-10T00:00:22,293000318,세종70자1706,36.388837,127.317161,32.906,186005278,반석역,6
2026-10-10T00:00:22,293000363,세종70자1714,36.586984,127.32246,4.776,270000635,오송역2.3.4,68
2026-10-10T00:00:22,293000363,세종70자1727,36.479566,127.262847,21.0,293053009,한솔동,40
2026-10-10T00:00:22,293000363,세종70자1726,36.389455,127.316565,32.706,186005283,반석네거리,45
2026-10-10T00:00:22,187000003,대전75자9914,36.382422,127.412551,8.216,187001386,오정농수산시장,0
2026-10-10T00:00:22,187000003,대전75자9912,36.481501,127.307678,77.698,293064219,한국개발연구원(KDI),0
2026-10-10T00:00:22,187000003,대전75자9110,36.501321,127.259893,33.827,293062006,정부세종청사 남측,0
2026-10-10T00:00:22,187000003,대전75자9930,36.534034,127.291556,63.852,293014058,누리동,0
2026-10-10T00:00:22,187000003,대전75자9927,36.470937,127.270928,73.682,293053009,한솔동,0
2026-10-10T00:00:22,187000003,대전75자9926,36.483439,127.306308,77.514,293064216,소담동(새샘마을),0
2026-10-10T00:00:22,187000003,대전75자9921,36.333867,127.437297,104.27,187001395,대전역동광장,0
2026-10-10T00:00:53,293000317,세종70자1703,36.391554,127.315064,0.378,186005279,반석역,26
2026-10-10T00:00:53,293000317,세종70자1701,36.476472,127.283985,11.553,293064206,"보람동,대평동",67
2026-10-10T00:00:53,293000317,세종70자1704,36.547685,127.301419,23.369,293900055,용호동,68
2026-10-10T00:00:53,293000317,세종70자1708,36.619275,127.326848,33.214,270054837,오송역종점,29
2026-10-10T00:00:53,293000318,세종70자1707,36.599148,127.335175,2.119,270000635,오송역2.3.4,67
2026-10-10T00:00:53,293000318,세종70자1702,36.486705,127.301477,19.834,293064254,"법원,검찰청,경찰청",22
2026-10-10T00:00:53,293000318,세종70자1705,36.401393,127.308109,31.907,293055001,세종고속시외버스터미널(지상),68
2026-10-10T00:00:53,293000318,세종70자1706,36.388837,127.317161,32.906,186005278,반석역,6
2026-10-10T00:00:53,293000363,세종70자1714,36.58019,127.32124,5.571,270000635,오송역2.3.4,69
2026-10-10T00:00:53,293000363,세종70자1727,36.479566,127.262847,21.0,293053009,한솔동,40
2026-10-10T00:00:53,293000363,세종70자1726,36.389162,127.316774,32.88,186005283,반석네거리,27
2026-10-10T00:00:53,187000003,대전75자9914,36.382422,127.412551,8.216,187001386,오정농수산시장,0
2026-10-10T00:00:53,187000003,대전75자9912,36.481501,127.307678,77.698,293064219,한국개발연구원(KDI),0
2026-10-10T00:00:53,187000003,대전75자9110,36.501321,127.259893,33.827,293062006,정부세종청사 남측,0
2026-10-10T00:00:53,187000003,대전75자9930,36.534034,127.291556,63.852,293014058,누리동,0
2026-10-10T00:00:53,187000003,대전75자9927,36.470937,127.270928,73.682,293053009,한솔동,0
2026-10-10T00:00:53,187000003,대전75자9926,36.483439,127.306308,77.514,293064216,소담동(새샘마을),0
2026-10-10T00:00:53,187000003,대전75자9921,36.333867,127.437297,104.27,187001395,대전역동광장,0
2026-10-10T00:01:24,293000317,세종70자1703,36.391554,127.315064,0.378,186005279,반석역,26
2026-10-10T00:01:24,293000317,세종70자1701,36.478264,127.288188,11.991,293064210,"세종시청,시의회,교육청",2
2026-10-10T00:01:24,293000317,세종70자1704,36.550438,127.301296,23.708,293900055,용호동,68
2026-10-10T00:01:24,293000317,세종70자1708,36.619275,127.326848,33.214,270054837,오송역종점,29
2026-10-10T00:01:24,293000318,세종70자1707,36.595331,127.331312,2.933,270000635,오송역2.3.4,68
2026-10-10T00:01:24,293000318,세종70자1702,36.486565,127.301398,19.834,293064254,"법원,검찰청,경찰청",22
2026-10-10T00:01:24,293000318,세종70자1705,36.397413,127.310913,32.082,293055001,세종고속시외버스터미널(지상),46
2026-10-10T00:01:24,293000318,세종70자1706,36.388837,127.317161,32.906,186005278,반석역,6
2026-10-10T00:01:24,293000363,세종70자1714,36.57685,127.320317,6.197,270000635,오송역2.3.4,68
2026-10-10T00:01:24,293000363,세종70자1727,36.479152,127.263119,21.0,293053009,한솔동,41
2026-10-10T00:01:24,293000363,세종70자1726,36.38909,127.316819,32.88,186005283,반석네거리,32
2026-10-10T00:01:24,187000003,대전75자9914,36.382422,127.412551,8.216,187001386,오정농수산시장,0
2026-10-10T00:01:24,187000003,대전75자9912,36.481501,127.307678,77.698,293064219,한국개발연구원(KDI),0
2026-10-10T00:01:24,187000003,대전75자9110,36.501321,127.259893,33.827,293062006,정부세종청사 남측,0
2026-10-10T00:01:24,187000003,대전75자9930,36.534034,127.291556,63.852,293014058,누리동,0
2026-10-10T00:01:24,187000003,대전75자9927,36.470937,127.270928,73.682,293053009,한솔동,0
2026-10-10T00:01:24,187000003,대전75자9926,36.483439,127.306308,77.514,293064216,소담동(새샘마을),0
2026-10-10T00:01:24,187000003,대전75자9921,36.333867,127.437297,104.27,187001395,대전역동광장,0
2026-10-10T00:01:55,293000317,세종70자1703,36.392183,127.314644,0.468,186005279,반석역,46
2026-10-10T00:01:55,293000317,세종70자1701,36.47835899,127.288402,11.991,293064210,"세종시청,시의회,교육청",28
2026-10-10T00:01:55,293000317,세종70자1704,36.560251,127.304428,24.857,293900055,용호동,68
2026-10-10T00:01:55,293000317,세종70자1708,36.619275,127.326848,33.214,270054837,오송역종점,29
2026-10-10T00:01:55,293000318,세종70자1707,36.591198,127.327255,4.075,270000635,오송역2.3.4,67
2026-10-10T00:01:55,293000318,세종70자1702,36.486565,127.301398,19.834,293064254,"법원,검찰청,경찰청",22
2026-10-10T00:01:55,293000318,세종70자1705,36.39582699,127.311811,32.417,293055001,세종고속시외버스터미널(지상),36
2026-10-10T00:01:55,293000318,세종70자1706,36.388837,127.317161,32.906,186005278,반석역,6
2026-10-10T00:01:55,293000363,세종70자1714,36.57247799,127.316753,6.775,270000635,오송역2.3.4,67
2026-10-10T00:01:55,293000363,세종70자1727,36.475996,127.265423,21.217,293053009,한솔동,67
2026-10-10T00:01:55,293000363,세종70자1726,36.38909,127.316819,32.88,186005283,반석네거리,32
2026-10-10T00:01:55,187000003,대전75자9914,36.382422,127.412551,8.216,187001386,오정농수산시장,0
2026-10-10T00:01:55,187000003,대전75자9912,36.481501,127.307678,77.698,293064219,한국개발연구원(KDI),0
2026-10-10T00:01:55,187000003,대전75자9110,36.501321,127.259893,33.827,293062006,정부세종청사 남측,0
2026-10-10T00:01:55,187000003,대전75자9930,36.534034,127.291556,63.852,293014058,누리동,0
2026-10-10T00:01:55,187000003,대전75자9927,36.470937,127.270928,73.682,293053009,한솔동,0
2026-10-10T00:01:55,187000003,대전75자9926,36.483439,127.306308,77.514,293064216,소담동(새샘마을),0
2026-10-10T00:01:55,187000003,대전75자9921,36.333867,127.437297,104.27,187001395,대전역동광장,0
2026-10-10T00:02:26,293000317,세종70자1703,36.396012,127.311879,0.956,186005279,반석역,68
2026-10-10T00:02:26,293000317,세종70자1701,36.479263,127.290572,12.21,293064210,"세종시청,시의회,교육청",69
2026-10-10T00:02:26,293000317,세종70자1704,36.564405,127.3082,25.379,293900055,용호동,68
2026-10-10T00:02:26,293000317,세종70자1708,36.619275,127.326848,33.214,270054837,오송역종점,29
2026-10-10T00:02:26,293000318,세종70자1707,36.587641,127.322838,4.728,270000635,오송역2.3.4,68
2026-10-10T00:02:26,293000318,세종70자1702,36.486565,127.301398,19.834,293064254,"법원,검찰청,경찰청",22
2026-10-10T00:02:26,293000318,세종70자1706,36.388837,127.317161,32.906,186005278,반석역,6
2026-10-10T00:02:26,293000318,세종70자1705,36.392623,127.314191,32.806,186005278,반석역,33
2026-10-10T00:02:26,293000363,세종70자1714,36.568856,127.312838,6.775,270000635,오송역2.3.4,68
2026-10-10T00:02:26,293000363,세종70자1727,36.471657,127.268784,21.967,293053009,한솔동,65
2026-10-10T00:02:26,293000363,세종70자1726,36.38909,127.316819,32.88,186005283,반석네거리,32
2026-10-10T00:02:26,187000003,대전75자9914,36.382422,127.412551,8.216,187001386,오정농수산시장,0
2026-10-10T00:02:26,187000003,대전75자9912,36.481501,127.307678,77.698,293064219,한국개발연구원(KDI),0
2026-10-10T00:02:26,187000003,대전75자9110,36.501321,127.259893,33.827,293062006,정부세종청사 남측,0
2026-10-10T00:02:26,187000003,대전75자9930,36.534034,127.291556,63.852,293014058,누리동,0
2026-10-10T00:02:26,187000003,대전75자9927,36.470937,127.270928,73.682,293053009,한솔동,0
2026-10-10T00:02:26,187000003,대전75자9926,36.483439,127.306308,77.514,293064216,소담동(새샘마을),0
2026-10-10T00:02:26,187000003,대전75자9921,36.333867,127.437297,104.27,187001395,대전역동광장,0
2026-10-10T00:02:56,293000317,세종70자1703,36.400555,127.309032,1.466,186005279,반석역,68
2026-10-10T00:02:56,293000317,세종70자1701,36.48160699,127.295971,12.77,293064210,"세종시청,시의회,교육청",40
2026-10-10T00:02:56,293000317,세종70자1704,36.568428,127.312517,25.379,293900055,용호동,68
2026-10-10T00:02:56,293000317,세종70자1708,36.619275,127.326848,33.214,270054837,오송역종점,29
2026-10-10T00:02:56,293000318,세종70자1707,36.580285,127.321273,5.571,270000635,오송역2.3.4,68
2026-10-10T00:02:56,293000318,세종70자1702,36.486275,127.301184,19.858,293064254,"법원,검찰청,경찰청",39
2026-10-10T00:02:56,293000318,세종70자1706,36.388837,127.317161,32.906,186005278,반석역,6
2026-10-10T00:02:56,293000318,세종70자1705,36.392107,127.31454,32.906,186005278,반석역,40
2026-10-10T00:02:56,293000363,세종70자1714,36.564343,127.307963,7.979,270000635,오송역2.3.4,68
2026-10-10T00:02:56,293000363,세종70자1727,36.469702,127.273764,22.581,293055001,세종고속시외버스터미널(지상),41
2026-10-10T00:02:56,293000363,세종70자1726,36.38909,127.316819,32.88,186005283,반석네거리,32
2026-10-10T00:02:56,187000003,대전75자9914,36.382422,127.412551,8.216,187001386,오정농수산시장,0
2026-10-10T00:02:56,187000003,대전75자9912,36.481501,127.307678,77.698,293064219,한국개발연구원(KDI),0
2026-10-10T00:02:56,187000003,대전75자9110,36.501321,127.259893,33.827,293062006,정부세종청사 남측,0
2026-10-10T00:02:56,187000003,대전75자9930,36.534034,127.291556,63.852,293014058,누리동,0
2026-10-10T00:02:56,187000003,대전75자9927,36.470937,127.270928,73.682,293053009,한솔동,0
2026-10-10T00:02:56,187000003,대전75자9926,36.483439,127.306308,77.514,293064216,소담동(새샘마을),0
2026-10-10T00:03:27,293000317,세종70자1703,36.405728,127.304453,2.224,186005279,반석역,68
2026-10-10T00:03:27,293000317,세종70자1701,36.482578,127.297679,12.993,293064216,소담동(새샘마을),14
2026-10-10T00:03:27,293000317,세종70자1704,36.572577,127.316987,26.587,293900055,용호동,69
2026-10-10T00:03:27,293000317,세종70자1708,36.619275,127.326848,33.214,270054837,오송역종점,29
2026-10-10T00:03:27,293000318,세종70자1707,36.577284,127.320531,6.159,270000635,오송역2.3.4,68
2026-10-10T00:03:27,293000318,세종70자1702,36.48240599,127.297256,20.435,293064214,소담동(새샘마을),28
2026-10-10T00:03:27,293000318,세종70자1706,36.388837,127.317161,32.906,186005278,반석역,6
2026-10-10T00:03:27,293000318,세종70자1705,36.389258,127.316581,32.906,186005278,반석역,58
2026-10-10T00:03:27,293000363,세종70자1714,36.560668,127.304555,8.412,270000635,오송역2.3.4,68
2026-10-10T00:03:27,293000363,세종70자1727,36.469022,127.274648,22.701,293055001,세종고속시외버스터미널(지상),23
2026-10-10T00:03:27,293000363,세종70자1726,36.38909,127.316819,32.88,186005283,반석네거리,32
2026-10-10T00:03:27,187000003,대전75자9914,36.382422,127.412551,8.216,187001386,오정농수산시장,0
2026-10-10T00:03:27,187000003,대전75자9912,36.481501,127.307678,77.698,293064219,한국개발연구원(KDI),0
2026-10-10T00:03:27,187000003,대전75자9110,36.501321,127.259893,33.827,293062006,정부세종청사 남측,0
2026-10-10T00:03:27,187000003,대전75자9930,36.534034,127.291556,63.852,293014058,누리동,0
2026-10-10T00:03:27,187000003,대전75자9927,36.470937,127.270928,73.682,293053009,한솔동,0
2026-10-10T00:03:27,187000003,대전75자9926,36.483439,127.306308,77.514,293064216,소담동(새샘마을),0
2026-10-10T00:03:58,293000317,세종70자1703,36.410491,127.301463,2.823,186005279,반석역,68
2026-10-10T00:03:58,293000317,세종70자1701,36.484067,127.299534,13.195,293064216,소담동(새샘마을),3
2026-10-10T00:03:58,293000317,세종70자1704,36.576458,127.320195,27.127,293900055,용호동,68
2026-10-10T00:03:58,293000317,세종70자1708,36.619275,127.326848,33.214,270054837,오송역종점,29
2026-10-10T00:03:58,293000318,세종70자1707,36.572467,127.316748,6.775,270000635,오송역2.3.4,67
2026-10-10T00:03:58,293000318,세종70자1702,36.48157,127.29572,20.568,293064214,소담동(새샘마을),67
2026-10-10T00:03:58,293000318,세종70자1706,36.388837,127.317161,32.906,186005278,반석역,6
2026-10-10T00:03:58,293000318,세종70자1705,36.388028,127.317675,32.906,186005278,반석역,34
2026-10-10T00:03:58,293000363,세종70자1714,36.555826,127.302558,9.239,270000635,오송역2.3.4,68
2026-10-10T00:03:58,293000363,세종70자1727,36.46786,127.274905,22.967,293055001,세종고속시외버스터미널(지상),2
2026-10-10T00:03:58,293000363,세종70자1726,36.38909,127.316819,32.88,186005283,반석네거리,32
2026-10-10T00:03:58,187000003,대전75자9914,36.382422,127.412551,8.216,187001386,오정농수산시장,0
2026-10-10T00:03:58,187000003,대전75자9912,36.481501,127.307678,77.698,293064219,한국개발연구원(KDI),0
2026-10-10T00:03:58,187000003,대전75자9110,36.501321,127.259893,33.827,293062006,정부세종청사 남측,0
2026-10-10T00:03:58,187000003,대전75자9930,36.534034,127.291556,63.852,293014058,누리동,0
2026-10-10T00:03:58,187000003,대전75자9927,36.470937,127.270928,73.682,293053009,한솔동,0
2026-10-10T00:03:58,187000003,대전75자9926,36.483439,127.306308,77.514,293064216,소담동(새샘마을),0
2026-10-10T00:04:29,293000317,세종70자1703,36.414257,127.300035,3.267,186005279,반석역,68
2026-10-10T00:04:29,293000317,세종70자1701,36.484077,127.299528,13.195,293064216,소담동(새샘마을),3
2026-10-10T00:04:29,293000317,세종70자1704,36.581464,127.321538,27.514,293900055,용호동,68
2026-10-10T00:04:29,293000317,세종70자1708,36.619275,127.326848,33.214,270054837,오송역종점,29
2026-10-10T00:04:29,293000318,세종70자1707,36.56924,127.313286,6.775,270000635,오송역2.3.4,68
2026-10-10T00:04:29,293000318,세종70자1702,36.478843,127.28928,21.344,293064211,"세종시청,시의회,교육청",29
2026-10-10T00:04:29,293000318,세종70자1706,36.388837,127.317161,32.906,186005278,반석역,6
2026-10-10T00:04:29,293000318,세종70자1705,36.388911,127.316994,32.906,186005278,반석역,34
2026-10-10T00:04:29,293000363,세종70자1714,36.54658899,127.301499,10.121,270000635,오송역2.3.4,68
2026-10-10T00:04:29,293000363,세종70자1727,36.465989,127.275121,23.262,293055001,세종고속시외버스터미널(지상),67
2026-10-10T00:04:29,293000363,세종70자1726,36.38909,127.316819,32.88,186005283,반석네거리,32
2026-10-10T00:04:29,187000003,대전75자9914,36.382422,127.412551,8.216,187001386,오정농수산시장,0
2026-10-10T00:04:29,187000003,대전75자9912,36.481501,127.307678,77.698,293064219,한국개발연구원(KDI),0
2026-10-10T00:04:29,187000003,대전75자9110,36.501321,127.259893,33.827,293062006,정부세종청사 남측,0
2026-10-10T00:04:29,187000003,대전75자9930,36.534034,127.291556,63.852,293014058,누리동,0
2026-10-10T00:04:29,187000003,대전75자9927,36.470937,127.270928,73.682,293053009,한솔동,0
2026-10-10T00:04:29,187000003,대전75자9926,36.483439,127.306308,77.514,293064216,소담동(새샘마을),0
2026-10-10T00:05:00,293000317,세종70자1703,36.418966,127.29911,3.537,186005279,반석역,67
2026-10-10T00:05:00,293000317,세종70자1701,36.4845,127.29988,13.195,293064216,소담동(새샘마을),42
2026-10-10T00:05:00,293000317,세종70자1704,36.586567,127.322438,27.514,293900055,용호동,69
2026-10-10T00:05:00,293000317,세종70자1708,36.619275,127.326848,33.214,270054837,오송역종점,29
2026-10-10T00:05:00,293000318,세종70자1707,36.564359,127.308024,7.979,270000635,오송역2.3.4,67
2026-10-10T00:05:00,293000318,세종70자1702,36.47855899,127.288634,21.344,293064211,"세종시청,시의회,교육청",31
2026-10-10T00:05:00,293000318,세종70자1706,36.388837,127.317161,32.906,186005278,반석역,6
2026-10-10T00:05:00,293000318,세종70자1705,36.390949,127.315485,32.906,186005278,반석역,56
2026-10-10T00:05:00,293000363,세종70자1714,36.545918,127.301645,10.177,270000635,오송역2.3.4,67
2026-10-10T00:05:00,293000363,세종70자1727,36.459455,127.279633,23.975,293055001,세종고속시외버스터미널(지상),67
2026-10-10T00:05:00,293000363,세종70자1726,36.38909,127.316819,32.88,186005283,반석네거리,32
2026-10-10T00:05:00,187000003,대전75자9914,36.382422,127.412551,8.216,187001386,오정농수산시장,0
2026-10-10T00:05:00,187000003,대전75자9930,36.534034,127.291556,63.852,293014058,누리동,0
2026-10-10T00:05:00,187000003,대전75자9927,36.470937,127.270928,73.682,293053009,한솔동,0
2026-10-10T00:05:31,293000317,세종70자1703,36.424386,127.294496,3.537,186005279,반석역,69
2026-10-10T00:05:31,293000317,세종70자1701,36.486782,127.301645,13.511,293064253,"법원,검찰청,경찰청",37
2026-10-10T00:05:31,293000317,세종70자1704,36.590499,127.326393,28.868,293900055,용호동,69
2026-10-10T00:05:31,293000317,세종70자1708,36.619275,127.326848,33.214,270054837,오송역종점,29
2026-10-10T00:05:31,293000318,세종70자1707,36.561601,127.305247,8.412,270000635,오송역2.3.4,67
2026-10-10T00:05:31,293000318,세종70자1702,36.476502,127.283689,21.799,293064211,"세종시청,시의회,교육청",57
2026-10-10T00:05:31,293000318,세종70자1706,36.388837,127.317161,32.906,186005278,반석역,6
2026-10-10T00:05:31,293000318,세종70자1705,36.394903,127.312621,32.554,186005278,반석역,68
2026-10-10T00:05:31,293000363,세종70자1714,36.537315,127.304367,11.186,270000635,오송역2.3.4,20
2026-10-10T00:05:31,293000363,세종70자1727,36.457364,127.281766,24.317,293055001,세종고속시외버스터미널(지상),67
2026-10-10T00:05:31,293000363,세종70자1726,36.38909,127.316819,32.88,186005283,반석네거리,32
2026-10-10T00:05:31,187000003,대전75자9914,36.382422,127.412551,8.216,187001386,오정농수산시장,0
2026-10-10T00:05:31,187000003,대전75자9930,36.534034,127.291556,63.852,293014058,누리동,0
2026-10-10T00:05:31,187000003,대전75자9927,36.470937,127.270928,73.682,293053009,한솔동,0
2026-10-10T00:06:01,293000317,세종70자1703,36.42684,127.291187,4.982,186005279,반석역,69
2026-10-10T00:06:01,293000317,세종70자1701,36.489614,127.302871,13.884,293064253,"법원,검찰청,경찰청",67
2026-10-10T00:06:01,293000317,세종70자1704,36.594373,127.330577,29.707,293900055,용호동,68
2026-10-10T00:06:01,293000317,세종70자1708,36.619275,127.326848,33.214,270054837,오송역종점,29
2026-10-10T00:06:01,293000318,세종70자1707,36.556921,127.302912,8.708,270000635,오송역2.3.4,67
2026-10-10T00:06:01,293000318,세종70자1702,36.475251,127.281078,22.069,293064209,"보람동,대평동",40
2026-10-10T00:06:01,293000318,세종70자1706,36.388837,127.317161,32.906,186005278,반석역,6
2026-10-10T00:06:01,293000318,세종70자1705,36.399663,127.30979,31.956,186005278,반석역,68
2026-10-10T00:06:01,293000363,세종70자1714,36.536298,127.301312,11.5,270000635,오송역2.3.4,67
2026-10-10T00:06:01,293000363,세종70자1727,36.45143,127.285255,25.007,293055001,세종고속시외버스터미널(지상),68
2026-10-10T00:06:01,293000363,세종70자1726,36.38909,127.316819,32.88,186005283,반석네거리,32
2026-10-10T00:06:32,293000317,세종70자1703,36.432267,127.286537,5.7,186005279,반석역,68
2026-10-10T00:06:32,293000317,세종70자1701,36.491345,127.304056,14.305,293064255,국책연구단지,31
2026-10-10T00:06:32,293000317,세종70자1704,36.598445,127.334498,30.278,293900055,용호동,68
2026-10-10T00:06:32,293000317,세종70자1708,36.619275,127.326848,33.214,270054837,오송역종점,29
2026-10-10T00:06:32,293000318,세종70자1707,36.551986,127.301402,9.514,270000635,오송역2.3.4,67
2026-10-10T00:06:32,293000318,세종70자1702,36.475251,127.281078,22.069,293064209,"보람동,대평동",255
2026-10-10T00:06:32,293000318,세종70자1706,36.388837,127.317161,32.906,186005278,반석역,6
2026-10-10T00:06:32,293000318,세종70자1705,36.403853,127.306027,31.303,186005278,반석역,68
2026-10-10T00:06:32,293000363,세종70자1714,36.535904,127.299915,11.74,270000635,오송역2.3.4,68
2026-10-10T00:06:32,293000363,세종70자1727,36.445518,127.285856,25.694,293055001,세종고속시외버스터미널(지상),67
2026-10-10T00:06:32,293000363,세종70자1726,36.38909,127.316819,32.88,186005283,반석네거리,32
2026-10-10T00:07:03,293000317,세종70자1703,36.436703,127.286113,6.2,186005279,반석역,68
2026-10-10T00:07:03,293000317,세종70자1701,36.496214,127.307618,14.749,293064255,국책연구단지,67
2026-10-10T00:07:03,293000317,세종70자1704,36.602205,127.338883,30.84,293900055,용호동,68
2026-10-10T00:07:03,293000317,세종70자1708,36.619275,127.326848,33.214,270054837,오송역종점,29
2026-10-10T00:07:03,293000318,세종70자1707,36.54658899,127.301558,10.121,270000635,오송역2.3.4,67
2026-10-10T00:07:03,293000318,세종70자1702,36.472129,127.276436,22.707,293064251,대평동,255
2026-10-10T00:07:03,293000318,세종70자1706,36.388837,127.317161,32.906,186005278,반석역,6
2026-10-10T00:07:03,293000318,세종70자1705,36.408229,127.302673,30.676,186005278,반석역,69
2026-10-10T00:07:03,293000363,세종70자1714,36.534068,127.293028,12.311,270000635,오송역2.3.4,35
2026-10-10T00:07:03,293000363,세종70자1727,36.442972,127.285886,25.975,293055001,세종고속시외버스터미널(지상),67
2026-10-10T00:07:03,293000363,세종70자1726,36.38909,127.316819,32.88,186005283,반석네거리,32
2026-10-10T00:07:35,293000317,세종70자1703,36.441172,127.286051,6.716,186005279,반석역,68
2026-10-10T00:07:35,293000317,세종70자1701,36.497519,127.311074,15.135,293064258,반곡동(수루배마을),41
2026-10-10T00:07:35,293000317,세종70자1704,36.608485,127.338728,31.566,293900055,용호동,69
2026-10-10T00:07:35,293000317,세종70자1708,36.619275,127.326848,33.214,270054837,오송역종점,29
2026-10-10T00:07:35,293000318,세종70자1707,36.539515,127.303741,10.916,270000635,오송역2.3.4,67
2026-10-10T00:07:35,293000318,세종70자1702,36.469782,127.273692,23.075,293055001,세종고속시외버스터미널(지상),32
2026-10-10T00:07:35,293000318,세종70자1706,36.388837,127.317161,32.906,186005278,반석역,6
2026-10-10T00:07:35,293000318,세종70자1705,36.412876,127.300432,30.267,186005278,반석역,68
2026-10-10T00:07:35,293000363,세종70자1714,36.534245,127.288884,12.865,293014058,누리동,35
2026-10-10T00:07:35,293000363,세종70자1727,36.436543,127.285971,26.695,293055001,세종고속시외버스터미널(지상),67
2026-10-10T00:07:35,293000363,세종70자1726,36.38909,127.316819,32.88,186005283,반석네거리,32
2026-10-10T00:08:06,293000317,세종70자1703,36.446997,127.285969,7.341,186005279,반석역,68
2026-10-10T00:08:06,293000317,세종70자1701,36.497519,127.311074,15.135,293064258,반곡동(수루배마을),41
2026-10-10T00:08:06,293000317,세종70자1704,36.611102,127.335332,32.006,293900055,용호동,68
2026-10-10T00:08:06,293000317,세종70자1708,36.619275,127.326848,33.214,270054837,오송역종점,29
2026-10-10T00:08:06,293000318,세종70자1707,36.53713599,127.304761,11.232,270000635,오송역2.3.4,34
2026-10-10T00:08:06,293000318,세종70자1702,36.469014,127.274149,23.149,293055001,세종고속시외버스터미널(지상),31
2026-10-10T00:08:06,293000318,세종70자1705,36.418093,127.299274,29.758,186005278,반석역,67
2026-10-10T00:08:06,293000363,세종70자1714,36.534442,127.286564,12.88,293014058,누리동,55
2026-10-10T00:08:06,293000363,세종70자1727,36.432009,127.286499,27.191,293055001,세종고속시외버스터미널(지상),67
2026-10-10T00:08:37,293000317,세종70자1703,36.451575,127.28535,7.864,186005279,반석역,68
2026-10-10T00:08:37,293000317,세종70자1701,36.497519,127.311074,15.135,293064258,반곡동(수루배마을),41
2026-10-10T00:08:37,293000317,세종70자1704,36.614924,127.331059,32.595,293900055,용호동,69
2026-10-10T00:08:37,293000317,세종70자1708,36.619275,127.326848,33.214,270054837,오송역종점,29
2026-10-10T00:08:37,293000318,세종70자1707,36.537127,127.305244,11.232,270000635,오송역2.3.4,44
2026-10-10T00:08:37,293000318,세종70자1702,36.467801,127.274848,23.46,293055001,세종고속시외버스터미널(지상),38
2026-10-10T00:08:37,293000318,세종70자1705,36.426134,127.292148,28.577,186005278,반석역,69
2026-10-10T00:08:37,293000363,세종70자1714,36.534442,127.286564,12.88,293014058,누리동,255
2026-10-10T00:08:37,293000363,세종70자1727,36.426388,127.291638,27.45,293055001,세종고속시외버스터미널(지상),67
2026-10-10T00:09:08,293000317,세종70자1703,36.458736,127.280528,8.78,186005279,반석역,68
2026-10-10T00:09:08,293000317,세종70자1701,36.497539,127.311301,15.135,293064258,반곡동(수루배마을),28
2026-10-10T00:09:08,293000317,세종70자1704,36.618078,127.327497,33.073,293900055,용호동,18
2026-10-10T00:09:08,293000317,세종70자1708,36.619275,127.326848,33.214,270054837,오송역종점,29
2026-10-10T00:09:08,293000318,세종70자1707,36.536476,127.311703,11.894,293900054,용호동,67
2026-10-10T00:09:08,293000318,세종70자1702,36.467801,127.274848,23.46,293055001,세종고속시외버스터미널(지상),38
2026-10-10T00:09:08,293000318,세종70자1705,36.429904,127.287782,28.407,186005278,반석역,68
2026-10-10T00:09:08,293000363,세종70자1714,36.534097,127.276716,13.789,293014026,한별동,16
2026-10-10T00:09:08,293000363,세종70자1727,36.422823,127.296382,28.572,293055001,세종고속시외버스터미널(지상),67
2026-10-10T00:09:39,293000317,세종70자1703,36.462558,127.276644,9.331,186005279,반석역,68
2026-10-10T00:09:39,293000317,세종70자1701,36.497489,127.31865,15.775,293064258,반곡동(수루배마을),68
2026-10-10T00:09:39,293000317,세종70자1704,36.618127,127.327439,33.073,293900055,용호동,18
2026-10-10T00:09:39,293000317,세종70자1708,36.619275,127.326848,33.214,270054837,오송역종점,29
2026-10-10T00:09:39,293000318,세종70자1707,36.531685,127.320242,12.787,293064493,다솜동,68
2026-10-10T00:09:39,293000318,세종70자1702,36.466481,127.275019,23.46,293055001,세종고속시외버스터미널(지상),59
2026-10-10T00:09:39,293000318,세종70자1705,36.434808,127.286132,28.06,186005278,반석역,68
2026-10-10T00:09:39,293000363,세종70자1714,36.533722,127.274372,14.007,293014026,한별동,46
2026-10-10T00:09:39,293000363,세종70자1727,36.421216,127.297922,28.796,293055001,세종고속시외버스터미널(지상),68
2026-10-10T00:10:09,293000317,세종70자1703,36.467455,127.275118,9.907,186005279,반석역,68
2026-10-10T00:10:09,293000317,세종70자1701,36.497846,127.321713,16.109,293064419,집현동,22
2026-10-10T00:10:09,293000317,세종70자1704,36.618127,127.327439,33.073,293900055,용호동,18
2026-10-10T00:10:09,293000317,세종70자1708,36.619275,127.326848,33.214,270054837,오송역종점,29
2026-10-10T00:10:09,293000318,세종70자1707,36.528409,127.324484,13.406,293064493,다솜동,63
2026-10-10T00:10:09,293000318,세종70자1702,36.461523,127.277482,24.263,293055001,세종고속시외버스터미널(지상),69
2026-10-10T00:10:09,293000318,세종70자1705,36.440138,127.286052,26.755,186005278,반석역,68
2026-10-10T00:10:09,293000363,세종70자1714,36.53237,127.269193,14.471,293014026,한별동,52
2026-10-10T00:10:09,293000363,세종70자1727,36.41198,127.300667,29.858,293055001,세종고속시외버스터미널(지상),67
2026-10-10T00:10:40,293000317,세종70자1703,36.468776,127.27498,10.125,186005279,반석역,18
2026-10-10T00:10:40,293000317,세종70자1701,36.49888,127.325828,16.489,293064419,집현동,68
2026-10-10T00:10:40,293000317,세종70자1704,36.618245,127.327325,33.079,293900055,용호동,29
2026-10-10T00:10:40,293000317,세종70자1708,36.619275,127.326848,33.214,270054837,오송역종점,29
2026-10-10T00:10:40,293000318,세종70자1707,36.527383,127.325611,13.551,293064493,다솜동,57
2026-10-10T00:10:40,293000318,세종70자1702,36.457685,127.28146,24.677,293055001,세종고속시외버스터미널(지상),68
2026-10-10T00:10:40,293000318,세종70자1705,36.445113,127.285985,26.469,186005278,반석역,68
2026-10-10T00:10:40,293000363,세종70자1714,36.53103,127.266691,14.708,293014026,한별동,10
2026-10-10T00:10:40,293000363,세종70자1727,36.410386,127.301366,30.056,293055001,세종고속시외버스터미널(지상),67
2026-10-10T00:11:11,293000317,세종70자1703,36.469125,127.274038,10.212,293055002,세종고속시외버스터미널(지상),20
2026-10-10T00:11:11,293000317,세종70자1701,36.500776,127.328312,16.722,293064417,세종공동캠퍼스,24
2026-10-10T00:11:11,293000317,세종70자1704,36.61895,127.327035,33.16,293900055,용호동,25
2026-10-10T00:11:11,293000317,세종70자1708,36.619275,127.326848,33.214,270054837,오송역종점,29
2026-10-10T00:11:11,293000318,세종70자1707,36.51997699,127.330687,14.44,293064493,다솜동,52
2026-10-10T00:11:11,293000318,세종70자1702,36.451575,127.285221,25.51,293055001,세종고속시외버스터미널(지상),68
2026-10-10T00:11:11,293000318,세종70자1705,36.450229,127.285661,26.187,186005278,반석역,68
2026-10-10T00:11:11,293000363,세종70자1714,36.529476,127.264657,15.009,293014017,"해밀동,산울동",12
2026-10-10T00:11:11,293000363,세종70자1727,36.40430099,127.305486,30.81,293055001,세종고속시외버스터미널(지상),68
2026-10-10T00:11:42,293000317,세종70자1703,36.46976,127.273841,10.269,293055002,세종고속시외버스터미널(지상),26
2026-10-10T00:11:42,293000317,세종70자1701,36.500776,127.328312,16.722,293064417,세종공동캠퍼스,24
2026-10-10T00:11:42,293000317,세종70자1704,36.619015,127.32702,33.16,293900055,용호동,26
2026-10-10T00:11:42,293000317,세종70자1708,36.619275,127.326848,33.214,270054837,오송역종점,29
2026-10-10T00:11:42,293000318,세종70자1707,36.513905,127.330164,15.157,293064493,다솜동,67
2026-10-10T00:11:42,293000318,세종70자1702,36.448171,127.285811,25.803,293055001,세종고속시외버스터미널(지상),68
2026-10-10T00:11:42,293000318,세종70자1705,36.455084,127.283659,25.334,186005278,반석역,68
2026-10-10T00:11:42,293000363,세종70자1714,36.529169,127.264318,15.038,293014017,"해밀동,산울동",25
2026-10-10T00:11:42,293000363,세종70자1727,36.398826,127.310113,31.557,293055001,세종고속시외버스터미널(지상),68
2026-10-10T00:12:13,293000317,세종70자1703,36.47237,127.276873,10.883,293064252,대평동,39
2026-10-10T00:12:13,293000317,세종70자1701,36.500776,127.328312,16.722,293064417,세종공동캠퍼스,24
2026-10-10T00:12:13,293000317,세종70자1704,36.619015,127.32702,33.16,293900055,용호동,26
2026-10-10T00:12:13,293000317,세종70자1708,36.619275,127.326848,33.214,270054837,오송역종점,29
2026-10-10T00:12:13,293000318,세종70자1707,36.508826,127.329715,15.735,293064493,다솜동,67
2026-10-10T00:12:13,293000318,세종70자1702,36.443022,127.285876,26.469,293055001,세종고속시외버스터미널(지상),68
2026-10-10T00:12:13,293000318,세종70자1705,36.45927,127.279957,24.593,186005278,반석역,68
2026-10-10T00:12:13,293000363,세종70자1729,36.619028,127.326542,0.174,270000635,오송역2.3.4,8
2026-10-10T00:12:13,293000363,세종70자1714,36.526959,127.262455,15.334,293014017,"해밀동,산울동",43
2026-10-10T00:12:13,293000363,세종70자1727,36.398047,127.310562,31.588,293055001,세종고속시외버스터미널(지상),68
2026-10-10T00:12:44,293000317,세종70자1703,36.475307,127.281384,11.276,293064206,"보람동,대평동",51
2026-10-10T00:12:44,293000317,세종70자1701,36.502485,127.329194,16.987,293064417,세종공동캠퍼스,42
2026-10-10T00:12:44,293000317,세종70자1704,36.619015,127.32702,33.16,293900055,용호동,26
2026-10-10T00:12:44,293000317,세종70자1708,36.619275,127.326848,33.214,270054837,오송역종점,29
2026-10-10T00:12:44,293000318,세종70자1707,36.503966,127.329227,16.318,293064493,다솜동,66
2026-10-10T00:12:44,293000318,세종70자1702,36.43650499,127.285946,27.188,293055001,세종고속시외버스터미널(지상),68
2026-10-10T00:12:44,293000318,세종70자1705,36.463321,127.276075,24.468,186005278,반석역,68
2026-10-10T00:12:44,293000363,세종70자1729,36.618972,127.326612,0.174,270000635,오송역2.3.4,7
2026-10-10T00:12:44,293000363,세종70자1714,36.523979,127.260666,15.824,293014017,"해밀동,산울동",50
2026-10-10T00:12:44,293000363,세종70자1727,36.394679,127.312715,32.06,293055001,세종고속시외버스터미널(지상),67
2026-10-10T00:13:15,293000317,세종70자1703,36.47814799,127.287828,11.991,293064210,"세종시청,시의회,교육청",48
2026-10-10T00:13:15,293000317,세종70자1701,36.506137,127.329553,17.238,293064417,세종공동캠퍼스,58
2026-10-10T00:13:15,293000317,세종70자1704,36.619015,127.32702,33.16,293900055,용호동,26
2026-10-10T00:13:15,293000317,세종70자1708,36.619275,127.326848,33.214,270054837,오송역종점,29
2026-10-10T00:13:15,293000318,세종70자1707,36.501854,127.328875,16.449,293064416,세종공동캠퍼스,39
2026-10-10T00:13:15,293000318,세종70자1702,36.432088,127.286432,27.685,293055001,세종고속시외버스터미널(지상),68
2026-10-10T00:13:15,293000318,세종70자1705,36.468258,127.275002,24.041,186005278,반석역,47
2026-10-10T00:13:15,293000363,세종70자1729,36.619321,127.326976,0.025,270000635,오송역2.3.4,8
2026-10-10T00:13:15,293000363,세종70자1714,36.521467,127.259654,16.002,293064446,세종충남대학교병원,38
2026-10-10T00:13:15,293000363,세종70자1727,36.392464,127.314356,32.412,186005278,반석역,38
2026-10-10T00:13:47,293000317,세종70자1703,36.478385,127.288454,11.991,293064210,"세종시청,시의회,교육청",32
2026-10-10T00:13:47,293000317,세종70자1701,36.511279,127.329954,17.951,293064417,세종공동캠퍼스,69
2026-10-10T00:13:47,293000317,세종70자1704,36.619015,127.32702,33.16,293900055,용호동,26
2026-10-10T00:13:47,293000317,세종70자1708,36.619275,127.326848,33.214,270054837,오송역종점,29
2026-10-10T00:13:47,293000318,세종70자1707,36.50152,127.328723,16.537,293064416,세종공동캠퍼스,3
2026-10-10T00:13:47,293000318,세종70자1702,36.426374,127.291595,27.943,293055001,세종고속시외버스터미널(지상),68
2026-10-10T00:13:47,293000318,세종70자1705,36.468889,127.273178,24.005,186005278,반석역,30
2026-10-10T00:13:47,293000363,세종70자1729,36.619321,127.326976,0.025,270000635,오송역2.3.4,8
2026-10-10T00:13:47,293000363,세종70자1714,36.520242,127.259328,16.132,293064446,세종충남대학교병원,33
2026-10-10T00:13:47,293000363,세종70자1727,36.389404,127.316616,32.706,186005283,반석네거리,36
2026-10-10T00:14:21,293000317,세종70자1703,36.481649,127.296174,12.77,293064210,"세종시청,시의회,교육청",67
2026-10-10T00:14:21,293000317,세종70자1701,36.516408,127.330437,18.538,293064417,세종공동캠퍼스,62
2026-10-10T00:14:21,293000317,세종70자1704,36.619015,127.32702,33.16,293900055,용호동,26
2026-10-10T00:14:21,293000317,세종70자1708,36.619275,127.326848,33.214,270054837,오송역종점,29
2026-10-10T00:14:21,293000318,세종70자1707,36.50152,127.328723,16.537,293064416,세종공동캠퍼스,3
2026-10-10T00:14:21,293000318,세종70자1702,36.42277099,127.296377,29.065,293055001,세종고속시외버스터미널(지상),67
2026-10-10T00:14:21,293000318,세종70자1705,36.468797,127.272293,23.843,186005278,반석역,30
2026-10-10T00:14:21,293000363,세종70자1729,36.619321,127.326976,0.025,270000635,오송역2.3.4,8
2026-10-10T00:14:21,293000363,세종70자1714,36.516104,127.258895,16.593,293064446,세종충남대학교병원,47
2026-10-10T00:14:21,293000363,세종70자1727,36.388233,127.317417,32.88,186005283,반석네거리,59
2026-10-10T00:14:52,293000317,세종70자1703,36.482636,127.297749,12.993,293064216,소담동(새샘마을),31
2026-10-10T00:14:52,293000317,세종70자1701,36.519468,127.330699,18.792,293064417,세종공동캠퍼스,19
2026-10-10T00:14:52,293000317,세종70자1704,36.619015,127.32702,33.16,293900055,용호동,26
2026-10-10T00:14:52,293000317,세종70자1708,36.619275,127.326848,33.214,270054837,오송역종점,29
2026-10-10T00:14:52,293000318,세종70자1707,36.50139999,127.328662,16.537,293064416,세종공동캠퍼스,20
2026-10-10T00:14:52,293000318,세종70자1702,36.42114,127.297925,29.29,293055001,세종고속시외버스터미널(지상),69
2026-10-10T00:14:52,293000318,세종70자1705,36.468797,127.272293,23.756,186005278,반석역,30
2026-10-10T00:14:52,293000363,세종70자1729,36.619321,127.326976,0.025,270000635,오송역2.3.4,8
2026-10-10T00:14:52,293000363,세종70자1714,36.514755,127.258998,16.727,293056002,도담동,17
2026-10-10T00:14:52,293000363,세종70자1727,36.387444,127.317996,32.88,186005283,반석네거리,59
2026-10-10T00:15:25,293000317,세종70자1703,36.483107,127.29844,13.101,293064216,소담동(새샘마을),39
2026-10-10T00:15:25,293000317,세종70자1701,36.5202,127.330718,18.926,293064417,세종공동캠퍼스,41
2026-10-10T00:15:25,293000317,세종70자1704,36.619015,127.32702,33.16,293900055,용호동,26
2026-10-10T00:15:25,293000317,세종70자1708,36.619275,127.326848,33.214,270054837,오송역종점,29
2026-10-10T00:15:25,293000318,세종70자1707,36.499431,127.326654,16.849,293064416,세종공동캠퍼스,52
2026-10-10T00:15:25,293000318,세종70자1702,36.42114,127.297925,29.29,293055001,세종고속시외버스터미널(지상),69
2026-10-10T00:15:25,293000318,세종70자1705,36.468797,127.272293,23.46,186005278,반석역,30
2026-10-10T00:15:25,293000363,세종70자1729,36.619295,127.326993,0.025,270000635,오송역2.3.4,5
2026-10-10T00:15:25,293000363,세종70자1714,36.512414,127.259504,17.024,293056002,도담동,49
2026-10-10T00:15:25,293000363,세종70자1727,36.387444,127.317996,32.88,186005283,반석네거리,59
2026-10-10T00:15:56,293000317,세종70자1703,36.486775,127.301639,13.511,293064253,"법원,검찰청,경찰청",42
2026-10-10T00:15:56,293000317,세종70자1701,36.523278,127.329502,19.243,293064417,세종공동캠퍼스,68
2026-10-10T00:15:56,293000317,세종70자1704,36.619015,127.32702,33.16,293900055,용호동,26
2026-10-10T00:15:56,293000317,세종70자1708,36.619275,127.326848,33.214,270054837,오송역종점,29
2026-10-10T00:15:56,293000318,세종70자1707,36.498152,127.322853,17.226,293064418,집현동,29
2026-10-10T00:15:56,293000318,세종70자1702,36.41023599,127.301404,30.352,293055001,세종고속시외버스터미널(지상),67
2026-10-10T00:15:56,293000318,세종70자1705,36.468797,127.272293,23.194,186005278,반석역,30
2026-10-10T00:15:56,293000363,세종70자1729,36.619279,127.326168,0.174,270000635,오송역2.3.4,17
2026-10-10T00:15:56,293000363,세종70자1714,36.510561,127.260442,17.234,293056002,도담동,48
2026-10-10T00:15:56,293000363,세종70자1727,36.387444,127.317996,32.88,186005283,반석네거리,59
2026-10-10T00:16:26,293000317,세종70자1703,36.487957,127.302164,13.676,293064253,"법원,검찰청,경찰청",51
2026-10-10T00:16:26,293000317,세종70자1701,36.52725,127.325882,19.844,293064417,세종공동캠퍼스,70
2026-10-10T00:16:26,293000317,세종70자1704,36.619015,127.32702,33.16,293900055,용호동,26
2026-10-10T00:16:26,293000317,세종70자1708,36.619275,127.326848,33.214,270054837,오송역종점,29
2026-10-10T00:16:26,293000318,세종70자1707,36.497758,127.320712,17.394,293064418,집현동,47
2026-10-10T00:16:26,293000318,세종70자1702,36.40552499,127.304412,31.151,293055001,세종고속시외버스터미널(지상),69
2026-10-10T00:16:26,293000318,세종70자1705,36.468801,127.272137,23.131,186005278,반석역,30
2026-10-10T00:16:26,293000363,세종70자1729,36.618604,127.326907,0.0,270000635,오송역2.3.4,17
2026-10-10T00:16:26,293000363,세종70자1714,36.505459,127.26167,17.824,293062014,정부세종청사 북측,36
2026-10-10T00:16:26,293000363,세종70자1727,36.387444,127.317996,32.88,186005283,반석네거리,59
2026-10-10T00:16:57,293000317,세종70자1703,36.492949,127.305136,14.304,293064255,국책연구단지,69
2026-10-10T00:16:57,293000317,세종70자1701,36.532324,127.31953,20.738,293064492,다솜동,67
2026-10-10T00:16:57,293000317,세종70자1704,36.619015,127.32702,33.16,293900055,용호동,26
2026-10-10T00:16:57,293000317,세종70자1708,36.619275,127.326848,33.214,270054837,오송역종점,29
2026-10-10T00:16:57,293000318,세종70자1707,36.497544,127.318127,17.56,293064418,집현동,3
2026-10-10T00:16:57,293000318,세종70자1702,36.40552499,127.304412,31.151,293055001,세종고속시외버스터미널(지상),69
2026-10-10T00:16:57,293000318,세종70자1705,36.468903,127.271915,23.131,186005278,반석역,30
2026-10-10T00:16:57,293000363,세종70자1729,36.618603,127.326906,0.0,270000635,오송역2.3.4,17
2026-10-10T00:16:57,293000363,세종70자1714,36.504513,127.261247,17.924,293062014,정부세종청사 북측,31
2026-10-10T00:16:57,293000363,세종70자1727,36.387444,127.317996,32.88,186005283,반석네거리,59
2026-10-10T00:17:28,293000317,세종70자1703,36.496886,127.308432,14.83,293064255,국책연구단지,65
2026-10-10T00:17:28,293000317,세종70자1704,36.619015,127.32702,33.16,293900055,용호동,26
2026-10-10T00:17:28,293000317,세종70자1701,36.53621299,127.312601,21.456,293900055,용호동,69
2026-10-10T00:17:28,293000317,세종70자1708,36.619275,127.326848,33.214,270054837,오송역종점,29
2026-10-10T00:17:28,293000318,세종70자1707,36.49770199,127.312457,18.093,293064257,반곡동(수루배마을),39
2026-10-10T00:17:28,293000318,세종70자1702,36.40552499,127.304412,31.151,293055001,세종고속시외버스터미널(지상),69
2026-10-10T00:17:28,293000318,세종70자1705,36.468903,127.271915,23.131,186005278,반석역,30
2026-10-10T00:17:28,293000363,세종70자1729,36.618074,127.327444,0.358,270000635,오송역2.3.4,47
2026-10-10T00:17:28,293000363,세종70자1714,36.501315,127.25973,18.378,293062007,정부세종청사 남측,27
2026-10-10T00:17:28,293000363,세종70자1727,36.387444,127.317996,32.88,186005283,반석네거리,59
2026-10-10T00:17:58,293000317,세종70자1703,36.49750499,127.311227,15.135,293064258,반곡동(수루배마을),27
2026-10-10T00:17:58,293000317,세종70자1704,36.619015,127.32702,33.16,293900055,용호동,26
2026-10-10T00:17:58,293000317,세종70자1701,36.536695,127.310997,21.633,293900055,용호동,69
2026-10-10T00:17:58,293000317,세종70자1708,36.619275,127.326848,33.214,270054837,오송역종점,29
2026-10-10T00:17:58,293000318,세종70자1707,36.497575,127.311386,18.2,293064257,반곡동(수루배마을),44
2026-10-10T00:17:58,293000318,세종70자1702,36.39584399,127.311794,32.417,293055001,세종고속시외버스터미널(지상),34
2026-10-10T00:17:58,293000318,세종70자1705,36.468903,127.271915,23.131,186005278,반석역,30
2026-10-10T00:17:58,293000363,세종70자1729,36.61421099,127.331731,0.935,270000635,오송역2.3.4,67
2026-10-10T00:17:58,293000363,세종70자1714,36.498365,127.25809,18.677,293062007,정부세종청사 남측,43
2026-10-10T00:17:58,293000363,세종70자1727,36.387444,127.317996,32.88,186005283,반석네거리,59
2026-10-10T00:18:29,293000317,세종70자1703,36.497533,127.315959,15.685,293064258,반곡동(수루배마을),68
2026-10-10T00:18:29,293000317,세종70자1704,36.619015,127.32702,33.16,293900055,용호동,26
2026-10-10T00:18:29,293000317,세종70자1701,36.53733299,127.30484,22.187,293900055,용호동,29
2026-10-10T00:18:29,293000317,세종70자1708,36.619275,127.326848,33.214,270054837,오송역종점,29
2026-10-10T00:18:29,293000318,세종70자1707,36.494466,127.305715,18.73,293064257,반곡동(수루배마을),61
2026-10-10T00:18:29,293000318,세종70자1702,36.39264099,127.314186,32.806,186005278,반석역,37
2026-10-10T00:18:29,293000318,세종70자1705,36.468903,127.271915,23.131,186005278,반석역,30
2026-10-10T00:18:29,293000363,세종70자1729,36.610794,127.335648,1.446,270000635,오송역2.3.4,68
2026-10-10T00:18:29,293000363,세종70자1714,36.495255,127.256583,19.054,293062004,다정동,36
2026-10-10T00:18:29,293000363,세종70자1727,36.387444,127.317996,32.88,186005283,반석네거리,59
2026-10-10T00:19:00,293000317,세종70자1703,36.49748,127.317156,15.685,293064258,반곡동(수루배마을),68
2026-10-10T00:19:00,293000317,세종70자1704,36.619015,127.32702,33.16,293900055,용호동,26
2026-10-10T00:19:00,293000317,세종70자1701,36.540991,127.303313,22.598,293900055,용호동,68
2026-10-10T00:19:00,293000317,세종70자1708,36.619275,127.326848,33.214,270054837,오송역종점,29
2026-10-10T00:19:00,293000318,세종70자1707,36.491826,127.304231,19.041,293064261,국책연구단지,32
2026-10-10T00:19:00,293000318,세종70자1702,36.39214299,127.314531,32.906,186005278,반석역,39
2026-10-10T00:19:00,293000318,세종70자1705,36.468903,127.271915,23.131,186005278,반석역,30
2026-10-10T00:19:00,293000363,세종70자1729,36.60622699,127.339859,1.446,270000635,오송역2.3.4,68
2026-10-10T00:19:00,293000363,세종70자1714,36.493713,127.256281,19.226,293062004,다정동,50
2026-10-10T00:19:00,293000363,세종70자1727,36.387444,127.317996,32.88,186005283,반석네거리,59
2026-10-10T00:19:30,293000317,세종70자1703,36.49748,127.317156,15.685,293064258,반곡동(수루배마을),68
2026-10-10T00:19:30,293000317,세종70자1704,36.619015,127.32702,33.16,293900055,용호동,26
2026-10-10T00:19:30,293000317,세종70자1701,36.547711,127.301408,23.369,293900055,용호동,68
2026-10-10T00:19:30,293000317,세종70자1708,36.619275,127.326848,33.214,270054837,오송역종점,29
2026-10-10T00:19:30,293000318,세종70자1707,36.48949,127.302654,19.47,293064261,국책연구단지,54
2026-10-10T00:19:30,293000318,세종70자1702,36.390353,127.315787,32.906,186005278,반석역,59
2026-10-10T00:19:30,293000318,세종70자1705,36.468903,127.271915,23.131,186005278,반석역,30
2026-10-10T00:19:30,293000363,세종70자1729,36.602574,127.339077,1.446,270000635,오송역2.3.4,68
2026-10-10T00:19:30,293000363,세종70자1714,36.489382,127.256829,19.76,293062004,다정동,64
2026-10-10T00:19:30,293000363,세종70자1727,36.387444,127.317996,32.88,186005283,반석네거리,59
2026-10-10T00:20:01,293000317,세종70자1703,36.497493,127.317904,15.685,293064258,반곡동(수루배마을),45
2026-10-10T00:20:01,293000317,세종70자1704,36.619015,127.32702,33.16,293900055,용호동,26
2026-10-10T00:20:01,293000317,세종70자1701,36.550798,127.301302,23.708,293900055,용호동,68
2026-10-10T00:20:01,293000317,세종70자1708,36.619275,127.326848,33.214,270054837,오송역종점,29
2026-10-10T00:20:01,293000318,세종70자1707,36.486745,127.301457,19.834,293064254,"법원,검찰청,경찰청",10
2026-10-10T00:20:01,293000318,세종70자1702,36.390353,127.315787,32.906,186005278,반석역,59
2026-10-10T00:20:01,293000318,세종70자1705,36.468903,127.271915,23.131,186005278,반석역,30
2026-10-10T00:20:01,293000363,세종70자1729,36.598793,127.334766,2.119,270000635,오송역2.3.4,68
2026-10-10T00:20:01,293000363,세종70자1714,36.488122,127.257037,19.874,293053004,"새롬동,나성동",43
2026-10-10T00:20:01,293000363,세종70자1727,36.387444,127.317996,32.88,186005283,반석네거리,59
2026-10-10T00:20:32,293000317,세종70자1703,36.49871199,127.325238,16.37,293064419,집현동,68
2026-10-10T00:20:32,293000317,세종70자1704,36.619015,127.32702,33.16,293900055,용호동,26
2026-10-10T00:20:32,293000317,세종70자1701,36.555815,127.302686,24.033,293900055,용호동,68
2026-10-10T00:20:32,293000317,세종70자1708,36.619275,127.326848,33.214,270054837,오송역종점,29
2026-10-10T00:20:32,293000318,세종70자1707,36.486692,127.301414,19.834,293064254,"법원,검찰청,경찰청",10
2026-10-10T00:20:32,293000318,세종70자1702,36.390353,127.315787,32.906,186005278,반석역,59
2026-10-10T00:20:32,293000318,세종70자1705,36.468903,127.271915,23.131,186005278,반석역,30
2026-10-10T00:20:32,293000363,세종70자1729,36.594749,127.330818,2.933,270000635,오송역2.3.4,68
2026-10-10T00:20:32,293000363,세종70자1714,36.486582,127.257819,20.056,293053004,"새롬동,나성동",41
2026-10-10T00:20:32,293000363,세종70자1727,36.387444,127.317996,32.88,186005283,반석네거리,59
2026-10-10T00:21:02,293000317,세종70자1703,36.501491,127.328817,16.802,293064417,세종공동캠퍼스,67
2026-10-10T00:21:02,293000317,세종70자1704,36.619015,127.32702,33.16,293900055,용호동,26
2026-10-10T00:21:02,293000317,세종70자1701,36.56435599,127.308218,25.379,293900055,용호동,68
2026-10-10T00:21:02,293000317,세종70자1708,36.619275,127.326848,33.214,270054837,오송역종점,29
2026-10-10T00:21:02,293000318,세종70자1707,36.486692,127.301414,19.834,293064254,"법원,검찰청,경찰청",10
2026-10-10T00:21:02,293000318,세종70자1702,36.390353,127.315787,32.906,186005278,반석역,59
2026-10-10T00:21:02,293000318,세종70자1705,36.468903,127.271915,23.131,186005278,반석역,30
2026-10-10T00:21:02,293000363,세종70자1729,36.590814,127.32673,4.075,270000635,오송역2.3.4,68
2026-10-10T00:21:02,293000363,세종70자1714,36.482577,127.260918,20.574,293053004,"새롬동,나성동",75
2026-10-10T00:21:02,293000363,세종70자1727,36.387444,127.317996,32.88,186005283,반석네거리,59
2026-10-10T00:21:33,293000317,세종70자1703,36.506392,127.329602,17.238,293064417,세종공동캠퍼스,73
2026-10-10T00:21:33,293000317,세종70자1704,36.619015,127.32702,33.16,293900055,용호동,26
2026-10-10T00:21:33,293000317,세종70자1701,36.564745,127.308638,25.379,293900055,용호동,68
2026-10-10T00:21:33,293000317,세종70자1708,36.619275,127.326848,33.214,270054837,오송역종점,29
2026-10-10T00:21:33,293000318,세종70자1707,36.486281,127.301108,19.858,293064254,"법원,검찰청,경찰청",39
2026-10-10T00:21:33,293000318,세종70자1702,36.390353,127.315787,32.906,186005278,반석역,59
2026-10-10T00:21:33,293000318,세종70자1705,36.468903,127.271915,23.131,186005278,반석역,30
2026-10-10T00:21:33,293000363,세종70자1729,36.587071,127.322533,4.776,270000635,오송역2.3.4,68
2026-10-10T00:21:33,293000363,세종70자1714,36.48063,127.262056,20.813,293053009,한솔동,27
2026-10-10T00:21:33,293000363,세종70자1727,36.387444,127.317996,32.88,186005283,반석네거리,59
2026-10-10T00:22:07,293000317,세종70자1703,36.511536,127.330062,17.951,293064417,세종공동캠퍼스,69
2026-10-10T00:22:07,293000317,세종70자1704,36.619015,127.32702,33.16,293900055,용호동,26
2026-10-10T00:22:07,293000317,세종70자1701,36.572631,127.31716,26.587,293900055,용호동,69
2026-10-10T00:22:07,293000317,세종70자1708,36.619275,127.326848,33.214,270054837,오송역종점,29
2026-10-10T00:22:07,293000318,세종70자1707,36.48238,127.297211,20.435,293064214,소담동(새샘마을),33
2026-10-10T00:22:07,293000318,세종70자1702,36.390353,127.315787,32.906,186005278,반석역,59
2026-10-10T00:22:07,293000318,세종70자1705,36.468903,127.271915,23.131,186005278,반석역,30
2026-10-10T00:22:07,293000363,세종70자1729,36.580289,127.321262,5.571,270000635,오송역2.3.4,69
2026-10-10T00:22:07,293000363,세종70자1714,36.47953,127.262843,21.0,293053009,한솔동,28
2026-10-10T00:22:07,293000363,세종70자1727,36.387444,127.317996,32.88,186005283,반석네거리,59
2026-10-10T00:22:38,293000317,세종70자1703,36.520133,127.33077,18.926,293064417,세종공동캠퍼스,68
2026-10-10T00:22:38,293000317,세종70자1704,36.619015,127.32702,33.16,293900055,용호동,26
2026-10-10T00:22:38,293000317,세종70자1701,36.577001,127.320518,27.165,293900055,용호동,68
2026-10-10T00:22:38,293000317,세종70자1708,36.619275,127.326848,33.214,270054837,오송역종점,29
2026-10-10T00:22:38,293000318,세종70자1707,36.481579,127.295733,20.568,293064214,소담동(새샘마을),68
2026-10-10T00:22:38,293000318,세종70자1702,36.390353,127.315787,32.906,186005278,반석역,59
2026-10-10T00:22:38,293000318,세종70자1705,36.468903,127.271915,23.131,186005278,반석역,30
2026-10-10T00:22:38,293000363,세종70자1729,36.576772,127.320292,6.197,270000635,오송역2.3.4,68
2026-10-10T00:22:38,293000363,세종70자1714,36.47953,127.262843,21.0,293053009,한솔동,28
2026-10-10T00:22:38,293000363,세종70자1727,36.387444,127.317996,32.88,186005283,반석네거리,59
2026-10-10T00:23:09,293000317,세종70자1703,36.521973,127.330296,19.118,293064417,세종공동캠퍼스,68
2026-10-10T00:23:09,293000317,세종70자1704,36.619015,127.32702,33.16,293900055,용호동,26
2026-10-10T00:23:09,293000317,세종70자1701,36.58272199,127.32174,27.514,293900055,용호동,68
2026-10-10T00:23:09,293000317,세종70자1708,36.619275,127.326848,33.214,270054837,오송역종점,29
2026-10-10T00:23:09,293000318,세종70자1707,36.478772,127.28923,21.344,293064211,"세종시청,시의회,교육청",42
2026-10-10T00:23:09,293000318,세종70자1702,36.390353,127.315787,32.906,186005278,반석역,59
2026-10-10T00:23:09,293000318,세종70자1705,36.468903,127.271915,23.131,186005278,반석역,30
2026-10-10T00:23:09,293000363,세종70자1729,36.572519,127.31683,6.775,270000635,오송역2.3.4,68
2026-10-10T00:23:09,293000363,세종70자1714,36.477503,127.264305,21.217,293053009,한솔동,61
2026-10-10T00:23:09,293000363,세종70자1727,36.387444,127.317996,32.88,186005283,반석네거리,59
2026-10-10T00:23:40,293000317,세종70자1703,36.52637,127.327045,19.614,293064417,세종공동캠퍼스,68
2026-10-10T00:23:40,293000317,세종70자1704,36.619015,127.32702,33.16,293900055,용호동,26
2026-10-10T00:23:40,293000317,세종70자1701,36.58773999,127.323064,27.514,293900055,용호동,69
2026-10-10T00:23:40,293000317,세종70자1708,36.619275,127.326848,33.214,270054837,오송역종점,29
2026-10-10T00:23:40,293000318,세종70자1707,36.477887,127.287155,21.442,293064211,"세종시청,시의회,교육청",60
2026-10-10T00:23:40,293000318,세종70자1702,36.390353,127.315787,32.906,186005278,반석역,59
2026-10-10T00:23:40,293000318,세종70자1705,36.468903,127.271915,23.131,186005278,반석역,30
2026-10-10T00:23:40,293000363,세종70자1729,36.568616,127.312621,6.775,270000635,오송역2.3.4,69
2026-10-10T00:23:40,293000363,세종70자1714,36.473132,127.267449,21.856,293053009,한솔동,64
2026-10-10T00:23:40,293000363,세종70자1727,36.387444,127.317996,32.88,186005283,반석네거리,59
2026-10-10T00:24:11,293000317,세종70자1703,36.532285,127.319585,20.738,293064492,다솜동,67
2026-10-10T00:24:11,293000317,세종70자1704,36.619015,127.32702,33.16,293900055,용호동,26
2026-10-10T00:24:11,293000317,세종70자1701,36.590845,127.327,28.868,293900055,용호동,68
2026-10-10T00:24:11,293000317,세종70자1708,36.619275,127.326848,33.214,270054837,오송역종점,29
2026-10-10T00:24:11,293000318,세종70자1707,36.47646799,127.283751,21.783,293064211,"세종시청,시의회,교육청",47
2026-10-10T00:24:11,293000318,세종70자1702,36.390353,127.315787,32.906,186005278,반석역,59
2026-10-10T00:24:11,293000318,세종70자1705,36.468903,127.271915,23.131,186005278,반석역,30
2026-10-10T00:24:11,293000363,세종70자1729,36.564343,127.308022,7.979,270000635,오송역2.3.4,68
2026-10-10T00:24:11,293000363,세종70자1714,36.470895,127.271129,22.209,293053009,한솔동,53
2026-10-10T00:24:11,293000363,세종70자1727,36.387444,127.317996,32.88,186005283,반석네거리,59
2026-10-10T00:24:42,293000317,세종70자1703,36.535324,127.314449,21.14,293064492,다솜동,69
2026-10-10T00:24:42,293000317,세종70자1704,36.619015,127.32702,33.16,293900055,용호동,26
2026-10-10T00:24:42,293000317,세종70자1701,36.594955,127.331177,29.741,293900055,용호동,68
2026-10-10T00:24:42,293000317,세종70자1708,36.619275,127.326848,33.214,270054837,오송역종점,29
2026-10-10T00:24:42,293000318,세종70자1707,36.475682,127.281958,22.012,293064209,"보람동,대평동",41
2026-10-10T00:24:42,293000318,세종70자1702,36.390353,127.315787,32.906,186005278,반석역,59
2026-10-10T00:24:42,293000318,세종70자1705,36.468995,127.271948,23.078,186005278,반석역,30
2026-10-10T00:24:42,293000363,세종70자1729,36.560819,127.304693,8.412,270000635,오송역2.3.4,68
2026-10-10T00:24:42,293000363,세종70자1728,36.619335,127.326992,0.025,270000635,오송역2.3.4,13
2026-10-10T00:24:42,293000363,세종70자1714,36.47081699,127.272985,22.393,293064221,세종고속시외버스터미널(지하),17
2026-10-10T00:24:42,293000363,세종70자1727,36.387444,127.317996,32.88,186005283,반석네거리,59
2026-10-10T00:25:13,293000317,세종70자1701,36.598961,127.335182,30.369,293900055,용호동,68
2026-10-10T00:25:13,293000317,세종70자1703,36.536436,127.311886,21.456,293900055,용호동,69
2026-10-10T00:25:13,293000317,세종70자1704,36.619015,127.32702,33.16,293900055,용호동,26
2026-10-10T00:25:13,293000317,세종70자1708,36.619275,127.326848,33.214,270054837,오송역종점,29
2026-10-10T00:25:13,293000318,세종70자1707,36.472215,127.276453,22.707,293064251,대평동,34
2026-10-10T00:25:13,293000318,세종70자1702,36.390353,127.315787,32.906,186005278,반석역,59
2026-10-10T00:25:13,293000318,세종70자1705,36.468995,127.271948,23.078,186005278,반석역,30
2026-10-10T00:25:13,293000363,세종70자1729,36.555989,127.302637,9.239,270000635,오송역2.3.4,68
2026-10-10T00:25:13,293000363,세종70자1728,36.619335,127.326992,0.025,270000635,오송역2.3.4,13
2026-10-10T00:25:13,293000363,세종70자1714,36.469254,127.273831,22.638,293055001,세종고속시외버스터미널(지상),12
2026-10-10T00:25:13,293000363,세종70자1727,36.387444,127.317996,32.88,186005283,반석네거리,59
2026-10-10T00:25:44,293000317,세종70자1701,36.602651,127.339308,30.916,293900055,용호동,68
2026-10-10T00:25:44,293000317,세종70자1703,36.537329,127.304799,22.187,293900055,용호동,40
2026-10-10T00:25:44,293000317,세종70자1704,36.619015,127.32702,33.16,293900055,용호동,26
2026-10-10T00:25:44,293000317,세종70자1708,36.619275,127.326848,33.214,270054837,오송역종점,29
2026-10-10T00:25:44,293000318,세종70자1707,36.470898,127.27292,22.917,293064251,대평동,255
2026-10-10T00:25:44,293000318,세종70자1702,36.390353,127.315787,32.906,186005278,반석역,59
2026-10-10T00:25:44,293000318,세종70자1705,36.468995,127.271948,23.078,186005278,반석역,30
2026-10-10T00:25:44,293000363,세종70자1729,36.546566,127.301459,10.121,270000635,오송역2.3.4,68
2026-10-10T00:25:44,293000363,세종70자1728,36.619309,127.327009,0.025,270000635,오송역2.3.4,13
2026-10-10T00:25:44,293000363,세종70자1714,36.46734699,127.274973,22.967,293055001,세종고속시외버스터미널(지상),62
2026-10-10T00:25:44,293000363,세종70자1727,36.387444,127.317996,32.88,186005283,반석네거리,59
2026-10-10T00:26:14,293000317,세종70자1701,36.608497,127.338718,31.597,293900055,용호동,68
2026-10-10T00:26:14,293000317,세종70자1703,36.540912,127.303354,22.598,293900055,용호동,68
2026-10-10T00:26:14,293000317,세종70자1704,36.619015,127.32702,33.16,293900055,용호동,26
2026-10-10T00:26:14,293000317,세종70자1708,36.619275,127.326848,33.214,270054837,오송역종점,29
2026-10-10T00:26:14,293000318,세종70자1707,36.469873,127.273404,23.078,293064251,대평동,32
2026-10-10T00:26:14,293000318,세종70자1702,36.390353,127.315787,32.906,186005278,반석역,59
2026-10-10T00:26:14,293000318,세종70자1705,36.468995,127.271948,23.078,186005278,반석역,30
2026-10-10T00:26:14,293000363,세종70자1729,36.545729,127.301667,10.177,270000635,오송역2.3.4,68
2026-10-10T00:26:14,293000363,세종70자1728,36.619722,127.326435,0.133,270000635,오송역2.3.4,10
2026-10-10T00:26:14,293000363,세종70자1714,36.462323,127.276682,23.548,293055001,세종고속시외버스터미널(지상),68
2026-10-10T00:26:14,293000363,세종70자1727,36.387444,127.317996,32.88,186005283,반석네거리,59
2026-10-10T00:26:45,293000317,세종70자1701,36.611359,127.33502,32.061,293900055,용호동,68
2026-10-10T00:26:45,293000317,세종70자1703,36.547795,127.301388,23.369,293900055,용호동,68
2026-10-10T00:26:45,293000317,세종70자1704,36.619015,127.32702,33.16,293900055,용호동,26
2026-10-10T00:26:45,293000317,세종70자1708,36.619275,127.326848,33.214,270054837,오송역종점,29
2026-10-10T00:26:45,293000318,세종70자1707,36.46932,127.273678,23.078,293055001,세종고속시외버스터미널(지상),27
2026-10-10T00:26:45,293000318,세종70자1702,36.390353,127.315787,32.906,186005278,반석역,59
2026-10-10T00:26:45,293000318,세종70자1705,36.468995,127.271948,23.078,186005278,반석역,30
2026-10-10T00:26:45,293000363,세종70자1729,36.537089,127.304016,11.266,270000635,오송역2.3.4,39
2026-10-10T00:26:45,293000363,세종70자1728,36.618587,127.326912,0.0,270000635,오송역2.3.4,31
2026-10-10T00:26:45,293000363,세종70자1714,36.458498,127.2806,24.1,293055001,세종고속시외버스터미널(지상),68
2026-10-10T00:26:45,293000363,세종70자1727,36.387444,127.317996,32.88,186005283,반석네거리,59
2026-10-10T00:27:15,293000317,세종70자1701,36.615315,127.33059,32.649,293900055,용호동,68
2026-10-10T00:27:15,293000317,세종70자1703,36.550194,127.301265,23.708,293900055,용호동,68
2026-10-10T00:27:15,293000317,세종70자1704,36.619015,127.32702,33.16,293900055,용호동,26
2026-10-10T00:27:15,293000317,세종70자1708,36.619275,127.326848,33.214,270054837,오송역종점,29
2026-10-10T00:27:15,293000318,세종70자1707,36.46904399,127.274118,23.149,293055001,세종고속시외버스터미널(지상),23
2026-10-10T00:27:15,293000318,세종70자1702,36.390353,127.315787,32.906,186005278,반석역,59
2026-10-10T00:27:15,293000318,세종70자1705,36.468995,127.271948,23.078,186005278,반석역,30
2026-10-10T00:27:15,293000363,세종70자1729,36.535493,127.298568,11.74,270000635,오송역2.3.4,63
2026-10-10T00:27:15,293000363,세종70자1728,36.616188,127.329519,0.638,270000635,오송역2.3.4,49
2026-10-10T00:27:15,293000363,세종70자1714,36.455153,127.283474,24.317,293055001,세종고속시외버스터미널(지상),68
2026-10-10T00:27:15,293000363,세종70자1727,36.387444,127.317996,32.88,186005283,반석네거리,59
2026-10-10T00:27:46,293000317,세종70자1701,36.618565,127.327016,33.114,293900055,용호동,14
2026-10-10T00:27:46,293000317,세종70자1703,36.555073,127.302433,24.033,293900055,용호동,68
2026-10-10T00:27:46,293000317,세종70자1704,36.619015,127.32702,33.16,293900055,용호동,26
2026-10-10T00:27:46,293000317,세종70자1708,36.619275,127.326848,33.214,270054837,오송역종점,29
2026-10-10T00:27:46,293000318,세종70자1707,36.46808,127.274829,23.46,293055001,세종고속시외버스터미널(지상),14
2026-10-10T00:27:46,293000318,세종70자1702,36.390353,127.315787,32.906,186005278,반석역,59
2026-10-10T00:27:46,293000318,세종70자1705,36.468995,127.271948,23.078,186005278,반석역,30
2026-10-10T00:27:46,293000363,세종70자1729,36.534463,127.295117,12.063,270000635,오송역2.3.4,5
2026-10-10T00:27:46,293000363,세종70자1728,36.613624,127.332372,1.033,270000635,오송역2.3.4,45
2026-10-10T00:27:46,293000363,세종70자1714,36.450311,127.285525,25.182,293055001,세종고속시외버스터미널(지상),68
2026-10-10T00:27:46,293000363,세종70자1727,36.387444,127.317996,32.88,186005283,반석네거리,59
2026-10-10T00:28:17,293000317,세종70자1703,36.559997,127.304287,24.857,293900055,용호동,68
2026-10-10T00:28:17,293000317,세종70자1704,36.619015,127.32702,33.16,293900055,용호동,26
2026-10-10T00:28:17,293000317,세종70자1708,36.619275,127.326848,33.214,270054837,오송역종점,29
2026-10-10T00:28:17,293000317,세종70자1701,36.61915,127.327132,33.214,270054837,오송역종점,22
2026-10-10T00:28:17,293000318,세종70자1707,36.466632,127.275022,23.46,293055001,세종고속시외버스터미널(지상),58
2026-10-10T00:28:17,293000318,세종70자1702,36.390353,127.315787,32.906,186005278,반석역,59
2026-10-10T00:28:17,293000318,세종70자1705,36.468995,127.271948,23.078,186005278,반석역,30
2026-10-10T00:28:17,293000363,세종70자1728,36.610752,127.335681,1.446,270000635,오송역2.3.4,57
2026-10-10T00:28:17,293000363,세종70자1729,36.534023,127.292859,12.311,293014058,누리동,47
2026-10-10T00:28:17,293000363,세종70자1714,36.445374,127.285835,25.694,293055001,세종고속시외버스터미널(지상),68
2026-10-10T00:28:17,293000363,세종70자1727,36.387444,127.317996,32.88,186005283,반석네거리,59
2026-10-10T00:28:47,293000317,세종70자1703,36.568044,127.312195,25.379,293900055,용호동,68
2026-10-10T00:28:47,293000317,세종70자1704,36.619015,127.32702,33.16,293900055,용호동,26
2026-10-10T00:28:47,293000317,세종70자1708,36.619275,127.326848,33.214,270054837,오송역종점,29
2026-10-10T00:28:47,293000317,세종70자1701,36.61915,127.327132,33.214,270054837,오송역종점,22
2026-10-10T00:28:47,293000318,세종70자1707,36.461963,127.277057,24.041,293055001,세종고속시외버스터미널(지상),67
2026-10-10T00:28:47,293000318,세종70자1702,36.390353,127.315787,32.906,186005278,반석역,59
2026-10-10T00:28:47,293000318,세종70자1705,36.468995,127.271948,23.078,186005278,반석역,30
2026-10-10T00:28:47,293000363,세종70자1728,36.607809,127.339162,1.446,270000635,오송역2.3.4,58
2026-10-10T00:28:47,293000363,세종70자1729,36.534365,127.287593,12.865,293014058,누리동,60
2026-10-10T00:28:47,293000363,세종70자1714,36.438907,127.285895,26.437,293055001,세종고속시외버스터미널(지상),67
2026-10-10T00:28:47,293000363,세종70자1727,36.387444,127.317996,32.88,186005283,반석네거리,59
2026-10-10T00:29:18,293000317,세종70자1703,36.572037,127.316489,26.584,293900055,용호동,69
2026-10-10T00:29:18,293000317,세종70자1704,36.619015,127.32702,33.16,293900055,용호동,26
2026-10-10T00:29:18,293000317,세종70자1708,36.619275,127.326848,33.214,270054837,오송역종점,29
2026-10-10T00:29:18,293000317,세종70자1701,36.619537,127.326667,33.214,270054837,오송역종점,23
2026-10-10T00:29:18,293000318,세종70자1707,36.45819,127.280983,24.677,293055001,세종고속시외버스터미널(지상),67
2026-10-10T00:29:18,293000318,세종70자1702,36.390353,127.315787,32.906,186005278,반석역,59
2026-10-10T00:29:18,293000318,세종70자1705,36.468995,127.271948,23.078,186005278,반석역,30
2026-10-10T00:29:18,293000363,세종70자1728,36.6035,127.339596,1.446,270000635,오송역2.3.4,58
2026-10-10T00:29:18,293000363,세종70자1729,36.534447,127.286607,12.88,293014058,누리동,255
2026-10-10T00:29:18,293000363,세종70자1714,36.434835,127.285957,26.695,293055001,세종고속시외버스터미널(지상),67
2026-10-10T00:29:18,293000363,세종70자1727,36.387444,127.317996,32.88,186005283,반석네거리,59
2026-10-10T00:29:49,293000317,세종70자1703,36.576274,127.320151,27.088,293900055,용호동,68
2026-10-10T00:29:49,293000317,세종70자1704,36.619015,127.32702,33.16,293900055,용호동,26
2026-10-10T00:29:49,293000317,세종70자1708,36.619275,127.326848,33.214,270054837,오송역종점,29
2026-10-10T00:29:49,293000317,세종70자1701,36.618766,127.326734,33.16,270054837,오송역종점,17
2026-10-10T00:29:49,293000318,세종70자1707,36.453744,127.284343,25.334,293055001,세종고속시외버스터미널(지상),67
2026-10-10T00:29:49,293000318,세종70자1702,36.390353,127.315787,32.906,186005278,반석역,59
2026-10-10T00:29:49,293000363,세종70자1728,36.600104,127.336316,2.119,270000635,오송역2.3.4,59
2026-10-10T00:29:49,293000363,세종70자1729,36.533888,127.275429,13.844,293014026,한별동,65
2026-10-10T00:29:49,293000363,세종70자1714,36.42884,127.288532,27.45,293055001,세종고속시외버스터미널(지상),67
2026-10-10T00:29:49,293000363,세종70자1727,36.387444,127.317996,32.88,186005283,반석네거리,59
2026-10-10T00:30:20,293000317,세종70자1703,36.581236,127.32151,27.514,293900055,용호동,68
2026-10-10T00:30:20,293000317,세종70자1704,36.619015,127.32702,33.16,293900055,용호동,26
2026-10-10T00:30:20,293000317,세종70자1708,36.619275,127.326848,33.214,270054837,오송역종점,29
2026-10-10T00:30:20,293000317,세종70자1701,36.618595,127.326914,33.114,270054837,오송역종점,17
2026-10-10T00:30:20,293000318,세종70자1707,36.448799,127.285776,25.803,293055001,세종고속시외버스터미널(지상),67
2026-10-10T00:30:20,293000318,세종70자1702,36.390353,127.315787,32.906,186005278,반석역,59
2026-10-10T00:30:20,293000363,세종70자1728,36.596728,127.332602,2.933,270000635,오송역2.3.4,64
2026-10-10T00:30:20,293000363,세종70자1729,36.532549,127.269768,14.471,293014026,한별동,65
2026-10-10T00:30:20,293000363,세종70자1714,36.426351,127.291676,27.45,293055001,세종고속시외버스터미널(지상),67
2026-10-10T00:30:20,293000363,세종70자1727,36.387444,127.317996,32.88,186005283,반석네거리,59
2026-10-10T00:30:20,187000003,대전75자9914,36.500437,127.259508,33.779,293062006,정부세종청사 남측,0
2026-10-10T00:30:20,187000003,대전75자9110,36.618659,127.326969,51.99,270000635,오송역2.3.4,0
2026-10-10T00:30:20,187000003,대전75자9930,36.48179,127.307487,77.698,293064218,한국개발연구원(KDI),0
2026-10-10T00:30:20,187000003,대전75자9927,36.356008,127.406184,99.835,187001389,오정농수산오거리,0
2026-10-10T00:30:20,187000003,대전75자9926,36.344256,127.421003,101.806,187001393,솔랑마을아파트,0
2026-10-10T00:30:20,187000003,대전75자9941,36.333865,127.431336,103.398,183002355,대전역,0
2026-10-10T00:30:50,293000317,세종70자1703,36.586161,127.322296,27.514,293900055,용호동,68
2026-10-10T00:30:50,293000317,세종70자1704,36.619015,127.32702,33.16,293900055,용호동,26
2026-10-10T00:30:50,293000317,세종70자1708,36.619275,127.326848,33.214,270054837,오송역종점,29
2026-10-10T00:30:50,293000317,세종70자1701,36.618595,127.326914,33.114,270054837,오송역종점,17
2026-10-10T00:30:50,293000318,세종70자1707,36.443888,127.285864,26.406,293055001,세종고속시외버스터미널(지상),67
2026-10-10T00:30:50,293000318,세종70자1702,36.390353,127.315787,32.906,186005278,반석역,59
2026-10-10T00:30:50,293000363,세종70자1728,36.592736,127.329029,3.953,270000635,오송역2.3.4,63
2026-10-10T00:30:50,293000363,세종70자1729,36.530983,127.266674,14.708,293014026,한별동,65
2026-10-10T00:30:50,293000363,세종70자1714,36.421293,127.297849,28.796,293055001,세종고속시외버스터미널(지상),68
2026-10-10T00:30:50,293000363,세종70자1727,36.387444,127.317996,32.88,186005283,반석네거리,59
2026-10-10T00:30:50,187000003,대전75자9914,36.500437,127.259508,33.779,293062006,정부세종청사 남측,0
2026-10-10T00:30:50,187000003,대전75자9110,36.61948,127.326745,51.881,270000635,오송역2.3.4,0
2026-10-10T00:30:50,187000003,대전75자9930,36.48179,127.307487,77.698,293064218,한국개발연구원(KDI),0
2026-10-10T00:30:50,187000003,대전75자9927,36.356008,127.406184,99.835,187001389,오정농수산오거리,0
2026-10-10T00:30:50,187000003,대전75자9926,36.344256,127.421003,101.806,187001393,솔랑마을아파트,0
2026-10-10T00:30:50,187000003,대전75자9941,36.333865,127.431336,103.398,183002355,대전역,0
2026-10-10T00:31:21,293000317,세종70자1703,36.590338,127.326178,28.868,293900055,용호동,68
2026-10-10T00:31:21,293000317,세종70자1704,36.619015,127.32702,33.16,293900055,용호동,26
2026-10-10T00:31:21,293000317,세종70자1708,36.619275,127.326848,33.214,270054837,오송역종점,29
2026-10-10T00:31:21,293000317,세종70자1701,36.618595,127.326914,33.114,270054837,오송역종점,17
2026-10-10T00:31:21,293000318,세종70자1707,36.437798,127.285902,27.037,293055001,세종고속시외버스터미널(지상),67
2026-10-10T00:31:21,293000318,세종70자1702,36.390353,127.315787,32.906,186005278,반석역,59
2026-10-10T00:31:21,293000363,세종70자1728,36.589409,127.324509,4.477,270000635,오송역2.3.4,61
2026-10-10T00:31:21,293000363,세종70자1729,36.530983,127.266674,14.708,293014026,한별동,65
2026-10-10T00:31:21,293000363,세종70자1714,36.418369,127.299086,29.14,293055001,세종고속시외버스터미널(지상),68
2026-10-10T00:31:21,293000363,세종70자1727,36.387444,127.317996,32.88,186005283,반석네거리,59
2026-10-10T00:31:21,187000003,대전75자9914,36.503856,127.261054,34.281,293062011,정부세종청사 북측,0
2026-10-10T00:31:21,187000003,대전75자9110,36.61948,127.326745,51.837,270000635,오송역2.3.4,0
2026-10-10T00:31:21,187000003,대전75자9930,36.480882,127.307802,77.914,293064218,한국개발연구원(KDI),0
2026-10-10T00:31:21,187000003,대전75자9927,36.356008,127.406184,99.835,187001389,오정농수산오거리,0
2026-10-10T00:31:21,187000003,대전75자9926,36.341531,127.424791,102.32,187001394,한밭자이아파트,0
2026-10-10T00:31:21,187000003,대전75자9941,36.333865,127.431336,103.398,183002355,대전역,0
2026-10-10T00:31:52,293000317,세종70자1703,36.594148,127.33042,29.675,293900055,용호동,68
2026-10-10T00:31:52,293000317,세종70자1704,36.619015,127.32702,33.16,293900055,용호동,26
2026-10-10T00:31:52,293000317,세종70자1708,36.619275,127.326848,33.214,270054837,오송역종점,29
2026-10-10T00:31:52,293000317,세종70자1701,36.615988,127.329738,32.754,270054837,오송역종점,68
2026-10-10T00:31:52,293000318,세종70자1707,36.43209,127.286432,27.685,293055001,세종고속시외버스터미널(지상),67
2026-10-10T00:31:52,293000318,세종70자1702,36.390353,127.315787,32.906,186005278,반석역,59
2026-10-10T00:31:52,293000363,세종70자1728,36.585013,127.321956,5.064,270000635,오송역2.3.4,67
2026-10-10T00:31:52,293000363,세종70자1729,36.530983,127.266674,14.708,293014026,한별동,65
2026-10-10T00:31:52,293000363,세종70자1714,36.411217,127.300964,29.955,293055001,세종고속시외버스터미널(지상),67
2026-10-10T00:31:52,293000363,세종70자1727,36.387444,127.317996,32.88,186005283,반석네거리,59
2026-10-10T00:31:52,187000003,대전75자9914,36.503856,127.261054,34.281,293062011,정부세종청사 북측,0
2026-10-10T00:31:52,187000003,대전75자9110,36.61948,127.326745,51.837,270000635,오송역2.3.4,0
2026-10-10T00:31:52,187000003,대전75자9930,36.467211,127.364085,83.955,186005287,국제과학비즈니스벨트,0
2026-10-10T00:31:52,187000003,대전75자9927,36.352656,127.410335,100.476,187001390,오정동행정복지센터,0
2026-10-10T00:31:52,187000003,대전75자9926,36.340947,127.425577,102.32,187001394,한밭자이아파트,0
2026-10-10T00:31:52,187000003,대전75자9941,36.333865,127.431336,103.398,183002355,대전역,0
2026-10-10T00:32:22,293000317,세종70자1703,36.598226,127.334317,30.244,293900055,용호동,68
2026-10-10T00:32:22,293000317,세종70자1704,36.619015,127.32702,33.16,293900055,용호동,26
2026-10-10T00:32:22,293000317,세종70자1708,36.619275,127.326848,33.214,270054837,오송역종점,29
2026-10-10T00:32:22,293000317,세종70자1701,36.612149,127.33401,32.183,270054837,오송역종점,69
2026-10-10T00:32:22,293000318,세종70자1707,36.428816,127.288547,27.943,293055001,세종고속시외버스터미널(지상),67
2026-10-10T00:32:22,293000318,세종70자1702,36.390353,127.315787,32.906,186005278,반석역,59
2026-10-10T00:32:22,293000363,세종70자1728,36.580099,127.321231,5.61,270000635,오송역2.3.4,68
2026-10-10T00:32:22,293000363,세종70자1729,36.529804,127.265062,14.933,293014017,"해밀동,산울동",43
2026-10-10T00:32:22,293000363,세종70자1714,36.40652699,127.303654,30.516,293055001,세종고속시외버스터미널(지상),66
2026-10-10T00:32:22,293000363,세종70자1727,36.387444,127.317996,32.88,186005283,반석네거리,59
2026-10-10T00:32:22,187000003,대전75자9914,36.513664,127.259295,35.519,293056003,도담동,0
2026-10-10T00:32:22,187000003,대전75자9110,36.61948,127.326745,51.837,270000635,오송역2.3.4,0
2026-10-10T00:32:22,187000003,대전75자9930,36.466822,127.365072,83.955,186005287,국제과학비즈니스벨트,0
2026-10-10T00:32:22,187000003,대전75자9927,36.350517,127.412995,100.788,187001391,한남오거리(BRT),0
2026-10-10T00:32:22,187000003,대전75자9926,36.338202,127.429324,102.843,187001394,한밭자이아파트,0
2026-10-10T00:32:22,187000003,대전75자9941,36.333865,127.431336,103.398,183002355,대전역,0
2026-10-10T00:32:53,293000317,세종70자1703,36.601817,127.338587,30.795,293900055,용호동,68
2026-10-10T00:32:53,293000317,세종70자1704,36.619015,127.32702,33.16,293900055,용호동,26
2026-10-10T00:32:53,293000317,세종70자1708,36.619275,127.326848,33.214,270054837,오송역종점,29
2026-10-10T00:32:53,293000317,세종70자1701,36.60867,127.33843,31.982,270054837,오송역종점,68
2026-10-10T00:32:53,293000318,세종70자1707,36.424282,127.294486,27.943,293055001,세종고속시외버스터미널(지상),67
2026-10-10T00:32:53,293000318,세종70자1702,36.390353,127.315787,32.906,186005278,반석역,59
2026-10-10T00:32:53,293000363,세종70자1338,36.619106,127.326638,0.174,270000635,오송역2.3.4,8
2026-10-10T00:32:53,293000363,세종70자1728,36.57525,127.319389,6.389,270000635,오송역2.3.4,67
2026-10-10T00:32:53,293000363,세종70자1729,36.528751,127.263896,15.095,293014017,"해밀동,산울동",53
2026-10-10T00:32:53,293000363,세종70자1714,36.404248,127.305513,30.81,293055001,세종고속시외버스터미널(지상),68
2026-10-10T00:32:53,293000363,세종70자1727,36.387444,127.317996,32.88,186005283,반석네거리,59
2026-10-10T00:32:53,187000003,대전75자9914,36.513664,127.259295,35.519,293056003,도담동,0
2026-10-10T00:32:53,187000003,대전75자9110,36.61948,127.326745,51.837,270000635,오송역2.3.4,0
2026-10-10T00:32:53,187000003,대전75자9930,36.466822,127.365072,83.955,186005287,국제과학비즈니스벨트,0
2026-10-10T00:32:53,187000003,대전75자9927,36.349864,127.413813,100.927,187001391,한남오거리(BRT),0
2026-10-10T00:32:53,187000003,대전75자9926,36.335994,127.430435,103.107,187001394,한밭자이아파트,0
2026-10-10T00:32:53,187000003,대전75자9941,36.333865,127.431336,103.398,183002355,대전역,0
2026-10-10T00:33:24,293000317,세종70자1703,36.606637,127.339848,31.377,293900055,용호동,68
2026-10-10T00:33:24,293000317,세종70자1704,36.619015,127.32702,33.16,293900055,용호동,26
2026-10-10T00:33:24,293000317,세종70자1708,36.619275,127.326848,33.214,270054837,오송역종점,29
2026-10-10T00:33:24,293000317,세종70자1701,36.60382,127.339715,31.982,270054837,오송역종점,68
2026-10-10T00:33:24,293000318,세종70자1707,36.421309,127.297855,29.29,293055001,세종고속시외버스터미널(지상),68
2026-10-10T00:33:24,293000318,세종70자1702,36.390353,127.315787,32.906,186005278,반석역,59
2026-10-10T00:33:24,293000363,세종70자1338,36.619101,127.326971,0.025,270000635,오송역2.3.4,16
2026-10-10T00:33:24,293000363,세종70자1728,36.571281,127.315504,6.775,270000635,오송역2.3.4,68
2026-10-10T00:33:24,293000363,세종70자1729,36.524406,127.260909,15.547,293014017,"해밀동,산울동",69
2026-10-10T00:33:24,293000363,세종70자1714,36.398845,127.310109,31.557,293055001,세종고속시외버스터미널(지상),63
2026-10-10T00:33:24,293000363,세종70자1727,36.387444,127.317996,32.88,186005283,반석네거리,59
2026-10-10T00:33:24,187000003,대전75자9914,36.513664,127.259295,35.519,293056003,도담동,0
2026-10-10T00:33:24,187000003,대전75자9110,36.61948,127.326745,51.837,270000635,오송역2.3.4,0
2026-10-10T00:33:24,187000003,대전75자9930,36.466822,127.365072,83.955,186005287,국제과학비즈니스벨트,0
2026-10-10T00:33:24,187000003,대전75자9927,36.349864,127.413813,100.927,187001391,한남오거리(BRT),0
2026-10-10T00:33:24,187000003,대전75자9926,36.335994,127.430435,103.107,187001394,한밭자이아파트,0
2026-10-10T00:33:24,187000003,대전75자9941,36.333865,127.431336,103.398,183002355,대전역,0
2026-10-10T00:33:54,293000317,세종70자1703,36.610735,127.335839,31.959,293900055,용호동,68
2026-10-10T00:33:54,293000317,세종70자1704,36.619015,127.32702,33.16,293900055,용호동,26
2026-10-10T00:33:54,293000317,세종70자1708,36.619275,127.326848,33.214,270054837,오송역종점,29
2026-10-10T00:33:54,293000317,세종70자1701,36.599786,127.335897,30.475,270054837,오송역종점,68
2026-10-10T00:33:54,293000318,세종70자1707,36.417042,127.299279,29.783,293055001,세종고속시외버스터미널(지상),68
2026-10-10T00:33:54,293000318,세종70자1702,36.390353,127.315787,32.906,186005278,반석역,59
2026-10-10T00:33:54,293000363,세종70자1338,36.619263,127.326928,0.025,270000635,오송역2.3.4,16
2026-10-10T00:33:54,293000363,세종70자1728,36.567267,127.311171,7.979,270000635,오송역2.3.4,68
2026-10-10T00:33:54,293000363,세종70자1729,36.521432,127.259682,16.002,293014017,"해밀동,산울동",59
2026-10-10T00:33:54,293000363,세종70자1714,36.395821,127.311865,31.924,293055001,세종고속시외버스터미널(지상),30
2026-10-10T00:33:54,293000363,세종70자1727,36.387444,127.317996,32.88,186005283,반석네거리,59
2026-10-10T00:33:54,187000003,대전75자9914,36.514582,127.259054,35.519,293056003,도담동,0
2026-10-10T00:33:54,187000003,대전75자9110,36.61948,127.326745,51.837,270000635,오송역2.3.4,0
2026-10-10T00:33:54,187000003,대전75자9930,36.454259,127.369634,85.478,186005287,국제과학비즈니스벨트,0
2026-10-10T00:33:54,187000003,대전75자9927,36.346872,127.417516,101.38,187001392,대덕구청,0
2026-10-10T00:33:54,187000003,대전75자9926,36.335994,127.430435,103.107,187001394,한밭자이아파트,0
2026-10-10T00:33:54,187000003,대전75자9941,36.333865,127.431336,103.398,183002355,대전역,0
2026-10-10T00:34:25,293000317,세종70자1703,36.614395,127.331683,32.502,293900055,용호동,69
2026-10-10T00:34:25,293000317,세종70자1704,36.619015,127.32702,33.16,293900055,용호동,26
2026-10-10T00:34:25,293000317,세종70자1708,36.619275,127.326848,33.214,270054837,오송역종점,29
2026-10-10T00:34:25,293000317,세종70자1701,36.599541,127.3356,30.442,270054837,오송역종점,68
2026-10-10T00:34:25,293000318,세종70자1707,36.410333,127.301357,30.55,293055001,세종고속시외버스터미널(지상),68
2026-10-10T00:34:25,293000318,세종70자1702,36.390353,127.315787,32.906,186005278,반석역,59
2026-10-10T00:34:25,293000363,세종70자1338,36.619263,127.326928,0.025,270000635,오송역2.3.4,16
2026-10-10T00:34:25,293000363,세종70자1728,36.563541,127.307152,7.979,270000635,오송역2.3.4,67
2026-10-10T00:34:25,293000363,세종70자1729,36.517891,127.258995,16.397,293064446,세종충남대학교병원,68
2026-10-10T00:34:25,293000363,세종70자1714,36.392646,127.314217,32.313,186005278,반석역,32
2026-10-10T00:34:25,293000363,세종70자1727,36.387444,127.317996,32.88,186005283,반석네거리,59
2026-10-10T00:34:25,187000003,대전75자9914,36.520951,127.259651,36.15,293064445,세종충남대학교병원,0
2026-10-10T00:34:25,187000003,대전75자9110,36.61948,127.326745,51.837,270000635,오송역2.3.4,0
2026-10-10T00:34:25,187000003,대전75자9930,36.454259,127.369634,85.478,186005287,국제과학비즈니스벨트,0
2026-10-10T00:34:25,187000003,대전75자9927,36.346399,127.418094,101.499,187001392,대덕구청,0
2026-10-10T00:34:25,187000003,대전75자9926,36.335994,127.430435,103.107,187001394,한밭자이아파트,0
2026-10-10T00:34:25,187000003,대전75자9941,36.333865,127.431336,103.398,183002355,대전역,0
2026-10-10T00:34:56,293000317,세종70자1703,36.617732,127.327928,33.021,293900055,용호동,22
2026-10-10T00:34:56,293000317,세종70자1704,36.619015,127.32702,33.16,293900055,용호동,26
2026-10-10T00:34:56,293000317,세종70자1708,36.619275,127.326848,33.214,270054837,오송역종점,29
2026-10-10T00:34:56,293000317,세종70자1701,36.599541,127.3356,30.442,270054837,오송역종점,68
2026-10-10T00:34:56,293000318,세종70자1707,36.40553,127.304389,31.151,293055001,세종고속시외버스터미널(지상),68
2026-10-10T00:34:56,293000318,세종70자1702,36.390353,127.315787,32.906,186005278,반석역,59
2026-10-10T00:34:56,293000363,세종70자1338,36.619215,127.326806,0.025,270000635,오송역2.3.4,16
2026-10-10T00:34:56,293000363,세종70자1728,36.559257,127.303801,8.708,270000635,오송역2.3.4,68
2026-10-10T00:34:56,293000363,세종70자1729,36.514675,127.259023,16.727,293056002,도담동,52
2026-10-10T00:34:56,293000363,세종70자1714,36.392035,127.314669,32.412,186005278,반석역,40
2026-10-10T00:34:56,293000363,세종70자1727,36.387444,127.317996,32.88,186005283,반석네거리,59
2026-10-10T00:34:56,187000003,대전75자9914,36.522845,127.260324,36.391,293064445,세종충남대학교병원,0
2026-10-10T00:34:56,187000003,대전75자9110,36.61948,127.326745,51.837,270000635,오송역2.3.4,0
2026-10-10T00:34:56,187000003,대전75자9930,36.454259,127.369634,85.478,186005287,국제과학비즈니스벨트,0
2026-10-10T00:34:56,187000003,대전75자9927,36.344289,127.420937,101.806,187001393,솔랑마을아파트,0
2026-10-10T00:34:56,187000003,대전75자9941,36.333865,127.431336,103.398,183002355,대전역,0
2026-10-10T00:34:56,187000003,대전75자9926,36.332977,127.431752,103.422,183002355,대전역,0
2026-10-10T00:35:27,293000317,세종70자1703,36.617911,127.327745,33.021,293900055,용호동,22
2026-10-10T00:35:27,293000317,세종70자1704,36.619015,127.32702,33.16,293900055,용호동,26
2026-10-10T00:35:27,293000317,세종70자1708,36.619275,127.326848,33.214,270054837,오송역종점,29
2026-10-10T00:35:27,293000317,세종70자1701,36.599541,127.3356,30.442,270054837,오송역종점,68
2026-10-10T00:35:27,293000318,세종70자1707,36.403171,127.30648,31.303,293055001,세종고속시외버스터미널(지상),67
2026-10-10T00:35:27,293000318,세종70자1702,36.390353,127.315787,32.906,186005278,반석역,59
2026-10-10T00:35:27,293000363,세종70자1728,36.554333,127.3021,9.239,270000635,오송역2.3.4,68
2026-10-10T00:35:27,293000363,세종70자1338,36.61944,127.326874,0.106,270000635,오송역2.3.4,21
2026-10-10T00:35:27,293000363,세종70자1729,36.51251,127.259516,17.003,293056002,도담동,7
2026-10-10T00:35:27,293000363,세종70자1714,36.389409,127.3166,32.706,186005283,반석네거리,41
2026-10-10T00:35:27,293000363,세종70자1727,36.387444,127.317996,32.88,186005283,반석네거리,59
2026-10-10T00:35:27,187000003,대전75자9914,36.528369,127.263665,37.066,293014014,"해밀동,산울동",0
2026-10-10T00:35:27,187000003,대전75자9110,36.61948,127.326745,51.837,270000635,오송역2.3.4,0
2026-10-10T00:35:27,187000003,대전75자9930,36.443804,127.383584,87.473,186005287,국제과학비즈니스벨트,0
2026-10-10T00:35:27,187000003,대전75자9927,36.344289,127.420937,101.806,187001393,솔랑마을아파트,0
2026-10-10T00:35:27,187000003,대전75자9941,36.333865,127.431336,103.398,183002355,대전역,0
2026-10-10T00:35:27,187000003,대전75자9926,36.332865,127.437474,104.185,183002355,대전역,0
2026-10-10T00:35:58,293000317,세종70자1703,36.617911,127.327745,33.021,293900055,용호동,22
2026-10-10T00:35:58,293000317,세종70자1704,36.619015,127.32702,33.16,293900055,용호동,26
2026-10-10T00:35:58,293000317,세종70자1708,36.619275,127.326848,33.214,270054837,오송역종점,29
2026-10-10T00:35:58,293000317,세종70자1701,36.599541,127.3356,30.442,270054837,오송역종점,68
2026-10-10T00:35:58,293000318,세종70자1707,36.398806,127.310123,32.05,293055001,세종고속시외버스터미널(지상),68
2026-10-10T00:35:58,293000318,세종70자1702,36.390353,127.315787,32.906,186005278,반석역,59
2026-10-10T00:35:58,293000363,세종70자1728,36.54731799,127.301295,10.022,270000635,오송역2.3.4,61
2026-10-10T00:35:58,293000363,세종70자1338,36.619023,127.326533,0.174,270000635,오송역2.3.4,18
2026-10-10T00:35:58,293000363,세종70자1729,36.512465,127.259535,17.003,293056002,도담동,7
2026-10-10T00:35:58,293000363,세종70자1714,36.389192,127.316767,32.706,186005283,반석네거리,41
2026-10-10T00:35:58,293000363,세종70자1727,36.387444,127.317996,32.88,186005283,반석네거리,59
2026-10-10T00:35:58,187000003,대전75자9914,36.528369,127.263665,37.066,293014014,"해밀동,산울동",0
2026-10-10T00:35:58,187000003,대전75자9930,36.443804,127.383584,87.473,186005287,국제과학비즈니스벨트,0
2026-10-10T00:35:58,187000003,대전75자9927,36.343695,127.42177,101.867,187001393,솔랑마을아파트,0
2026-10-10T00:35:58,187000003,대전75자9926,36.332865,127.437474,104.185,183002355,대전역,0
2026-10-10T00:36:28,293000317,세종70자1703,36.618243,127.327418,33.079,293900055,용호동,21
2026-10-10T00:36:28,293000317,세종70자1704,36.619015,127.32702,33.16,293900055,용호동,26
2026-10-10T00:36:28,293000317,세종70자1708,36.619275,127.326848,33.214,270054837,오송역종점,29
2026-10-10T00:36:28,293000317,세종70자1701,36.599541,127.3356,30.442,270054837,오송역종점,68
2026-10-10T00:36:28,293000318,세종70자1707,36.396097,127.311651,32.417,293055001,세종고속시외버스터미널(지상),3
2026-10-10T00:36:28,293000318,세종70자1702,36.390353,127.315787,32.906,186005278,반석역,59
2026-10-10T00:36:28,293000363,세종70자1728,36.545098,127.301809,10.317,270000635,오송역2.3.4,45
2026-10-10T00:36:28,293000363,세종70자1338,36.616241,127.329455,0.631,270000635,오송역2.3.4,68
2026-10-10T00:36:28,293000363,세종70자1729,36.51118,127.260128,17.164,293056002,도담동,255
2026-10-10T00:36:28,293000363,세종70자1714,36.389096,127.316832,32.88,186005283,반석네거리,41
2026-10-10T00:36:28,293000363,세종70자1727,36.387444,127.317996,32.88,186005283,반석네거리,59
2026-10-10T00:36:28,187000003,대전75자9914,36.529026,127.264337,37.178,293014014,"해밀동,산울동",0
2026-10-10T00:36:28,187000003,대전75자9930,36.437722,127.396188,88.78,187001388,대덕산업단지,0
2026-10-10T00:36:28,187000003,대전75자9927,36.341508,127.424812,102.32,187001394,한밭자이아파트,0
2026-10-10T00:36:28,187000003,대전75자9926,36.332865,127.437474,104.185,183002355,대전역,0
2026-10-10T00:36:59,293000317,세종70자1704,36.619015,127.32702,33.16,293900055,용호동,26
2026-10-10T00:36:59,293000317,세종70자1708,36.619275,127.326848,33.214,270054837,오송역종점,29
2026-10-10T00:36:59,293000317,세종70자1701,36.599541,127.3356,30.442,270054837,오송역종점,68
2026-10-10T00:36:59,293000317,세종70자1703,36.619437,127.328772,33.191,270054837,오송역종점,34
2026-10-10T00:36:59,293000318,세종70자1707,36.392646,127.314198,32.806,186005278,반석역,24
2026-10-10T00:36:59,293000318,세종70자1702,36.390353,127.315787,32.906,186005278,반석역,59
2026-10-10T00:36:59,293000363,세종70자1728,36.540819,127.303215,10.777,270000635,오송역2.3.4,50
2026-10-10T00:36:59,293000363,세종70자1338,36.612346,127.333756,1.214,270000635,오송역2.3.4,76
2026-10-10T00:36:59,293000363,세종70자1729,36.504981,127.261504,17.889,293056002,도담동,16
2026-10-10T00:36:59,293000363,세종70자1714,36.388144,127.317493,32.88,186005283,반석네거리,56
2026-10-10T00:36:59,293000363,세종70자1727,36.387444,127.317996,32.88,186005283,반석네거리,59
2026-10-10T00:36:59,187000003,대전75자9914,36.529026,127.264337,37.178,293014014,"해밀동,산울동",0
2026-10-10T00:36:59,187000003,대전75자9930,36.437722,127.396188,88.78,187001388,대덕산업단지,0
2026-10-10T00:36:59,187000003,대전75자9927,36.340946,127.425592,102.437,187001394,한밭자이아파트,0
2026-10-10T00:36:59,187000003,대전75자9926,36.333871,127.43731,104.27,187001395,대전역동광장,0
2026-10-10T00:37:30,293000317,세종70자1704,36.619015,127.32702,33.16,293900055,용호동,26
2026-10-10T00:37:30,293000317,세종70자1708,36.619275,127.326848,33.214,270054837,오송역종점,29
2026-10-10T00:37:30,293000317,세종70자1701,36.599541,127.3356,30.442,270054837,오송역종점,68
2026-10-10T00:37:30,293000317,세종70자1703,36.618928,127.329963,32.972,270054837,오송역종점,19
2026-10-10T00:37:30,293000318,세종70자1707,36.392534,127.314274,32.806,186005278,반석역,26
2026-10-10T00:37:30,293000318,세종70자1702,36.390353,127.315787,32.906,186005278,반석역,59
2026-10-10T00:37:30,293000363,세종70자1728,36.537296,127.304366,11.186,270000635,오송역2.3.4,22
2026-10-10T00:37:30,293000363,세종70자1338,36.608283,127.338783,1.446,270000635,오송역2.3.4,68
2026-10-10T00:37:30,293000363,세종70자1729,36.504349,127.261165,17.924,293062014,정부세종청사 북측,46
2026-10-10T00:37:30,293000363,세종70자1714,36.387404,127.318028,32.88,186005283,반석네거리,56
2026-10-10T00:37:30,293000363,세종70자1727,36.387444,127.317996,32.88,186005283,반석네거리,59
2026-10-10T00:37:30,187000003,대전75자9914,36.529026,127.264337,37.178,293014014,"해밀동,산울동",0
2026-10-10T00:37:30,187000003,대전75자9930,36.430136,127.405492,90.041,187001388,대덕산업단지,0
2026-10-10T00:37:30,187000003,대전75자9927,36.335994,127.430455,103.107,187001394,한밭자이아파트,0
2026-10-10T00:37:30,187000003,대전75자9926,36.333871,127.43731,104.27,187001395,대전역동광장,0
2026-10-10T00:38:01,293000317,세종70자1704,36.619015,127.32702,33.16,293900055,용호동,26
2026-10-10T00:38:01,293000317,세종70자1708,36.619275,127.326848,33.214,270054837,오송역종점,29
2026-10-10T00:38:01,293000317,세종70자1701,36.599541,127.3356,30.442,270054837,오송역종점,68
2026-10-10T00:38:01,293000317,세종70자1703,36.618928,127.329963,32.972,270054837,오송역종점,19
2026-10-10T00:38:01,293000318,세종70자1707,36.392534,127.314274,32.806,186005278,반석역,26
2026-10-10T00:38:01,293000318,세종70자1702,36.390353,127.315787,32.906,186005278,반석역,59
2026-10-10T00:38:01,293000363,세종70자1728,36.53630299,127.301393,11.5,270000635,오송역2.3.4,52
2026-10-10T00:38:01,293000363,세종70자1338,36.603843,127.339771,1.446,270000635,오송역2.3.4,69
2026-10-10T00:38:01,293000363,세종70자1729,36.501286,127.25975,18.378,293062007,정부세종청사 남측,38
2026-10-10T00:38:01,293000363,세종70자1714,36.387404,127.318028,32.88,186005283,반석네거리,56
2026-10-10T00:38:01,293000363,세종70자1727,36.387444,127.317996,32.88,186005283,반석네거리,59
2026-10-10T00:38:01,187000003,대전75자9914,36.529026,127.264337,37.178,293014014,"해밀동,산울동",0
2026-10-10T00:38:01,187000003,대전75자9930,36.424095,127.413765,91.056,187001388,대덕산업단지,0
2026-10-10T00:38:01,187000003,대전75자9927,36.335994,127.430455,103.107,187001394,한밭자이아파트,0
2026-10-10T00:38:01,187000003,대전75자9926,36.333871,127.43731,104.27,187001395,대전역동광장,0
2026-10-10T00:38:32,293000317,세종70자1704,36.619015,127.32702,33.16,293900055,용호동,26
2026-10-10T00:38:32,293000317,세종70자1708,36.619275,127.326848,33.214,270054837,오송역종점,29
2026-10-10T00:38:32,293000317,세종70자1701,36.599541,127.3356,30.442,270054837,오송역종점,68
2026-10-10T00:38:32,293000317,세종70자1703,36.618928,127.329963,32.972,270054837,오송역종점,19
2026-10-10T00:38:32,293000318,세종70자1707,36.392534,127.314274,32.806,186005278,반석역,26
2026-10-10T00:38:32,293000318,세종70자1702,36.390353,127.315787,32.906,186005278,반석역,59
2026-10-10T00:38:32,293000363,세종70자1728,36.535158,127.297354,11.897,270000635,오송역2.3.4,53
2026-10-10T00:38:32,293000363,세종70자1338,36.599728,127.335919,2.119,270000635,오송역2.3.4,68
2026-10-10T00:38:32,293000363,세종70자1729,36.498268,127.258047,18.677,293062007,정부세종청사 남측,67
2026-10-10T00:38:32,293000363,세종70자1714,36.387404,127.318028,32.88,186005283,반석네거리,56
2026-10-10T00:38:32,293000363,세종70자1727,36.387444,127.317996,32.88,186005283,반석네거리,59
2026-10-10T00:38:32,187000003,대전75자9914,36.533703,127.27477,38.198,293014025,한별동,0
2026-10-10T00:38:32,187000003,대전75자9930,36.424095,127.413765,91.056,187001388,대덕산업단지,0
2026-10-10T00:38:32,187000003,대전75자9927,36.335994,127.430455,103.107,187001394,한밭자이아파트,0
2026-10-10T00:38:32,187000003,대전75자9926,36.333871,127.43731,104.27,187001395,대전역동광장,0
2026-10-10T00:39:03,293000317,세종70자1704,36.619015,127.32702,33.16,293900055,용호동,26
2026-10-10T00:39:03,293000317,세종70자1701,36.599541,127.3356,30.442,270054837,오송역종점,68
2026-10-10T00:39:03,293000317,세종70자1703,36.618928,127.329963,32.972,270054837,오송역종점,19
2026-10-10T00:39:03,293000318,세종70자1707,36.392534,127.314274,32.806,186005278,반석역,26
2026-10-10T00:39:03,293000318,세종70자1702,36.390353,127.315787,32.906,186005278,반석역,59
2026-10-10T00:39:03,293000363,세종70자1338,36.595886,127.331841,2.933,270000635,오송역2.3.4,67
2026-10-10T00:39:03,293000363,세종70자1728,36.53401499,127.292735,12.311,293014058,누리동,37
2026-10-10T00:39:03,293000363,세종70자1729,36.494844,127.256519,19.081,293062004,다정동,25
2026-10-10T00:39:03,293000363,세종70자1714,36.387404,127.318028,32.88,186005283,반석네거리,56
2026-10-10T00:39:03,293000363,세종70자1727,36.387444,127.317996,32.88,186005283,반석네거리,59
2026-10-10T00:39:03,187000003,대전75자9914,36.533879,127.275883,38.366,293014025,한별동,0
2026-10-10T00:39:03,187000003,대전75자9930,36.415733,127.4211,92.207,187001388,대덕산업단지,0
2026-10-10T00:39:03,187000003,대전75자9927,36.333782,127.431335,103.398,183002355,대전역,0
2026-10-10T00:39:03,187000003,대전75자9926,36.333871,127.43731,104.27,187001395,대전역동광장,0
2026-10-10T00:39:33,293000317,세종70자1704,36.619015,127.32702,33.16,293900055,용호동,26
2026-10-10T00:39:33,293000317,세종70자1701,36.599541,127.3356,30.442,270054837,오송역종점,68
2026-10-10T00:39:33,293000317,세종70자1703,36.618928,127.329963,32.972,270054837,오송역종점,19
2026-10-10T00:39:33,293000318,세종70자1707,36.392534,127.314274,32.806,186005278,반석역,26
2026-10-10T00:39:33,293000318,세종70자1702,36.390353,127.315787,32.906,186005278,반석역,59
2026-10-10T00:39:33,293000363,세종70자1338,36.591553,127.327768,4.075,270000635,오송역2.3.4,68
2026-10-10T00:39:33,293000363,세종70자1728,36.534021,127.291493,12.449,293014058,누리동,41
2026-10-10T00:39:33,293000363,세종70자1729,36.492903,127.256298,19.313,293062004,다정동,66
2026-10-10T00:39:33,293000363,세종70자1714,36.387404,127.318028,32.88,186005283,반석네거리,56
2026-10-10T00:39:33,293000363,세종70자1727,36.387444,127.317996,32.88,186005283,반석네거리,59
2026-10-10T00:39:33,187000003,대전75자9914,36.533879,127.275883,38.366,293014025,한별동,0
2026-10-10T00:39:33,187000003,대전75자9930,36.415733,127.4211,92.207,187001388,대덕산업단지,0
2026-10-10T00:39:33,187000003,대전75자9927,36.33139,127.432431,103.644,183002355,대전역,0
2026-10-10T00:39:33,187000003,대전75자9926,36.333871,127.43731,104.27,187001395,대전역동광장,0
2026-10-10T00:40:04,293000317,세종70자1704,36.619015,127.32702,33.16,293900055,용호동,26
2026-10-10T00:40:04,293000317,세종70자1701,36.599541,127.3356,30.442,270054837,오송역종점,68
2026-10-10T00:40:04,293000317,세종70자1703,36.618928,127.329963,32.972,270054837,오송역종점,19
2026-10-10T00:40:04,293000318,세종70자1707,36.392534,127.314274,32.806,186005278,반석역,26
2026-10-10T00:40:04,293000318,세종70자1702,36.390353,127.315787,32.906,186005278,반석역,59
2026-10-10T00:40:04,293000363,세종70자1338,36.58764,127.322826,4.728,270000635,오송역2.3.4,70
2026-10-10T00:40:04,293000363,세종70자1728,36.53443999,127.286607,12.88,293014058,누리동,46
2026-10-10T00:40:04,293000363,세종70자1729,36.488065,127.257133,19.874,293053004,"새롬동,나성동",45
2026-10-10T00:40:04,293000363,세종70자1714,36.387404,127.318028,32.88,186005283,반석네거리,56
2026-10-10T00:40:04,293000363,세종70자1727,36.387444,127.317996,32.88,186005283,반석네거리,59
2026-10-10T00:40:04,187000003,대전75자9914,36.533953,127.291752,39.815,293064420,누리동,0
2026-10-10T00:40:04,187000003,대전75자9930,36.405742,127.41666,93.385,187001388,대덕산업단지,0
2026-10-10T00:40:04,187000003,대전75자9927,36.33139,127.432431,103.644,183002355,대전역,0
2026-10-10T00:40:04,187000003,대전75자9926,36.333871,127.43731,104.27,187001395,대전역동광장,0
2026-10-10T00:40:34,293000317,세종70자1704,36.619015,127.32702,33.16,293900055,용호동,26
2026-10-10T00:40:34,293000317,세종70자1701,36.599541,127.3356,30.442,270054837,오송역종점,68
2026-10-10T00:40:34,293000317,세종70자1703,36.618928,127.329963,32.972,270054837,오송역종점,19
2026-10-10T00:40:34,293000318,세종70자1707,36.392534,127.314274,32.806,186005278,반석역,26
2026-10-10T00:40:34,293000318,세종70자1702,36.390353,127.315787,32.906,186005278,반석역,59
2026-10-10T00:40:34,293000363,세종70자1338,36.582558,127.321525,5.312,270000635,오송역2.3.4,72
2026-10-10T00:40:34,293000363,세종70자1728,36.534677,127.283719,13.147,293014058,누리동,54
2026-10-10T00:40:34,293000363,세종70자1729,36.486556,127.257865,20.056,293053004,"새롬동,나성동",55
2026-10-10T00:40:34,293000363,세종70자1714,36.387404,127.318028,32.88,186005283,반석네거리,56
2026-10-10T00:40:34,293000363,세종70자1727,36.387444,127.317996,32.88,186005283,반석네거리,59
2026-10-10T00:40:34,187000003,대전75자9914,36.533961,127.292723,39.884,293064420,누리동,0
2026-10-10T00:40:34,187000003,대전75자9930,36.405742,127.41666,93.385,187001388,대덕산업단지,0
2026-10-10T00:40:34,187000003,대전75자9927,36.332884,127.437474,104.185,183002355,대전역,0
2026-10-10T00:40:34,187000003,대전75자9926,36.333871,127.43731,104.27,187001395,대전역동광장,0
2026-10-10T00:41:05,293000317,세종70자1704,36.619015,127.32702,33.16,293900055,용호동,26
2026-10-10T00:41:05,293000317,세종70자1701,36.599541,127.3356,30.442,270054837,오송역종점,68
2026-10-10T00:41:05,293000317,세종70자1703,36.618928,127.329963,32.972,270054837,오송역종점,19
2026-10-10T00:41:05,293000318,세종70자1707,36.392534,127.314274,32.806,186005278,반석역,26
2026-10-10T00:41:05,293000318,세종70자1702,36.390353,127.315787,32.906,186005278,반석역,59
2026-10-10T00:41:05,293000363,세종70자1338,36.577398,127.320516,6.159,270000635,오송역2.3.4,70
2026-10-10T00:41:05,293000363,세종70자1728,36.534143,127.277081,13.732,293014026,한별동,26
2026-10-10T00:41:05,293000363,세종70자1729,36.481383,127.261577,20.692,293053009,한솔동,52
2026-10-10T00:41:05,293000363,세종70자1714,36.387404,127.318028,32.88,186005283,반석네거리,56
2026-10-10T00:41:05,293000363,세종70자1727,36.387444,127.317996,32.88,186005283,반석네거리,59
2026-10-10T00:41:05,187000003,대전75자9914,36.533961,127.292723,39.884,293064420,누리동,0
2026-10-10T00:41:05,187000003,대전75자9930,36.393059,127.413102,94.844,187001388,대덕산업단지,0
2026-10-10T00:41:05,187000003,대전75자9927,36.332884,127.437474,104.185,183002355,대전역,0
2026-10-10T00:41:05,187000003,대전75자9926,36.333871,127.43731,104.27,187001395,대전역동광장,0
2026-10-10T00:41:36,293000317,세종70자1704,36.619015,127.32702,33.16,293900055,용호동,26
2026-10-10T00:41:36,293000317,세종70자1701,36.599541,127.3356,30.442,270054837,오송역종점,68
2026-10-10T00:41:36,293000317,세종70자1703,36.618588,127.329965,32.957,270054837,오송역종점,19
2026-10-10T00:41:36,293000318,세종70자1707,36.392534,127.314274,32.806,186005278,반석역,26
2026-10-10T00:41:36,293000318,세종70자1702,36.390353,127.315787,32.906,186005278,반석역,59
2026-10-10T00:41:36,293000363,세종70자1338,36.572513,127.316859,6.775,270000635,오송역2.3.4,71
2026-10-10T00:41:36,293000363,세종70자1728,36.53396999,127.27606,13.844,293014026,한별동,21
2026-10-10T00:41:36,293000363,세종70자1729,36.479228,127.263086,21.0,293053009,한솔동,51
2026-10-10T00:41:36,293000363,세종70자1714,36.387404,127.318028,32.88,186005283,반석네거리,56
2026-10-10T00:41:36,293000363,세종70자1727,36.387444,127.317996,32.88,186005283,반석네거리,59
2026-10-10T00:41:36,187000003,대전75자9914,36.537033,127.304487,40.984,293064420,누리동,0
2026-10-10T00:41:36,187000003,대전75자9930,36.382773,127.412441,95.992,187001388,대덕산업단지,0
2026-10-10T00:41:36,187000003,대전75자9927,36.332884,127.437474,104.185,183002355,대전역,0
2026-10-10T00:41:36,187000003,대전75자9926,36.333871,127.43731,104.27,187001395,대전역동광장,0
2026-10-10T00:42:07,293000317,세종70자1704,36.619015,127.32702,33.16,293900055,용호동,26
2026-10-10T00:42:07,293000317,세종70자1701,36.599541,127.3356,30.442,270054837,오송역종점,68
2026-10-10T00:42:07,293000317,세종70자1703,36.618588,127.329965,32.957,270054837,오송역종점,19
2026-10-10T00:42:07,293000318,세종70자1707,36.392534,127.314274,32.806,186005278,반석역,26
2026-10-10T00:42:07,293000318,세종70자1702,36.390353,127.315787,32.906,186005278,반석역,59
2026-10-10T00:42:07,293000363,세종70자1338,36.569303,127.313391,6.775,270000635,오송역2.3.4,75
2026-10-10T00:42:07,293000363,세종70자1728,36.533552,127.273481,14.075,293014026,한별동,45
2026-10-10T00:42:07,293000363,세종70자1729,36.476785,127.264862,21.217,293053009,한솔동,68
2026-10-10T00:42:07,293000363,세종70자1714,36.387404,127.318028,32.88,186005283,반석네거리,56
2026-10-10T00:42:07,293000363,세종70자1727,36.387444,127.317996,32.88,186005283,반석네거리,59
2026-10-10T00:42:07,187000003,대전75자9914,36.537033,127.304487,40.984,293064420,누리동,0
2026-10-10T00:42:07,187000003,대전75자9930,36.382773,127.412441,95.992,187001388,대덕산업단지,0
2026-10-10T00:42:07,187000003,대전75자9926,36.333871,127.43731,104.27,187001395,대전역동광장,0
2026-10-10T00:42:07,187000003,대전75자9927,36.333866,127.437311,104.27,187001395,대전역동광장,0
2026-10-10T00:42:38,293000317,세종70자1704,36.619015,127.32702,33.16,293900055,용호동,26
2026-10-10T00:42:38,293000317,세종70자1701,36.599541,127.3356,30.442,270054837,오송역종점,68
2026-10-10T00:42:38,293000317,세종70자1703,36.618588,127.329965,32.957,270054837,오송역종점,19
2026-10-10T00:42:38,293000318,세종70자1707,36.392534,127.314274,32.806,186005278,반석역,26
2026-10-10T00:42:38,293000318,세종70자1702,36.390353,127.315787,32.906,186005278,반석역,59
2026-10-10T00:42:38,293000363,세종70자1338,36.564355,127.308051,7.979,270000635,오송역2.3.4,70
2026-10-10T00:42:38,293000363,세종70자1728,36.532239,127.268941,14.471,293014026,한별동,51
2026-10-10T00:42:38,293000363,세종70자1729,36.472066,127.268285,21.913,293053009,한솔동,65
2026-10-10T00:42:38,293000363,세종70자1714,36.387404,127.318028,32.88,186005283,반석네거리,56
2026-10-10T00:42:38,293000363,세종70자1727,36.387444,127.317996,32.88,186005283,반석네거리,59
2026-10-10T00:42:38,187000003,대전75자9914,36.537033,127.304487,40.984,293064420,누리동,0
2026-10-10T00:42:38,187000003,대전75자9930,36.374702,127.403888,97.317,187001388,대덕산업단지,0
2026-10-10T00:42:38,187000003,대전75자9926,36.333871,127.43731,104.27,187001395,대전역동광장,0
2026-10-10T00:42:38,187000003,대전75자9927,36.333866,127.437311,104.27,187001395,대전역동광장,0
2026-10-10T00:43:09,293000317,세종70자1704,36.619015,127.32702,33.16,293900055,용호동,26
2026-10-10T00:43:09,293000317,세종70자1701,36.599541,127.3356,30.442,270054837,오송역종점,68
2026-10-10T00:43:09,293000317,세종70자1703,36.618588,127.329965,32.957,270054837,오송역종점,19
2026-10-10T00:43:09,293000318,세종70자1707,36.392534,127.314274,32.806,186005278,반석역,26
2026-10-10T00:43:09,293000318,세종70자1702,36.390353,127.315787,32.906,186005278,반석역,59
2026-10-10T00:43:09,293000363,세종70자1338,36.561053,127.304844,8.412,270000635,오송역2.3.4,67
2026-10-10T00:43:09,293000363,세종70자1728,36.529838,127.265104,14.933,293014017,"해밀동,산울동",42
2026-10-10T00:43:09,293000363,세종70자1729,36.469636,127.273791,22.581,293055001,세종고속시외버스터미널(지상),38
2026-10-10T00:43:09,293000363,세종70자1714,36.387404,127.318028,32.88,186005283,반석네거리,56
2026-10-10T00:43:09,293000363,세종70자1727,36.387444,127.317996,32.88,186005283,반석네거리,59
2026-10-10T00:43:09,187000003,대전75자9914,36.551336,127.301417,42.558,293064420,누리동,0
2026-10-10T00:43:09,187000003,대전75자9930,36.374702,127.403888,97.317,187001388,대덕산업단지,0
2026-10-10T00:43:09,187000003,대전75자9927,36.333866,127.437311,104.27,187001395,대전역동광장,0
2026-10-10T00:43:40,293000317,세종70자1704,36.619015,127.32702,33.16,293900055,용호동,26
2026-10-10T00:43:40,293000317,세종70자1701,36.599541,127.3356,30.442,270054837,오송역종점,68
2026-10-10T00:43:40,293000317,세종70자1703,36.618588,127.329965,32.957,270054837,오송역종점,19
2026-10-10T00:43:40,293000318,세종70자1707,36.392534,127.314274,32.806,186005278,반석역,26
2026-10-10T00:43:40,293000318,세종70자1702,36.390353,127.315787,32.906,186005278,반석역,59
2026-10-10T00:43:40,293000363,세종70자1338,36.556105,127.302633,9.239,270000635,오송역2.3.4,68
2026-10-10T00:43:40,293000363,세종70자1728,36.529142,127.264337,15.038,293014017,"해밀동,산울동",30
2026-10-10T00:43:40,293000363,세종70자1729,36.469012,127.274671,22.701,293055001,세종고속시외버스터미널(지상),25
2026-10-10T00:43:40,293000363,세종70자1714,36.387404,127.318028,32.88,186005283,반석네거리,56
2026-10-10T00:43:40,293000363,세종70자1727,36.387444,127.317996,32.88,186005283,반석네거리,59
2026-10-10T00:43:40,187000003,대전75자9914,36.551336,127.301417,42.558,293064420,누리동,0
2026-10-10T00:43:40,187000003,대전75자9930,36.374702,127.403888,97.317,187001388,대덕산업단지,0
2026-10-10T00:43:40,187000003,대전75자9927,36.333866,127.437311,104.27,187001395,대전역동광장,0
2026-10-10T00:44:11,293000317,세종70자1704,36.619015,127.32702,33.16,293900055,용호동,26
2026-10-10T00:44:11,293000317,세종70자1701,36.599541,127.3356,30.442,270054837,오송역종점,68
2026-10-10T00:44:11,293000317,세종70자1703,36.618588,127.329965,32.957,270054837,오송역종점,19
2026-10-10T00:44:11,293000318,세종70자1707,36.392534,127.314274,32.806,186005278,반석역,26
2026-10-10T00:44:11,293000318,세종70자1702,36.390353,127.315787,32.906,186005278,반석역,59
2026-10-10T00:44:11,293000363,세종70자1338,36.551301,127.301234,9.514,270000635,오송역2.3.4,66
2026-10-10T00:44:11,293000363,세종70자1728,36.52519499,127.261379,15.547,293014017,"해밀동,산울동",51
2026-10-10T00:44:11,293000363,세종70자1729,36.467311,127.274985,22.967,293055001,세종고속시외버스터미널(지상),46
2026-10-10T00:44:11,293000363,세종70자1714,36.387404,127.318028,32.88,186005283,반석네거리,56
2026-10-10T00:44:11,293000363,세종70자1727,36.387444,127.317996,32.88,186005283,반석네거리,59
2026-10-10T00:44:11,187000003,대전75자9914,36.565215,127.309127,44.229,293064420,누리동,0
2026-10-10T00:44:11,187000003,대전75자9930,36.359968,127.403072,99.45,187001388,대덕산업단지,0
2026-10-10T00:44:11,187000003,대전75자9927,36.333866,127.437311,104.27,187001395,대전역동광장,0
2026-10-10T00:44:43,293000317,세종70자1704,36.619015,127.32702,33.16,293900055,용호동,26
2026-10-10T00:44:43,293000317,세종70자1701,36.599541,127.3356,30.442,270054837,오송역종점,68
2026-10-10T00:44:43,293000317,세종70자1703,36.618588,127.329965,32.957,270054837,오송역종점,19
2026-10-10T00:44:43,293000318,세종70자1707,36.392534,127.314274,32.806,186005278,반석역,26
2026-10-10T00:44:43,293000318,세종70자1702,36.390353,127.315787,32.906,186005278,반석역,59
2026-10-10T00:44:43,293000363,세종70자1338,36.546181,127.301503,10.177,270000635,오송역2.3.4,66
2026-10-10T00:44:43,293000363,세종70자1728,36.521436,127.259676,16.002,293064446,세종충남대학교병원,47
2026-10-10T00:44:43,293000363,세종70자1729,36.462341,127.276667,23.548,293055001,세종고속시외버스터미널(지상),68
2026-10-10T00:44:43,293000363,세종70자1714,36.387404,127.318028,32.88,186005283,반석네거리,56
2026-10-10T00:44:43,293000363,세종70자1727,36.387444,127.317996,32.88,186005283,반석네거리,59
2026-10-10T00:44:43,187000003,대전75자9914,36.565215,127.309127,44.229,293064420,누리동,0
2026-10-10T00:44:43,187000003,대전75자9930,36.358771,127.404178,99.616,187001388,대덕산업단지,0
2026-10-10T00:44:43,187000003,대전75자9927,36.333866,127.437311,104.27,187001395,대전역동광장,0
2026-10-10T00:45:13,293000317,세종70자1704,36.619015,127.32702,33.16,293900055,용호동,26
2026-10-10T00:45:13,293000317,세종70자1701,36.599541,127.3356,30.442,270054837,오송역종점,68
2026-10-10T00:45:13,293000317,세종70자1703,36.618588,127.329965,32.957,270054837,오송역종점,19
2026-10-10T00:45:13,293000318,세종70자1707,36.392534,127.314274,32.806,186005278,반석역,26
2026-10-10T00:45:13,293000318,세종70자1702,36.390353,127.315787,32.906,186005278,반석역,59
2026-10-10T00:45:13,293000363,세종70자1338,36.53963,127.303586,10.916,270000635,오송역2.3.4,63
2026-10-10T00:45:13,293000363,세종70자1728,36.521436,127.259676,16.002,293064446,세종충남대학교병원,47
2026-10-10T00:45:13,293000363,세종70자1729,36.458514,127.280596,24.1,293055001,세종고속시외버스터미널(지상),68
2026-10-10T00:45:13,293000363,세종70자1714,36.387404,127.318028,32.88,186005283,반석네거리,56
2026-10-10T00:45:13,293000363,세종70자1727,36.387444,127.317996,32.88,186005283,반석네거리,59
2026-10-10T00:45:13,187000003,대전75자9914,36.575235,127.319542,45.822,293064420,누리동,0
2026-10-10T00:45:13,187000003,대전75자9930,36.358771,127.404178,99.616,187001388,대덕산업단지,0
2026-10-10T00:45:13,187000003,대전75자9927,36.333866,127.437311,104.27,187001395,대전역동광장,0
2026-10-10T00:45:44,293000317,세종70자1704,36.619015,127.32702,33.16,293900055,용호동,26
2026-10-10T00:45:44,293000317,세종70자1701,36.599541,127.3356,30.442,270054837,오송역종점,68
2026-10-10T00:45:44,293000317,세종70자1703,36.618588,127.329965,32.957,270054837,오송역종점,19
2026-10-10T00:45:44,293000318,세종70자1707,36.392534,127.314274,32.806,186005278,반석역,26
2026-10-10T00:45:44,293000318,세종70자1702,36.390353,127.315787,32.906,186005278,반석역,59
2026-10-10T00:45:44,293000363,세종70자1338,36.53726799,127.30435,11.199,270000635,오송역2.3.4,23
2026-10-10T00:45:44,293000363,세종70자1728,36.520151,127.259334,16.15,293064446,세종충남대학교병원,43
2026-10-10T00:45:44,293000363,세종70자1729,36.456913,127.282168,24.317,293055001,세종고속시외버스터미널(지상),68
2026-10-10T00:45:44,293000363,세종70자1714,36.387404,127.318028,32.88,186005283,반석네거리,56
2026-10-10T00:45:44,293000363,세종70자1727,36.387444,127.317996,32.88,186005283,반석네거리,59
2026-10-10T00:45:44,187000003,대전75자9914,36.575235,127.319542,45.822,293064420,누리동,0
2026-10-10T00:45:44,187000003,대전75자9930,36.358771,127.404178,99.616,187001388,대덕산업단지,0
2026-10-10T00:45:44,187000003,대전75자9927,36.333866,127.437311,104.27,187001395,대전역동광장,0
2026-10-10T00:46:15,293000317,세종70자1704,36.619015,127.32702,33.16,293900055,용호동,26
2026-10-10T00:46:15,293000317,세종70자1701,36.599541,127.3356,30.442,270054837,오송역종점,68
2026-10-10T00:46:15,293000317,세종70자1703,36.618588,127.329965,32.957,270054837,오송역종점,19
2026-10-10T00:46:15,293000318,세종70자1707,36.392534,127.314274,32.806,186005278,반석역,26
2026-10-10T00:46:15,293000318,세종70자1702,36.390353,127.315787,32.906,186005278,반석역,59
2026-10-10T00:46:15,293000363,세종70자1338,36.536101,127.300824,11.5,270000635,오송역2.3.4,57
2026-10-10T00:46:15,293000363,세종70자1728,36.516135,127.258909,16.593,293064446,세종충남대학교병원,53
2026-10-10T00:46:15,293000363,세종70자1729,36.451497,127.285232,25.007,293055001,세종고속시외버스터미널(지상),68
2026-10-10T00:46:15,293000363,세종70자1714,36.387404,127.318028,32.88,186005283,반석네거리,56
2026-10-10T00:46:15,293000363,세종70자1727,36.387444,127.317996,32.88,186005283,반석네거리,59
2026-10-10T00:46:15,187000003,대전75자9914,36.58831,127.3235,47.337,293064420,누리동,0
2026-10-10T00:46:15,187000003,대전75자9930,36.356004,127.406205,99.835,187001389,오정농수산오거리,0
2026-10-10T00:46:15,187000003,대전75자9927,36.333866,127.437311,104.27,187001395,대전역동광장,0
2026-10-10T00:46:46,293000317,세종70자1704,36.619015,127.32702,33.16,293900055,용호동,26
2026-10-10T00:46:46,293000317,세종70자1701,36.599541,127.3356,30.442,270054837,오송역종점,68
2026-10-10T00:46:46,293000317,세종70자1703,36.618588,127.329965,32.957,270054837,오송역종점,19
2026-10-10T00:46:46,293000318,세종70자1707,36.392534,127.314274,32.806,186005278,반석역,26
2026-10-10T00:46:46,293000318,세종70자1702,36.390353,127.315787,32.906,186005278,반석역,59
2026-10-10T00:46:46,293000363,세종70자1338,36.534305,127.294514,12.161,270000635,오송역2.3.4,33
2026-10-10T00:46:46,293000363,세종70자1728,36.514674,127.259022,16.727,293056002,도담동,42
2026-10-10T00:46:46,293000363,세종70자1729,36.442297,127.285899,26.09,293055001,세종고속시외버스터미널(지상),68
2026-10-10T00:46:46,293000363,세종70자1714,36.387404,127.318028,32.88,186005283,반석네거리,56
2026-10-10T00:46:46,293000363,세종70자1727,36.387444,127.317996,32.88,186005283,반석네거리,59
2026-10-10T00:46:46,187000003,대전75자9914,36.58831,127.3235,47.337,293064420,누리동,0
2026-10-10T00:46:46,187000003,대전75자9930,36.355382,127.407008,99.835,187001389,오정농수산오거리,0
2026-10-10T00:46:46,187000003,대전75자9927,36.333866,127.437311,104.27,187001395,대전역동광장,0
