ts,route_id,plate_no,lat,lng,dist_km,stop_id,stop_name,spot_speed
2026-10-10T10:41:03,293000317,세종70자1708,36.484158,127.299564,13.206,293064216,소담동(새샘마을),53
2026-10-10T10:41:03,293000317,세종70자1707,36.572576,127.317079,26.594,293900055,용호동,68
2026-10-10T10:41:03,293000317,세종70자1702,36.619111,127.326463,33.214,270054837,오송역종점,17
2026-10-10T10:41:03,293000317,세종70자1705,36.619453,127.326568,33.214,270054837,오송역종점,8
2026-10-10T10:41:03,293000318,세종70자1701,36.536447,127.311818,11.877,293900054,용호동,63
2026-10-10T10:41:03,293000318,세종70자1704,36.448972,127.285775,25.804,293055001,세종고속시외버스터미널(지상),68
2026-10-10T10:41:03,187000003,대전75자9925,36.34315,127.422687,2.232,187001381,솔랑마을아파트,0
2026-10-10T10:41:03,187000003,대전75자9921,36.443938,127.383981,16.758,187001387,대덕산업단지,0
2026-10-10T10:41:03,187000003,대전75자9920,36.481489,127.307693,25.928,293064219,한국개발연구원(KDI),0
2026-10-10T10:41:03,187000003,대전75자9918,36.486475,127.258035,32.154,293053005,"새롬동,나성동",0
2026-10-10T10:41:03,187000003,대전75자9917,36.513696,127.259234,35.345,293056003,도담동,0
2026-10-10T10:41:03,187000003,대전75자9916,36.575193,127.319539,45.809,293064420,누리동,0
2026-10-10T10:41:03,187000003,대전75자9914,36.619231,127.327086,51.78,270000635,오송역2.3.4,0
2026-10-10T10:41:03,187000003,대전75자9938,36.618669,127.327,51.993,270000635,오송역2.3.4,0
2026-10-10T10:41:03,187000003,대전75자9911,36.53743,127.304375,62.635,974019920,오송역2.3.4(미정차),0
2026-10-10T10:41:03,187000003,대전75자9910,36.521134,127.259565,67.494,293064446,세종충남대학교병원,0
2026-10-10T10:41:03,187000003,대전75자9110,36.481432,127.261512,72.191,293053009,한솔동,0
2026-10-10T10:41:03,187000003,대전75자9941,36.478508,127.288619,75.519,293064210,"세종시청,시의회,교육청",0
2026-10-10T10:41:03,187000003,대전75자9940,36.47442,127.333888,80.371,293064218,한국개발연구원(KDI),0
2026-10-10T10:41:03,187000003,대전75자9936,36.405789,127.416683,93.369,187001388,대덕산업단지,0
2026-10-10T10:41:03,187000003,대전75자9935,36.346922,127.417453,101.39,187001392,대덕구청,0
2026-10-10T10:41:03,271000801,충북70자7051,36.469306,127.273946,0.028,293055002,세종고속시외버스터미널(지상),0
2026-10-10T10:41:03,271000801,충북70자1063,36.51252376,127.2595524,5.623,293062011,정부세종청사 북측,0
2026-10-10T10:41:03,271000801,충북70자1044,36.6195554,127.3269306,23.148,270054838,오송역6,0
2026-10-10T10:41:03,271000801,충북70자5130,36.65972511,127.3816225,33.768,271000641,보건의료행정타운,0
2026-10-10T10:41:03,271000801,충북70자5128,36.722444,127.495642,48.887,284000229,청주국제공항,0
2026-10-10T10:41:03,271000802,충북70자3070,36.70955916,127.4334736,7.287,284000230,청주공항역,0
2026-10-10T10:41:03,271000802,충북70자2074,36.64383297,127.3256669,22.35,270054810,청주소로초등학교,0
2026-10-10T10:41:03,271000802,충북70자2008,36.53627642,127.30151995,38.748,270000635,오송역2.3.4,0
2026-10-10T10:41:03,293000282,세종70자1745,36.467069,127.275154,9.868,186004230,반석역,14
2026-10-10T10:41:03,293000282,세종70자1753,36.499588,127.24477,17.016,293064307,"가온마을6,9단지",36
2026-10-10T10:41:03,293000282,세종70자1749,36.539598,127.269443,24.863,293064100,"범지기3,9단지(청소년센터)",69
2026-10-10T10:41:03,293000282,세종70자1743,36.610764,127.327422,35.986,270050300,오송3리,56
2026-10-10T10:41:03,293000282,세종70자1746,36.619251,127.326854,37.362,270054837,오송역종점,34
2026-10-10T10:41:03,293000283,세종70자1747,36.61891,127.326549,0.23,270054839,오송역7,21
2026-10-10T10:41:03,293000283,세종70자1748,36.584157,127.292711,7.12,293900004,번암안동네,35
2026-10-10T10:41:03,293000283,세종70자1751,36.514252,127.250551,17.631,293061006,아름초등학교,36
2026-10-10T10:41:03,293000283,세종70자1752,36.468075,127.274852,27.565,293055059,세종고속시외버스터미널,23
2026-10-10T10:41:03,293000283,세종70자1754,36.390072,127.31588,37.342,186004229,반석역,41
2026-10-10T10:41:03,293000304,세종70자1508,36.504821,127.261486,4.726,293062011,정부세종청사 북측,37
2026-10-10T10:41:03,293000304,세종70자1304,36.532173,127.319643,12.906,293064493,다솜동,69
2026-10-10T10:41:03,293000304,세종70자1509,36.474822,127.280509,22.321,293064209,"보람동,대평동",255
2026-10-10T10:41:03,293000304,세종70자1505,36.469195,127.273836,23.283,293064251,대평동,32
2026-10-10T10:41:03,293000305,세종70자1511,36.483833,127.299221,2.957,293064216,소담동(새샘마을),23
2026-10-10T10:41:03,293000305,세종70자1512,36.501006,127.32846,6.579,293064417,세종공동캠퍼스,40
2026-10-10T10:41:03,293000305,세종70자1354,36.499553,127.258876,19.269,293062007,정부세종청사 남측,48
2026-10-10T10:41:03,293000305,세종70자1507,36.467835,127.273472,23.378,293055001,세종고속시외버스터미널(지상),255
2026-10-10T10:41:03,293000311,세종70자1351,36.482549,127.312515,4.471,293900019,한국개발연구원(KDI),49
2026-10-10T10:41:03,293000311,세종70자1344,36.519361,127.249647,14.996,293064051,세종충남대병원,5
2026-10-10T10:41:03,293000311,세종70자1348,36.484511,127.259005,21.097,293053003,"새롬동,나성동(청소년센터)",11
2026-10-10T10:41:03,293000311,세종70자1349,36.467763,127.273586,23.426,293055001,세종고속시외버스터미널(지상),26
2026-10-10T10:41:03,293000312,세종70자1350,36.49937,127.247208,4.952,293063002,"가재마을5단지,가온마을6단지",45
2026-10-10T10:41:03,293000312,세종70자1345,36.49741,127.310668,15.223,293064400,반곡동(수루배마을),11
2026-10-10T10:41:03,293000312,세종70자1352,36.472071,127.276015,22.916,293064251,대평동,32
2026-10-10T10:41:03,271000805,세종73자5647,36.512177,127.259738,12.26,293062011,정부세종청사 북측,5
2026-10-10T10:41:03,271000805,세종73자5646,36.532472,127.328527,20.614,293064498,다솜동,49
2026-10-10T10:41:03,271000805,세종73자5645,36.626287,127.430267,36.819,270054311,고속버스터미널,37
2026-10-10T10:41:03,271000805,충북70자6075,36.6433475,127.421741,41.785,270054824,비하종점,0
2026-10-10T10:41:03,271000806,충북70자1055,36.62717333,127.4294183,4.877,971006760,충북선거관리위원회,0
2026-10-10T10:41:03,271000806,충북70자7076,36.53584925,127.33461061,20.499,270054834,가경아이파크5단지,0
2026-10-10T10:41:03,271000806,충북70자6076,36.49804,127.32304,40.677,293064479,집현동,0
2026-10-10T10:41:03,271000806,세종73자5644,36.493018,127.326733,42.158,293064479,집현동,16
2026-10-10T10:41:35,293000317,세종70자1708,36.48596,127.301045,13.446,293064216,소담동(새샘마을),53
2026-10-10T10:41:35,293000317,세종70자1707,36.578335,127.321026,27.334,293900055,용호동,67
2026-10-10T10:41:35,293000317,세종70자1702,36.619111,127.326463,33.214,270054837,오송역종점,17
2026-10-10T10:41:35,293000317,세종70자1705,36.619453,127.326568,33.214,270054837,오송역종점,8
2026-10-10T10:41:35,293000318,세종70자1701,36.534488,127.316772,12.366,293900054,용호동,61
2026-10-10T10:41:35,293000318,세종70자1704,36.443838,127.2859,26.376,293055001,세종고속시외버스터미널(지상),68
2026-10-10T10:41:35,187000003,대전75자9925,36.343711,127.421913,2.325,187001381,솔랑마을아파트,0
2026-10-10T10:41:35,187000003,대전75자9921,36.443938,127.383981,16.758,187001387,대덕산업단지,0
2026-10-10T10:41:35,187000003,대전75자9920,36.483252,127.306691,26.15,293064219,한국개발연구원(KDI),0
2026-10-10T10:41:35,187000003,대전75자9918,36.487348,127.257585,32.259,293053005,"새롬동,나성동",0
2026-10-10T10:41:35,187000003,대전75자9917,36.51454,127.25912,35.438,293056003,도담동,0
2026-10-10T10:41:35,187000003,대전75자9916,36.588421,127.323581,47.337,293064420,누리동,0
2026-10-10T10:41:35,187000003,대전75자9938,36.618669,127.327,51.993,270000635,오송역2.3.4,0
2026-10-10T10:41:35,187000003,대전75자9914,36.618483,127.32702,52.02,270000635,오송역2.3.4,0
2026-10-10T10:41:35,187000003,대전75자9911,36.53743,127.304375,62.635,974019920,오송역2.3.4(미정차),0
2026-10-10T10:41:35,187000003,대전75자9910,36.515278,127.258958,68.158,293056002,도담동,0
2026-10-10T10:41:35,187000003,대전75자9110,36.481432,127.261512,72.191,293053009,한솔동,0
2026-10-10T10:41:35,187000003,대전75자9941,36.481367,127.295074,76.178,293064210,"세종시청,시의회,교육청",0
2026-10-10T10:41:35,187000003,대전75자9940,36.47442,127.333888,80.371,293064218,한국개발연구원(KDI),0
2026-10-10T10:41:35,187000003,대전75자9936,36.393088,127.413099,94.83,187001388,대덕산업단지,0
2026-10-10T10:41:35,187000003,대전75자9935,36.346415,127.418097,101.471,187001392,대덕구청,0
2026-10-10T10:41:35,187000003,대전75자9926,36.333815,127.437106,104.27,187001395,대전역동광장,0
2026-10-10T10:41:35,271000801,충북70자7051,36.469306,127.273946,0.028,293055002,세종고속시외버스터미널(지상),0
2026-10-10T10:41:35,271000801,충북70자1063,36.51528109,127.25899041,5.932,293056003,도담동,0
2026-10-10T10:41:35,271000801,충북70자1044,36.6183991,127.327211,23.659,270054838,오송역6,0
2026-10-10T10:41:35,271000801,충북70자5130,36.66085716,127.3827951,33.932,271000641,보건의료행정타운,0
2026-10-10T10:41:35,271000801,충북70자5128,36.722444,127.495642,48.887,284000229,청주국제공항,0
2026-10-10T10:41:35,271000802,충북70자3070,36.70955916,127.4334736,7.287,284000230,청주공항역,0
2026-10-10T10:41:35,271000802,충북70자2074,36.64383297,127.3256669,22.35,270054810,청주소로초등학교,0
2026-10-10T10:41:35,271000802,충북70자2008,36.53430741,127.29453371,39.41,270000635,오송역2.3.4,0
2026-10-10T10:41:35,293000282,세종70자1745,36.46746199,127.275117,9.912,186004230,반석역,36
2026-10-10T10:41:35,293000282,세종70자1753,36.499781,127.242268,17.24,293064144,다빛초등학교(가재마을1단지),34
2026-10-10T10:41:35,293000282,세종70자1749,36.544544,127.272436,25.477,293064100,"범지기3,9단지(청소년센터)",67
2026-10-10T10:41:35,293000282,세종70자1743,36.613254,127.331458,36.447,270050300,오송3리,50
2026-10-10T10:41:35,293000282,세종70자1746,36.619251,127.326854,37.362,270054837,오송역종점,34
2026-10-10T10:41:35,293000283,세종70자1747,36.61753,127.327963,0.438,270054839,오송역7,62
2026-10-10T10:41:35,293000283,세종70자1748,36.581292,127.292917,7.449,293900004,번암안동네,59
2026-10-10T10:41:35,293000283,세종70자1751,36.51254,127.250208,17.825,293061006,아름초등학교,16
2026-10-10T10:41:35,293000283,세종70자1752,36.467342,127.274925,27.647,293055059,세종고속시외버스터미널,50
2026-10-10T10:41:35,293000283,세종70자1754,36.390072,127.31588,37.342,186004229,반석역,41
2026-10-10T10:41:35,293000304,세종70자1508,36.511291,127.260166,5.482,293062011,정부세종청사 북측,58
2026-10-10T10:41:35,293000304,세종70자1304,36.528141,127.324605,13.537,293064493,다솜동,57
2026-10-10T10:41:35,293000304,세종70자1509,36.47206099,127.276141,22.82,293064251,대평동,255
2026-10-10T10:41:35,293000304,세종70자1505,36.469195,127.273836,23.283,293064251,대평동,32
2026-10-10T10:41:35,293000305,세종70자1511,36.48402,127.299466,2.987,293064216,소담동(새샘마을),23
2026-10-10T10:41:35,293000305,세종70자1512,36.50106499,127.32846,6.585,293064417,세종공동캠퍼스,11
2026-10-10T10:41:35,293000305,세종70자1354,36.495336,127.256543,19.786,293062004,다정동,53
2026-10-10T10:41:35,293000305,세종70자1507,36.467849,127.273453,23.378,293055001,세종고속시외버스터미널(지상),255
2026-10-10T10:41:35,293000311,세종70자1351,36.483736,127.317359,4.928,293900018,새나루마을1단지 후문,29
2026-10-10T10:41:35,293000311,세종70자1344,36.519233,127.249135,15.044,293064051,세종충남대병원,5
2026-10-10T10:41:35,293000311,세종70자1348,36.482821,127.260381,21.321,293053003,"새롬동,나성동(청소년센터)",47
2026-10-10T10:41:35,293000311,세종70자1349,36.467763,127.273586,23.426,293055001,세종고속시외버스터미널(지상),26
2026-10-10T10:41:35,293000312,세종70자1350,36.499553,127.244895,5.159,293063002,"가재마을5단지,가온마을6단지",41
2026-10-10T10:41:35,293000312,세종70자1345,36.497705,127.313134,15.445,293064400,반곡동(수루배마을),50
2026-10-10T10:41:35,293000312,세종70자1352,36.472071,127.276015,22.916,293064251,대평동,255
2026-10-10T10:41:35,293000312,세종70자1346,36.467933,127.273712,23.389,293064251,대평동,255
2026-10-10T10:41:35,271000805,세종73자5672,36.49812,127.322789,1.155,293064418,집현동,22
2026-10-10T10:41:35,271000805,세종73자5647,36.51403,127.259216,12.471,293056003,도담동,10
2026-10-10T10:41:35,271000805,세종73자5646,36.532894,127.329199,20.691,293064498,다솜동,49
2026-10-10T10:41:35,271000805,세종73자5645,36.6273,127.429517,36.951,270054311,고속버스터미널,40
2026-10-10T10:41:35,271000805,충북70자6075,36.6433475,127.421741,41.785,270054824,비하종점,0
2026-10-10T10:41:35,271000806,충북70자1055,36.62587,127.43002,5.029,270054312,고속버스터미널,0
2026-10-10T10:41:35,271000806,충북70자7076,36.53584925,127.33461061,20.499,270054834,가경아이파크5단지,0
2026-10-10T10:41:35,271000806,충북70자6076,36.49804,127.32304,40.677,293064479,집현동,0
2026-10-10T10:41:35,271000806,세종73자5644,36.493018,127.326733,42.158,293064479,집현동,16
2026-10-10T10:42:06,293000317,세종70자1708,36.485958,127.301052,13.446,293064216,소담동(새샘마을),53
2026-10-10T10:42:06,293000317,세종70자1707,36.58269399,127.321782,27.475,293900055,용호동,67
2026-10-10T10:42:06,293000317,세종70자1702,36.619111,127.326463,33.214,270054837,오송역종점,17
2026-10-10T10:42:06,293000317,세종70자1705,36.619453,127.326568,33.214,270054837,오송역종점,8
2026-10-10T10:42:06,293000318,세종70자1701,36.531713,127.320208,12.798,293064493,다솜동,60
2026-10-10T10:42:06,293000318,세종70자1704,36.437858,127.285974,27.047,293055001,세종고속시외버스터미널(지상),68
2026-10-10T10:42:06,187000003,대전75자9925,36.343711,127.421913,2.325,187001381,솔랑마을아파트,0
2026-10-10T10:42:06,187000003,대전75자9921,36.443938,127.383981,16.758,187001387,대덕산업단지,0
2026-10-10T10:42:06,187000003,대전75자9920,36.485411,127.300506,26.865,293064219,한국개발연구원(KDI),0
2026-10-10T10:42:06,187000003,대전75자9918,36.493557,127.256386,32.964,293054003,다정동,0
2026-10-10T10:42:06,187000003,대전75자9917,36.51454,127.25912,35.438,293056003,도담동,0
2026-10-10T10:42:06,187000003,대전75자9916,36.595032,127.331208,48.348,293064420,누리동,0
2026-10-10T10:42:06,187000003,대전75자9938,36.618669,127.327,51.993,270000635,오송역2.3.4,0
2026-10-10T10:42:06,187000003,대전75자9914,36.6169,127.328731,52.251,974019920,오송역2.3.4(미정차),0
2026-10-10T10:42:06,187000003,대전75자9911,36.533985,127.292623,63.786,293014058,누리동,0
2026-10-10T10:42:06,187000003,대전75자9910,36.514303,127.259038,68.267,293056002,도담동,0
2026-10-10T10:42:06,187000003,대전75자9110,36.479284,127.263033,72.466,293053009,한솔동,0
2026-10-10T10:42:06,187000003,대전75자9941,36.482298,127.297211,76.398,293064216,소담동(새샘마을),0
2026-10-10T10:42:06,187000003,대전75자9940,36.468573,127.359761,83.361,293064218,한국개발연구원(KDI),0
2026-10-10T10:42:06,187000003,대전75자9936,36.393088,127.413099,94.83,187001388,대덕산업단지,0
2026-10-10T10:42:06,187000003,대전75자9935,36.344254,127.42098,101.825,187001393,솔랑마을아파트,0
2026-10-10T10:42:06,187000003,대전75자9926,36.333378,127.437533,104.214,187001395,대전역동광장,0
2026-10-10T10:42:06,271000801,충북70자7051,36.469306,127.273946,0.028,293055002,세종고속시외버스터미널(지상),0
2026-10-10T10:42:06,271000801,충북70자1063,36.51791572,127.25901,6.225,293056003,도담동,0
2026-10-10T10:42:06,271000801,충북70자1044,36.6183991,127.327211,23.659,270054838,오송역6,0
2026-10-10T10:42:06,271000801,충북70자5130,36.66085716,127.3827951,33.932,271000641,보건의료행정타운,0
2026-10-10T10:42:06,271000801,충북70자5128,36.722444,127.495642,48.887,284000229,청주국제공항,0
2026-10-10T10:42:06,271000802,충북70자3070,36.7109,127.428299,7.795,284000348,오창프라자,0
2026-10-10T10:42:06,271000802,충북70자2074,36.6391768,127.324181,22.899,270054810,청주소로초등학교,0
2026-10-10T10:42:06,271000802,충북70자2008,36.534046,127.292199,39.621,293014058,누리동,0
2026-10-10T10:42:06,293000282,세종70자1745,36.468982,127.274947,10.081,186004230,반석역,36
2026-10-10T10:42:06,293000282,세종70자1753,36.500298,127.240706,17.476,293064144,다빛초등학교(가재마을1단지),34
2026-10-10T10:42:06,293000282,세종70자1749,36.548923,127.27529,26.027,293064100,"범지기3,9단지(청소년센터)",69
2026-10-10T10:42:06,293000282,세종70자1743,36.616436,127.329476,36.936,270050300,오송3리,68
2026-10-10T10:42:06,293000282,세종70자1746,36.619251,127.326854,37.362,270054837,오송역종점,34
2026-10-10T10:42:06,293000283,세종70자1747,36.613788,127.331864,0.981,270054839,오송역7,29
2026-10-10T10:42:06,293000283,세종70자1748,36.577598,127.292303,7.867,293016126,월하리,41
2026-10-10T10:42:06,293000283,세종70자1751,36.511712,127.248989,18.04,293061006,아름초등학교,8
2026-10-10T10:42:06,293000283,세종70자1752,36.462408,127.276578,28.228,293055059,세종고속시외버스터미널,67
2026-10-10T10:42:06,293000283,세종70자1754,36.390072,127.31588,37.342,186004229,반석역,41
2026-10-10T10:42:06,293000304,세종70자1508,36.513675,127.259268,5.759,293056003,도담동,42
2026-10-10T10:42:06,293000304,세종70자1304,36.52702,127.32609,13.719,293064493,다솜동,53
2026-10-10T10:42:06,293000304,세종70자1505,36.469195,127.273836,23.283,293064251,대평동,32
2026-10-10T10:42:06,293000304,세종70자1509,36.46963499,127.27377,23.232,293055001,세종고속시외버스터미널(지상),27
2026-10-10T10:42:06,293000305,세종70자1511,36.48441,127.300133,3.057,293064216,소담동(새샘마을),23
2026-10-10T10:42:06,293000305,세종70자1512,36.505635,127.329535,7.11,293064417,세종공동캠퍼스,57
2026-10-10T10:42:06,293000305,세종70자1354,36.494423,127.256468,19.887,293062004,다정동,21
2026-10-10T10:42:06,293000305,세종70자1507,36.467712,127.274081,23.378,293055001,세종고속시외버스터미널(지상),11
2026-10-10T10:42:06,293000311,세종70자1351,36.484055,127.31807,5.001,293900018,새나루마을1단지 후문,26
2026-10-10T10:42:06,293000311,세종70자1344,36.519232,127.249122,15.045,293064051,세종충남대병원,5
2026-10-10T10:42:06,293000311,세종70자1348,36.481385,127.261421,21.506,293053008,한솔동(첫마을),44
2026-10-10T10:42:06,293000311,세종70자1349,36.467763,127.273586,23.426,293055001,세종고속시외버스터미널(지상),26
2026-10-10T10:42:06,293000312,세종70자1350,36.499751,127.242019,5.417,293064144,다빛초등학교(가재마을1단지),21
2026-10-10T10:42:06,293000312,세종70자1345,36.497513,127.31608,15.708,293064400,반곡동(수루배마을),50
2026-10-10T10:42:06,293000312,세종70자1352,36.470551,127.273381,23.214,293064251,대평동,20
2026-10-10T10:42:06,293000312,세종70자1346,36.467894,127.273748,23.389,293064251,대평동,255
2026-10-10T10:42:06,271000805,세종73자5672,36.497923,127.321813,1.245,293064418,집현동,37
2026-10-10T10:42:06,271000805,세종73자5647,36.51535299,127.259057,12.619,293056003,도담동,47
2026-10-10T10:42:06,271000805,세종73자5646,36.532894,127.329199,20.691,293064498,다솜동,49
2026-10-10T10:42:06,271000805,세종73자5645,36.62824,127.428877,37.07,270054311,고속버스터미널,40
2026-10-10T10:42:06,271000805,충북70자6075,36.6433475,127.421741,41.785,270054824,비하종점,0
2026-10-10T10:42:06,271000806,충북70자1055,36.62587,127.43002,5.029,270054312,고속버스터미널,0
2026-10-10T10:42:06,271000806,충북70자7076,36.5293491,127.3233229,21.741,270054834,가경아이파크5단지,0
2026-10-10T10:42:06,271000806,충북70자6076,36.49804,127.32304,40.677,293064479,집현동,0
2026-10-10T10:42:06,271000806,세종73자5644,36.493018,127.326733,42.158,293064479,집현동,16
2026-10-10T10:42:38,293000317,세종70자1708,36.486752,127.30161,13.549,293064253,"법원,검찰청,경찰청",43
2026-10-10T10:42:38,293000317,세종70자1707,36.587684,127.323017,27.475,293900055,용호동,68
2026-10-10T10:42:38,293000317,세종70자1702,36.619111,127.326463,33.214,270054837,오송역종점,17
2026-10-10T10:42:38,293000317,세종70자1705,36.619453,127.326568,33.214,270054837,오송역종점,8
2026-10-10T10:42:38,293000318,세종70자1701,36.528467,127.324391,13.318,293064493,다솜동,54
2026-10-10T10:42:38,293000318,세종70자1704,36.432083,127.286476,27.692,293055001,세종고속시외버스터미널(지상),68
2026-10-10T10:42:38,187000003,대전75자9925,36.345776,127.419079,2.667,187001382,대덕구청,0
2026-10-10T10:42:38,187000003,대전75자9921,36.443938,127.383981,16.758,187001387,대덕산업단지,0
2026-10-10T10:42:38,187000003,대전75자9920,36.482896,127.297946,27.225,293064214,소담동(새샘마을),0
2026-10-10T10:42:38,187000003,대전75자9918,36.493557,127.256386,32.964,293054003,다정동,0
2026-10-10T10:42:38,187000003,대전75자9917,36.520964,127.259603,36.159,293064445,세종충남대학교병원,0
2026-10-10T10:42:38,187000003,대전75자9916,36.595032,127.331208,48.348,293064420,누리동,0
2026-10-10T10:42:38,187000003,대전75자9938,36.618669,127.327,51.993,270000635,오송역2.3.4,0
2026-10-10T10:42:38,187000003,대전75자9914,36.6169,127.328731,52.251,974019920,오송역2.3.4(미정차),0
2026-10-10T10:42:38,187000003,대전75자9911,36.533985,127.292623,63.786,293014058,누리동,0
2026-10-10T10:42:38,187000003,대전75자9910,36.514303,127.259038,68.267,293056002,도담동,0
2026-10-10T10:42:38,187000003,대전75자9110,36.479284,127.263033,72.466,293053009,한솔동,0
2026-10-10T10:42:38,187000003,대전75자9941,36.482298,127.297211,76.398,293064216,소담동(새샘마을),0
2026-10-10T10:42:38,187000003,대전75자9940,36.467192,127.364136,83.781,186005287,국제과학비즈니스벨트,0
2026-10-10T10:42:38,187000003,대전75자9936,36.382853,127.412501,95.97,187001388,대덕산업단지,0
2026-10-10T10:42:38,187000003,대전75자9935,36.343685,127.421789,101.921,187001393,솔랑마을아파트,0
2026-10-10T10:42:38,187000003,대전75자9926,36.333378,127.437533,104.214,187001395,대전역동광장,0
2026-10-10T10:42:38,271000801,충북70자7051,36.469306,127.273946,0.028,293055002,세종고속시외버스터미널(지상),0
2026-10-10T10:42:38,271000801,충북70자1063,36.52027461,127.25940059,6.489,293056003,도담동,0
2026-10-10T10:42:38,271000801,충북70자1044,36.6203875,127.3299053,23.986,270054838,오송역6,0
2026-10-10T10:42:38,271000801,충북70자5130,36.6698978,127.3906728,35.161,270054811,청주소로초등학교,0
2026-10-10T10:42:38,271000801,충북70자5128,36.722444,127.495642,48.887,284000229,청주국제공항,0
2026-10-10T10:42:38,271000802,충북70자3070,36.7109,127.428299,7.795,284000348,오창프라자,0
2026-10-10T10:42:38,271000802,충북70자2074,36.637488,127.328624,23.417,271000627,보건의료행정타운,0
2026-10-10T10:42:38,271000802,충북70자2008,36.53440642,127.28671183,40.114,293014058,누리동,0
2026-10-10T10:42:38,293000282,세종70자1745,36.468982,127.274947,10.081,186004230,반석역,36
2026-10-10T10:42:38,293000282,세종70자1753,36.502191,127.241025,17.688,293064144,다빛초등학교(가재마을1단지),39
2026-10-10T10:42:38,293000282,세종70자1749,36.553362,127.27834,26.591,293900056,연기리,68
2026-10-10T10:42:38,293000282,세종70자1743,36.61740799,127.328346,37.087,270050300,오송3리,60
2026-10-10T10:42:38,293000282,세종70자1746,36.619251,127.326854,37.362,270054837,오송역종점,34
2026-10-10T10:42:38,293000283,세종70자1747,36.612346,127.329783,1.258,270054839,오송역7,55
2026-10-10T10:42:38,293000283,세종70자1748,36.576632,127.291995,7.978,293016126,월하리,41
2026-10-10T10:42:38,293000283,세종70자1751,36.511735,127.248898,18.048,293061006,아름초등학교,8
2026-10-10T10:42:38,293000283,세종70자1752,36.458578,127.28049,28.78,293055059,세종고속시외버스터미널,68
2026-10-10T10:42:38,293000283,세종70자1754,36.390072,127.31588,37.342,186004229,반석역,41
2026-10-10T10:42:38,293000304,세종70자1508,36.5154,127.258798,5.953,293056003,도담동,53
2026-10-10T10:42:38,293000304,세종70자1304,36.523435,127.329378,14.219,293064493,다솜동,59
2026-10-10T10:42:38,293000304,세종70자1505,36.469195,127.273836,23.283,293064251,대평동,32
2026-10-10T10:42:38,293000304,세종70자1509,36.469338,127.273829,23.268,293055001,세종고속시외버스터미널(지상),27
2026-10-10T10:42:38,293000305,세종70자1511,36.486398,127.301573,3.311,293064216,소담동(새샘마을),32
2026-10-10T10:42:38,293000305,세종70자1512,36.509958,127.329915,7.591,293064417,세종공동캠퍼스,56
2026-10-10T10:42:38,293000305,세종70자1354,36.494423,127.256468,19.887,293062004,다정동,255
2026-10-10T10:42:38,293000305,세종70자1507,36.468411,127.274125,23.378,293055001,세종고속시외버스터미널(지상),11
2026-10-10T10:42:38,293000311,세종70자1351,36.485611,127.320641,5.292,293011066,새나루마을1단지,23
2026-10-10T10:42:38,293000311,세종70자1344,36.518971,127.247992,15.15,293064102,범지기마을10단지 북측,41
2026-10-10T10:42:38,293000311,세종70자1348,36.477918,127.263851,21.949,293053008,한솔동(첫마을),65
2026-10-10T10:42:38,293000311,세종70자1349,36.467763,127.273586,23.426,293055001,세종고속시외버스터미널(지상),26
2026-10-10T10:42:38,293000312,세종70자1350,36.499905,127.240706,5.587,293064144,다빛초등학교(가재마을1단지),13
2026-10-10T10:42:38,293000312,세종70자1345,36.49747,127.317007,15.791,293900041,반곡고등학교,9
2026-10-10T10:42:38,293000312,세종70자1352,36.469178,127.27388,23.374,293064251,대평동,20
2026-10-10T10:42:38,293000312,세종70자1346,36.467868,127.273774,23.389,293064251,대평동,255
2026-10-10T10:42:38,271000805,세종73자5672,36.49756,127.318347,1.556,293064418,집현동,24
2026-10-10T10:42:38,271000805,세종73자5647,36.518818,127.25925,13.006,293056003,도담동,55
2026-10-10T10:42:38,271000805,세종73자5646,36.534107,127.331292,20.921,293064498,다솜동,57
2026-10-10T10:42:38,271000805,세종73자5645,36.628835,127.428431,37.147,270054311,고속버스터미널,38
2026-10-10T10:42:38,271000805,충북70자6075,36.6433475,127.421741,41.785,270054824,비하종점,0
2026-10-10T10:42:38,271000806,충북70자1055,36.62587,127.43002,5.029,270054312,고속버스터미널,0
2026-10-10T10:42:38,271000806,충북70자7076,36.53187,127.320414,22.114,293064499,다솜동,0
2026-10-10T10:42:38,271000806,충북70자6076,36.49804,127.32304,40.677,293064479,집현동,0
2026-10-10T10:42:38,271000806,세종73자5644,36.493018,127.326733,42.158,293064479,집현동,16
2026-10-10T10:43:09,293000317,세종70자1708,36.487246,127.301881,13.609,293064253,"법원,검찰청,경찰청",30
2026-10-10T10:43:09,293000317,세종70자1707,36.590182,127.325823,28.844,293900055,용호동,68
2026-10-10T10:43:09,293000317,세종70자1702,36.619111,127.326463,33.214,270054837,오송역종점,17
2026-10-10T10:43:09,293000317,세종70자1705,36.619453,127.326568,33.214,270054837,오송역종점,8
2026-10-10T10:43:09,293000318,세종70자1701,36.525571,127.327868,13.766,293064493,다솜동,60
2026-10-10T10:43:09,293000318,세종70자1704,36.42878799,127.28862,27.943,293055001,세종고속시외버스터미널(지상),68
2026-10-10T10:43:09,187000003,대전75자9925,36.345776,127.419079,2.667,187001382,대덕구청,0
2026-10-10T10:43:09,187000003,대전75자9921,36.453909,127.370071,18.694,187001387,대덕산업단지,0
2026-10-10T10:43:09,187000003,대전75자9920,36.482896,127.297946,27.225,293064214,소담동(새샘마을),0
2026-10-10T10:43:09,187000003,대전75자9918,36.494461,127.2565,33.065,293054003,다정동,0
2026-10-10T10:43:09,187000003,대전75자9917,36.520964,127.259603,36.159,293064445,세종충남대학교병원,0
2026-10-10T10:43:09,187000003,대전75자9916,36.595032,127.331208,48.348,293064420,누리동,0
2026-10-10T10:43:09,187000003,대전75자9914,36.608606,127.338499,53.521,974019920,오송역2.3.4(미정차),0
2026-10-10T10:43:09,187000003,대전75자9911,36.533985,127.292623,63.786,293014058,누리동,0
2026-10-10T10:43:09,187000003,대전75자9910,36.514303,127.259038,68.267,293056002,도담동,0
2026-10-10T10:43:09,187000003,대전75자9110,36.470945,127.270871,73.667,293053009,한솔동,0
2026-10-10T10:43:09,187000003,대전75자9941,36.484916,127.300323,76.804,293064216,소담동(새샘마을),0
2026-10-10T10:43:09,187000003,대전75자9940,36.466825,127.365083,83.875,186005287,국제과학비즈니스벨트,0
2026-10-10T10:43:09,187000003,대전75자9936,36.382853,127.412501,95.97,187001388,대덕산업단지,0
2026-10-10T10:43:09,187000003,대전75자9935,36.343685,127.421789,101.921,187001393,솔랑마을아파트,0
2026-10-10T10:43:09,187000003,대전75자9926,36.333378,127.437533,104.214,187001395,대전역동광장,0
2026-10-10T10:43:09,271000801,충북70자7051,36.469306,127.273946,0.028,293055002,세종고속시외버스터미널(지상),0
2026-10-10T10:43:09,271000801,충북70자1063,36.52210498,127.25991891,6.697,293064445,세종충남대학교병원,0
2026-10-10T10:43:09,271000801,충북70자1044,36.62409673,127.3305556,24.501,270054838,오송역6,0
2026-10-10T10:43:09,271000801,충북70자5130,36.6698978,127.3906728,35.161,270054811,청주소로초등학교,0
2026-10-10T10:43:09,271000801,충북70자5128,36.722444,127.495642,48.887,284000229,청주국제공항,0
2026-10-10T10:43:09,271000802,충북70자3070,36.7109,127.428299,7.795,284000348,오창프라자,0
2026-10-10T10:43:09,271000802,충북70자2074,36.637488,127.328624,23.417,271000627,보건의료행정타운,0
2026-10-10T10:43:09,271000802,충북70자2008,36.5341,127.27661,41.024,293014026,한별동,0
2026-10-10T10:43:09,293000282,세종70자1745,36.469043,127.273777,10.219,186004230,반석역,25
2026-10-10T10:43:09,293000282,세종70자1753,36.50421699,127.241297,17.914,293064474,종촌초등학교(가재마을3단지),38
2026-10-10T10:43:09,293000282,세종70자1749,36.55788,127.280844,27.142,293900056,연기리,68
2026-10-10T10:43:09,293000282,세종70자1743,36.618195,127.327467,37.205,270050300,오송3리,60
2026-10-10T10:43:09,293000282,세종70자1746,36.619251,127.326854,37.362,270054837,오송역종점,34
2026-10-10T10:43:09,293000283,세종70자1747,36.61127,127.328002,1.457,270054839,오송역7,35
2026-10-10T10:43:09,293000283,세종70자1748,36.574743,127.291386,8.196,293016126,월하리,57
2026-10-10T10:43:09,293000283,세종70자1751,36.511735,127.248898,18.048,293061006,아름초등학교,8
2026-10-10T10:43:09,293000283,세종70자1752,36.455091,127.283498,29.254,293055059,세종고속시외버스터미널,68
2026-10-10T10:43:09,293000283,세종70자1754,36.390072,127.31588,37.342,186004229,반석역,41
2026-10-10T10:43:09,293000304,세종70자1508,36.520296,127.259413,6.498,293056003,도담동,52
2026-10-10T10:43:09,293000304,세종70자1304,36.51886,127.330629,14.75,293064493,다솜동,68
2026-10-10T10:43:09,293000304,세종70자1505,36.469195,127.273836,23.283,293064251,대평동,32
2026-10-10T10:43:09,293000304,세종70자1509,36.469337,127.27384,23.268,293055001,세종고속시외버스터미널(지상),27
2026-10-10T10:43:09,293000305,세종70자1511,36.487508,127.301938,3.437,293064253,"법원,검찰청,경찰청",40
2026-10-10T10:43:09,293000305,세종70자1512,36.514178,127.33032,8.062,293064417,세종공동캠퍼스,57
2026-10-10T10:43:09,293000305,세종70자1354,36.487458,127.2573,20.683,293053004,"새롬동,나성동",52
2026-10-10T10:43:09,293000305,세종70자1507,36.468414,127.274128,23.378,293055001,세종고속시외버스터미널(지상),11
2026-10-10T10:43:09,293000311,세종70자1351,36.488134,127.323219,5.652,293011066,새나루마을1단지,25
2026-10-10T10:43:09,293000311,세종70자1344,36.51885,127.245226,15.403,293064100,"범지기3,9단지(청소년센터)",22
2026-10-10T10:43:09,293000311,세종70자1348,36.473468,127.267115,22.523,293053008,한솔동(첫마을),68
2026-10-10T10:43:09,293000311,세종70자1349,36.467763,127.273586,23.426,293055001,세종고속시외버스터미널(지상),26
2026-10-10T10:43:09,293000312,세종70자1350,36.50365,127.241199,6.006,293064474,종촌초등학교(가재마을3단지),20
2026-10-10T10:43:09,293000312,세종70자1345,36.497436,127.317042,15.795,293900041,반곡고등학교,9
2026-10-10T10:43:09,293000312,세종70자1352,36.469178,127.27388,23.374,293064251,대평동,20
2026-10-10T10:43:09,293000312,세종70자1346,36.467883,127.273753,23.389,293064251,대평동,255
2026-10-10T10:43:09,271000805,세종73자5672,36.497552,127.318082,1.58,293064418,집현동,24
2026-10-10T10:43:09,271000805,세종73자5647,36.522146,127.260029,13.383,293064445,세종충남대학교병원,41
2026-10-10T10:43:09,271000805,세종73자5646,36.53723999,127.337682,21.593,293064498,다솜동,69
2026-10-10T10:43:09,271000805,세종73자5645,36.630868,127.426998,37.407,270054311,고속버스터미널,34
2026-10-10T10:43:09,271000806,충북70자1055,36.62587,127.43002,5.029,270054312,고속버스터미널,0
2026-10-10T10:43:09,271000806,충북70자7076,36.53187,127.320414,22.114,293064499,다솜동,0
2026-10-10T10:43:09,271000806,충북70자6076,36.49804,127.32304,40.677,293064479,집현동,0
2026-10-10T10:43:09,271000806,세종73자5644,36.493018,127.326733,42.158,293064479,집현동,16
2026-10-10T10:43:41,293000317,세종70자1708,36.490885,127.303747,14.049,293064255,국책연구단지,49
2026-10-10T10:43:41,293000317,세종70자1707,36.593874,127.330141,29.635,293900055,용호동,67
2026-10-10T10:43:41,293000317,세종70자1702,36.619111,127.326463,33.214,270054837,오송역종점,17
2026-10-10T10:43:41,293000317,세종70자1705,36.619453,127.326568,33.214,270054837,오송역종점,8
2026-10-10T10:43:41,293000318,세종70자1701,36.521623,127.33037,14.26,293064493,다솜동,54
2026-10-10T10:43:41,293000318,세종70자1704,36.424224,127.294568,27.943,293055001,세종고속시외버스터미널(지상),68
2026-10-10T10:43:41,187000003,대전75자9925,36.346945,127.417618,2.854,187001382,대덕구청,0
2026-10-10T10:43:41,187000003,대전75자9921,36.453909,127.370071,18.694,187001387,대덕산업단지,0
2026-10-10T10:43:41,187000003,대전75자9920,36.482896,127.297946,27.225,293064214,소담동(새샘마을),0
2026-10-10T10:43:41,187000003,대전75자9918,36.500411,127.259475,33.784,293062006,정부세종청사 남측,0
2026-10-10T10:43:41,187000003,대전75자9917,36.522841,127.260256,36.381,293064445,세종충남대학교병원,0
2026-10-10T10:43:41,187000003,대전75자9916,36.608425,127.338835,49.396,293064420,누리동,0
2026-10-10T10:43:41,187000003,대전75자9914,36.608606,127.338499,53.521,974019920,오송역2.3.4(미정차),0
2026-10-10T10:43:41,187000003,대전75자9911,36.533954,127.27594,65.291,293014026,한별동,0
2026-10-10T10:43:41,187000003,대전75자9910,36.505055,127.261532,69.343,293062014,정부세종청사 북측,0
2026-10-10T10:43:41,187000003,대전75자9110,36.470573,127.272659,73.832,293064221,세종고속시외버스터미널(지하),0
2026-10-10T10:43:41,187000003,대전75자9941,36.486002,127.301251,76.95,293064216,소담동(새샘마을),0
2026-10-10T10:43:41,187000003,대전75자9940,36.466825,127.365083,83.875,186005287,국제과학비즈니스벨트,0
2026-10-10T10:43:41,187000003,대전75자9936,36.374618,127.403761,97.307,187001388,대덕산업단지,0
2026-10-10T10:43:41,187000003,대전75자9935,36.342699,127.423162,102.086,187001393,솔랑마을아파트,0
2026-10-10T10:43:41,187000003,대전75자9926,36.331396,127.432805,103.705,187001395,대전역동광장,0
2026-10-10T10:43:41,271000801,충북70자7051,36.469306,127.273946,0.028,293055002,세종고속시외버스터미널(지상),0
2026-10-10T10:43:41,271000801,충북70자1063,36.52524921,127.26142338,7.071,293064445,세종충남대학교병원,0
2026-10-10T10:43:41,271000801,충북70자1044,36.62580674,127.3314641,24.713,270054838,오송역6,0
2026-10-10T10:43:41,271000801,충북70자5130,36.6698978,127.3906728,35.161,270054811,청주소로초등학교,0
2026-10-10T10:43:41,271000801,충북70자5128,36.722444,127.495642,48.887,284000229,청주국제공항,0
2026-10-10T10:43:41,271000802,충북70자3070,36.7109,127.428299,7.795,284000348,오창프라자,0
2026-10-10T10:43:41,271000802,충북70자2074,36.63614324,127.3326879,24.222,271000627,보건의료행정타운,0
2026-10-10T10:43:41,271000802,충북70자2008,36.5341,127.27661,41.024,293014026,한별동,0
2026-10-10T10:43:41,293000282,세종70자1745,36.468854,127.271393,10.438,293055058,세종고속시외버스터미널,13
2026-10-10T10:43:41,293000282,세종70자1753,36.50747299,127.24152,18.277,293064475,"가락마을8단지,가재마을4단지",30
2026-10-10T10:43:41,293000282,세종70자1749,36.561186,127.284339,27.629,293064249,봉암리,8
2026-10-10T10:43:41,293000282,세종70자1743,36.618195,127.327467,37.205,270050300,오송3리,60
2026-10-10T10:43:41,293000282,세종70자1746,36.619251,127.326854,37.362,270054837,오송역종점,34
2026-10-10T10:43:41,293000283,세종70자1747,36.610166,127.325119,1.744,271000568,오송2리,37
2026-10-10T10:43:41,293000283,세종70자1748,36.568858,127.289669,8.869,293016126,월하리,68
2026-10-10T10:43:41,293000283,세종70자1751,36.51179,127.247981,18.131,293061002,아름동커뮤니티센터,35
2026-10-10T10:43:41,293000283,세종70자1752,36.450064,127.28556,29.866,293055059,세종고속시외버스터미널,68
2026-10-10T10:43:41,293000283,세종70자1754,36.390072,127.31588,37.342,186004229,반석역,41
2026-10-10T10:43:41,293000304,세종70자1508,36.522105,127.259931,6.704,293064445,세종충남대학교병원,53
2026-10-10T10:43:41,293000304,세종70자1304,36.513826,127.330151,15.311,293064493,다솜동,62
2026-10-10T10:43:41,293000304,세종70자1505,36.469195,127.273836,23.283,293064251,대평동,32
2026-10-10T10:43:41,293000304,세종70자1509,36.468981,127.273954,23.301,293055001,세종고속시외버스터미널(지상),19
2026-10-10T10:43:41,293000305,세종70자1511,36.490348,127.303386,3.781,293064253,"법원,검찰청,경찰청",48
2026-10-10T10:43:41,293000305,세종70자1512,36.518508,127.330715,8.545,293064417,세종공동캠퍼스,54
2026-10-10T10:43:41,293000305,세종70자1354,36.487458,127.2573,20.683,293053004,"새롬동,나성동",52
2026-10-10T10:43:41,293000305,세종70자1507,36.468709,127.274091,23.378,293055001,세종고속시외버스터미널(지상),6
2026-10-10T10:43:41,293000311,세종70자1351,36.489661,127.324437,5.867,293011068,새나루마을8단지,17
2026-10-10T10:43:41,293000311,세종70자1344,36.519339,127.243125,15.601,293064100,"범지기3,9단지(청소년센터)",43
2026-10-10T10:43:41,293000311,세종70자1348,36.470614,127.272064,23.094,293053008,한솔동(첫마을),69
2026-10-10T10:43:41,293000311,세종70자1349,36.467763,127.273586,23.426,293055001,세종고속시외버스터미널(지상),26
2026-10-10T10:43:41,293000312,세종70자1350,36.50518799,127.241276,6.177,293064474,종촌초등학교(가재마을3단지),26
2026-10-10T10:43:41,293000312,세종70자1345,36.49743,127.317654,15.875,293900041,반곡고등학교,37
2026-10-10T10:43:41,293000312,세종70자1352,36.469178,127.27388,23.374,293064251,대평동,20
2026-10-10T10:43:41,293000312,세종70자1346,36.467901,127.273778,23.389,293064251,대평동,255
2026-10-10T10:43:41,271000805,세종73자5672,36.497559,127.31754,1.629,293064418,집현동,36
2026-10-10T10:43:41,271000805,세종73자5647,36.52526,127.26152,13.754,293064445,세종충남대학교병원,47
2026-10-10T10:43:41,271000805,세종73자5646,36.540191,127.344887,22.33,293064498,다솜동,69
2026-10-10T10:43:41,271000805,세종73자5645,36.630868,127.426998,37.407,270054311,고속버스터미널,34
2026-10-10T10:43:41,271000806,충북70자1055,36.6239755,127.431395,5.273,270054830,하나병원,0
2026-10-10T10:43:41,271000806,충북70자7076,36.53187,127.320414,22.114,293064499,다솜동,0
2026-10-10T10:43:41,271000806,충북70자6076,36.49804,127.32304,40.677,293064479,집현동,0
2026-10-10T10:43:41,271000806,세종73자5644,36.493018,127.326733,42.158,293064479,집현동,16
2026-10-10T10:44:13,293000317,세종70자1708,36.494378,127.306095,14.492,293064255,국책연구단지,68
2026-10-10T10:44:13,293000317,세종70자1707,36.598072,127.334078,30.219,293900055,용호동,68
2026-10-10T10:44:13,293000317,세종70자1702,36.619111,127.326463,33.214,270054837,오송역종점,17
2026-10-10T10:44:13,293000317,세종70자1705,36.619453,127.326568,33.214,270054837,오송역종점,8
2026-10-10T10:44:13,293000318,세종70자1701,36.520245,127.330671,14.416,293064493,다솜동,54
2026-10-10T10:44:13,293000318,세종70자1704,36.42134999,127.297849,29.284,293055001,세종고속시외버스터미널(지상),68
2026-10-10T10:44:13,293000318,세종70자1706,36.386939,127.318477,32.906,186005278,반석역,53
2026-10-10T10:44:13,187000003,대전75자9925,36.346945,127.417618,2.854,187001382,대덕구청,0
2026-10-10T10:44:13,187000003,대전75자9921,36.46709,127.3649,20.397,186005286,국제과학비즈니스벨트,0
2026-10-10T10:44:13,187000003,대전75자9920,36.478871,127.289451,28.107,293064211,"세종시청,시의회,교육청",0
2026-10-10T10:44:13,187000003,대전75자9918,36.501324,127.259874,33.892,293062006,정부세종청사 남측,0
2026-10-10T10:44:13,187000003,대전75자9917,36.528345,127.263595,37.068,293014014,"해밀동,산울동",0
2026-10-10T10:44:13,187000003,대전75자9916,36.608425,127.338835,49.396,293064420,누리동,0
2026-10-10T10:44:13,187000003,대전75자9915,36.619241,127.326317,51.905,270000635,오송역2.3.4,0
2026-10-10T10:44:13,187000003,대전75자9914,36.595353,127.331315,48.382,974019920,오송역2.3.4(미정차),0
2026-10-10T10:44:13,187000003,대전75자9911,36.533954,127.27594,65.291,293014026,한별동,0
2026-10-10T10:44:13,187000003,대전75자9910,36.502125,127.260164,69.691,293062007,정부세종청사 남측,0
2026-10-10T10:44:13,187000003,대전75자9110,36.470573,127.272659,73.832,293064221,세종고속시외버스터미널(지하),0
2026-10-10T10:44:13,187000003,대전75자9941,36.486002,127.301251,76.95,293064216,소담동(새샘마을),0
2026-10-10T10:44:13,187000003,대전75자9940,36.466825,127.365083,83.875,186005287,국제과학비즈니스벨트,0
2026-10-10T10:44:13,187000003,대전75자9936,36.374618,127.403761,97.307,187001388,대덕산업단지,0
2026-10-10T10:44:13,187000003,대전75자9935,36.341517,127.424788,102.282,187001394,한밭자이아파트,0
2026-10-10T10:44:13,187000003,대전75자9926,36.332427,127.432174,103.528,187001395,대전역동광장,0
2026-10-10T10:44:13,271000801,충북70자1063,36.52720781,127.26268116,7.316,293064445,세종충남대학교병원,0
2026-10-10T10:44:13,271000801,충북70자1044,36.62706,127.33233,24.871,270054358,오송중학교.청주오스코,0
2026-10-10T10:44:13,271000801,충북70자5130,36.67614415,127.39534128,36.239,270054811,청주소로초등학교,0
2026-10-10T10:44:13,271000801,충북70자5128,36.722444,127.495642,48.887,284000229,청주국제공항,0
2026-10-10T10:44:13,271000802,충북70자3070,36.7109,127.428299,7.795,284000348,오창프라자,0
2026-10-10T10:44:13,271000802,충북70자2074,36.63399154,127.3363527,24.695,271000627,보건의료행정타운,0
2026-10-10T10:44:13,271000802,충북70자2008,36.5341,127.27661,41.024,293014026,한별동,0
2026-10-10T10:44:13,293000282,세종70자1745,36.470085,127.271723,10.613,293055058,세종고속시외버스터미널,29
2026-10-10T10:44:13,293000282,세종70자1753,36.508048,127.241528,18.341,293064475,"가락마을8단지,가재마을4단지",2
2026-10-10T10:44:13,293000282,세종70자1749,36.561205,127.284368,27.633,293064249,봉암리,8
2026-10-10T10:44:13,293000282,세종70자1743,36.618684,127.326972,37.264,270050300,오송3리,6
2026-10-10T10:44:13,293000282,세종70자1746,36.619251,127.326854,37.362,270054837,오송역종점,34
2026-10-10T10:44:13,293000283,세종70자1747,36.608641,127.320634,2.179,271000568,오송2리,64
2026-10-10T10:44:13,293000283,세종70자1748,36.565249,127.288442,9.284,293016126,월하리,67
2026-10-10T10:44:13,293000283,세종70자1751,36.511926,127.244997,18.398,293061002,아름동커뮤니티센터,64
2026-10-10T10:44:13,293000283,세종70자1752,36.444958,127.285841,30.435,293055059,세종고속시외버스터미널,68
2026-10-10T10:44:13,293000283,세종70자1754,36.390072,127.31588,37.342,186004229,반석역,41
2026-10-10T10:44:13,293000304,세종70자1508,36.52724099,127.262716,7.328,293064445,세종충남대학교병원,55
2026-10-10T10:44:13,293000304,세종70자1304,36.509461,127.329731,15.798,293064493,다솜동,58
2026-10-10T10:44:13,293000304,세종70자1505,36.469195,127.273836,23.283,293064251,대평동,32
2026-10-10T10:44:13,293000304,세종70자1509,36.46863,127.274022,23.301,293055001,세종고속시외버스터미널(지상),19
2026-10-10T10:44:13,293000305,세종70자1511,36.491634,127.304166,3.94,293064255,국책연구단지,35
2026-10-10T10:44:13,293000305,세종70자1512,36.519736,127.3308,8.682,293064417,세종공동캠퍼스,54
2026-10-10T10:44:13,293000305,세종70자1354,36.48572,127.258348,20.903,293053004,"새롬동,나성동",57
2026-10-10T10:44:13,293000305,세종70자1507,36.469504,127.273891,23.321,293055001,세종고속시외버스터미널(지상),15
2026-10-10T10:44:13,293000311,세종70자1351,36.491701,127.325165,6.097,293011070,새나루마을9단지,33
2026-10-10T10:44:13,293000311,세종70자1344,36.51671799,127.241527,15.973,293064471,아름제2중(가락마을20단지),33
2026-10-10T10:44:13,293000311,세종70자1348,36.470585,127.273523,23.249,293064221,세종고속시외버스터미널(지하),20
2026-10-10T10:44:13,293000311,세종70자1349,36.467763,127.273586,23.426,293055001,세종고속시외버스터미널(지상),26
2026-10-10T10:44:13,293000312,세종70자1350,36.507475,127.241331,6.432,293064475,"가락마을8단지,가재마을4단지",5
2026-10-10T10:44:13,293000312,세종70자1345,36.497994,127.322811,16.349,293064479,집현동,50
2026-10-10T10:44:13,293000312,세종70자1352,36.469178,127.27388,23.374,293064251,대평동,20
2026-10-10T10:44:13,293000312,세종70자1346,36.467917,127.27379,23.389,293064251,대평동,255
2026-10-10T10:44:13,271000805,세종73자5672,36.497725,127.312506,2.081,293064257,반곡동(수루배마을),39
2026-10-10T10:44:13,271000805,세종73자5647,36.52829599,127.263651,14.143,293014014,"해밀동,산울동",19
2026-10-10T10:44:13,271000805,세종73자5646,36.540655,127.34885,22.695,293064498,다솜동,71
2026-10-10T10:44:13,271000805,세종73자5645,36.630868,127.426998,37.407,270054311,고속버스터미널,34
2026-10-10T10:44:13,271000806,충북70자1055,36.6239755,127.431395,5.273,270054830,하나병원,0
2026-10-10T10:44:13,271000806,충북70자7076,36.5365242,127.3123125,23.005,293900063,용호동,0
2026-10-10T10:44:13,271000806,충북70자6076,36.49804,127.32304,40.677,293064479,집현동,0
2026-10-10T10:44:13,271000806,세종73자5644,36.493018,127.326733,42.158,293064479,집현동,16
2026-10-10T10:44:44,293000317,세종70자1706,36.39132,127.315262,0.363,186005279,반석역,48
2026-10-10T10:44:44,293000317,세종70자1708,36.497425,127.310584,15.053,293064258,반곡동(수루배마을),51
2026-10-10T10:44:44,293000317,세종70자1707,36.601627,127.338334,30.768,293900055,용호동,67
2026-10-10T10:44:44,293000317,세종70자1705,36.619453,127.326568,33.214,270054837,오송역종점,8
2026-10-10T10:44:44,293000317,세종70자1702,36.619111,127.326463,33.214,270054837,오송역종점,17
2026-10-10T10:44:44,293000318,세종70자1701,36.51824,127.330545,14.639,293064493,다솜동,63
2026-10-10T10:44:44,293000318,세종70자1704,36.414668,127.299782,30.046,293055001,세종고속시외버스터미널(지상),68
2026-10-10T10:44:44,187000003,대전75자9925,36.346945,127.417618,2.854,187001382,대덕구청,0
2026-10-10T10:44:44,187000003,대전75자9921,36.468469,127.360243,20.84,186005286,국제과학비즈니스벨트,0
2026-10-10T10:44:44,187000003,대전75자9920,36.478871,127.289451,28.107,293064211,"세종시청,시의회,교육청",0
2026-10-10T10:44:44,187000003,대전75자9918,36.503822,127.261031,34.188,293062011,정부세종청사 북측,0
2026-10-10T10:44:44,187000003,대전75자9917,36.528345,127.263595,37.068,293014014,"해밀동,산울동",0
2026-10-10T10:44:44,187000003,대전75자9916,36.618677,127.326979,51.992,270000635,오송역2.3.4,0
2026-10-10T10:44:44,187000003,대전75자9915,36.619241,127.326317,51.905,270000635,오송역2.3.4,0
2026-10-10T10:44:44,187000003,대전75자9914,36.595353,127.331315,48.382,974019920,오송역2.3.4(미정차),0
2026-10-10T10:44:44,187000003,대전75자9911,36.533954,127.27594,65.291,293014026,한별동,0
2026-10-10T10:44:44,187000003,대전75자9910,36.502125,127.260164,69.691,293062007,정부세종청사 남측,0
2026-10-10T10:44:44,187000003,대전75자9110,36.472104,127.276266,74.202,293064252,대평동,0
2026-10-10T10:44:44,187000003,대전75자9941,36.483412,127.306365,77.506,293064216,소담동(새샘마을),0
2026-10-10T10:44:44,187000003,대전75자9940,36.454376,127.369623,85.45,186005287,국제과학비즈니스벨트,0
2026-10-10T10:44:44,187000003,대전75자9936,36.361071,127.402024,99.272,187001388,대덕산업단지,0
2026-10-10T10:44:44,187000003,대전75자9935,36.338198,127.42931,102.83,187001394,한밭자이아파트,0
2026-10-10T10:44:44,187000003,대전75자9926,36.332427,127.432174,103.528,187001395,대전역동광장,0
2026-10-10T10:44:44,271000801,충북70자1063,36.528682,127.263939,7.514,293014014,"해밀동,산울동",0
2026-10-10T10:44:44,271000801,충북70자1044,36.62706,127.33233,24.871,270054358,오송중학교.청주오스코,0
2026-10-10T10:44:44,271000801,충북70자5130,36.67614415,127.39534128,36.239,270054811,청주소로초등학교,0
2026-10-10T10:44:44,271000801,충북70자5128,36.722444,127.495642,48.887,284000229,청주국제공항,0
2026-10-10T10:44:44,271000802,충북70자3071,36.72248667,127.4956317,0.186,270051719,청주국제공항,0
2026-10-10T10:44:44,271000802,충북70자3070,36.7109,127.428299,7.795,284000348,오창프라자,0
2026-10-10T10:44:44,271000802,충북70자2074,36.63399154,127.3363527,24.695,271000627,보건의료행정타운,0
2026-10-10T10:44:44,271000802,충북70자2008,36.5341,127.27661,41.024,293014026,한별동,0
2026-10-10T10:44:44,293000282,세종70자1745,36.472322,127.268273,11.074,293055058,세종고속시외버스터미널,59
2026-10-10T10:44:44,293000282,세종70자1753,36.508043,127.241559,18.34,293064475,"가락마을8단지,가재마을4단지",2
2026-10-10T10:44:44,293000282,세종70자1749,36.561205,127.284368,27.633,293064249,봉암리,8
2026-10-10T10:44:44,293000282,세종70자1743,36.619062,127.327159,37.314,270054837,오송역종점,20
2026-10-10T10:44:44,293000282,세종70자1746,36.619251,127.326854,37.362,270054837,오송역종점,34
2026-10-10T10:44:44,293000283,세종70자1747,36.606725,127.315003,2.742,271000568,오송2리,64
2026-10-10T10:44:44,293000283,세종70자1748,36.561915,127.285245,9.753,293064250,봉암리,12
2026-10-10T10:44:44,293000283,세종70자1751,36.51193,127.241436,18.728,293061002,아름동커뮤니티센터,29
2026-10-10T10:44:44,293000283,세종70자1752,36.437807,127.285937,31.236,293055059,세종고속시외버스터미널,68
2026-10-10T10:44:44,293000283,세종70자1754,36.387911,127.318034,37.557,186004229,반석역,10
2026-10-10T10:44:44,293000304,세종70자1508,36.528401,127.263626,7.479,293014014,"해밀동,산울동",3
2026-10-10T10:44:44,293000304,세종70자1304,36.50195,127.328911,16.637,293064416,세종공동캠퍼스,60
2026-10-10T10:44:44,293000304,세종70자1505,36.469195,127.273836,23.283,293064251,대평동,32
2026-10-10T10:44:44,293000304,세종70자1509,36.468128,127.274032,23.301,293055001,세종고속시외버스터미널(지상),29
2026-10-10T10:44:44,293000305,세종70자1511,36.496419,127.30787,4.571,293064255,국책연구단지,55
2026-10-10T10:44:44,293000305,세종70자1512,36.520513,127.330753,8.768,293064417,세종공동캠퍼스,44
2026-10-10T10:44:44,293000305,세종70자1354,36.481498,127.261713,21.46,293053009,한솔동,50
2026-10-10T10:44:44,293000305,세종70자1507,36.469597,127.273877,23.315,293055001,세종고속시외버스터미널(지상),15
2026-10-10T10:44:44,293000311,세종70자1348,36.469208,127.273846,0.019,293055002,세종고속시외버스터미널(지상),33
2026-10-10T10:44:44,293000311,세종70자1351,36.49283,127.325633,6.228,293011070,새나루마을9단지,10
2026-10-10T10:44:44,293000311,세종70자1344,36.516194,127.24146,16.031,293064471,아름제2중(가락마을20단지),16
2026-10-10T10:44:44,293000311,세종70자1349,36.467763,127.273586,23.426,293055001,세종고속시외버스터미널(지상),26
2026-10-10T10:44:44,293000312,세종70자1350,36.507446,127.24134,6.429,293064475,"가락마을8단지,가재마을4단지",5
2026-10-10T10:44:44,293000312,세종70자1345,36.497949,127.325137,16.618,293064479,집현동,39
2026-10-10T10:44:44,293000312,세종70자1352,36.469178,127.27388,23.374,293064251,대평동,20
2026-10-10T10:44:44,293000312,세종70자1346,36.467915,127.273759,23.389,293064251,대평동,255
2026-10-10T10:44:44,271000805,세종73자5672,36.497656,127.311419,2.178,293064257,반곡동(수루배마을),39
2026-10-10T10:44:44,271000805,세종73자5647,36.528461,127.263764,14.164,293014014,"해밀동,산울동",7
2026-10-10T10:44:44,271000805,세종73자5646,36.540521,127.354411,23.195,293064498,다솜동,65
2026-10-10T10:44:44,271000805,세종73자5645,36.631925,127.426244,37.542,971007260,충북선거관리위원회,39
2026-10-10T10:44:44,271000806,충북70자1055,36.6239755,127.431395,5.273,270054830,하나병원,0
2026-10-10T10:44:44,271000806,충북70자7076,36.53710202,127.30454237,23.707,293900063,용호동,0
2026-10-10T10:44:44,271000806,충북70자6076,36.49804,127.32304,40.677,293064479,집현동,0
2026-10-10T10:44:44,271000806,세종73자5644,36.493018,127.326733,42.158,293064479,집현동,16
2026-10-10T10:45:16,293000317,세종70자1706,36.392194,127.314648,0.474,186005279,반석역,41
2026-10-10T10:45:16,293000317,세종70자1708,36.497511,127.311231,15.112,293064258,반곡동(수루배마을),2
2026-10-10T10:45:16,293000317,세종70자1707,36.610509,127.33617,31.472,293900055,용호동,68
2026-10-10T10:45:16,293000317,세종70자1705,36.619453,127.326568,33.214,270054837,오송역종점,8
2026-10-10T10:45:16,293000317,세종70자1702,36.619111,127.326463,33.214,270054837,오송역종점,17
2026-10-10T10:45:16,293000318,세종70자1701,36.513074,127.330065,15.215,293064493,다솜동,67
2026-10-10T10:45:16,293000318,세종70자1704,36.41025599,127.301425,30.566,293055001,세종고속시외버스터미널(지상),67
2026-10-10T10:45:16,187000003,대전75자9925,36.346945,127.417618,2.854,187001382,대덕구청,0
2026-10-10T10:45:16,187000003,대전75자9921,36.468469,127.360243,20.84,186005286,국제과학비즈니스벨트,0
2026-10-10T10:45:16,187000003,대전75자9920,36.478408,127.288505,28.206,293064211,"세종시청,시의회,교육청",0
2026-10-10T10:45:16,187000003,대전75자9918,36.503822,127.261031,34.188,293062011,정부세종청사 북측,0
2026-10-10T10:45:16,187000003,대전75자9917,36.529057,127.264369,37.173,293014014,"해밀동,산울동",0
2026-10-10T10:45:16,187000003,대전75자9916,36.618677,127.326979,51.992,270000635,오송역2.3.4,0
2026-10-10T10:45:16,187000003,대전75자9915,36.619241,127.326317,51.905,270000635,오송역2.3.4,0
2026-10-10T10:45:16,187000003,대전75자9914,36.588735,127.323706,47.372,974019920,오송역2.3.4(미정차),0
2026-10-10T10:45:16,187000003,대전75자9911,36.533954,127.27594,65.291,293014026,한별동,0
2026-10-10T10:45:16,187000003,대전75자9910,36.502125,127.260164,69.691,293062007,정부세종청사 남측,0
2026-10-10T10:45:16,187000003,대전75자9110,36.473874,127.278694,74.495,293064252,대평동,0
2026-10-10T10:45:16,187000003,대전75자9941,36.483412,127.306365,77.506,293064216,소담동(새샘마을),0
2026-10-10T10:45:16,187000003,대전75자9940,36.454376,127.369623,85.45,186005287,국제과학비즈니스벨트,0
2026-10-10T10:45:16,187000003,대전75자9936,36.358733,127.404203,99.596,187001388,대덕산업단지,0
2026-10-10T10:45:16,187000003,대전75자9935,36.335931,127.430436,103.109,187001394,한밭자이아파트,0
2026-10-10T10:45:16,187000003,대전75자9926,36.333289,127.431816,103.427,187001395,대전역동광장,0
2026-10-10T10:45:16,271000801,충북70자1063,36.528682,127.263939,7.514,293014014,"해밀동,산울동",0
2026-10-10T10:45:16,271000801,충북70자1044,36.62706,127.33233,24.871,270054358,오송중학교.청주오스코,0
2026-10-10T10:45:16,271000801,충북70자5130,36.67830432,127.3983792,36.601,270054811,청주소로초등학교,0
2026-10-10T10:45:16,271000802,충북70자3071,36.72248667,127.4956317,0.186,270051719,청주국제공항,0
2026-10-10T10:45:16,271000802,충북70자3070,36.7106972,127.4268312,7.932,284000348,오창프라자,0
2026-10-10T10:45:16,271000802,충북70자2074,36.63399154,127.3363527,24.695,271000627,보건의료행정타운,0
2026-10-10T10:45:16,271000802,충북70자2008,36.5341,127.27661,41.024,293014026,한별동,0
2026-10-10T10:45:16,293000282,세종70자1745,36.474161,127.266941,11.31,293055058,세종고속시외버스터미널,68
2026-10-10T10:45:16,293000282,세종70자1753,36.508825,127.241557,18.427,293064475,"가락마을8단지,가재마을4단지",32
2026-10-10T10:45:16,293000282,세종70자1749,36.561205,127.284368,27.633,293064249,봉암리,8
2026-10-10T10:45:16,293000282,세종70자1743,36.619062,127.327159,37.314,270054837,오송역종점,20
2026-10-10T10:45:16,293000282,세종70자1746,36.619251,127.326854,37.362,270054837,오송역종점,34
2026-10-10T10:45:16,293000283,세종70자1747,36.6049,127.309666,3.259,271000568,오송2리,45
2026-10-10T10:45:16,293000283,세종70자1748,36.561863,127.285176,9.761,293064250,봉암리,12
2026-10-10T10:45:16,293000283,세종70자1751,36.51118499,127.241374,18.811,293064203,"시립도서관,대법원등기정보센터",34
2026-10-10T10:45:16,293000283,세종70자1752,36.43204699,127.286452,31.879,293055059,세종고속시외버스터미널,68
2026-10-10T10:45:16,293000283,세종70자1754,36.38801,127.317963,37.557,186004229,반석역,10
2026-10-10T10:45:16,293000304,세종70자1508,36.528395,127.263636,7.479,293014014,"해밀동,산울동",3
2026-10-10T10:45:16,293000304,세종70자1304,36.499661,127.327048,16.942,293064416,세종공동캠퍼스,59
2026-10-10T10:45:16,293000304,세종70자1505,36.469195,127.273836,23.283,293064251,대평동,32
2026-10-10T10:45:16,293000304,세종70자1509,36.468128,127.274032,23.301,293055001,세종고속시외버스터미널(지상),29
2026-10-10T10:45:16,293000305,세종70자1511,36.497393,127.310768,4.869,293064258,반곡동(수루배마을),28
2026-10-10T10:45:16,293000305,세종70자1512,36.524305,127.329001,9.22,293064417,세종공동캠퍼스,56
2026-10-10T10:45:16,293000305,세종70자1354,36.480451,127.262241,21.585,293053009,한솔동,38
2026-10-10T10:45:16,293000305,세종70자1507,36.469733,127.273821,23.3,293055001,세종고속시외버스터미널(지상),13
2026-10-10T10:45:16,293000311,세종70자1348,36.469208,127.273846,0.019,293055002,세종고속시외버스터미널(지상),33
2026-10-10T10:45:16,293000311,세종70자1351,36.49504,127.325816,6.471,293900015,새나루마을10단지,43
2026-10-10T10:45:16,293000311,세종70자1344,36.5153,127.241419,16.131,293064471,아름제2중(가락마을20단지),16
2026-10-10T10:45:16,293000311,세종70자1349,36.467763,127.273586,23.426,293055001,세종고속시외버스터미널(지상),26
2026-10-10T10:45:16,293000312,세종70자1350,36.50908,127.241095,6.61,293064475,"가락마을8단지,가재마을4단지",44
2026-10-10T10:45:16,293000312,세종70자1345,36.495956,127.325447,16.841,293064479,집현동,25
2026-10-10T10:45:16,293000312,세종70자1352,36.469178,127.27388,23.374,293064251,대평동,20
2026-10-10T10:45:16,293000312,세종70자1346,36.467906,127.27377,23.389,293064251,대평동,255
2026-10-10T10:45:16,271000805,세종73자5672,36.496846,127.308113,2.494,293064257,반곡동(수루배마을),64
2026-10-10T10:45:16,271000805,세종73자5647,36.529045,127.264353,14.248,293014014,"해밀동,산울동",34
2026-10-10T10:45:16,271000805,세종73자5646,36.540083,127.360687,23.758,293064498,다솜동,62
2026-10-10T10:45:16,271000805,세종73자5645,36.633732,127.424939,37.774,971009440,비하삼일아파트,28
2026-10-10T10:45:16,271000806,충북70자1055,36.6212336,127.4334031,5.627,270054831,가로수마을휴먼시아,0
2026-10-10T10:45:16,271000806,충북70자7076,36.53650166,127.30236762,23.912,293900063,용호동,0
2026-10-10T10:45:16,271000806,세종73자5644,36.493018,127.326733,42.158,293064479,집현동,16
2026-10-10T10:45:47,293000317,세종70자1706,36.393836,127.313449,0.686,186005279,반석역,58
2026-10-10T10:45:47,293000317,세종70자1708,36.497494,127.311251,15.113,293064258,반곡동(수루배마을),2
2026-10-10T10:45:47,293000317,세종70자1707,36.614376,127.331749,32.241,293900055,용호동,68
2026-10-10T10:45:47,293000317,세종70자1705,36.619453,127.326568,33.214,270054837,오송역종점,8
2026-10-10T10:45:47,293000317,세종70자1702,36.619111,127.326463,33.214,270054837,오송역종점,17
2026-10-10T10:45:47,293000318,세종70자1701,36.507888,127.329598,15.793,293064493,다솜동,67
2026-10-10T10:45:47,293000318,세종70자1704,36.404283,127.305514,31.323,293055001,세종고속시외버스터미널(지상),69
2026-10-10T10:45:47,187000003,대전75자9925,36.348174,127.416095,3.047,187001382,대덕구청,0
2026-10-10T10:45:47,187000003,대전75자9921,36.468469,127.360243,20.84,186005286,국제과학비즈니스벨트,0
2026-10-10T10:45:47,187000003,대전75자9920,36.475743,127.282152,28.847,293064209,"보람동,대평동",0
2026-10-10T10:45:47,187000003,대전75자9918,36.504543,127.261407,34.275,293062011,정부세종청사 북측,0
2026-10-10T10:45:47,187000003,대전75자9917,36.529057,127.264369,37.173,293014014,"해밀동,산울동",0
2026-10-10T10:45:47,187000003,대전75자9916,36.618677,127.326979,51.992,270000635,오송역2.3.4,0
2026-10-10T10:45:47,187000003,대전75자9915,36.619241,127.326317,51.905,270000635,오송역2.3.4,0
2026-10-10T10:45:47,187000003,대전75자9914,36.588735,127.323706,47.372,974019920,오송역2.3.4(미정차),0
2026-10-10T10:45:47,187000003,대전75자9911,36.529748,127.265194,66.388,293014017,"해밀동,산울동",0
2026-10-10T10:45:47,187000003,대전75자9910,36.50134,127.259745,69.786,293062007,정부세종청사 남측,0
2026-10-10T10:45:47,187000003,대전75자9110,36.474745,127.280295,74.667,293064206,"보람동,대평동",0
2026-10-10T10:45:47,187000003,대전75자9941,36.481784,127.307491,77.714,293064218,한국개발연구원(KDI),0
2026-10-10T10:45:47,187000003,대전75자9940,36.454376,127.369623,85.45,186005287,국제과학비즈니스벨트,0
2026-10-10T10:45:47,187000003,대전75자9936,36.355991,127.406197,99.957,187001389,오정농수산오거리,0
2026-10-10T10:45:47,187000003,대전75자9935,36.333833,127.431341,103.356,183002355,대전역,0
2026-10-10T10:45:47,187000003,대전75자9926,36.335571,127.430823,103.158,187001395,대전역동광장,0
2026-10-10T10:45:47,271000801,충북70자1063,36.528682,127.263939,7.514,293014014,"해밀동,산울동",0
2026-10-10T10:45:47,271000801,충북70자1044,36.62706,127.33233,24.871,270054358,오송중학교.청주오스코,0
2026-10-10T10:45:47,271000801,충북70자5130,36.67830432,127.3983792,36.601,270054811,청주소로초등학교,0
2026-10-10T10:45:47,271000802,충북70자3071,36.72248667,127.4956317,0.186,270051719,청주국제공항,0
2026-10-10T10:45:47,271000802,충북70자3070,36.70873187,127.4266107,8.159,284000348,오창프라자,0
2026-10-10T10:45:47,271000802,충북70자2074,36.62998931,127.3336834,25.212,271000627,보건의료행정타운,0
2026-10-10T10:45:47,271000802,충북70자2008,36.529537,127.264719,42.229,293014017,"해밀동,산울동",0
2026-10-10T10:45:47,293000282,세종70자1745,36.478659,127.263723,11.887,293055058,세종고속시외버스터미널,42
2026-10-10T10:45:47,293000282,세종70자1753,36.511317,127.241658,18.704,293064204,"시립도서관,대법원등기정보센터",34
2026-10-10T10:45:47,293000282,세종70자1749,36.561824,127.285283,27.739,293064249,봉암리,48
2026-10-10T10:45:47,293000282,세종70자1743,36.619062,127.327159,37.314,270054837,오송역종점,20
2026-10-10T10:45:47,293000282,세종70자1746,36.619251,127.326854,37.362,270054837,오송역종점,34
2026-10-10T10:45:47,293000283,세종70자1747,36.604134,127.307399,3.479,271000568,오송2리,36
2026-10-10T10:45:47,293000283,세종70자1748,36.561602,127.284785,9.807,293064250,봉암리,38
2026-10-10T10:45:47,293000283,세종70자1751,36.50793,127.241311,19.173,293064472,"가락마을8단지,가재마을4단지",15
2026-10-10T10:45:47,293000283,세종70자1752,36.428762,127.288614,32.126,293055059,세종고속시외버스터미널,68
2026-10-10T10:45:47,293000283,세종70자1754,36.38801,127.317963,37.557,186004229,반석역,10
2026-10-10T10:45:47,293000303,세종70자1507,36.470941,127.273823,23.503,293064221,세종고속시외버스터미널(지하),15
2026-10-10T10:45:47,293000304,세종70자1508,36.528995,127.264295,7.568,293014014,"해밀동,산울동",28
2026-10-10T10:45:47,293000304,세종70자1304,36.498775,127.32525,17.13,293064416,세종공동캠퍼스,63
2026-10-10T10:45:47,293000304,세종70자1505,36.469195,127.273836,23.283,293064251,대평동,32
2026-10-10T10:45:47,293000304,세종70자1509,36.468128,127.274032,23.301,293055001,세종고속시외버스터미널(지상),29
2026-10-10T10:45:47,293000305,세종70자1511,36.497756,127.311161,4.908,293064258,반곡동(수루배마을),28
2026-10-10T10:45:47,293000305,세종70자1512,36.527611,127.32554,9.704,293064417,세종공동캠퍼스,58
2026-10-10T10:45:47,293000305,세종70자1354,36.479458,127.262809,21.706,293053009,한솔동,38
2026-10-10T10:45:47,293000311,세종70자1348,36.469208,127.273846,0.019,293055002,세종고속시외버스터미널(지상),33
2026-10-10T10:45:47,293000311,세종70자1351,36.497327,127.325564,6.722,293900015,새나루마을10단지,19
2026-10-10T10:45:47,293000311,세종70자1344,36.512011,127.241357,16.496,293064471,아름제2중(가락마을20단지),46
2026-10-10T10:45:47,293000311,세종70자1349,36.467763,127.273586,23.426,293055001,세종고속시외버스터미널(지상),26
2026-10-10T10:45:47,293000312,세종70자1350,36.51126,127.241263,6.852,293064204,"시립도서관,대법원등기정보센터",32
2026-10-10T10:45:47,293000312,세종70자1345,36.49270099,127.32501,17.207,293900016,새나루마을10단지,24
2026-10-10T10:45:47,293000312,세종70자1352,36.469178,127.27388,23.374,293064251,대평동,20
2026-10-10T10:45:47,293000312,세종70자1346,36.467893,127.273782,23.389,293064251,대평동,255
2026-10-10T10:45:47,271000805,세종73자5672,36.49230699,127.304562,3.096,293064261,국책연구단지,38
2026-10-10T10:45:47,271000805,세종73자5647,36.530246,127.265813,14.435,293014014,"해밀동,산울동",47
2026-10-10T10:45:47,271000805,세종73자5646,36.54269699,127.367311,24.464,293064498,다솜동,70
2026-10-10T10:45:47,271000805,세종73자5645,36.635506,127.423723,38.0,270054817,하복대벽산.서청주파크자이아파트,33
2026-10-10T10:45:47,271000806,충북70자1055,36.6212336,127.4334031,5.627,270054831,가로수마을휴먼시아,0
2026-10-10T10:45:47,271000806,충북70자7076,36.534046,127.292199,24.865,293014058,누리동,0
2026-10-10T10:45:47,271000806,세종73자5644,36.493018,127.326733,42.158,293064479,집현동,16
2026-10-10T10:46:19,293000317,세종70자1706,36.395465,127.312266,0.897,186005279,반석역,58
2026-10-10T10:46:19,293000317,세종70자1708,36.497494,127.311251,15.113,293064258,반곡동(수루배마을),2
2026-10-10T10:46:19,293000317,세종70자1707,36.617485,127.328234,32.971,293900055,용호동,41
2026-10-10T10:46:19,293000317,세종70자1702,36.619111,127.326463,33.214,270054837,오송역종점,17
2026-10-10T10:46:19,293000318,세종70자1705,36.619409,127.326291,0.165,270000635,오송역2.3.4,21
2026-10-10T10:46:19,293000318,세종70자1701,36.503103,127.329181,16.327,293064493,다솜동,63
2026-10-10T10:46:19,293000318,세종70자1704,36.403038,127.306643,31.494,293055001,세종고속시외버스터미널(지상),68
2026-10-10T10:46:19,187000003,대전75자9925,36.349324,127.414696,3.229,187001383,한남오거리(BRT),0
2026-10-10T10:46:19,187000003,대전75자9921,36.468469,127.360243,20.84,186005286,국제과학비즈니스벨트,0
2026-10-10T10:46:19,187000003,대전75자9920,36.475379,127.281419,28.928,293064209,"보람동,대평동",0
2026-10-10T10:46:19,187000003,대전75자9918,36.504543,127.261407,34.275,293062011,정부세종청사 북측,0
2026-10-10T10:46:19,187000003,대전75자9917,36.529057,127.264369,37.173,293014014,"해밀동,산울동",0
2026-10-10T10:46:19,187000003,대전75자9916,36.619434,127.326652,51.823,270000635,오송역2.3.4,0
2026-10-10T10:46:19,187000003,대전75자9915,36.619241,127.326317,51.905,270000635,오송역2.3.4,0
2026-10-10T10:46:19,187000003,대전75자9914,36.575658,127.31966,45.861,974019920,오송역2.3.4(미정차),0
2026-10-10T10:46:19,187000003,대전75자9911,36.529748,127.265194,66.388,293014017,"해밀동,산울동",0
2026-10-10T10:46:19,187000003,대전75자9910,36.498491,127.258183,70.138,293062007,정부세종청사 남측,0
2026-10-10T10:46:19,187000003,대전75자9110,36.475131,127.280897,74.736,293064206,"보람동,대평동",0
2026-10-10T10:46:19,187000003,대전75자9941,36.480933,127.307768,77.812,293064218,한국개발연구원(KDI),0
2026-10-10T10:46:19,187000003,대전75자9940,36.443829,127.383507,87.444,186005287,국제과학비즈니스벨트,0
2026-10-10T10:46:19,187000003,대전75자9936,36.355355,127.406994,100.057,187001389,오정농수산오거리,0
2026-10-10T10:46:19,187000003,대전75자9935,36.333833,127.431341,103.356,183002355,대전역,0
2026-10-10T10:46:19,187000003,대전75자9926,36.335571,127.430823,103.158,187001395,대전역동광장,0
2026-10-10T10:46:19,271000801,충북70자1063,36.528682,127.263939,7.514,293014014,"해밀동,산울동",0
2026-10-10T10:46:19,271000801,충북70자1044,36.62998931,127.3336834,25.218,270054358,오송중학교.청주오스코,0
2026-10-10T10:46:19,271000801,충북70자5130,36.68204577,127.4045865,37.294,270054811,청주소로초등학교,0
2026-10-10T10:46:19,271000802,충북70자3071,36.72248667,127.4956317,0.186,270051719,청주국제공항,0
2026-10-10T10:46:19,271000802,충북70자3070,36.70873187,127.4266107,8.159,284000348,오창프라자,0
2026-10-10T10:46:19,271000802,충북70자2074,36.627526,127.332272,25.514,271000608,오송휴먼시아아파트,0
2026-10-10T10:46:19,271000802,충북70자2008,36.52720781,127.26268116,42.547,293014017,"해밀동,산울동",0
2026-10-10T10:46:19,293000282,세종70자1745,36.479063,127.263434,11.939,293055058,세종고속시외버스터미널,42
2026-10-10T10:46:19,293000282,세종70자1753,36.511802,127.241779,18.815,293064204,"시립도서관,대법원등기정보센터",8
2026-10-10T10:46:19,293000282,세종70자1749,36.565798,127.288784,28.285,293064249,봉암리,69
2026-10-10T10:46:19,293000282,세종70자1743,36.619062,127.327159,37.314,270054837,오송역종점,20
2026-10-10T10:46:19,293000283,세종70자1747,36.603473,127.305507,3.663,271000568,오송2리,4
2026-10-10T10:46:19,293000283,세종70자1748,36.55571299,127.279512,10.629,293064250,봉암리,68
2026-10-10T10:46:19,293000283,세종70자1751,36.506589,127.241286,19.322,293064472,"가락마을8단지,가재마을4단지",55
2026-10-10T10:46:19,293000283,세종70자1752,36.424162,127.294559,32.126,293055059,세종고속시외버스터미널,67
2026-10-10T10:46:19,293000283,세종70자1754,36.38801,127.317963,37.557,186004229,반석역,10
2026-10-10T10:46:19,293000303,세종70자1507,36.472447,127.276556,0.86,293064252,대평동,1
2026-10-10T10:46:19,293000304,세종70자1508,36.530771,127.266553,7.851,293014014,"해밀동,산울동",42
2026-10-10T10:46:19,293000304,세종70자1304,36.498775,127.32525,17.13,293064416,세종공동캠퍼스,63
2026-10-10T10:46:19,293000304,세종70자1505,36.469195,127.273836,23.283,293064251,대평동,32
2026-10-10T10:46:19,293000304,세종70자1509,36.468128,127.274032,23.301,293055001,세종고속시외버스터미널(지상),29
2026-10-10T10:46:19,293000305,세종70자1511,36.497748,127.311298,4.92,293064258,반곡동(수루배마을),24
2026-10-10T10:46:19,293000305,세종70자1512,36.532005,127.320021,10.398,293064492,다솜동,38
2026-10-10T10:46:19,293000305,세종70자1354,36.479458,127.262809,21.706,293053009,한솔동,38
2026-10-10T10:46:19,293000311,세종70자1348,36.468968,127.27376,0.0,293055002,세종고속시외버스터미널(지상),24
2026-10-10T10:46:19,293000311,세종70자1351,36.498233,127.325223,6.826,293900015,새나루마을10단지,18
2026-10-10T10:46:19,293000311,세종70자1344,36.510684,127.241329,16.644,293064203,"시립도서관,대법원등기정보센터",39
2026-10-10T10:46:19,293000311,세종70자1349,36.467763,127.273586,23.426,293055001,세종고속시외버스터미널(지상),26
2026-10-10T10:46:19,293000312,세종70자1350,36.51126,127.241263,6.852,293064204,"시립도서관,대법원등기정보센터",32
2026-10-10T10:46:19,293000312,세종70자1345,36.4912,127.324531,17.382,293011069,새나루마을9단지,30
2026-10-10T10:46:19,293000312,세종70자1352,36.469178,127.27388,23.374,293064251,대평동,20
2026-10-10T10:46:19,293000312,세종70자1346,36.467897,127.273781,23.389,293064251,대평동,255
2026-10-10T10:46:19,271000805,세종73자5672,36.489444,127.302597,3.46,293064261,국책연구단지,62
2026-10-10T10:46:19,271000805,세종73자5647,36.532558,127.270179,14.905,293014014,"해밀동,산울동",62
2026-10-10T10:46:19,271000805,세종73자5646,36.545709,127.368339,24.812,293064498,다솜동,71
2026-10-10T10:46:19,271000805,세종73자5645,36.63780899,127.423059,38.264,971009600,영조1차아파트.비하새동네,29
2026-10-10T10:46:19,271000806,충북70자1055,36.6177322,127.4276962,6.378,270054833,서현공원,0
2026-10-10T10:46:19,271000806,충북70자7076,36.534046,127.292199,24.865,293014058,누리동,0
2026-10-10T10:46:19,271000806,세종73자5644,36.493018,127.326733,42.158,293064479,집현동,16
2026-10-10T10:46:51,293000317,세종70자1706,36.395465,127.312266,0.897,186005279,반석역,58
2026-10-10T10:46:51,293000317,세종70자1708,36.497461,127.317696,15.692,293064258,반곡동(수루배마을),69
2026-10-10T10:46:51,293000317,세종70자1707,36.618541,127.327096,33.119,293900055,용호동,8
2026-10-10T10:46:51,293000317,세종70자1702,36.619111,127.326463,33.214,270054837,오송역종점,17
2026-10-10T10:46:51,293000318,세종70자1705,36.619203,127.326985,0.052,270000635,오송역2.3.4,13
2026-10-10T10:46:51,293000318,세종70자1701,36.501421,127.328705,16.519,293064416,세종공동캠퍼스,21
2026-10-10T10:46:51,293000318,세종70자1704,36.398765,127.310174,32.064,293055001,세종고속시외버스터미널(지상),68
2026-10-10T10:46:51,187000003,대전75자9925,36.351414,127.412107,3.557,187001384,오정동행정복지센터,0
2026-10-10T10:46:51,187000003,대전75자9921,36.474459,127.334327,23.29,186005286,국제과학비즈니스벨트,0
2026-10-10T10:46:51,187000003,대전75자9920,36.475379,127.281419,28.928,293064209,"보람동,대평동",0
2026-10-10T10:46:51,187000003,대전75자9918,36.504543,127.261407,34.275,293062011,정부세종청사 북측,0
2026-10-10T10:46:51,187000003,대전75자9917,36.533721,127.274801,38.263,293014025,한별동,0
2026-10-10T10:46:51,187000003,대전75자9916,36.619434,127.326652,51.823,270000635,오송역2.3.4,0
2026-10-10T10:46:51,187000003,대전75자9915,36.619241,127.326317,51.905,270000635,오송역2.3.4,0
2026-10-10T10:46:51,187000003,대전75자9914,36.575658,127.31966,45.861,974019920,오송역2.3.4(미정차),0
2026-10-10T10:46:51,187000003,대전75자9911,36.529033,127.264437,66.493,293014017,"해밀동,산울동",0
2026-10-10T10:46:51,187000003,대전75자9910,36.495213,127.256598,70.537,293062004,다정동,0
2026-10-10T10:46:51,187000003,대전75자9110,36.475131,127.280897,74.736,293064206,"보람동,대평동",0
2026-10-10T10:46:51,187000003,대전75자9941,36.478334,127.309966,78.169,293064218,한국개발연구원(KDI),0
2026-10-10T10:46:51,187000003,대전75자9940,36.443829,127.383507,87.444,186005287,국제과학비즈니스벨트,0
2026-10-10T10:46:51,187000003,대전75자9936,36.355355,127.406994,100.057,187001389,오정농수산오거리,0
2026-10-10T10:46:51,187000003,대전75자9935,36.333833,127.431341,103.356,183002355,대전역,0
2026-10-10T10:46:51,187000003,대전75자9926,36.335571,127.430823,103.158,187001395,대전역동광장,0
2026-10-10T10:46:51,271000801,충북70자1063,36.53413001,127.27711618,8.873,293014025,한별동,0
2026-10-10T10:46:51,271000801,충북70자1044,36.63399154,127.3363527,25.763,270054358,오송중학교.청주오스코,0
2026-10-10T10:46:51,271000801,충북70자5130,36.69065627,127.4143347,38.589,270054811,청주소로초등학교,0
2026-10-10T10:46:51,271000802,충북70자3071,36.72248667,127.4956317,0.186,270051719,청주국제공항,0
2026-10-10T10:46:51,271000802,충북70자3070,36.70735567,127.4284514,8.394,284000348,오창프라자,0
2026-10-10T10:46:51,271000802,충북70자2074,36.62409673,127.3305556,25.928,271000608,오송휴먼시아아파트,0
2026-10-10T10:46:51,271000802,충북70자2008,36.521617,127.259736,43.226,293064446,세종충남대학교병원,0
2026-10-10T10:46:51,293000282,세종70자1745,36.47938,127.263207,11.98,293055058,세종고속시외버스터미널,37
2026-10-10T10:46:51,293000282,세종70자1753,36.511725,127.246287,19.218,293064204,"시립도서관,대법원등기정보센터",49
2026-10-10T10:46:51,293000282,세종70자1749,36.570606,127.290325,28.836,293064249,봉암리,69
2026-10-10T10:46:51,293000282,세종70자1743,36.619062,127.327159,37.314,270054837,오송역종점,20
2026-10-10T10:46:51,293000283,세종70자1747,36.602874,127.304131,3.803,293001096,조치원버스터미널,24
2026-10-10T10:46:51,293000283,세종70자1748,36.55268499,127.277807,10.999,293900057,연기리,58
2026-10-10T10:46:51,293000283,세종70자1751,36.503072,127.240987,19.714,293064473,"종촌초등학교(가락마을6,7단지)",31
2026-10-10T10:46:51,293000283,세종70자1752,36.421276,127.297834,33.472,293055059,세종고속시외버스터미널,68
2026-10-10T10:46:51,293000283,세종70자1754,36.38801,127.317963,37.557,186004229,반석역,10
2026-10-10T10:46:51,293000303,세종70자1507,36.47478499,127.280545,1.301,293064206,"보람동,대평동",39
2026-10-10T10:46:51,293000304,세종70자1508,36.533733,127.274981,8.684,293014025,한별동,32
2026-10-10T10:46:51,293000304,세종70자1304,36.498775,127.32525,17.13,293064416,세종공동캠퍼스,63
2026-10-10T10:46:51,293000304,세종70자1505,36.469195,127.273836,23.283,293064251,대평동,32
2026-10-10T10:46:51,293000304,세종70자1509,36.468128,127.274032,23.301,293055001,세종고속시외버스터미널(지상),29
2026-10-10T10:46:51,293000305,세종70자1511,36.49751,127.317766,5.498,293064258,반곡동(수루배마을),57
2026-10-10T10:46:51,293000305,세종70자1512,36.532973,127.318768,10.553,293064492,다솜동,48
2026-10-10T10:46:51,293000305,세종70자1354,36.479081,127.26295,21.748,293053009,한솔동,32
2026-10-10T10:46:51,293000311,세종70자1348,36.468348,127.273208,0.0,293055002,세종고속시외버스터미널(지상),18
2026-10-10T10:46:51,293000311,세종70자1351,36.498262,127.322878,7.075,293900015,새나루마을10단지,26
2026-10-10T10:46:51,293000311,세종70자1344,36.509368,127.241333,16.79,293064203,"시립도서관,대법원등기정보센터",39
2026-10-10T10:46:51,293000311,세종70자1349,36.467763,127.273586,23.426,293055001,세종고속시외버스터미널(지상),26
2026-10-10T10:46:51,293000312,세종70자1350,36.511546,127.241213,6.884,293064204,"시립도서관,대법원등기정보센터",32
2026-10-10T10:46:51,293000312,세종70자1345,36.489556,127.323801,17.578,293011067,새나루마을8단지,27
2026-10-10T10:46:51,293000312,세종70자1352,36.469178,127.27388,23.374,293064251,대평동,20
2026-10-10T10:46:51,293000312,세종70자1346,36.467894,127.273771,23.389,293064251,대평동,255
2026-10-10T10:46:51,271000805,세종73자5672,36.487023,127.301596,3.744,293064254,"법원,검찰청,경찰청",26
2026-10-10T10:46:51,271000805,세종73자5647,36.53385999,127.275816,15.432,293014025,한별동,35
2026-10-10T10:46:51,271000805,세종73자5646,36.550633,127.369549,25.37,293064498,다솜동,69
2026-10-10T10:46:51,271000805,세종73자5645,36.640251,127.422479,38.54,971009060,부모산.연화사입구,23
2026-10-10T10:46:51,271000806,충북70자1055,36.6177322,127.4276962,6.378,270054833,서현공원,0
2026-10-10T10:46:51,271000806,충북70자7076,36.53440642,127.28671183,25.357,293014058,누리동,0
2026-10-10T10:46:51,271000806,세종73자5644,36.493018,127.326733,42.158,293064479,집현동,16
2026-10-10T10:47:24,293000317,세종70자1706,36.395939,127.311958,0.956,186005279,반석역,38
2026-10-10T10:47:24,293000317,세종70자1708,36.49792399,127.322404,16.117,293064419,집현동,44
2026-10-10T10:47:24,293000317,세종70자1707,36.618923,127.327163,33.16,293900055,용호동,5
2026-10-10T10:47:24,293000317,세종70자1702,36.619111,127.326463,33.214,270054837,오송역종점,17
2026-10-10T10:47:24,293000318,세종70자1705,36.619505,127.326776,0.089,270000635,오송역2.3.4,29
2026-10-10T10:47:24,293000318,세종70자1701,36.498669,127.32482,16.989,293064416,세종공동캠퍼스,55
2026-10-10T10:47:24,293000318,세종70자1704,36.39587499,127.311826,32.418,293055001,세종고속시외버스터미널(지상),31
2026-10-10T10:47:24,187000003,대전75자9925,36.35209,127.411275,3.663,187001384,오정동행정복지센터,0
2026-10-10T10:47:24,187000003,대전75자9921,36.474459,127.334327,23.29,186005286,국제과학비즈니스벨트,0
2026-10-10T10:47:24,187000003,대전75자9920,36.472066,127.276342,29.516,293064251,대평동,0
2026-10-10T10:47:24,187000003,대전75자9918,36.513652,127.259257,35.339,293056003,도담동,0
2026-10-10T10:47:24,187000003,대전75자9917,36.533901,127.275889,38.363,293014025,한별동,0
2026-10-10T10:47:24,187000003,대전75자9916,36.619434,127.326652,51.823,270000635,오송역2.3.4,0
2026-10-10T10:47:24,187000003,대전75자9915,36.619241,127.326317,51.905,270000635,오송역2.3.4,0
2026-10-10T10:47:24,187000003,대전75자9914,36.575658,127.31966,45.861,974019920,오송역2.3.4(미정차),0
2026-10-10T10:47:24,187000003,대전75자9911,36.529033,127.264437,66.493,293014017,"해밀동,산울동",0
2026-10-10T10:47:24,187000003,대전75자9910,36.49435,127.256392,70.636,293062004,다정동,0
2026-10-10T10:47:24,187000003,대전75자9110,36.475131,127.280897,74.736,293064206,"보람동,대평동",0
2026-10-10T10:47:24,187000003,대전75자9941,36.478334,127.309966,78.169,293064218,한국개발연구원(KDI),0
2026-10-10T10:47:24,187000003,대전75자9940,36.438222,127.395312,88.743,187001388,대덕산업단지,0
2026-10-10T10:47:24,187000003,대전75자9936,36.355355,127.406994,100.057,187001389,오정농수산오거리,0
2026-10-10T10:47:24,187000003,대전75자9935,36.333031,127.43168,103.45,183002355,대전역,0
2026-10-10T10:47:24,187000003,대전75자9926,36.335571,127.430823,103.158,187001395,대전역동광장,0
2026-10-10T10:47:24,271000801,충북70자1063,36.534572,127.27994,9.13,293014025,한별동,0
2026-10-10T10:47:24,271000801,충북70자1044,36.63614324,127.3326879,26.213,270054358,오송중학교.청주오스코,0
2026-10-10T10:47:24,271000801,충북70자5130,36.69065627,127.4143347,38.589,270054811,청주소로초등학교,0
2026-10-10T10:47:24,271000802,충북70자3071,36.72248667,127.4956317,0.186,270051719,청주국제공항,0
2026-10-10T10:47:24,271000802,충북70자3070,36.7054502,127.4263229,8.684,284000348,오창프라자,0
2026-10-10T10:47:24,271000802,충북70자2074,36.6230577,127.3310504,26.06,271000608,오송휴먼시아아파트,0
2026-10-10T10:47:24,271000802,충북70자2008,36.52027461,127.25940059,43.379,293064446,세종충남대학교병원,0
2026-10-10T10:47:24,293000282,세종70자1745,36.48302,127.26052,12.451,293053010,한솔동(첫마을),43
2026-10-10T10:47:24,293000282,세종70자1753,36.511668,127.247489,19.326,293061003,아름동커뮤니티센터,17
2026-10-10T10:47:24,293000282,세종70자1749,36.574745,127.291545,29.31,293064249,봉암리,16
2026-10-10T10:47:24,293000282,세종70자1743,36.619062,127.327159,37.314,270054837,오송역종점,20
2026-10-10T10:47:24,293000283,세종70자1747,36.602454,127.303165,3.901,293001096,조치원버스터미널,29
2026-10-10T10:47:24,293000283,세종70자1748,36.54936,127.275497,11.422,293900057,연기리,67
2026-10-10T10:47:24,293000283,세종70자1751,36.502722,127.240929,19.753,293064473,"종촌초등학교(가락마을6,7단지)",31
2026-10-10T10:47:24,293000283,세종70자1752,36.414126,127.299906,34.289,293055059,세종고속시외버스터미널,67
2026-10-10T10:47:24,293000283,세종70자1754,36.38801,127.317963,37.557,186004229,반석역,10
2026-10-10T10:47:24,293000303,세종70자1507,36.475197,127.281241,1.378,293064206,"보람동,대평동",25
2026-10-10T10:47:24,293000304,세종70자1508,36.53455499,127.280095,9.15,293014025,한별동,54
2026-10-10T10:47:24,293000304,세종70자1304,36.498111,127.322406,17.394,293064418,집현동,30
2026-10-10T10:47:24,293000304,세종70자1505,36.469195,127.273836,23.283,293064251,대평동,32
2026-10-10T10:47:24,293000304,세종70자1509,36.468128,127.274032,23.301,293055001,세종고속시외버스터미널(지상),29
2026-10-10T10:47:24,293000305,세종70자1511,36.49798599,127.322369,5.915,293064419,집현동,54
2026-10-10T10:47:24,293000305,세종70자1512,36.535465,127.31417,11.051,293064492,다솜동,54
2026-10-10T10:47:24,293000305,세종70자1354,36.477763,127.26403,21.924,293053009,한솔동,51
2026-10-10T10:47:24,293000311,세종70자1348,36.467643,127.273536,0.0,293055002,세종고속시외버스터미널(지상),18
2026-10-10T10:47:24,293000311,세종70자1351,36.49778,127.319921,7.346,293064480,집현동,37
2026-10-10T10:47:24,293000311,세종70자1344,36.509368,127.241333,16.79,293064203,"시립도서관,대법원등기정보센터",39
2026-10-10T10:47:24,293000311,세종70자1349,36.467763,127.273586,23.426,293055001,세종고속시외버스터미널(지상),26
2026-10-10T10:47:24,293000312,세종70자1350,36.511546,127.241213,6.884,293064204,"시립도서관,대법원등기정보센터",32
2026-10-10T10:47:24,293000312,세종70자1345,36.488132,127.322854,17.761,293011067,새나루마을8단지,33
2026-10-10T10:47:24,293000312,세종70자1352,36.469178,127.27388,23.374,293064251,대평동,20
2026-10-10T10:47:24,293000312,세종70자1346,36.467874,127.273786,23.389,293064251,대평동,255
2026-10-10T10:47:24,271000805,세종73자5672,36.486635,127.301359,3.792,293064254,"법원,검찰청,경찰청",26
2026-10-10T10:47:24,271000805,세종73자5647,36.534198,127.27787,15.619,293014025,한별동,48
2026-10-10T10:47:24,271000805,세종73자5646,36.561587,127.37056,26.051,293064498,다솜동,71
2026-10-10T10:47:24,271000805,세종73자5645,36.640487,127.422466,38.566,971009060,부모산.연화사입구,23
2026-10-10T10:47:24,271000806,충북70자1055,36.6177322,127.4276962,6.378,270054833,서현공원,0
2026-10-10T10:47:24,271000806,충북70자7076,36.5341,127.27661,26.269,293014026,한별동,0
2026-10-10T10:47:24,271000806,세종73자5644,36.493018,127.326733,42.158,293064479,집현동,16
2026-10-10T10:47:56,293000317,세종70자1706,36.399818,127.309723,1.432,186005279,반석역,67
2026-10-10T10:47:56,293000317,세종70자1708,36.500602,127.328178,16.728,293064417,세종공동캠퍼스,36
2026-10-10T10:47:56,293000317,세종70자1707,36.61952,127.326431,33.214,270054837,오송역종점,25
2026-10-10T10:47:56,293000317,세종70자1702,36.619111,127.326463,33.214,270054837,오송역종점,17
2026-10-10T10:47:56,293000318,세종70자1705,36.618835,127.326617,0.24,270000635,오송역2.3.4,2
2026-10-10T10:47:56,293000318,세종70자1701,36.49807599,127.322408,17.215,293064418,집현동,20
2026-10-10T10:47:56,293000318,세종70자1704,36.392622,127.314245,32.84,186005278,반석역,35
2026-10-10T10:47:56,187000003,대전75자9925,36.35209,127.411275,3.663,187001384,오정동행정복지센터,0
2026-10-10T10:47:56,187000003,대전75자9921,36.474459,127.334327,23.29,186005286,국제과학비즈니스벨트,0
2026-10-10T10:47:56,187000003,대전75자9920,36.471663,127.275155,29.628,293064251,대평동,0
2026-10-10T10:47:56,187000003,대전75자9918,36.51454,127.259109,35.439,293056003,도담동,0
2026-10-10T10:47:56,187000003,대전75자9917,36.533901,127.275889,38.363,293014025,한별동,0
2026-10-10T10:47:56,187000003,대전75자9916,36.619434,127.326652,51.823,270000635,오송역2.3.4,0
2026-10-10T10:47:56,187000003,대전75자9915,36.619241,127.326317,51.905,270000635,오송역2.3.4,0
2026-10-10T10:47:56,187000003,대전75자9914,36.565553,127.309302,59.276,974019920,오송역2.3.4(미정차),0
2026-10-10T10:47:56,187000003,대전75자9911,36.522003,127.259894,67.393,293064446,세종충남대학교병원,0
2026-10-10T10:47:56,187000003,대전75자9910,36.488116,127.257065,71.346,293053004,"새롬동,나성동",0
2026-10-10T10:47:56,187000003,대전75자9110,36.475131,127.280897,74.736,293064206,"보람동,대평동",0
2026-10-10T10:47:56,187000003,대전75자9941,36.478334,127.309966,78.169,293064218,한국개발연구원(KDI),0
2026-10-10T10:47:56,187000003,대전75자9940,36.438222,127.395312,88.743,187001388,대덕산업단지,0
2026-10-10T10:47:56,187000003,대전75자9936,36.355355,127.406994,100.057,187001389,오정농수산오거리,0
2026-10-10T10:47:56,187000003,대전75자9935,36.333031,127.43168,103.45,183002355,대전역,0
2026-10-10T10:47:56,187000003,대전75자9926,36.337943,127.429746,102.877,187001395,대전역동광장,0
2026-10-10T10:47:56,271000801,충북70자1063,36.53440642,127.28671183,9.735,293014025,한별동,0
2026-10-10T10:47:56,271000801,충북70자1044,36.63614324,127.3326879,26.213,270054358,오송중학교.청주오스코,0
2026-10-10T10:47:56,271000801,충북70자5130,36.69065627,127.4143347,38.589,270054811,청주소로초등학교,0
2026-10-10T10:47:56,271000802,충북70자3071,36.72248667,127.4956317,0.186,270051719,청주국제공항,0
2026-10-10T10:47:56,271000802,충북70자3070,36.7054502,127.4263229,8.684,284000348,오창프라자,0
2026-10-10T10:47:56,271000802,충북70자2074,36.6230577,127.3310504,26.06,271000608,오송휴먼시아아파트,0
2026-10-10T10:47:56,271000802,충북70자2008,36.51528109,127.25899041,43.938,293064446,세종충남대학교병원,0
2026-10-10T10:47:56,293000282,세종70자1745,36.483979,127.259544,12.605,293053007,첫마을1단지,12
2026-10-10T10:47:56,293000282,세종70자1753,36.511671,127.247817,19.355,293061003,아름동커뮤니티센터,3
2026-10-10T10:47:56,293000282,세종70자1749,36.575428,127.291773,29.391,293064249,봉암리,37
2026-10-10T10:47:56,293000282,세종70자1743,36.619062,127.327159,37.314,270054837,오송역종점,20
2026-10-10T10:47:56,293000283,세종70자1747,36.602156,127.302502,3.969,293001096,조치원버스터미널,11
2026-10-10T10:47:56,293000283,세종70자1748,36.543039,127.271359,12.218,293900057,연기리,67
2026-10-10T10:47:56,293000283,세종70자1751,36.502722,127.240929,19.753,293064473,"종촌초등학교(가락마을6,7단지)",31
2026-10-10T10:47:56,293000283,세종70자1752,36.410385,127.301337,34.733,293055059,세종고속시외버스터미널,67
2026-10-10T10:47:56,293000283,세종70자1754,36.388017,127.317959,37.557,186004229,반석역,8
2026-10-10T10:47:56,293000303,세종70자1507,36.476796,127.284586,1.727,293064206,"보람동,대평동",51
2026-10-10T10:47:56,293000304,세종70자1508,36.534648,127.284371,9.531,293014025,한별동,56
2026-10-10T10:47:56,293000304,세종70자1304,36.49769,127.319273,17.678,293064418,집현동,29
2026-10-10T10:47:56,293000304,세종70자1505,36.469195,127.273836,23.283,293064251,대평동,32
2026-10-10T10:47:56,293000304,세종70자1509,36.468128,127.274032,23.301,293055001,세종고속시외버스터미널(지상),29
2026-10-10T10:47:56,293000305,세종70자1511,36.499768,127.327346,6.409,293064419,집현동,56
2026-10-10T10:47:56,293000305,세종70자1512,36.536928,127.309841,11.474,293900055,용호동,57
2026-10-10T10:47:56,293000305,세종70자1354,36.472085,127.2683,22.662,293053009,한솔동,59
2026-10-10T10:47:56,293000311,세종70자1348,36.467643,127.273536,0.0,293055002,세종고속시외버스터미널(지상),18
2026-10-10T10:47:56,293000311,세종70자1351,36.497866,127.318192,7.502,293064480,집현동,37
2026-10-10T10:47:56,293000311,세종70자1344,36.507949,127.24131,16.948,293064472,"가락마을8단지,가재마을4단지",20
2026-10-10T10:47:56,293000311,세종70자1349,36.467668,127.273738,23.426,293055001,세종고속시외버스터미널(지상),26
2026-10-10T10:47:56,293000312,세종70자1350,36.511695,127.241269,6.901,293064204,"시립도서관,대법원등기정보센터",10
2026-10-10T10:47:56,293000312,세종70자1345,36.486153,127.321109,18.029,293011064,새나루마을1단지,36
2026-10-10T10:47:56,293000312,세종70자1352,36.469178,127.27388,23.374,293064251,대평동,20
2026-10-10T10:47:56,293000312,세종70자1346,36.467861,127.273887,23.389,293064251,대평동,255
2026-10-10T10:47:56,271000805,세종73자5672,36.486324,127.301117,3.833,293064254,"법원,검찰청,경찰청",33
2026-10-10T10:47:56,271000805,세종73자5647,36.534362,127.286717,16.415,293014025,한별동,54
2026-10-10T10:47:56,271000805,세종73자5646,36.565067,127.375665,27.219,293064498,다솜동,70
2026-10-10T10:47:56,271000805,세종73자5645,36.640487,127.422466,38.566,971009060,부모산.연화사입구,23
2026-10-10T10:47:56,271000806,충북70자1055,36.6177322,127.4276962,6.378,270054833,서현공원,0
2026-10-10T10:47:56,271000806,충북70자7076,36.5341,127.27661,26.269,293014026,한별동,0
2026-10-10T10:47:56,271000806,세종73자5644,36.493018,127.326733,42.158,293064479,집현동,16
2026-10-10T10:48:28,293000317,세종70자1706,36.407803,127.302949,2.504,186005279,반석역,69
2026-10-10T10:48:28,293000317,세종70자1708,36.500832,127.328345,16.758,293064417,세종공동캠퍼스,36
2026-10-10T10:48:28,293000317,세종70자1707,36.619097,127.326795,33.214,270054837,오송역종점,25
2026-10-10T10:48:28,293000317,세종70자1702,36.619111,127.326463,33.214,270054837,오송역종점,17
2026-10-10T10:48:28,293000318,세종70자1705,36.618087,127.3274,0.358,270000635,오송역2.3.4,41
2026-10-10T10:48:28,293000318,세종70자1701,36.497751,127.320282,17.408,293064418,집현동,37
2026-10-10T10:48:28,293000318,세종70자1704,36.391359,127.315127,32.906,186005278,반석역,44
2026-10-10T10:48:28,187000003,대전75자9926,36.340945,127.425712,1.866,187001380,한밭자이아파트,0
2026-10-10T10:48:28,187000003,대전75자9925,36.353057,127.41003,3.818,187001384,오정동행정복지센터,0
2026-10-10T10:48:28,187000003,대전75자9921,36.48067,127.308012,25.832,293064219,한국개발연구원(KDI),0
2026-10-10T10:48:28,187000003,대전75자9920,36.47072,127.271977,29.944,293064220,세종고속시외버스터미널(지하),0
2026-10-10T10:48:28,187000003,대전75자9918,36.520978,127.259595,36.16,293064445,세종충남대학교병원,0
2026-10-10T10:48:28,187000003,대전75자9917,36.534342,127.294965,40.079,293064420,누리동,0
2026-10-10T10:48:28,187000003,대전75자9916,36.619434,127.326652,51.823,270000635,오송역2.3.4,0
2026-10-10T10:48:28,187000003,대전75자9915,36.618476,127.32701,52.021,270000635,오송역2.3.4,0
2026-10-10T10:48:28,187000003,대전75자9914,36.565553,127.309302,59.276,974019920,오송역2.3.4(미정차),0
2026-10-10T10:48:28,187000003,대전75자9911,36.521137,127.259608,67.493,293064446,세종충남대학교병원,0
2026-10-10T10:48:28,187000003,대전75자9910,36.488116,127.257065,71.346,293053004,"새롬동,나성동",0
2026-10-10T10:48:28,187000003,대전75자9110,36.478004,127.287717,75.422,293064210,"세종시청,시의회,교육청",0
2026-10-10T10:48:28,187000003,대전75자9941,36.474435,127.333689,80.354,293064218,한국개발연구원(KDI),0
2026-10-10T10:48:28,187000003,대전75자9940,36.437741,127.396157,88.836,187001388,대덕산업단지,0
2026-10-10T10:48:28,187000003,대전75자9936,36.353333,127.409505,100.375,187001389,오정농수산오거리,0
2026-10-10T10:48:28,187000003,대전75자9935,36.333031,127.43168,103.45,183002355,대전역,0
2026-10-10T10:48:28,271000801,충북70자1063,36.53430741,127.29453371,10.444,293064420,누리동,0
2026-10-10T10:48:28,271000801,충북70자1044,36.637747,127.328535,26.668,271000641,보건의료행정타운,0
2026-10-10T10:48:28,271000801,충북70자5130,36.6925684,127.4156815,38.891,270054811,청주소로초등학교,0
2026-10-10T10:48:28,271000802,충북70자3071,36.72248667,127.4956317,0.186,270051719,청주국제공항,0
2026-10-10T10:48:28,271000802,충북70자3070,36.7054502,127.4263229,8.684,284000348,오창프라자,0
2026-10-10T10:48:28,271000802,충북70자2074,36.6230577,127.3310504,26.06,271000608,오송휴먼시아아파트,0
2026-10-10T10:48:28,271000802,충북70자2008,36.51483,127.25896,43.988,293056002,도담동,0
2026-10-10T10:48:28,293000282,세종70자1745,36.483777,127.259111,12.649,293053007,첫마을1단지,12
2026-10-10T10:48:28,293000282,세종70자1753,36.511663,127.247824,19.356,293061003,아름동커뮤니티센터,3
2026-10-10T10:48:28,293000282,세종70자1749,36.57908299,127.292907,29.81,293016127,월하리,56
2026-10-10T10:48:28,293000282,세종70자1743,36.619062,127.327159,37.314,270054837,오송역종점,20
2026-10-10T10:48:28,293000283,세종70자1747,36.601899,127.30184,4.034,293001096,조치원버스터미널,18
2026-10-10T10:48:28,293000283,세종70자1748,36.536759,127.265203,13.135,293900057,연기리,67
2026-10-10T10:48:28,293000283,세종70자1751,36.502059,127.240819,19.828,293064473,"종촌초등학교(가락마을6,7단지)",38
2026-10-10T10:48:28,293000283,세종70자1752,36.403971,127.305742,35.546,293055059,세종고속시외버스터미널,68
2026-10-10T10:48:28,293000283,세종70자1754,36.389235,127.317045,37.475,186004229,반석역,18
2026-10-10T10:48:28,293000303,세종70자1507,36.478169,127.287933,2.078,293064210,"세종시청,시의회,교육청",1
2026-10-10T10:48:28,293000304,세종70자1508,36.534103,127.289866,10.026,293014025,한별동,57
2026-10-10T10:48:28,293000304,세종70자1304,36.497721,127.318073,17.786,293064418,집현동,29
2026-10-10T10:48:28,293000304,세종70자1505,36.469195,127.273836,23.283,293064251,대평동,32
2026-10-10T10:48:28,293000304,세종70자1509,36.468128,127.274032,23.301,293055001,세종고속시외버스터미널(지상),29
2026-10-10T10:48:28,293000305,세종70자1511,36.500508,127.328169,6.519,293064417,세종공동캠퍼스,32
2026-10-10T10:48:28,293000305,세종70자1512,36.53625,127.30143,12.249,293900055,용호동,57
2026-10-10T10:48:28,293000305,세종70자1354,36.470725,127.273476,23.173,293064221,세종고속시외버스터미널(지하),12
2026-10-10T10:48:28,293000311,세종70자1348,36.467643,127.273536,0.0,293055002,세종고속시외버스터미널(지상),18
2026-10-10T10:48:28,293000311,세종70자1351,36.497902,127.318197,7.502,293064480,집현동,37
2026-10-10T10:48:28,293000311,세종70자1344,36.50512899,127.241188,17.262,293064472,"가락마을8단지,가재마을4단지",40
2026-10-10T10:48:28,293000311,세종70자1349,36.467668,127.273738,23.426,293055001,세종고속시외버스터미널(지상),26
2026-10-10T10:48:28,293000312,세종70자1350,36.515078,127.241605,7.277,293064204,"시립도서관,대법원등기정보센터",41
2026-10-10T10:48:28,293000312,세종70자1345,36.485486,127.32014,18.143,293011064,새나루마을1단지,26
2026-10-10T10:48:28,293000312,세종70자1352,36.469178,127.27388,23.374,293064251,대평동,20
2026-10-10T10:48:28,293000312,세종70자1346,36.467821,127.273946,23.389,293064251,대평동,255
2026-10-10T10:48:28,271000805,세종73자5672,36.48266499,127.297481,4.36,293064214,소담동(새샘마을),23
2026-10-10T10:48:28,271000805,세종73자5647,36.533941,127.292825,16.964,293064420,누리동,42
2026-10-10T10:48:28,271000805,세종73자5646,36.568673,127.380461,27.811,293064498,다솜동,67
2026-10-10T10:48:28,271000805,세종73자5645,36.641294,127.422499,38.656,971008280,효성아파트,26
2026-10-10T10:48:28,271000806,충북70자1055,36.6177322,127.4276962,6.378,270054833,서현공원,0
2026-10-10T10:48:28,271000806,충북70자7076,36.5341,127.27661,26.269,293014026,한별동,0
2026-10-10T10:48:28,271000806,세종73자5644,36.493018,127.326733,42.158,293064479,집현동,16
2026-10-10T10:49:01,293000317,세종70자1706,36.412429,127.300626,3.057,186005279,반석역,68
2026-10-10T10:49:01,293000317,세종70자1708,36.500947,127.328468,16.775,293064417,세종공동캠퍼스,36
2026-10-10T10:49:01,293000317,세종70자1707,36.619097,127.326795,33.214,270054837,오송역종점,25
2026-10-10T10:49:01,293000317,세종70자1702,36.619111,127.326463,33.214,270054837,오송역종점,17
2026-10-10T10:49:01,293000318,세종70자1705,36.615373,127.330423,0.763,270000635,오송역2.3.4,67
2026-10-10T10:49:01,293000318,세종70자1701,36.497593,127.317478,17.66,293064418,집현동,35
2026-10-10T10:49:01,293000318,세종70자1704,36.391359,127.315127,32.906,186005278,반석역,44
2026-10-10T10:49:01,187000003,대전75자9926,36.343113,127.42274,2.226,187001381,솔랑마을아파트,0
2026-10-10T10:49:01,187000003,대전75자9925,36.354733,127.407935,4.083,187001385,오정농수산오거리,0
2026-10-10T10:49:01,187000003,대전75자9921,36.481505,127.307692,25.929,293064219,한국개발연구원(KDI),0
2026-10-10T10:49:01,187000003,대전75자9920,36.47072,127.271977,29.944,293064220,세종고속시외버스터미널(지하),0
2026-10-10T10:49:01,187000003,대전75자9918,36.522858,127.260261,36.383,293064445,세종충남대학교병원,0
2026-10-10T10:49:01,187000003,대전75자9917,36.534342,127.294965,40.079,293064420,누리동,0
2026-10-10T10:49:01,187000003,대전75자9916,36.619434,127.326652,51.823,270000635,오송역2.3.4,0
2026-10-10T10:49:01,187000003,대전75자9915,36.616197,127.329514,52.356,974019920,오송역2.3.4(미정차),0
2026-10-10T10:49:01,187000003,대전75자9914,36.551628,127.301328,61.02,974019920,오송역2.3.4(미정차),0
2026-10-10T10:49:01,187000003,대전75자9911,36.521137,127.259608,67.493,293064446,세종충남대학교병원,0
2026-10-10T10:49:01,187000003,대전75자9910,36.488116,127.257065,71.346,293053004,"새롬동,나성동",0
2026-10-10T10:49:01,187000003,대전75자9110,36.478404,127.288697,75.52,293064210,"세종시청,시의회,교육청",0
2026-10-10T10:49:01,187000003,대전75자9941,36.474435,127.333689,80.354,293064218,한국개발연구원(KDI),0
2026-10-10T10:49:01,187000003,대전75자9940,36.437741,127.396157,88.836,187001388,대덕산업단지,0
2026-10-10T10:49:01,187000003,대전75자9936,36.350478,127.413049,100.824,187001391,한남오거리(BRT),0
2026-10-10T10:49:01,187000003,대전75자9935,36.333031,127.43168,103.45,183002355,대전역,0
2026-10-10T10:49:01,271000801,충북70자6052,36.469306,127.273946,0.028,293055002,세종고속시외버스터미널(지상),0
2026-10-10T10:49:01,271000801,충북70자1063,36.53650166,127.30236762,11.185,293064420,누리동,0
2026-10-10T10:49:01,271000801,충북70자1044,36.637747,127.328535,26.668,271000641,보건의료행정타운,0
2026-10-10T10:49:01,271000801,충북70자5130,36.693273,127.414994,38.989,274000032,미래나노텍,0
2026-10-10T10:49:01,271000802,충북70자3071,36.72248667,127.4956317,0.186,270051719,청주국제공항,0
2026-10-10T10:49:01,271000802,충북70자3070,36.7054502,127.4263229,8.684,284000348,오창프라자,0
2026-10-10T10:49:01,271000802,충북70자2074,36.6203875,127.3299053,26.422,271000608,오송휴먼시아아파트,0
2026-10-10T10:49:01,271000802,충북70자2008,36.51483,127.25896,43.988,293056002,도담동,0
2026-10-10T10:49:01,293000282,세종70자1754,36.39124799,127.315608,0.34,186004230,반석역,13
2026-10-10T10:49:01,293000282,세종70자1745,36.483235,127.257943,12.77,293053007,첫마을1단지,39
2026-10-10T10:49:01,293000282,세종70자1753,36.511652,127.248091,19.38,293061003,아름동커뮤니티센터,24
2026-10-10T10:49:01,293000282,세종70자1749,36.582212,127.293126,30.047,293016127,월하리,9
2026-10-10T10:49:01,293000282,세종70자1743,36.619062,127.327159,37.314,270054837,오송역종점,20
2026-10-10T10:49:01,293000283,세종70자1747,36.601795,127.301604,4.058,293001096,조치원버스터미널,18
2026-10-10T10:49:01,293000283,세종70자1748,36.535206,127.259392,13.682,293900057,연기리,67
2026-10-10T10:49:01,293000283,세종70자1751,36.501313,127.240678,19.912,293064473,"종촌초등학교(가락마을6,7단지)",4
2026-10-10T10:49:01,293000283,세종70자1752,36.3998,127.309454,36.115,293055059,세종고속시외버스터미널,68
2026-10-10T10:49:01,293000303,세종70자1507,36.478691,127.288398,2.142,293064210,"세종시청,시의회,교육청",22
2026-10-10T10:49:01,293000304,세종70자1508,36.534086,127.293921,10.391,293064420,누리동,22
2026-10-10T10:49:01,293000304,세종70자1304,36.497715,127.317551,17.83,293064418,집현동,28
2026-10-10T10:49:01,293000304,세종70자1505,36.469195,127.273836,23.283,293064251,대평동,32
2026-10-10T10:49:01,293000304,세종70자1509,36.468128,127.274032,23.301,293055001,세종고속시외버스터미널(지상),29
2026-10-10T10:49:01,293000305,세종70자1511,36.500756,127.328341,6.55,293064417,세종공동캠퍼스,32
2026-10-10T10:49:01,293000305,세종70자1512,36.535708,127.299551,12.427,293900055,용호동,56
2026-10-10T10:49:01,293000311,세종70자1348,36.467643,127.273536,0.0,293055002,세종고속시외버스터미널(지상),18
2026-10-10T10:49:01,293000311,세종70자1351,36.49785399,127.317377,7.583,293064480,집현동,35
2026-10-10T10:49:01,293000311,세종70자1344,36.503593,127.241007,17.434,293064473,"종촌초등학교(가락마을6,7단지)",5
2026-10-10T10:49:01,293000311,세종70자1349,36.467668,127.273738,23.426,293055001,세종고속시외버스터미널(지상),26
2026-10-10T10:49:01,293000312,세종70자1350,36.51738,127.241961,7.537,293064476,아름제2중(가락마을20단지),49
2026-10-10T10:49:01,293000312,세종70자1345,36.484057,127.317759,18.41,293900017,새나루마을1단지 후문,25
2026-10-10T10:49:01,293000312,세종70자1352,36.469178,127.27388,23.374,293064251,대평동,20
2026-10-10T10:49:01,293000312,세종70자1346,36.467859,127.273882,23.389,293064251,대평동,255
2026-10-10T10:49:01,271000805,세종73자5672,36.482279,127.296927,4.425,293064214,소담동(새샘마을),38
2026-10-10T10:49:01,271000805,세종73자5647,36.534125,127.294133,17.083,293064420,누리동,35
2026-10-10T10:49:01,271000805,세종73자5646,36.572984,127.38338,28.357,293064498,다솜동,61
2026-10-10T10:49:01,271000805,세종73자5645,36.642873,127.422796,38.858,971008280,효성아파트,19
2026-10-10T10:49:01,271000806,충북70자1055,36.6177322,127.4276962,6.378,270054833,서현공원,0
2026-10-10T10:49:01,271000806,충북70자7076,36.529537,127.264719,27.474,293014017,"해밀동,산울동",0
2026-10-10T10:49:01,271000806,세종73자5644,36.493018,127.326733,42.158,293064479,집현동,16
2026-10-10T10:49:34,293000317,세종70자1706,36.417466,127.299379,3.537,186005279,반석역,67
2026-10-10T10:49:34,293000317,세종70자1708,36.501056,127.328556,16.789,293064417,세종공동캠퍼스,26
2026-10-10T10:49:34,293000317,세종70자1707,36.619097,127.326795,33.214,270054837,오송역종점,25
2026-10-10T10:49:34,293000317,세종70자1702,36.619111,127.326463,33.214,270054837,오송역종점,17
2026-10-10T10:49:34,293000318,세종70자1705,36.610805,127.335573,1.446,270000635,오송역2.3.4,68
2026-10-10T10:49:34,293000318,세종70자1701,36.497639,127.316173,17.777,293064418,집현동,47
2026-10-10T10:49:34,293000318,세종70자1704,36.391359,127.315127,32.906,186005278,반석역,44
2026-10-10T10:49:34,187000003,대전75자9926,36.343707,127.421891,2.326,187001381,솔랑마을아파트,0
2026-10-10T10:49:34,187000003,대전75자9925,36.354733,127.407935,4.083,187001385,오정농수산오거리,0
2026-10-10T10:49:34,187000003,대전75자9921,36.483183,127.306788,26.138,293064219,한국개발연구원(KDI),0
2026-10-10T10:49:34,187000003,대전75자9920,36.478946,127.26343,31.187,293064220,세종고속시외버스터미널(지하),0
2026-10-10T10:49:34,187000003,대전75자9918,36.528372,127.263635,37.073,293014014,"해밀동,산울동",0
2026-10-10T10:49:34,187000003,대전75자9917,36.537033,127.304402,40.974,293064420,누리동,0
2026-10-10T10:49:34,187000003,대전75자9916,36.619434,127.326652,51.823,270000635,오송역2.3.4,0
2026-10-10T10:49:34,187000003,대전75자9915,36.616197,127.329514,52.356,974019920,오송역2.3.4(미정차),0
2026-10-10T10:49:34,187000003,대전75자9914,36.551628,127.301328,61.02,974019920,오송역2.3.4(미정차),0
2026-10-10T10:49:34,187000003,대전75자9911,36.515191,127.258976,68.168,293056002,도담동,0
2026-10-10T10:49:34,187000003,대전75자9910,36.487211,127.257484,71.453,293053004,"새롬동,나성동",0
2026-10-10T10:49:34,187000003,대전75자9110,36.481943,127.295423,76.236,293064210,"세종시청,시의회,교육청",0
2026-10-10T10:49:34,187000003,대전75자9941,36.474435,127.333689,80.354,293064218,한국개발연구원(KDI),0
2026-10-10T10:49:34,187000003,대전75자9940,36.430232,127.405403,90.014,187001388,대덕산업단지,0
2026-10-10T10:49:34,187000003,대전75자9936,36.349858,127.413812,100.921,187001391,한남오거리(BRT),0
2026-10-10T10:49:34,187000003,대전75자9935,36.331424,127.432453,103.641,183002355,대전역,0
2026-10-10T10:49:34,271000801,충북70자6052,36.469306,127.273946,0.028,293055002,세종고속시외버스터미널(지상),0
2026-10-10T10:49:34,271000801,충북70자1063,36.53710202,127.30454237,11.393,293064420,누리동,0
2026-10-10T10:49:34,271000801,충북70자1044,36.6391768,127.324181,27.253,271000641,보건의료행정타운,0
2026-10-10T10:49:34,271000801,충북70자5130,36.693273,127.414994,38.989,274000032,미래나노텍,0
2026-10-10T10:49:34,271000802,충북70자3071,36.72248667,127.4956317,0.186,270051719,청주국제공항,0
2026-10-10T10:49:34,271000802,충북70자3070,36.70213023,127.4236105,9.132,284000348,오창프라자,0
2026-10-10T10:49:34,271000802,충북70자2074,36.6203875,127.3299053,26.422,271000608,오송휴먼시아아파트,0
2026-10-10T10:49:34,271000802,충북70자2008,36.51252376,127.2595524,44.25,293056002,도담동,0
2026-10-10T10:49:34,293000282,세종70자1754,36.391301,127.315577,0.346,186004230,반석역,13
2026-10-10T10:49:34,293000282,세종70자1745,36.483235,127.257943,12.77,293053007,첫마을1단지,39
2026-10-10T10:49:34,293000282,세종70자1753,36.511591,127.249665,19.52,293061003,아름동커뮤니티센터,15
2026-10-10T10:49:34,293000282,세종70자1749,36.585272,127.2927,30.047,293016127,월하리,59
2026-10-10T10:49:34,293000282,세종70자1743,36.619062,127.327159,37.314,270054837,오송역종점,20
2026-10-10T10:49:34,293000283,세종70자1747,36.601795,127.301604,4.058,293001096,조치원버스터미널,18
2026-10-10T10:49:34,293000283,세종70자1748,36.533188,127.253556,14.252,293900057,연기리,68
2026-10-10T10:49:34,293000283,세종70자1751,36.500968,127.240639,19.95,293064473,"종촌초등학교(가락마을6,7단지)",33
2026-10-10T10:49:34,293000283,세종70자1752,36.396234,127.311576,36.555,293055059,세종고속시외버스터미널,12
2026-10-10T10:49:34,293000303,세종70자1507,36.481951,127.295842,2.902,293064210,"세종시청,시의회,교육청",43
2026-10-10T10:49:34,293000304,세종70자1508,36.534123,127.294086,10.407,293064420,누리동,22
2026-10-10T10:49:34,293000304,세종70자1304,36.497938,127.312576,18.277,293064257,반곡동(수루배마을),50
2026-10-10T10:49:34,293000304,세종70자1505,36.469195,127.273836,23.283,293064251,대평동,32
2026-10-10T10:49:34,293000304,세종70자1509,36.468128,127.274032,23.301,293055001,세종고속시외버스터미널(지상),29
2026-10-10T10:49:34,293000305,세종70자1511,36.50106,127.328543,6.588,293064417,세종공동캠퍼스,20
2026-10-10T10:49:34,293000305,세종70자1512,36.534088,127.293425,13.003,293900055,용호동,46
2026-10-10T10:49:34,293000311,세종70자1348,36.467643,127.273536,0.0,293055002,세종고속시외버스터미널(지상),18
2026-10-10T10:49:34,293000311,세종70자1351,36.49785,127.315782,7.726,293064511,반곡고등학교,41
2026-10-10T10:49:34,293000311,세종70자1344,36.502571,127.240899,17.548,293064473,"종촌초등학교(가락마을6,7단지)",16
2026-10-10T10:49:34,293000311,세종70자1349,36.467668,127.273738,23.426,293055001,세종고속시외버스터미널(지상),26
2026-10-10T10:49:34,293000312,세종70자1350,36.518886,127.244198,7.933,293064099,"범지기3,9단지(청소년센터)",39
2026-10-10T10:49:34,293000312,세종70자1345,36.48265,127.312393,18.916,293900017,새나루마을1단지 후문,53
2026-10-10T10:49:34,293000312,세종70자1352,36.469178,127.27388,23.374,293064251,대평동,20
2026-10-10T10:49:34,293000312,세종70자1346,36.467886,127.273855,23.389,293064251,대평동,255
2026-10-10T10:49:34,271000805,세종73자5672,36.481625,127.295714,4.555,293064214,소담동(새샘마을),255
2026-10-10T10:49:34,271000805,세종73자5647,36.53452,127.295683,17.228,293064420,누리동,51
2026-10-10T10:49:34,271000805,세종73자5646,36.577354,127.38632,28.909,293064498,다솜동,64
2026-10-10T10:49:34,271000805,세종73자5645,36.642517,127.42419,38.99,971008280,효성아파트,19
2026-10-10T10:49:34,271000806,충북70자1055,36.6177322,127.4276962,6.378,270054833,서현공원,0
2026-10-10T10:49:34,271000806,충북70자7076,36.52720781,127.26268116,27.792,293014017,"해밀동,산울동",0
2026-10-10T10:49:34,271000806,세종73자5644,36.493018,127.326733,42.158,293064479,집현동,16
2026-10-10T10:50:07,293000317,세종70자1706,36.422986,127.29638,3.537,186005279,반석역,69
2026-10-10T10:50:07,293000317,세종70자1708,36.502128,127.329078,16.918,293064417,세종공동캠퍼스,50
2026-10-10T10:50:07,293000317,세종70자1707,36.619097,127.326795,33.214,270054837,오송역종점,25
2026-10-10T10:50:07,293000317,세종70자1702,36.619111,127.326463,33.214,270054837,오송역종점,17
2026-10-10T10:50:07,293000318,세종70자1705,36.606245,127.339825,1.446,270000635,오송역2.3.4,68
2026-10-10T10:50:07,293000318,세종70자1701,36.497743,127.312235,18.13,293064257,반곡동(수루배마을),7
2026-10-10T10:50:07,293000318,세종70자1704,36.391359,127.315127,32.906,186005278,반석역,44
2026-10-10T10:50:07,187000003,대전75자9926,36.343707,127.421891,2.326,187001381,솔랑마을아파트,0
2026-10-10T10:50:07,187000003,대전75자9925,36.355397,127.407167,4.183,187001385,오정농수산오거리,0
2026-10-10T10:50:07,187000003,대전75자9921,36.486211,127.30145,26.725,293064219,한국개발연구원(KDI),0
2026-10-10T10:50:07,187000003,대전75자9920,36.479964,127.262693,31.318,293053011,한솔동,0
2026-10-10T10:50:07,187000003,대전75자9918,36.528372,127.263635,37.073,293014014,"해밀동,산울동",0
2026-10-10T10:50:07,187000003,대전75자9917,36.537033,127.304402,40.974,293064420,누리동,0
2026-10-10T10:50:07,187000003,대전75자9916,36.619434,127.326652,51.823,270000635,오송역2.3.4,0
2026-10-10T10:50:07,187000003,대전75자9915,36.608616,127.338499,53.52,974019920,오송역2.3.4(미정차),0
2026-10-10T10:50:07,187000003,대전75자9914,36.551628,127.301328,61.02,974019920,오송역2.3.4(미정차),0
2026-10-10T10:50:07,187000003,대전75자9911,36.515191,127.258976,68.168,293056002,도담동,0
2026-10-10T10:50:07,187000003,대전75자9910,36.481412,127.261516,72.193,293053009,한솔동,0
2026-10-10T10:50:07,187000003,대전75자9110,36.48222,127.297277,76.397,293064216,소담동(새샘마을),0
2026-10-10T10:50:07,187000003,대전75자9941,36.474435,127.333689,80.354,293064218,한국개발연구원(KDI),0
2026-10-10T10:50:07,187000003,대전75자9940,36.423983,127.413884,91.047,187001388,대덕산업단지,0
2026-10-10T10:50:07,187000003,대전75자9936,36.349858,127.413812,100.921,187001391,한남오거리(BRT),0
2026-10-10T10:50:07,187000003,대전75자9935,36.331424,127.432453,103.641,183002355,대전역,0
2026-10-10T10:50:07,271000801,충북70자6052,36.469306,127.273946,0.028,293055002,세종고속시외버스터미널(지상),0
2026-10-10T10:50:07,271000801,충북70자1063,36.5408879,127.303346,11.838,293064420,누리동,0
2026-10-10T10:50:07,271000801,충북70자1044,36.64383297,127.3256669,27.808,271000641,보건의료행정타운,0
2026-10-10T10:50:07,271000801,충북70자5130,36.69849731,127.420532,39.81,274000032,미래나노텍,0
2026-10-10T10:50:07,271000802,충북70자3071,36.72248667,127.4956317,0.186,270051719,청주국제공항,0
2026-10-10T10:50:07,271000802,충북70자3070,36.69849731,127.420532,9.623,284000348,오창프라자,0
2026-10-10T10:50:07,271000802,충북70자2074,36.6189013,127.3272601,26.809,271000608,오송휴먼시아아파트,0
2026-10-10T10:50:07,271000802,충북70자2008,36.50682951,127.26188928,44.92,293056002,도담동,0
2026-10-10T10:50:07,293000282,세종70자1754,36.391336,127.315555,0.35,186004230,반석역,4
2026-10-10T10:50:07,293000282,세종70자1745,36.482312,127.255614,13.002,293053007,첫마을1단지,52
2026-10-10T10:50:07,293000282,세종70자1753,36.512645,127.250398,19.69,293064054,"범지기마을8,12단지",24
2026-10-10T10:50:07,293000282,세종70자1749,36.587556,127.292363,30.761,293001054,번암아파트 후문,39
2026-10-10T10:50:07,293000282,세종70자1743,36.619062,127.327159,37.314,270054837,오송역종점,20
2026-10-10T10:50:07,293000283,세종70자1747,36.601586,127.299943,4.21,293064152,조치원전통시장 북측,27
2026-10-10T10:50:07,293000283,세종70자1748,36.52772199,127.248682,15.012,293900057,연기리,68
2026-10-10T10:50:07,293000283,세종70자1751,36.499968,127.240453,20.063,293064473,"종촌초등학교(가락마을6,7단지)",33
2026-10-10T10:50:07,293000283,세종70자1752,36.395838,127.311814,36.604,293055059,세종고속시외버스터미널,38
2026-10-10T10:50:07,293000303,세종70자1507,36.482599,127.297321,3.057,293064210,"세종시청,시의회,교육청",39
2026-10-10T10:50:07,293000304,세종70자1508,36.53514,127.297781,10.756,293064420,누리동,57
2026-10-10T10:50:07,293000304,세종70자1304,36.497813,127.311826,18.346,293064257,반곡동(수루배마을),22
2026-10-10T10:50:07,293000304,세종70자1505,36.469195,127.273836,23.283,293064251,대평동,32
2026-10-10T10:50:07,293000304,세종70자1509,36.468128,127.274032,23.301,293055001,세종고속시외버스터미널(지상),29
2026-10-10T10:50:07,293000305,세종70자1511,36.503215,127.329426,6.841,293064417,세종공동캠퍼스,38
2026-10-10T10:50:07,293000305,세종70자1512,36.534148,127.289618,13.344,293014058,누리동,55
2026-10-10T10:50:07,293000311,세종70자1348,36.467643,127.273536,0.0,293055002,세종고속시외버스터미널(지상),18
2026-10-10T10:50:07,293000311,세종70자1351,36.498008,127.311909,8.071,293064401,반곡동(수루배마을),27
2026-10-10T10:50:07,293000311,세종70자1344,36.502477,127.240882,17.558,293064473,"종촌초등학교(가락마을6,7단지)",16
2026-10-10T10:50:07,293000311,세종70자1349,36.467668,127.273738,23.426,293055001,세종고속시외버스터미널(지상),26
2026-10-10T10:50:07,293000312,세종70자1350,36.518873,127.244891,7.994,293064099,"범지기3,9단지(청소년센터)",19
2026-10-10T10:50:07,293000312,세종70자1345,36.482472,127.310875,19.053,293900017,새나루마을1단지 후문,16
2026-10-10T10:50:07,293000312,세종70자1346,36.467919,127.273885,23.389,293064251,대평동,255
2026-10-10T10:50:07,271000805,세종73자5672,36.478738,127.289042,5.238,293064211,"세종시청,시의회,교육청",21
2026-10-10T10:50:07,271000805,세종73자5647,36.53622399,127.301555,17.786,293064420,누리동,61
2026-10-10T10:50:07,271000805,세종73자5646,36.584456,127.3887,29.732,293064498,다솜동,66
2026-10-10T10:50:07,271000805,세종73자5645,36.642518,127.424189,38.99,971008280,효성아파트,19
2026-10-10T10:50:07,271000806,충북70자1055,36.6177322,127.4276962,6.378,270054833,서현공원,0
2026-10-10T10:50:07,271000806,충북70자7076,36.52524921,127.26142338,28.038,293014017,"해밀동,산울동",0
2026-10-10T10:50:07,271000806,세종73자5644,36.493018,127.326733,42.158,293064479,집현동,16
2026-10-10T10:50:39,293000317,세종70자1706,36.426524,127.291675,4.903,186005279,반석역,69
2026-10-10T10:50:39,293000317,세종70자1708,36.506883,127.329658,17.449,293064417,세종공동캠퍼스,69
2026-10-10T10:50:39,293000317,세종70자1707,36.619097,127.326795,33.214,270054837,오송역종점,25
2026-10-10T10:50:39,293000317,세종70자1702,36.619111,127.326463,33.214,270054837,오송역종점,17
2026-10-10T10:50:39,293000318,세종70자1705,36.602887,127.339279,1.446,270000635,오송역2.3.4,68
2026-10-10T10:50:39,293000318,세종70자1701,36.497744,127.312029,18.148,293064257,반곡동(수루배마을),7
2026-10-10T10:50:39,293000318,세종70자1704,36.391359,127.315127,32.906,186005278,반석역,44
2026-10-10T10:50:39,187000003,대전75자9926,36.345725,127.419106,2.662,187001382,대덕구청,0
2026-10-10T10:50:39,187000003,대전75자9925,36.358297,127.404877,4.586,187001386,오정농수산시장,0
2026-10-10T10:50:39,187000003,대전75자9921,36.485367,127.300472,26.87,293064219,한국개발연구원(KDI),0
2026-10-10T10:50:39,187000003,대전75자9920,36.480764,127.262108,31.422,293053011,한솔동,0
2026-10-10T10:50:39,187000003,대전75자9918,36.529063,127.26435,37.172,293014014,"해밀동,산울동",0
2026-10-10T10:50:39,187000003,대전75자9917,36.537033,127.304402,40.974,293064420,누리동,0
2026-10-10T10:50:39,187000003,대전75자9916,36.619434,127.326652,51.823,270000635,오송역2.3.4,0
2026-10-10T10:50:39,187000003,대전75자9915,36.608616,127.338499,53.52,974019920,오송역2.3.4(미정차),0
2026-10-10T10:50:39,187000003,대전75자9914,36.537453,127.304358,62.633,974019920,오송역2.3.4(미정차),0
2026-10-10T10:50:39,187000003,대전75자9911,36.514395,127.259149,68.258,293056002,도담동,0
2026-10-10T10:50:39,187000003,대전75자9910,36.48065,127.262039,72.29,293053009,한솔동,0
2026-10-10T10:50:39,187000003,대전75자9110,36.48222,127.297277,76.397,293064216,소담동(새샘마을),0
2026-10-10T10:50:39,187000003,대전75자9941,36.467195,127.36413,83.78,186005287,국제과학비즈니스벨트,0
2026-10-10T10:50:39,187000003,대전75자9940,36.423983,127.413884,91.047,187001388,대덕산업단지,0
2026-10-10T10:50:39,187000003,대전75자9936,36.349858,127.413812,100.921,187001391,한남오거리(BRT),0
2026-10-10T10:50:39,187000003,대전75자9935,36.331424,127.432453,103.641,183002355,대전역,0
2026-10-10T10:50:39,271000801,충북70자6052,36.469306,127.273946,0.028,293055002,세종고속시외버스터미널(지상),0
2026-10-10T10:50:39,271000801,충북70자1063,36.54753704,127.30138436,12.598,293064420,누리동,0
2026-10-10T10:50:39,271000801,충북70자1044,36.64409577,127.3307014,28.272,271000641,보건의료행정타운,0
2026-10-10T10:50:39,271000801,충북70자5130,36.70213023,127.4236105,40.304,274000032,미래나노텍,0
2026-10-10T10:50:39,271000802,충북70자3071,36.72423347,127.4963017,0.5,270051719,청주국제공항,0
2026-10-10T10:50:39,271000802,충북70자3070,36.69849731,127.420532,9.623,284000348,오창프라자,0
2026-10-10T10:50:39,271000802,충북70자2074,36.619296,127.327214,26.854,270000635,오송역2.3.4,0
2026-10-10T10:50:39,271000802,충북70자2008,36.50508,127.261512,45.117,293062014,정부세종청사 북측,0
2026-10-10T10:50:39,293000282,세종70자1754,36.394132,127.313243,0.724,186004230,반석역,64
2026-10-10T10:50:39,293000282,세종70자1745,36.481796,127.253891,13.167,293053007,첫마을1단지,52
2026-10-10T10:50:39,293000282,세종70자1753,36.514452,127.250799,19.895,293064054,"범지기마을8,12단지",35
2026-10-10T10:50:39,293000282,세종70자1749,36.588667,127.292157,30.887,293001054,번암아파트 후문,42
2026-10-10T10:50:39,293000282,세종70자1743,36.619062,127.327159,37.314,270054837,오송역종점,20
2026-10-10T10:50:39,293000283,세종70자1747,36.60149899,127.2992,4.277,293064152,조치원전통시장 북측,25
2026-10-10T10:50:39,293000283,세종70자1748,36.524434,127.247692,15.073,293900057,연기리,67
2026-10-10T10:50:39,293000283,세종70자1751,36.499968,127.240453,20.063,293064473,"종촌초등학교(가락마을6,7단지)",33
2026-10-10T10:50:39,293000283,세종70자1752,36.39177999,127.314565,37.118,186004229,반석역,36
2026-10-10T10:50:39,293000303,세종70자1507,36.482763,127.297525,3.082,293064216,소담동(새샘마을),1
2026-10-10T10:50:39,293000304,세종70자1508,36.536921,127.306321,11.554,293064420,누리동,55
2026-10-10T10:50:39,293000304,세종70자1304,36.49398399,127.305688,19.089,293064257,반곡동(수루배마을),65
2026-10-10T10:50:39,293000304,세종70자1505,36.469195,127.273836,23.283,293064251,대평동,32
2026-10-10T10:50:39,293000304,세종70자1509,36.468128,127.274032,23.301,293055001,세종고속시외버스터미널(지상),29
2026-10-10T10:50:39,293000305,세종70자1511,36.506128,127.329735,7.165,293064417,세종공동캠퍼스,20
2026-10-10T10:50:39,293000305,세종70자1512,36.534631,127.284063,13.843,293014058,누리동,60
2026-10-10T10:50:39,293000311,세종70자1348,36.467643,127.273536,0.0,293055002,세종고속시외버스터미널(지상),18
2026-10-10T10:50:39,293000311,세종70자1351,36.496967,127.30789,8.449,293064401,반곡동(수루배마을),53
2026-10-10T10:50:39,293000311,세종70자1344,36.502477,127.240882,17.558,293064473,"종촌초등학교(가락마을6,7단지)",16
2026-10-10T10:50:39,293000311,세종70자1349,36.467668,127.273738,23.426,293055001,세종고속시외버스터미널(지상),26
2026-10-10T10:50:39,293000312,세종70자1350,36.518738,127.24572,8.073,293064099,"범지기3,9단지(청소년센터)",27
2026-10-10T10:50:39,293000312,세종70자1345,36.482294,127.307512,19.386,293900017,새나루마을1단지 후문,24
2026-10-10T10:50:39,293000312,세종70자1346,36.468131,127.274124,23.389,293064251,대평동,4
2026-10-10T10:50:39,271000805,세종73자5672,36.47802699,127.287202,5.42,293064211,"세종시청,시의회,교육청",49
2026-10-10T10:50:39,271000805,세종73자5647,36.537177,127.306423,18.237,293064420,누리동,58
2026-10-10T10:50:39,271000805,세종73자5646,36.586104,127.391236,30.023,293064498,다솜동,60
2026-10-10T10:50:39,271000805,세종73자5645,36.641868,127.426194,39.184,270054819,솔밭초등학교.신영지웰시티,23
2026-10-10T10:50:39,271000806,충북70자1055,36.6177322,127.4276962,6.378,270054833,서현공원,0
2026-10-10T10:50:39,271000806,충북70자7076,36.521617,127.259736,28.47,293064446,세종충남대학교병원,0
2026-10-10T10:50:39,271000806,세종73자5644,36.493018,127.326733,42.158,293064479,집현동,16
2026-10-10T10:51:12,293000317,세종70자1706,36.429518,127.288126,5.364,186005279,반석역,69
2026-10-10T10:51:12,293000317,세종70자1708,36.517284,127.330642,18.609,293064417,세종공동캠퍼스,69
2026-10-10T10:51:12,293000317,세종70자1707,36.619097,127.326795,33.214,270054837,오송역종점,25
2026-10-10T10:51:12,293000317,세종70자1702,36.619111,127.326463,33.214,270054837,오송역종점,17
2026-10-10T10:51:12,293000318,세종70자1705,36.599084,127.335126,2.103,270000635,오송역2.3.4,68
2026-10-10T10:51:12,293000318,세종70자1701,36.497744,127.312029,18.148,293064257,반곡동(수루배마을),7
2026-10-10T10:51:12,293000318,세종70자1704,36.391359,127.315127,32.906,186005278,반석역,44
2026-10-10T10:51:12,187000003,대전75자9926,36.346952,127.41755,2.859,187001382,대덕구청,0
2026-10-10T10:51:12,187000003,대전75자9925,36.358297,127.404877,4.586,187001386,오정농수산시장,0
2026-10-10T10:51:12,187000003,대전75자9921,36.482882,127.297949,27.226,293064214,소담동(새샘마을),0
2026-10-10T10:51:12,187000003,대전75자9920,36.483844,127.259673,31.827,293053011,한솔동,0
2026-10-10T10:51:12,187000003,대전75자9918,36.529063,127.26435,37.172,293014014,"해밀동,산울동",0
2026-10-10T10:51:12,187000003,대전75자9917,36.551291,127.301387,42.627,293064420,누리동,0
2026-10-10T10:51:12,187000003,대전75자9916,36.619434,127.326652,51.823,270000635,오송역2.3.4,0
2026-10-10T10:51:12,187000003,대전75자9915,36.608616,127.338499,53.52,974019920,오송역2.3.4(미정차),0
2026-10-10T10:51:12,187000003,대전75자9914,36.537453,127.304358,62.633,974019920,오송역2.3.4(미정차),0
2026-10-10T10:51:12,187000003,대전75자9911,36.514395,127.259149,68.258,293056002,도담동,0
2026-10-10T10:51:12,187000003,대전75자9910,36.48065,127.262039,72.29,293053009,한솔동,0
2026-10-10T10:51:12,187000003,대전75자9110,36.482789,127.298151,76.497,293064216,소담동(새샘마을),0
2026-10-10T10:51:12,187000003,대전75자9941,36.467195,127.36413,83.78,186005287,국제과학비즈니스벨트,0
2026-10-10T10:51:12,187000003,대전75자9940,36.415562,127.421133,92.197,187001388,대덕산업단지,0
2026-10-10T10:51:12,187000003,대전75자9936,36.348416,127.415627,101.151,187001391,한남오거리(BRT),0
2026-10-10T10:51:12,187000003,대전75자9935,36.331424,127.432453,103.641,183002355,대전역,0
2026-10-10T10:51:12,271000801,충북70자6052,36.470816,127.273172,0.251,293064220,세종고속시외버스터미널(지하),0
2026-10-10T10:51:12,271000801,충북70자1063,36.54753704,127.30138436,12.598,293064420,누리동,0
2026-10-10T10:51:12,271000801,충북70자1044,36.64409577,127.3307014,28.272,271000641,보건의료행정타운,0
2026-10-10T10:51:12,271000801,충북70자5130,36.70213023,127.4236105,40.304,274000032,미래나노텍,0
2026-10-10T10:51:12,271000802,충북70자3071,36.72423347,127.4963017,0.5,270051719,청주국제공항,0
2026-10-10T10:51:12,271000802,충북70자3070,36.69747653,127.4193394,9.779,284000348,오창프라자,0
2026-10-10T10:51:12,271000802,충북70자2074,36.619296,127.327214,26.854,270000635,오송역2.3.4,0
2026-10-10T10:51:12,271000802,충북70자2008,36.50250387,127.26034549,45.421,293062014,정부세종청사 북측,0
2026-10-10T10:51:12,293000282,세종70자1754,36.398412,127.310665,1.254,186004230,반석역,68
2026-10-10T10:51:12,293000282,세종70자1745,36.481643,127.253331,13.22,293053007,첫마을1단지,39
2026-10-10T10:51:12,293000282,세종70자1753,36.516566,127.251563,20.139,293064055,아름초등학교,40
2026-10-10T10:51:12,293000282,세종70자1749,36.590806,127.291886,31.13,293001053,자이아파트,45
2026-10-10T10:51:12,293000282,세종70자1743,36.619062,127.327159,37.314,270054837,오송역종점,20
2026-10-10T10:51:12,293000283,세종70자1747,36.601066,127.29689,4.51,293064152,조치원전통시장 북측,18
2026-10-10T10:51:12,293000283,세종70자1748,36.520748,127.243691,15.073,293900057,연기리,58
2026-10-10T10:51:12,293000283,세종70자1751,36.499968,127.240453,20.063,293064473,"종촌초등학교(가락마을6,7단지)",33
2026-10-10T10:51:12,293000283,세종70자1752,36.39143099,127.314817,37.163,186004229,반석역,36
2026-10-10T10:51:12,293000303,세종70자1507,36.484232,127.299408,3.326,293064216,소담동(새샘마을),41
2026-10-10T10:51:12,293000304,세종70자1508,36.536831,127.310168,11.903,293900054,용호동,57
2026-10-10T10:51:12,293000304,세종70자1304,36.49191299,127.304273,19.353,293064261,국책연구단지,19
2026-10-10T10:51:12,293000304,세종70자1505,36.469195,127.273836,23.283,293064251,대평동,32
2026-10-10T10:51:12,293000304,세종70자1509,36.468128,127.274032,23.301,293055001,세종고속시외버스터미널(지상),29
2026-10-10T10:51:12,293000305,세종70자1354,36.467693,127.27356,0.0,293055002,세종고속시외버스터미널(지상),14
2026-10-10T10:51:12,293000305,세종70자1511,36.509156,127.329883,7.502,293064417,세종공동캠퍼스,35
2026-10-10T10:51:12,293000305,세종70자1512,36.534413,127.278788,14.319,293014058,누리동,56
2026-10-10T10:51:12,293000311,세종70자1348,36.467643,127.273536,0.0,293055002,세종고속시외버스터미널(지상),18
2026-10-10T10:51:12,293000311,세종70자1351,36.496196,127.305779,8.768,293900013,세종연구단지(수루배1단지),28
2026-10-10T10:51:12,293000311,세종70자1344,36.50210899,127.240824,17.6,293064473,"종촌초등학교(가락마을6,7단지)",26
2026-10-10T10:51:12,293000311,세종70자1349,36.467668,127.273738,23.426,293055001,세종고속시외버스터미널(지상),26
2026-10-10T10:51:12,293000312,세종70자1350,36.519041,127.248526,8.33,293064101,범지기마을10단지 북측,14
2026-10-10T10:51:12,293000312,세종70자1345,36.48311,127.306973,19.489,293060004,한국개발연구원(KDI),31
2026-10-10T10:51:12,293000312,세종70자1346,36.468151,127.274071,23.389,293064251,대평동,4
2026-10-10T10:51:12,271000805,세종73자5672,36.475705,127.281889,5.961,293064209,"보람동,대평동",35
2026-10-10T10:51:12,271000805,세종73자5647,36.536358,127.311655,18.715,293900062,용호동,57
2026-10-10T10:51:12,271000805,세종73자5646,36.589628,127.394863,30.537,293064498,다솜동,67
2026-10-10T10:51:12,271000805,세종73자5645,36.641846,127.426834,39.242,270054819,솔밭초등학교.신영지웰시티,17
2026-10-10T10:51:12,271000806,충북70자1055,36.6123273,127.4232342,7.367,270054834,가경아이파크5단지,0
2026-10-10T10:51:12,271000806,충북70자7076,36.52027461,127.25940059,28.623,293064446,세종충남대학교병원,0
2026-10-10T10:51:12,271000806,세종73자5644,36.493018,127.326733,42.158,293064479,집현동,16
2026-10-10T10:51:44,293000317,세종70자1706,36.436766,127.286128,6.21,186005279,반석역,68
2026-10-10T10:51:44,293000317,세종70자1708,36.519661,127.330848,18.874,293064417,세종공동캠퍼스,69
2026-10-10T10:51:44,293000317,세종70자1707,36.619097,127.326795,33.214,270054837,오송역종점,25
2026-10-10T10:51:44,293000317,세종70자1702,36.619111,127.326463,33.214,270054837,오송역종점,17
2026-10-10T10:51:44,293000318,세종70자1705,36.595221,127.331261,2.906,270000635,오송역2.3.4,68
2026-10-10T10:51:44,293000318,세종70자1701,36.49768199,127.311398,18.205,293064257,반곡동(수루배마을),37
2026-10-10T10:51:44,293000318,세종70자1704,36.391359,127.315127,32.906,186005278,반석역,44
2026-10-10T10:51:44,187000003,대전75자9926,36.349962,127.413851,3.332,187001383,한남오거리(BRT),0
2026-10-10T10:51:44,187000003,대전75자9925,36.363117,127.399835,5.285,187001386,오정농수산시장,0
2026-10-10T10:51:44,187000003,대전75자9921,36.482296,127.29713,27.324,293064214,소담동(새샘마을),0
2026-10-10T10:51:44,187000003,대전75자9920,36.486506,127.257975,32.159,293053005,"새롬동,나성동",0
2026-10-10T10:51:44,187000003,대전75자9918,36.53371,127.274794,38.262,293014025,한별동,0
2026-10-10T10:51:44,187000003,대전75자9917,36.551291,127.301387,42.627,293064420,누리동,0
2026-10-10T10:51:44,187000003,대전75자9916,36.619434,127.326652,51.823,270000635,오송역2.3.4,0
2026-10-10T10:51:44,187000003,대전75자9937,36.619013,127.326773,51.951,270000635,오송역2.3.4,0
2026-10-10T10:51:44,187000003,대전75자9915,36.59534,127.331324,48.381,974019920,오송역2.3.4(미정차),0
2026-10-10T10:51:44,187000003,대전75자9914,36.534607,127.295476,63.524,974019920,오송역2.3.4(미정차),0
2026-10-10T10:51:44,187000003,대전75자9911,36.505019,127.261559,69.346,293062014,정부세종청사 북측,0
2026-10-10T10:51:44,187000003,대전75자9910,36.48065,127.262039,72.29,293053009,한솔동,0
2026-10-10T10:51:44,187000003,대전75자9110,36.484899,127.300392,76.806,293064216,소담동(새샘마을),0
2026-10-10T10:51:44,187000003,대전75자9941,36.467195,127.36413,83.78,186005287,국제과학비즈니스벨트,0
2026-10-10T10:51:44,187000003,대전75자9940,36.405862,127.416759,93.359,187001388,대덕산업단지,0
2026-10-10T10:51:44,187000003,대전75자9936,36.346397,127.418103,101.473,187001392,대덕구청,0
2026-10-10T10:51:44,187000003,대전75자9935,36.331424,127.432453,103.641,183002355,대전역,0
2026-10-10T10:51:44,187000003,대전75자9927,36.333837,127.437113,104.27,187001395,대전역동광장,0
2026-10-10T10:51:44,271000801,충북70자6052,36.47215857,127.26824911,0.733,293064220,세종고속시외버스터미널(지하),0
2026-10-10T10:51:44,271000801,충북70자1063,36.54753704,127.30138436,12.598,293064420,누리동,0
2026-10-10T10:51:44,271000801,충북70자1044,36.64558819,127.335884,28.766,271000641,보건의료행정타운,0
2026-10-10T10:51:44,271000801,충북70자5130,36.7054502,127.4263229,40.748,274000032,미래나노텍,0
2026-10-10T10:51:44,271000802,충북70자3071,36.72423347,127.4963017,0.5,270051719,청주국제공항,0
2026-10-10T10:51:44,271000802,충북70자3070,36.69747653,127.4193394,9.779,284000348,오창프라자,0
2026-10-10T10:51:44,271000802,충북70자2074,36.619296,127.327214,26.854,270000635,오송역2.3.4,0
2026-10-10T10:51:44,271000802,충북70자2008,36.50039827,127.25935026,45.672,293062007,정부세종청사 남측,0
2026-10-10T10:51:44,293000282,세종70자1754,36.402706,127.307112,1.827,186004230,반석역,69
2026-10-10T10:51:44,293000282,세종70자1745,36.480414,127.249451,13.592,293064358,새롬중학교(새뜸마을1단지),34
2026-10-10T10:51:44,293000282,세종70자1753,36.518966,127.252428,20.419,293064056,범지기마을10단지,24
2026-10-10T10:51:44,293000282,세종70자1749,36.594351,127.291344,31.527,293064033,신흥사거리,39
2026-10-10T10:51:44,293000282,세종70자1743,36.619062,127.327159,37.314,270054837,오송역종점,20
2026-10-10T10:51:44,293000283,세종70자1747,36.601204,127.297773,4.59,293001084,조치원역,19
2026-10-10T10:51:44,293000283,세종70자1748,36.519733,127.242827,15.073,293900057,연기리,58
2026-10-10T10:51:44,293000283,세종70자1751,36.499503,127.242743,20.303,293064145,다빛초등학교(가온마을3단지),39
2026-10-10T10:51:44,293000283,세종70자1752,36.391431,127.314817,37.163,186004229,반석역,36
2026-10-10T10:51:44,293000303,세종70자1507,36.485358,127.300618,3.49,293064216,소담동(새샘마을),41
2026-10-10T10:51:44,293000304,세종70자1508,36.534911,127.315661,12.438,293900054,용호동,63
2026-10-10T10:51:44,293000304,세종70자1304,36.487065,127.30148,19.95,293064254,"법원,검찰청,경찰청",36
2026-10-10T10:51:44,293000304,세종70자1505,36.469195,127.273836,23.283,293064251,대평동,32
2026-10-10T10:51:44,293000304,세종70자1509,36.468128,127.274032,23.301,293055001,세종고속시외버스터미널(지상),29
2026-10-10T10:51:44,293000305,세종70자1354,36.467693,127.27356,0.0,293055002,세종고속시외버스터미널(지상),14
2026-10-10T10:51:44,293000305,세종70자1511,36.511861,127.33011,7.804,293064417,세종공동캠퍼스,41
2026-10-10T10:51:44,293000305,세종70자1512,36.533993,127.276186,14.557,293014026,한별동,52
2026-10-10T10:51:44,293000311,세종70자1348,36.467643,127.273536,0.0,293055002,세종고속시외버스터미널(지상),18
2026-10-10T10:51:44,293000311,세종70자1351,36.496464,127.305254,8.823,293900013,세종연구단지(수루배1단지),28
2026-10-10T10:51:44,293000311,세종70자1344,36.501456,127.240703,17.673,293064473,"종촌초등학교(가락마을6,7단지)",4
2026-10-10T10:51:44,293000311,세종70자1349,36.467668,127.273738,23.426,293055001,세종고속시외버스터미널(지상),26
2026-10-10T10:51:44,293000312,세종70자1350,36.519163,127.249213,8.392,293064101,범지기마을10단지 북측,24
2026-10-10T10:51:44,293000312,세종70자1345,36.485017,127.303748,19.848,293064364,새샘마을6단지,37
2026-10-10T10:51:44,293000312,세종70자1346,36.468179,127.274019,23.389,293064251,대평동,2
2026-10-10T10:51:44,271000805,세종73자5672,36.475305,127.281115,6.045,293064209,"보람동,대평동",34
2026-10-10T10:51:44,271000805,세종73자5647,36.535002,127.314999,19.049,293900062,용호동,57
2026-10-10T10:51:44,271000805,세종73자5646,36.594025,127.398274,31.117,293064498,다솜동,72
2026-10-10T10:51:44,271000805,세종73자5645,36.641846,127.426834,39.242,270054819,솔밭초등학교.신영지웰시티,17
2026-10-10T10:51:44,271000806,충북70자1055,36.60973851,127.4240386,7.66,270054834,가경아이파크5단지,0
2026-10-10T10:51:44,271000806,충북70자7076,36.51615528,127.25894355,29.085,293064446,세종충남대학교병원,0
2026-10-10T10:51:44,271000806,세종73자5644,36.493018,127.326733,42.158,293064479,집현동,16
2026-10-10T10:52:16,293000317,세종70자1706,36.439523,127.286095,6.514,186005279,반석역,68
2026-10-10T10:52:16,293000317,세종70자1708,36.519661,127.330848,18.874,293064417,세종공동캠퍼스,69
2026-10-10T10:52:16,293000317,세종70자1707,36.619097,127.326795,33.214,270054837,오송역종점,25
2026-10-10T10:52:16,293000317,세종70자1702,36.619111,127.326463,33.214,270054837,오송역종점,17
2026-10-10T10:52:16,293000318,세종70자1705,36.591185,127.327311,4.032,270000635,오송역2.3.4,68
2026-10-10T10:52:16,293000318,세종70자1701,36.49736999,127.309275,18.399,293064257,반곡동(수루배마을),255
2026-10-10T10:52:16,293000318,세종70자1704,36.391359,127.315127,32.906,186005278,반석역,44
2026-10-10T10:52:16,187000003,대전75자9926,36.351425,127.412014,3.564,187001384,오정동행정복지센터,0
2026-10-10T10:52:16,187000003,대전75자9925,36.363117,127.399835,5.285,187001386,오정농수산시장,0
2026-10-10T10:52:16,187000003,대전75자9921,36.478892,127.289419,28.108,293064211,"세종시청,시의회,교육청",0
2026-10-10T10:52:16,187000003,대전75자9920,36.487351,127.257543,32.261,293053005,"새롬동,나성동",0
2026-10-10T10:52:16,187000003,대전75자9918,36.533891,127.275851,38.359,293014025,한별동,0
2026-10-10T10:52:16,187000003,대전75자9917,36.565148,127.309027,44.347,293064420,누리동,0
2026-10-10T10:52:16,187000003,대전75자9937,36.619013,127.326773,51.951,270000635,오송역2.3.4,0
2026-10-10T10:52:16,187000003,대전75자9915,36.588692,127.323689,47.367,974019920,오송역2.3.4(미정차),0
2026-10-10T10:52:16,187000003,대전75자9914,36.534607,127.295476,63.524,974019920,오송역2.3.4(미정차),0
2026-10-10T10:52:16,187000003,대전75자9911,36.502126,127.260192,69.69,293062007,정부세종청사 남측,0
2026-10-10T10:52:16,187000003,대전75자9910,36.479313,127.262965,72.46,293053009,한솔동,0
2026-10-10T10:52:16,187000003,대전75자9110,36.485941,127.301344,76.976,293064216,소담동(새샘마을),0
2026-10-10T10:52:16,187000003,대전75자9941,36.4543,127.369644,85.458,186005287,국제과학비즈니스벨트,0
2026-10-10T10:52:16,187000003,대전75자9940,36.405862,127.416759,93.359,187001388,대덕산업단지,0
2026-10-10T10:52:16,187000003,대전75자9936,36.344222,127.421009,101.829,187001393,솔랑마을아파트,0
2026-10-10T10:52:16,187000003,대전75자9935,36.331424,127.432453,103.641,183002355,대전역,0
2026-10-10T10:52:16,187000003,대전75자9927,36.333361,127.437549,104.211,187001395,대전역동광장,0
2026-10-10T10:52:16,271000801,충북70자6052,36.47215857,127.26824911,0.733,293064220,세종고속시외버스터미널(지하),0
2026-10-10T10:52:16,271000801,충북70자1063,36.54753704,127.30138436,12.598,293064420,누리동,0
2026-10-10T10:52:16,271000801,충북70자1044,36.64623482,127.3380263,28.969,271000641,보건의료행정타운,0
2026-10-10T10:52:16,271000801,충북70자5130,36.70735567,127.4284514,41.038,274000032,미래나노텍,0
2026-10-10T10:52:16,271000802,충북70자3071,36.72423347,127.4963017,0.5,270051719,청주국제공항,0
2026-10-10T10:52:16,271000802,충북70자3070,36.69222161,127.416154,10.602,274000031,미래나노텍,0
2026-10-10T10:52:16,271000802,충북70자2074,36.619296,127.327214,26.854,270000635,오송역2.3.4,0
2026-10-10T10:52:16,271000802,충북70자2008,36.49591871,127.25685599,46.219,293062007,정부세종청사 남측,0
2026-10-10T10:52:16,293000282,세종70자1754,36.406987,127.303521,2.4,186004230,반석역,69
2026-10-10T10:52:16,293000282,세종70자1745,36.479543,127.246414,13.881,293064358,새롬중학교(새뜸마을1단지),21
2026-10-10T10:52:16,293000282,세종70자1753,36.519172,127.252434,20.442,293064056,범지기마을10단지,24
2026-10-10T10:52:16,293000282,세종70자1749,36.594993,127.291231,31.584,293064033,신흥사거리,11
2026-10-10T10:52:16,293000282,세종70자1743,36.619062,127.327159,37.314,270054837,오송역종점,20
2026-10-10T10:52:16,293000283,세종70자1747,36.600222,127.298199,4.738,293001088,조치원전통시장,21
2026-10-10T10:52:16,293000283,세종70자1748,36.519733,127.242827,15.073,293900057,연기리,58
2026-10-10T10:52:16,293000283,세종70자1751,36.499403,127.244372,20.449,293064145,다빛초등학교(가온마을3단지),22
2026-10-10T10:52:16,293000283,세종70자1752,36.391431,127.314817,37.163,186004229,반석역,36
2026-10-10T10:52:16,293000303,세종70자1507,36.485515,127.300739,3.511,293064216,소담동(새샘마을),41
2026-10-10T10:52:16,293000304,세종70자1508,36.531835,127.320153,12.965,293064493,다솜동,57
2026-10-10T10:52:16,293000304,세종70자1304,36.486858,127.301386,19.974,293064254,"법원,검찰청,경찰청",36
2026-10-10T10:52:16,293000304,세종70자1509,36.468128,127.274032,23.301,293055001,세종고속시외버스터미널(지상),29
2026-10-10T10:52:16,293000305,세종70자1354,36.467693,127.27356,0.0,293055002,세종고속시외버스터미널(지상),14
2026-10-10T10:52:16,293000305,세종70자1511,36.515941,127.330475,8.259,293064417,세종공동캠퍼스,57
2026-10-10T10:52:16,293000305,세종70자1512,36.533873,127.275266,14.64,293014026,한별동,40
2026-10-10T10:52:16,293000311,세종70자1351,36.496635,127.304726,8.874,293900013,세종연구단지(수루배1단지),28
2026-10-10T10:52:16,293000311,세종70자1344,36.501021,127.240628,17.722,293064473,"종촌초등학교(가락마을6,7단지)",27
2026-10-10T10:52:16,293000311,세종70자1349,36.467668,127.273738,23.426,293055001,세종고속시외버스터미널(지상),26
2026-10-10T10:52:16,293000312,세종70자1350,36.51896,127.255798,9.01,293064052,세종충남대병원,41
2026-10-10T10:52:16,293000312,세종70자1345,36.48579999,127.302202,20.011,293064364,새샘마을6단지,37
2026-10-10T10:52:16,293000312,세종70자1346,36.468398,127.274067,23.389,293064251,대평동,2
2026-10-10T10:52:16,271000805,세종73자5672,36.47225,127.276616,6.571,293064209,"보람동,대평동",13
2026-10-10T10:52:16,271000805,세종73자5646,36.597038,127.404257,31.752,293064498,다솜동,73
2026-10-10T10:52:16,271000805,세종73자5647,36.532758,127.318788,19.472,293064498,다솜동,53
2026-10-10T10:52:16,271000805,세종73자5645,36.641846,127.426834,39.242,270054819,솔밭초등학교.신영지웰시티,17
2026-10-10T10:52:16,271000806,충북70자3086,36.6432856,127.4218048,0.033,270054825,비하종점,0
2026-10-10T10:52:16,271000806,충북70자1055,36.60973851,127.4240386,7.66,270054834,가경아이파크5단지,0
2026-10-10T10:52:16,271000806,충북70자7076,36.51483,127.25896,29.232,293056002,도담동,0
2026-10-10T10:52:16,271000806,세종73자5644,36.493018,127.326733,42.158,293064479,집현동,16
2026-10-10T10:52:47,293000317,세종70자1706,36.446906,127.286015,7.344,186005279,반석역,68
2026-10-10T10:52:47,293000317,세종70자1708,36.521304,127.330654,19.056,293064417,세종공동캠퍼스,55
2026-10-10T10:52:47,293000317,세종70자1707,36.619097,127.326795,33.214,270054837,오송역종점,25
2026-10-10T10:52:47,293000317,세종70자1702,36.619111,127.326463,33.214,270054837,오송역종점,17
2026-10-10T10:52:47,293000318,세종70자1705,36.587447,127.322767,4.728,270000635,오송역2.3.4,68
2026-10-10T10:52:47,293000318,세종70자1701,36.492002,127.304384,19.159,293064261,국책연구단지,18
2026-10-10T10:52:47,293000318,세종70자1704,36.391359,127.315127,32.906,186005278,반석역,44
2026-10-10T10:52:47,187000003,대전75자9926,36.352055,127.411262,3.661,187001384,오정동행정복지센터,0
2026-10-10T10:52:47,187000003,대전75자9925,36.363117,127.399835,5.285,187001386,오정농수산시장,0
2026-10-10T10:52:47,187000003,대전75자9921,36.478463,127.288493,28.204,293064211,"세종시청,시의회,교육청",0
2026-10-10T10:52:47,187000003,대전75자9920,36.487351,127.257543,32.261,293053005,"새롬동,나성동",0
2026-10-10T10:52:47,187000003,대전75자9918,36.533891,127.275851,38.359,293014025,한별동,0
2026-10-10T10:52:47,187000003,대전75자9917,36.565148,127.309027,44.347,293064420,누리동,0
2026-10-10T10:52:47,187000003,대전75자9937,36.619013,127.326773,51.951,270000635,오송역2.3.4,0
2026-10-10T10:52:47,187000003,대전75자9915,36.588692,127.323689,47.367,974019920,오송역2.3.4(미정차),0
2026-10-10T10:52:47,187000003,대전75자9914,36.53405,127.292664,63.782,293014058,누리동,0
2026-10-10T10:52:47,187000003,대전75자9911,36.502126,127.260192,69.69,293062007,정부세종청사 남측,0
2026-10-10T10:52:47,187000003,대전75자9910,36.479313,127.262965,72.46,293053009,한솔동,0
2026-10-10T10:52:47,187000003,대전75자9110,36.483297,127.30629,77.509,293064216,소담동(새샘마을),0
2026-10-10T10:52:47,187000003,대전75자9941,36.4543,127.369644,85.458,186005287,국제과학비즈니스벨트,0
2026-10-10T10:52:47,187000003,대전75자9940,36.393075,127.413106,94.832,187001388,대덕산업단지,0
2026-10-10T10:52:47,187000003,대전75자9936,36.343691,127.421763,101.919,187001393,솔랑마을아파트,0
2026-10-10T10:52:47,187000003,대전75자9935,36.332868,127.437117,104.124,187001395,대전역동광장,0
2026-10-10T10:52:47,187000003,대전75자9927,36.331356,127.432804,103.703,187001395,대전역동광장,0
2026-10-10T10:52:47,271000801,충북70자6052,36.47215857,127.26824911,0.733,293064220,세종고속시외버스터미널(지하),0
2026-10-10T10:52:47,271000801,충북70자1063,36.54753704,127.30138436,12.598,293064420,누리동,0
2026-10-10T10:52:47,271000801,충북70자1044,36.64674433,127.3398015,29.141,271000641,보건의료행정타운,0
2026-10-10T10:52:47,271000801,충북70자5130,36.70873187,127.4266107,41.273,274000032,미래나노텍,0
2026-10-10T10:52:47,271000802,충북70자3071,36.72119948,127.4913063,1.062,284000230,청주공항역,0
2026-10-10T10:52:47,271000802,충북70자3070,36.68921277,127.4126997,11.06,274000031,미래나노텍,0
2026-10-10T10:52:47,271000802,충북70자2074,36.619296,127.327214,26.854,270000635,오송역2.3.4,0
2026-10-10T10:52:47,271000802,충북70자2008,36.494837,127.256494,46.346,293062004,다정동,0
2026-10-10T10:52:47,293000282,세종70자1754,36.412225,127.300725,3.032,186004230,반석역,68
2026-10-10T10:52:47,293000282,세종70자1745,36.482702,127.246149,14.288,293064388,"새뜸마을1,2단지",37
2026-10-10T10:52:47,293000282,세종70자1753,36.519172,127.252434,20.442,293064056,범지기마을10단지,24
2026-10-10T10:52:47,293000282,세종70자1749,36.595399,127.293509,31.861,293064147,세종시보건소(대동초),32
2026-10-10T10:52:47,293000282,세종70자1743,36.619062,127.327159,37.314,270054837,오송역종점,20
2026-10-10T10:52:47,293000283,세종70자1747,36.599226,127.298377,4.85,293001088,조치원전통시장,16
2026-10-10T10:52:47,293000283,세종70자1748,36.519733,127.242827,15.073,293900057,연기리,58
2026-10-10T10:52:47,293000283,세종70자1751,36.499391,127.244537,20.464,293064145,다빛초등학교(가온마을3단지),22
2026-10-10T10:52:47,293000283,세종70자1752,36.389296,127.316379,37.439,186004229,반석역,36
2026-10-10T10:52:47,293000303,세종70자1507,36.485566,127.300784,3.518,293064216,소담동(새샘마을),41
2026-10-10T10:52:47,293000304,세종70자1508,36.52831599,127.32479,13.535,293064493,다솜동,52
2026-10-10T10:52:47,293000304,세종70자1304,36.486651,127.301308,19.998,293064254,"법원,검찰청,경찰청",36
2026-10-10T10:52:47,293000304,세종70자1509,36.468128,127.274032,23.301,293055001,세종고속시외버스터미널(지상),29
2026-10-10T10:52:47,293000305,세종70자1354,36.467693,127.27356,0.0,293055002,세종고속시외버스터미널(지상),14
2026-10-10T10:52:47,293000305,세종70자1511,36.52025299,127.330808,8.739,293064417,세종공동캠퍼스,55
2026-10-10T10:52:47,293000305,세종70자1512,36.532866,127.27054,15.078,293014026,한별동,56
2026-10-10T10:52:47,293000311,세종70자1351,36.496646,127.304623,8.882,293900013,세종연구단지(수루배1단지),14
2026-10-10T10:52:47,293000311,세종70자1344,36.499978,127.240464,17.839,293064473,"종촌초등학교(가락마을6,7단지)",27
2026-10-10T10:52:47,293000311,세종70자1349,36.467668,127.273738,23.426,293055001,세종고속시외버스터미널(지상),26
2026-10-10T10:52:47,293000312,세종70자1350,36.517916,127.258673,9.292,293064052,세종충남대병원,48
2026-10-10T10:52:47,293000312,세종70자1345,36.48384,127.299017,20.461,293064364,새샘마을6단지,61
2026-10-10T10:52:47,293000312,세종70자1346,36.468341,127.274047,23.389,293064251,대평동,2
2026-10-10T10:52:47,271000805,세종73자5672,36.47078,127.273402,6.903,293064220,세종고속시외버스터미널(지하),22
2026-10-10T10:52:47,271000805,세종73자5646,36.60387699,127.41113,32.755,293064498,다솜동,62
2026-10-10T10:52:47,271000805,세종73자5647,36.530992,127.321042,19.753,293064498,다솜동,52
2026-10-10T10:52:47,271000805,세종73자5645,36.641815,127.428742,39.412,270054819,솔밭초등학교.신영지웰시티,32
2026-10-10T10:52:47,271000806,충북70자3086,36.6432856,127.4218048,0.033,270054825,비하종점,0
2026-10-10T10:52:47,271000806,충북70자1055,36.60973851,127.4240386,7.66,270054834,가경아이파크5단지,0
2026-10-10T10:52:47,271000806,충북70자7076,36.51483,127.25896,29.232,293056002,도담동,0
2026-10-10T10:52:47,271000806,세종73자5644,36.493018,127.326733,42.158,293064479,집현동,16
2026-10-10T10:53:19,293000317,세종70자1706,36.451648,127.28534,7.88,186005279,반석역,68
2026-10-10T10:53:19,293000317,세종70자1708,36.525643,127.327985,19.595,293064417,세종공동캠퍼스,68
2026-10-10T10:53:19,293000317,세종70자1707,36.619097,127.326795,33.214,270054837,오송역종점,25
2026-10-10T10:53:19,293000317,세종70자1702,36.619111,127.326463,33.214,270054837,오송역종점,17
2026-10-10T10:53:19,293000318,세종70자1705,36.580339,127.321264,5.566,270000635,오송역2.3.4,68
2026-10-10T10:53:19,293000318,세종70자1701,36.49186799,127.304271,19.177,293064261,국책연구단지,21
2026-10-10T10:53:19,293000318,세종70자1704,36.391359,127.315127,32.906,186005278,반석역,44
2026-10-10T10:53:19,187000003,대전75자9926,36.352055,127.411262,3.661,187001384,오정동행정복지센터,0
2026-10-10T10:53:19,187000003,대전75자9925,36.374019,127.403559,6.828,187001386,오정농수산시장,0
2026-10-10T10:53:19,187000003,대전75자9921,36.478463,127.288493,28.204,293064211,"세종시청,시의회,교육청",0
2026-10-10T10:53:19,187000003,대전75자9920,36.493537,127.256307,32.961,293054003,다정동,0
2026-10-10T10:53:19,187000003,대전75자9918,36.533947,127.291719,39.781,293064420,누리동,0
2026-10-10T10:53:19,187000003,대전75자9917,36.575223,127.319562,45.813,293064420,누리동,0
2026-10-10T10:53:19,187000003,대전75자9937,36.619013,127.326773,51.951,270000635,오송역2.3.4,0
2026-10-10T10:53:19,187000003,대전75자9915,36.575652,127.319651,45.861,974019920,오송역2.3.4(미정차),0
2026-10-10T10:53:19,187000003,대전75자9914,36.534055,127.291633,63.874,293014058,누리동,0
2026-10-10T10:53:19,187000003,대전75자9911,36.502126,127.260192,69.69,293062007,정부세종청사 남측,0
2026-10-10T10:53:19,187000003,대전75자9910,36.479313,127.262965,72.46,293053009,한솔동,0
2026-10-10T10:53:19,187000003,대전75자9110,36.483297,127.30629,77.509,293064216,소담동(새샘마을),0
2026-10-10T10:53:19,187000003,대전75자9941,36.4543,127.369644,85.458,186005287,국제과학비즈니스벨트,0
2026-10-10T10:53:19,187000003,대전75자9940,36.393075,127.413106,94.832,187001388,대덕산업단지,0
2026-10-10T10:53:19,187000003,대전75자9936,36.343691,127.421763,101.919,187001393,솔랑마을아파트,0
2026-10-10T10:53:19,187000003,대전75자9935,36.332868,127.437117,104.124,187001395,대전역동광장,0
2026-10-10T10:53:19,187000003,대전75자9927,36.331356,127.432804,103.703,187001395,대전역동광장,0
2026-10-10T10:53:19,271000801,충북70자6052,36.47925319,127.26311978,1.645,293064220,세종고속시외버스터미널(지하),0
2026-10-10T10:53:19,271000801,충북70자1063,36.54753704,127.30138436,12.598,293064420,누리동,0
2026-10-10T10:53:19,271000801,충북70자1044,36.64702038,127.3487212,29.618,271000641,보건의료행정타운,0
2026-10-10T10:53:19,271000801,충북70자5130,36.70873187,127.4266107,41.273,274000032,미래나노텍,0
2026-10-10T10:53:19,271000802,충북70자3071,36.71834232,127.4886923,1.473,284000230,청주공항역,0
2026-10-10T10:53:19,271000802,충북70자3070,36.68921277,127.4126997,11.06,274000031,미래나노텍,0
2026-10-10T10:53:19,271000802,충북70자2074,36.619296,127.327214,26.854,270000635,오송역2.3.4,0
2026-10-10T10:53:19,271000802,충북70자2008,36.49114906,127.2564013,46.76,293062004,다정동,0
2026-10-10T10:53:19,293000282,세종70자1754,36.416757,127.299494,3.514,186004230,반석역,68
2026-10-10T10:53:19,293000282,세종70자1745,36.483255,127.246054,14.35,293064388,"새뜸마을1,2단지",34
2026-10-10T10:53:19,293000282,세종70자1753,36.519362,127.249709,20.729,293064102,범지기마을10단지 북측,32
2026-10-10T10:53:19,293000282,세종70자1749,36.59549,127.294165,31.92,293064147,세종시보건소(대동초),26
2026-10-10T10:53:19,293000282,세종70자1743,36.619062,127.327159,37.314,270054837,오송역종점,20
2026-10-10T10:53:19,293000283,세종70자1747,36.598258,127.298566,4.959,293001088,조치원전통시장,11
2026-10-10T10:53:19,293000283,세종70자1748,36.518928,127.244255,16.27,293064099,"범지기3,9단지(청소년센터)",35
2026-10-10T10:53:19,293000283,세종70자1751,36.499303,127.245801,20.577,293064145,다빛초등학교(가온마을3단지),46
2026-10-10T10:53:19,293000283,세종70자1752,36.389296,127.316379,37.439,186004229,반석역,36
2026-10-10T10:53:19,293000303,세종70자1507,36.486813,127.301749,3.681,293064253,"법원,검찰청,경찰청",36
2026-10-10T10:53:19,293000304,세종70자1508,36.527848,127.325343,13.607,293064493,다솜동,50
2026-10-10T10:53:19,293000304,세종70자1304,36.486598,127.301274,20.005,293064254,"법원,검찰청,경찰청",6
2026-10-10T10:53:19,293000304,세종70자1509,36.468128,127.274032,23.301,293055001,세종고속시외버스터미널(지상),29
2026-10-10T10:53:19,293000305,세종70자1354,36.467693,127.27356,0.0,293055002,세종고속시외버스터미널(지상),14
2026-10-10T10:53:19,293000305,세종70자1511,36.52389,127.329291,9.167,293064417,세종공동캠퍼스,57
2026-10-10T10:53:19,293000305,세종70자1512,36.530923,127.266629,15.491,293014026,한별동,13
2026-10-10T10:53:19,293000311,세종70자1351,36.498523,127.300517,9.304,293900013,세종연구단지(수루배1단지),67
2026-10-10T10:53:19,293000311,세종70자1344,36.499978,127.240464,17.839,293064473,"종촌초등학교(가락마을6,7단지)",27
2026-10-10T10:53:19,293000311,세종70자1349,36.467819,127.274096,23.426,293055001,세종고속시외버스터미널(지상),14
2026-10-10T10:53:19,293000312,세종70자1350,36.51614099,127.258853,9.528,293064052,세종충남대병원,57
2026-10-10T10:53:19,293000312,세종70자1345,36.482602,127.297522,20.653,293064214,소담동(새샘마을),6
2026-10-10T10:53:19,293000312,세종70자1346,36.468367,127.274079,23.389,293064251,대평동,2
2026-10-10T10:53:19,271000805,세종73자5672,36.470702,127.272848,6.953,293064220,세종고속시외버스터미널(지하),13
2026-10-10T10:53:19,271000805,세종73자5646,36.605751,127.412934,33.025,293064498,다솜동,66
2026-10-10T10:53:19,271000805,세종73자5647,36.529766,127.322622,19.949,293064498,다솜동,52
2026-10-10T10:53:19,271000805,세종73자5645,36.641703,127.430415,39.561,270054819,솔밭초등학교.신영지웰시티,32
2026-10-10T10:53:19,271000806,충북70자3086,36.6432856,127.4218048,0.033,270054825,비하종점,0
2026-10-10T10:53:19,271000806,충북70자1055,36.60760849,127.4185219,8.211,270054834,가경아이파크5단지,0
2026-10-10T10:53:19,271000806,충북70자7076,36.51121172,127.2601383,29.651,293056002,도담동,0
2026-10-10T10:53:19,271000806,세종73자5644,36.493018,127.326733,42.158,293064479,집현동,16
2026-10-10T10:53:50,293000317,세종70자1706,36.454696,127.283954,8.24,186005279,반석역,68
2026-10-10T10:53:50,293000317,세종70자1708,36.530244,127.322665,20.293,293064417,세종공동캠퍼스,67
2026-10-10T10:53:50,293000317,세종70자1707,36.619097,127.326795,33.214,270054837,오송역종점,25
2026-10-10T10:53:50,293000317,세종70자1702,36.619111,127.326463,33.214,270054837,오송역종점,17
2026-10-10T10:53:50,293000318,세종70자1705,36.577308,127.320537,5.941,270000635,오송역2.3.4,68
2026-10-10T10:53:50,293000318,세종70자1701,36.487209,127.301736,19.746,293064254,"법원,검찰청,경찰청",40
2026-10-10T10:53:50,293000318,세종70자1704,36.391359,127.315127,32.906,186005278,반석역,44
2026-10-10T10:53:50,187000003,대전75자9926,36.353047,127.410028,3.818,187001384,오정동행정복지센터,0
2026-10-10T10:53:50,187000003,대전75자9925,36.374019,127.403559,6.828,187001386,오정농수산시장,0
2026-10-10T10:53:50,187000003,대전75자9921,36.475417,127.281376,28.928,293064209,"보람동,대평동",0
2026-10-10T10:53:50,187000003,대전75자9920,36.49444,127.256477,33.062,293054003,다정동,0
2026-10-10T10:53:50,187000003,대전75자9918,36.534336,127.294973,40.08,293064420,누리동,0
2026-10-10T10:53:50,187000003,대전75자9917,36.575223,127.319562,45.813,293064420,누리동,0
2026-10-10T10:53:50,187000003,대전75자9937,36.619013,127.326773,51.951,270000635,오송역2.3.4,0
2026-10-10T10:53:50,187000003,대전75자9915,36.575652,127.319651,45.861,974019920,오송역2.3.4(미정차),0
2026-10-10T10:53:50,187000003,대전75자9914,36.534055,127.291633,63.874,293014058,누리동,0
2026-10-10T10:53:50,187000003,대전75자9911,36.501289,127.259811,69.789,293062007,정부세종청사 남측,0
2026-10-10T10:53:50,187000003,대전75자9910,36.470779,127.273107,73.874,293064221,세종고속시외버스터미널(지하),0
2026-10-10T10:53:50,187000003,대전75자9110,36.481748,127.307447,77.717,293064218,한국개발연구원(KDI),0
2026-10-10T10:53:50,187000003,대전75자9941,36.443827,127.383702,87.462,186005287,국제과학비즈니스벨트,0
2026-10-10T10:53:50,187000003,대전75자9940,36.393075,127.413106,94.832,187001388,대덕산업단지,0
2026-10-10T10:53:50,187000003,대전75자9936,36.343691,127.421763,101.919,187001393,솔랑마을아파트,0
2026-10-10T10:53:50,187000003,대전75자9935,36.332868,127.437117,104.124,187001395,대전역동광장,0
2026-10-10T10:53:50,187000003,대전75자9927,36.33242,127.432173,103.528,187001395,대전역동광장,0
2026-10-10T10:53:50,271000801,충북70자6052,36.47925319,127.26311978,1.645,293064220,세종고속시외버스터미널(지하),0
2026-10-10T10:53:50,271000801,충북70자1063,36.58034132,127.32136417,15.884,293064420,누리동,0
2026-10-10T10:53:50,271000801,충북70자1044,36.64507785,127.3535489,29.618,271000641,보건의료행정타운,0
2026-10-10T10:53:50,271000801,충북70자5130,36.71069,127.42826,41.644,270051808,오창프라자,0
2026-10-10T10:53:50,271000802,충북70자3071,36.71512972,127.4849944,1.96,284000230,청주공항역,0
2026-10-10T10:53:50,271000802,충북70자3070,36.68204577,127.4045865,12.137,274000031,미래나노텍,0
2026-10-10T10:53:50,271000802,충북70자2074,36.61959291,127.3264442,26.935,270000635,오송역2.3.4,0
2026-10-10T10:53:50,271000802,충북70자2008,36.48771,127.25729,47.154,293053004,"새롬동,나성동",0
2026-10-10T10:53:50,293000282,세종70자1754,36.422965,127.296419,3.514,186004230,반석역,69
2026-10-10T10:53:50,293000282,세종70자1745,36.48616,127.245165,14.683,293064312,"세종기상관측소(새뜸3,4단지)",56
2026-10-10T10:53:50,293000282,세종70자1753,36.519254,127.249282,20.769,293064102,범지기마을10단지 북측,12
2026-10-10T10:53:50,293000282,세종70자1749,36.595541,127.294583,31.958,293064147,세종시보건소(대동초),26
2026-10-10T10:53:50,293000282,세종70자1743,36.619062,127.327159,37.314,270054837,오송역종점,20
2026-10-10T10:53:50,293000283,세종70자1747,36.597378,127.298722,5.058,293064035,조치원1927아트센터,23
2026-10-10T10:53:50,293000283,세종70자1748,36.51877,127.244901,16.331,293064099,"범지기3,9단지(청소년센터)",18
2026-10-10T10:53:50,293000283,세종70자1751,36.498054,127.248894,21.021,293064262,"가온마을6,9단지",10
2026-10-10T10:53:50,293000283,세종70자1752,36.389296,127.316379,37.439,186004229,반석역,36
2026-10-10T10:53:50,293000303,세종70자1507,36.487442,127.301981,3.753,293064253,"법원,검찰청,경찰청",36
2026-10-10T10:53:50,293000304,세종70자1508,36.520738,127.330661,14.541,293064493,다솜동,46
2026-10-10T10:53:50,293000304,세종70자1304,36.482596,127.297438,20.571,293064214,소담동(새샘마을),38
2026-10-10T10:53:50,293000304,세종70자1509,36.468128,127.274032,23.301,293055001,세종고속시외버스터미널(지상),29
2026-10-10T10:53:50,293000305,세종70자1354,36.467693,127.27356,0.0,293055002,세종고속시외버스터미널(지상),14
2026-10-10T10:53:50,293000305,세종70자1511,36.527193,127.326126,9.634,293064417,세종공동캠퍼스,58
2026-10-10T10:53:50,293000305,세종70자1512,36.529956,127.265198,15.659,293014017,"해밀동,산울동",47
2026-10-10T10:53:50,293000311,세종70자1351,36.500217,127.296938,9.676,293900013,세종연구단지(수루배1단지),67
2026-10-10T10:53:50,293000311,세종70자1344,36.499978,127.240464,17.839,293064473,"종촌초등학교(가락마을6,7단지)",27
2026-10-10T10:53:50,293000311,세종70자1349,36.468233,127.27412,23.426,293055001,세종고속시외버스터미널(지상),14
2026-10-10T10:53:50,293000312,세종70자1350,36.514943,127.258913,9.661,293064052,세종충남대병원,48
2026-10-10T10:53:50,293000312,세종70자1345,36.481358,127.295425,20.882,293064214,소담동(새샘마을),63
2026-10-10T10:53:50,293000312,세종70자1346,36.468396,127.274096,23.389,293064251,대평동,2
2026-10-10T10:53:50,271000805,세종73자5672,36.472256,127.268257,7.412,293064220,세종고속시외버스터미널(지하),57
2026-10-10T10:53:50,271000805,세종73자5646,36.60749599,127.418634,33.581,293064498,다솜동,30
2026-10-10T10:53:50,271000805,세종73자5647,36.529702,127.323288,20.057,293064498,다솜동,33
2026-10-10T10:53:50,271000805,세종73자5645,36.641703,127.430415,39.561,270054819,솔밭초등학교.신영지웰시티,32
2026-10-10T10:53:50,271000806,충북70자3086,36.6432856,127.4218048,0.033,270054825,비하종점,0
2026-10-10T10:53:50,271000806,충북70자1055,36.6025542,127.4098773,9.225,270054834,가경아이파크5단지,0
2026-10-10T10:53:50,271000806,충북70자7076,36.50682951,127.26188928,30.166,293056002,도담동,0
2026-10-10T10:53:50,271000806,세종73자5644,36.493018,127.326733,42.158,293064479,집현동,16
2026-10-10T10:54:22,293000317,세종70자1706,36.45960199,127.279647,8.91,186005279,반석역,68
2026-10-10T10:54:22,293000317,세종70자1708,36.532107,127.319932,20.612,293064492,다솜동,44
2026-10-10T10:54:22,293000317,세종70자1702,36.619111,127.326463,33.214,270054837,오송역종점,17
2026-10-10T10:54:22,293000318,세종70자1705,36.57244399,127.316785,6.792,270000635,오송역2.3.4,67
2026-10-10T10:54:22,293000318,세종70자1701,36.486872,127.301566,19.786,293064254,"법원,검찰청,경찰청",40
2026-10-10T10:54:22,293000318,세종70자1704,36.391359,127.315127,32.906,186005278,반석역,44
2026-10-10T10:54:22,187000003,대전75자9926,36.354769,127.407886,4.089,187001385,오정농수산오거리,0
2026-10-10T10:54:22,187000003,대전75자9925,36.382404,127.412583,8.187,187001386,오정농수산시장,0
2026-10-10T10:54:22,187000003,대전75자9921,36.475417,127.281376,28.928,293064209,"보람동,대평동",0
2026-10-10T10:54:22,187000003,대전75자9920,36.498043,127.258066,33.492,293054003,다정동,0
2026-10-10T10:54:22,187000003,대전75자9918,36.534336,127.294973,40.08,293064420,누리동,0
2026-10-10T10:54:22,187000003,대전75자9917,36.575223,127.319562,45.813,293064420,누리동,0
2026-10-10T10:54:22,187000003,대전75자9937,36.619013,127.326773,51.951,270000635,오송역2.3.4,0
2026-10-10T10:54:22,187000003,대전75자9915,36.565472,127.309224,59.287,974019920,오송역2.3.4(미정차),0
2026-10-10T10:54:22,187000003,대전75자9914,36.534156,127.276995,65.194,293014026,한별동,0
2026-10-10T10:54:22,187000003,대전75자9911,36.498459,127.258193,70.141,293062007,정부세종청사 남측,0
2026-10-10T10:54:22,187000003,대전75자9910,36.470837,127.27376,73.934,293064221,세종고속시외버스터미널(지하),0
2026-10-10T10:54:22,187000003,대전75자9110,36.480903,127.307743,77.815,293064218,한국개발연구원(KDI),0
2026-10-10T10:54:22,187000003,대전75자9941,36.443827,127.383702,87.462,186005287,국제과학비즈니스벨트,0
2026-10-10T10:54:22,187000003,대전75자9940,36.382854,127.412509,95.97,187001388,대덕산업단지,0
2026-10-10T10:54:22,187000003,대전75자9936,36.341489,127.424828,102.287,187001394,한밭자이아파트,0
2026-10-10T10:54:22,187000003,대전75자9935,36.332868,127.437117,104.124,187001395,대전역동광장,0
2026-10-10T10:54:22,187000003,대전75자9927,36.33242,127.432173,103.528,187001395,대전역동광장,0
2026-10-10T10:54:22,271000801,충북70자6052,36.480335,127.262402,1.781,293053011,한솔동,0
2026-10-10T10:54:22,271000801,충북70자1063,36.587685,127.322945,17.625,293064420,누리동,0
2026-10-10T10:54:22,271000801,충북70자1044,36.64507785,127.3535489,29.618,271000641,보건의료행정타운,0
2026-10-10T10:54:22,271000801,충북70자5130,36.71069,127.42826,41.644,270051808,오창프라자,0
2026-10-10T10:54:22,271000802,충북70자3071,36.70911978,127.4818865,2.713,284000230,청주공항역,0
2026-10-10T10:54:22,271000802,충북70자3070,36.68204577,127.4045865,12.137,274000031,미래나노텍,0
2026-10-10T10:54:22,271000802,충북70자2074,36.61959291,127.3264442,26.935,270000635,오송역2.3.4,0
2026-10-10T10:54:22,271000802,충북70자2008,36.48771,127.25729,47.154,293053004,"새롬동,나성동",0
2026-10-10T10:54:22,293000282,세종70자1754,36.42651999,127.291681,4.902,186004230,반석역,69
2026-10-10T10:54:22,293000282,세종70자1745,36.48922,127.244154,15.102,293064360,"새뜸마을4단지,가온마을1단지",23
2026-10-10T10:54:22,293000282,세종70자1753,36.519215,127.24915,20.782,293064102,범지기마을10단지 북측,12
2026-10-10T10:54:22,293000282,세종70자1749,36.595757,127.29628,32.109,293064147,세종시보건소(대동초),25
2026-10-10T10:54:22,293000282,세종70자1743,36.619062,127.327159,37.314,270054837,오송역종점,20
2026-10-10T10:54:22,293000283,세종70자1747,36.596642,127.298453,5.183,293064035,조치원1927아트센터,30
2026-10-10T10:54:22,293000283,세종70자1748,36.518647,127.245749,16.409,293064099,"범지기3,9단지(청소년센터)",31
2026-10-10T10:54:22,293000283,세종70자1751,36.49801,127.248895,21.026,293064262,"가온마을6,9단지",10
2026-10-10T10:54:22,293000283,세종70자1752,36.389296,127.316379,37.439,186004229,반석역,36
2026-10-10T10:54:22,293000303,세종70자1507,36.491051,127.303788,4.188,293064255,국책연구단지,38
2026-10-10T10:54:22,293000304,세종70자1508,36.520265,127.33073,14.594,293064493,다솜동,46
2026-10-10T10:54:22,293000304,세종70자1304,36.482,127.296728,20.659,293064214,소담동(새샘마을),28
2026-10-10T10:54:22,293000304,세종70자1509,36.468128,127.274032,23.301,293055001,세종고속시외버스터미널(지상),29
2026-10-10T10:54:22,293000305,세종70자1354,36.467693,127.27356,0.0,293055002,세종고속시외버스터미널(지상),14
2026-10-10T10:54:22,293000305,세종70자1511,36.53167599,127.320431,10.346,293064492,다솜동,44
2026-10-10T10:54:22,293000305,세종70자1512,36.529295,127.264536,15.753,293014017,"해밀동,산울동",47
2026-10-10T10:54:22,293000311,세종70자1351,36.500663,127.295983,9.775,293900013,세종연구단지(수루배1단지),44
2026-10-10T10:54:22,293000311,세종70자1344,36.499474,127.242938,18.098,293064145,다빛초등학교(가온마을3단지),26
2026-10-10T10:54:22,293000311,세종70자1349,36.468233,127.27412,23.426,293055001,세종고속시외버스터미널(지상),14
2026-10-10T10:54:22,293000312,세종70자1350,36.514676,127.259158,9.693,293064052,세종충남대병원,48
2026-10-10T10:54:22,293000312,세종70자1345,36.478671,127.289135,21.52,293064211,"세종시청,시의회,교육청",23
2026-10-10T10:54:22,293000312,세종70자1346,36.468425,127.274115,23.389,293064251,대평동,2
2026-10-10T10:54:22,271000805,세종73자5672,36.476053,127.265499,7.901,293064220,세종고속시외버스터미널(지하),59
2026-10-10T10:54:22,271000805,세종73자5646,36.607596,127.41909,33.623,293064498,다솜동,30
2026-10-10T10:54:22,271000805,세종73자5647,36.531902,127.327575,20.508,293064498,다솜동,62
2026-10-10T10:54:22,271000805,세종73자5645,36.641703,127.430415,39.561,270054819,솔밭초등학교.신영지웰시티,32
2026-10-10T10:54:22,271000806,충북70자3086,36.6432856,127.4218048,0.033,270054825,비하종점,0
2026-10-10T10:54:22,271000806,충북70자1055,36.6025542,127.4098773,9.225,270054834,가경아이파크5단지,0
2026-10-10T10:54:22,271000806,충북70자7076,36.50508,127.261512,30.363,293062014,정부세종청사 북측,0
2026-10-10T10:54:22,271000806,세종73자5644,36.493018,127.326733,42.158,293064479,집현동,16
2026-10-10T10:54:22,271000806,세종73자5675,36.497667,127.325372,40.96,293064479,집현동,18
2026-10-10T10:54:53,293000317,세종70자1706,36.462949,127.276355,9.385,186005279,반석역,68
2026-10-10T10:54:53,293000317,세종70자1708,36.533504,127.318145,20.835,293064492,다솜동,54
2026-10-10T10:54:53,293000317,세종70자1702,36.619111,127.326463,33.214,270054837,오송역종점,17
2026-10-10T10:54:53,293000318,세종70자1705,36.565319,127.309099,7.841,270000635,오송역2.3.4,68
2026-10-10T10:54:53,293000318,세종70자1701,36.486872,127.301566,19.786,293064254,"법원,검찰청,경찰청",40
2026-10-10T10:54:53,293000318,세종70자1704,36.391359,127.315127,32.906,186005278,반석역,44
2026-10-10T10:54:53,187000003,대전75자9926,36.355376,127.407153,4.183,187001385,오정농수산오거리,0
2026-10-10T10:54:53,187000003,대전75자9925,36.382404,127.412583,8.187,187001386,오정농수산시장,0
2026-10-10T10:54:53,187000003,대전75자9921,36.471902,127.276471,29.519,293064251,대평동,0
2026-10-10T10:54:53,187000003,대전75자9920,36.500425,127.259474,33.786,293062006,정부세종청사 남측,0
2026-10-10T10:54:53,187000003,대전75자9918,36.537054,127.304444,40.978,293064420,누리동,0
2026-10-10T10:54:53,187000003,대전75자9917,36.588366,127.323505,47.329,293064420,누리동,0
2026-10-10T10:54:53,187000003,대전75자9937,36.619483,127.326741,51.822,270000635,오송역2.3.4,0
2026-10-10T10:54:53,187000003,대전75자9915,36.565472,127.309224,59.287,974019920,오송역2.3.4(미정차),0
2026-10-10T10:54:53,187000003,대전75자9914,36.534156,127.276995,65.194,293014026,한별동,0
2026-10-10T10:54:53,187000003,대전75자9911,36.495189,127.256652,70.539,293062004,다정동,0
2026-10-10T10:54:53,187000003,대전75자9910,36.471994,127.276474,74.209,293064252,대평동,0
2026-10-10T10:54:53,187000003,대전75자9110,36.480903,127.307743,77.815,293064218,한국개발연구원(KDI),0
2026-10-10T10:54:53,187000003,대전75자9940,36.382854,127.412509,95.97,187001388,대덕산업단지,0
2026-10-10T10:54:53,187000003,대전75자9941,36.438231,127.395285,88.74,187001388,대덕산업단지,0
2026-10-10T10:54:53,187000003,대전75자9936,36.34094,127.425582,102.378,187001394,한밭자이아파트,0
2026-10-10T10:54:53,187000003,대전75자9935,36.332868,127.437117,104.124,187001395,대전역동광장,0
2026-10-10T10:54:53,187000003,대전75자9927,36.33322,127.431777,103.433,187001395,대전역동광장,0
2026-10-10T10:54:53,271000801,충북70자6052,36.48257304,127.26075174,2.07,293053011,한솔동,0
2026-10-10T10:54:53,271000801,충북70자1063,36.587685,127.322945,18.014,293064420,누리동,0
2026-10-10T10:54:53,271000801,충북70자1044,36.64507785,127.3535489,29.618,271000641,보건의료행정타운,0
2026-10-10T10:54:53,271000801,충북70자5130,36.7108014,127.4299633,41.796,270051808,오창프라자,0
2026-10-10T10:54:53,271000802,충북70자3071,36.70831874,127.4788584,2.996,284000230,청주공항역,0
2026-10-10T10:54:53,271000802,충북70자3070,36.68204577,127.4045865,12.137,274000031,미래나노텍,0
2026-10-10T10:54:53,271000802,충북70자2074,36.61959291,127.3264442,26.935,270000635,오송역2.3.4,0
2026-10-10T10:54:53,271000802,충북70자2008,36.48596124,127.2582562,47.368,293053004,"새롬동,나성동",0
2026-10-10T10:54:53,293000282,세종70자1754,36.4291,127.288503,5.306,186004230,반석역,69
2026-10-10T10:54:53,293000282,세종70자1745,36.489905,127.246668,15.339,293064360,"새뜸마을4단지,가온마을1단지",18
2026-10-10T10:54:53,293000282,세종70자1753,36.519126,127.248754,20.818,293064102,범지기마을10단지 북측,28
2026-10-10T10:54:53,293000282,세종70자1749,36.596727,127.298983,32.382,293001093,조치원1927아트센터,21
2026-10-10T10:54:53,293000282,세종70자1743,36.619062,127.327159,37.314,270054837,오송역종점,20
2026-10-10T10:54:53,293000283,세종70자1747,36.595752,127.295129,5.497,293064035,조치원1927아트센터,40
2026-10-10T10:54:53,293000283,세종70자1748,36.518661,127.246496,16.476,293064099,"범지기3,9단지(청소년센터)",44
2026-10-10T10:54:53,293000283,세종70자1751,36.497186,127.248811,21.118,293064262,"가온마을6,9단지",30
2026-10-10T10:54:53,293000283,세종70자1752,36.389296,127.316379,37.439,186004229,반석역,36
2026-10-10T10:54:53,293000303,세종70자1507,36.493198,127.305169,4.459,293064255,국책연구단지,57
2026-10-10T10:54:53,293000304,세종70자1508,36.520265,127.33073,14.594,293064493,다솜동,46
2026-10-10T10:54:53,293000304,세종70자1304,36.478986,127.29149,21.229,293064214,소담동(새샘마을),51
2026-10-10T10:54:53,293000304,세종70자1509,36.468128,127.274032,23.301,293055001,세종고속시외버스터미널(지상),29
2026-10-10T10:54:53,293000305,세종70자1354,36.467693,127.27356,0.0,293055002,세종고속시외버스터미널(지상),14
2026-10-10T10:54:53,293000305,세종70자1511,36.532695,127.319154,10.507,293064492,다솜동,41
2026-10-10T10:54:53,293000305,세종70자1512,36.527063,127.262603,16.058,293014017,"해밀동,산울동",58
2026-10-10T10:54:53,293000311,세종70자1349,36.469083,127.274063,0.001,293055002,세종고속시외버스터미널(지상),18
2026-10-10T10:54:53,293000311,세종70자1351,36.502198,127.292553,10.125,293900013,세종연구단지(수루배1단지),63
2026-10-10T10:54:53,293000311,세종70자1344,36.499451,127.243514,18.149,293064145,다빛초등학교(가온마을3단지),19
2026-10-10T10:54:53,293000312,세종70자1346,36.469076,127.274023,0.001,293055002,세종고속시외버스터미널(지상),23
2026-10-10T10:54:53,293000312,세종70자1350,36.512526,127.259778,9.942,293056001,도담동(도램마을),49
2026-10-10T10:54:53,293000312,세종70자1345,36.478418,127.288928,21.549,293064211,"세종시청,시의회,교육청",6
2026-10-10T10:54:53,271000805,세종73자5672,36.479356,127.263133,8.325,293064220,세종고속시외버스터미널(지하),41
2026-10-10T10:54:53,271000805,세종73자5646,36.607792,127.419928,33.701,293064498,다솜동,28
2026-10-10T10:54:53,271000805,세종73자5647,36.532885,127.329308,20.698,293064498,다솜동,62
2026-10-10T10:54:53,271000805,세종73자5645,36.641724,127.43162,39.67,270054820,대농공원.흥덕보건소임시청사,17
2026-10-10T10:54:53,271000806,충북70자3086,36.6432856,127.4218048,0.033,270054825,비하종점,0
2026-10-10T10:54:53,271000806,충북70자1055,36.6025542,127.4098773,9.225,270054834,가경아이파크5단지,0
2026-10-10T10:54:53,271000806,충북70자7076,36.501765,127.259955,30.757,293062007,정부세종청사 남측,0
2026-10-10T10:54:53,271000806,세종73자5644,36.493018,127.326733,42.158,293064479,집현동,16
2026-10-10T10:54:53,271000806,세종73자5675,36.497815,127.325336,40.943,293064479,집현동,18
2026-10-10T10:55:25,293000317,세종70자1706,36.467497,127.275124,9.916,186005279,반석역,44
2026-10-10T10:55:25,293000317,세종70자1708,36.536482,127.311897,21.484,293900055,용호동,69
2026-10-10T10:55:25,293000317,세종70자1702,36.619111,127.326463,33.214,270054837,오송역종점,17
2026-10-10T10:55:25,293000318,세종70자1705,36.561344,127.305099,8.411,270000635,오송역2.3.4,68
2026-10-10T10:55:25,293000318,세종70자1701,36.486872,127.301566,19.786,293064254,"법원,검찰청,경찰청",40
2026-10-10T10:55:25,293000318,세종70자1704,36.391359,127.315127,32.906,186005278,반석역,44
2026-10-10T10:55:25,187000003,대전75자9926,36.355376,127.407153,4.183,187001385,오정농수산오거리,0
2026-10-10T10:55:25,187000003,대전75자9925,36.392888,127.413182,9.355,187001386,오정농수산시장,0
2026-10-10T10:55:25,187000003,대전75자9921,36.470905,127.273569,29.795,293064220,세종고속시외버스터미널(지하),0
2026-10-10T10:55:25,187000003,대전75자9920,36.501259,127.259883,33.885,293062006,정부세종청사 남측,0
2026-10-10T10:55:25,187000003,대전75자9918,36.537054,127.304444,40.978,293064420,누리동,0
2026-10-10T10:55:25,187000003,대전75자9917,36.594945,127.331123,48.335,293064420,누리동,0
2026-10-10T10:55:25,187000003,대전75자9937,36.619483,127.326741,51.822,270000635,오송역2.3.4,0
2026-10-10T10:55:25,187000003,대전75자9915,36.551645,127.30132,61.018,974019920,오송역2.3.4(미정차),0
2026-10-10T10:55:25,187000003,대전75자9914,36.534156,127.276995,65.194,293014026,한별동,0
2026-10-10T10:55:25,187000003,대전75자9911,36.494385,127.256464,70.631,293062004,다정동,0
2026-10-10T10:55:25,187000003,대전75자9910,36.471994,127.276474,74.209,293064252,대평동,0
2026-10-10T10:55:25,187000003,대전75자9110,36.480903,127.307743,77.815,293064218,한국개발연구원(KDI),0
2026-10-10T10:55:25,187000003,대전75자9940,36.382854,127.412509,95.97,187001388,대덕산업단지,0
2026-10-10T10:55:25,187000003,대전75자9941,36.437753,127.396127,88.833,187001388,대덕산업단지,0
2026-10-10T10:55:25,187000003,대전75자9936,36.34094,127.425582,102.378,187001394,한밭자이아파트,0
2026-10-10T10:55:25,187000003,대전75자9935,36.332868,127.437117,104.124,187001395,대전역동광장,0
2026-10-10T10:55:25,187000003,대전75자9927,36.33322,127.431777,103.433,187001395,대전역동광장,0
2026-10-10T10:55:25,271000801,충북70자6052,36.48596124,127.2582562,2.508,293053011,한솔동,0
2026-10-10T10:55:25,271000801,충북70자1063,36.587685,127.322945,18.014,293064420,누리동,0
2026-10-10T10:55:25,271000801,충북70자1044,36.64507785,127.3535489,29.618,271000641,보건의료행정타운,0
2026-10-10T10:55:25,271000801,충북70자5130,36.7108014,127.4299633,41.796,270051808,오창프라자,0
2026-10-10T10:55:25,271000802,충북70자3071,36.70669358,127.4744784,3.427,284000230,청주공항역,0
2026-10-10T10:55:25,271000802,충북70자3070,36.67830432,127.3983792,12.829,274000031,미래나노텍,0
2026-10-10T10:55:25,271000802,충북70자2074,36.6183991,127.327211,26.76,270000635,오송역2.3.4,0
2026-10-10T10:55:25,271000802,충북70자2008,36.481073,127.261769,47.995,293053009,한솔동,0
2026-10-10T10:55:25,293000282,세종70자1754,36.436785,127.286127,6.212,186004230,반석역,68
2026-10-10T10:55:25,293000282,세종70자1745,36.490498,127.249301,15.585,293064360,"새뜸마을4단지,가온마을1단지",17
2026-10-10T10:55:25,293000282,세종70자1753,36.519481,127.243099,21.349,293064100,"범지기3,9단지(청소년센터)",18
2026-10-10T10:55:25,293000282,세종70자1749,36.59761499,127.298831,32.482,293001093,조치원1927아트센터,25
2026-10-10T10:55:25,293000282,세종70자1743,36.619062,127.327159,37.314,270054837,오송역종점,20
2026-10-10T10:55:25,293000283,세종70자1747,36.595561,127.293296,5.662,293064035,조치원1927아트센터,40
2026-10-10T10:55:25,293000283,세종70자1748,36.519256,127.249791,16.779,293064101,범지기마을10단지 북측,49
2026-10-10T10:55:25,293000283,세종70자1751,36.494556,127.248864,21.42,293064264,다정동커뮤니티센터,30
2026-10-10T10:55:25,293000283,세종70자1752,36.389296,127.316379,37.439,186004229,반석역,36
2026-10-10T10:55:25,293000303,세종70자1507,36.497628,127.310633,5.181,293064258,반곡동(수루배마을),40
2026-10-10T10:55:25,293000304,세종70자1508,36.518991,127.330655,14.735,293064493,다솜동,57
2026-10-10T10:55:25,293000304,세종70자1304,36.478678,127.288826,21.455,293064211,"세종시청,시의회,교육청",6
2026-10-10T10:55:25,293000304,세종70자1509,36.468128,127.274032,23.301,293055001,세종고속시외버스터미널(지상),29
2026-10-10T10:55:25,293000305,세종70자1354,36.467693,127.27356,0.0,293055002,세종고속시외버스터미널(지상),14
2026-10-10T10:55:25,293000305,세종70자1511,36.535901,127.314398,11.057,293064492,다솜동,53
2026-10-10T10:55:25,293000305,세종70자1512,36.525006,127.261343,16.314,293014017,"해밀동,산울동",56
2026-10-10T10:55:25,293000311,세종70자1349,36.469585,127.273941,0.058,293055002,세종고속시외버스터미널(지상),11
2026-10-10T10:55:25,293000311,세종70자1351,36.503629,127.286585,10.687,293900013,세종연구단지(수루배1단지),47
2026-10-10T10:55:25,293000311,세종70자1344,36.4994,127.244237,18.214,293064145,다빛초등학교(가온마을3단지),19
2026-10-10T10:55:25,293000312,세종70자1346,36.470744,127.273486,0.218,293064220,세종고속시외버스터미널(지하),12
2026-10-10T10:55:25,293000312,세종70자1350,36.511208,127.260295,10.099,293064109,"도램마을8,10단지",48
2026-10-10T10:55:25,293000312,세종70자1345,36.47838999,127.288508,21.584,293064211,"세종시청,시의회,교육청",22
2026-10-10T10:55:25,271000805,세종73자5672,36.480452,127.262297,8.468,293053011,한솔동,38
2026-10-10T10:55:25,271000805,세종73자5646,36.609955,127.42424,34.159,293064498,다솜동,24
2026-10-10T10:55:25,271000805,세종73자5647,36.532885,127.329308,20.698,293064498,다솜동,62
2026-10-10T10:55:25,271000805,세종73자5645,36.6421,127.433888,39.876,270054820,대농공원.흥덕보건소임시청사,45
2026-10-10T10:55:25,271000806,충북70자3086,36.6432856,127.4218048,0.033,270054825,비하종점,0
2026-10-10T10:55:25,271000806,충북70자1055,36.6025542,127.4098773,9.225,270054834,가경아이파크5단지,0
2026-10-10T10:55:25,271000806,충북70자7076,36.501765,127.259955,30.757,293062007,정부세종청사 남측,0
2026-10-10T10:55:25,271000806,세종73자5644,36.493018,127.326733,42.158,293064479,집현동,16
2026-10-10T10:55:25,271000806,세종73자5675,36.497815,127.325336,40.943,293064479,집현동,18
2026-10-10T10:55:56,293000317,세종70자1706,36.46894,127.274973,10.077,186005279,반석역,44
2026-10-10T10:55:56,293000317,세종70자1708,36.537397,127.304795,22.189,293900055,용호동,21
2026-10-10T10:55:56,293000317,세종70자1702,36.619111,127.326463,33.214,270054837,오송역종점,17
2026-10-10T10:55:56,293000318,세종70자1705,36.556586,127.302843,8.985,270000635,오송역2.3.4,68
2026-10-10T10:55:56,293000318,세종70자1701,36.486265,127.301152,19.863,293064254,"법원,검찰청,경찰청",34
2026-10-10T10:55:56,293000318,세종70자1704,36.391359,127.315127,32.906,186005278,반석역,44
2026-10-10T10:55:56,187000003,대전75자9926,36.356705,127.405621,4.39,187001385,오정농수산오거리,0
2026-10-10T10:55:56,187000003,대전75자9925,36.392888,127.413182,9.355,187001386,오정농수산시장,0
2026-10-10T10:55:56,187000003,대전75자9921,36.470776,127.272244,29.922,293064220,세종고속시외버스터미널(지하),0
2026-10-10T10:55:56,187000003,대전75자9920,36.501259,127.259883,33.885,293062006,정부세종청사 남측,0
2026-10-10T10:55:56,187000003,대전75자9918,36.537054,127.304444,40.978,293064420,누리동,0
2026-10-10T10:55:56,187000003,대전75자9917,36.594945,127.331123,48.335,293064420,누리동,0
2026-10-10T10:55:56,187000003,대전75자9937,36.618452,127.327039,52.023,270000635,오송역2.3.4,0
2026-10-10T10:55:56,187000003,대전75자9915,36.551645,127.30132,61.018,974019920,오송역2.3.4(미정차),0
2026-10-10T10:55:56,187000003,대전75자9914,36.534156,127.276995,65.194,293014026,한별동,0
2026-10-10T10:55:56,187000003,대전75자9911,36.494385,127.256464,70.631,293062004,다정동,0
2026-10-10T10:55:56,187000003,대전75자9910,36.472722,127.276932,74.291,293064252,대평동,0
2026-10-10T10:55:56,187000003,대전75자9110,36.480903,127.307743,77.815,293064218,한국개발연구원(KDI),0
2026-10-10T10:55:56,187000003,대전75자9940,36.374639,127.40385,97.299,187001388,대덕산업단지,0
2026-10-10T10:55:56,187000003,대전75자9941,36.437753,127.396127,88.833,187001388,대덕산업단지,0
2026-10-10T10:55:56,187000003,대전75자9936,36.33597,127.430423,103.104,187001394,한밭자이아파트,0
2026-10-10T10:55:56,187000003,대전75자9935,36.332868,127.437117,104.124,187001395,대전역동광장,0
2026-10-10T10:55:56,187000003,대전75자9927,36.335608,127.430807,103.153,187001395,대전역동광장,0
2026-10-10T10:55:56,271000801,충북70자6052,36.48828145,127.2570354,2.787,293053005,"새롬동,나성동",0
2026-10-10T10:55:56,271000801,충북70자1063,36.587685,127.322945,18.014,293064420,누리동,0
2026-10-10T10:55:56,271000801,충북70자1044,36.65185624,127.3724538,32.567,271000641,보건의료행정타운,0
2026-10-10T10:55:56,271000801,충북70자5130,36.7108014,127.4299633,41.796,270051808,오창프라자,0
2026-10-10T10:55:56,271000802,충북70자3071,36.70328976,127.4639909,4.437,284000230,청주공항역,0
2026-10-10T10:55:56,271000802,충북70자3070,36.67614415,127.39534128,13.199,274000031,미래나노텍,0
2026-10-10T10:55:56,271000802,충북70자2074,36.6142691,127.3317501,27.984,270000635,오송역2.3.4,0
2026-10-10T10:55:56,271000802,충북70자2008,36.48070657,127.26208309,48.045,293053009,한솔동,0
2026-10-10T10:55:56,293000282,세종70자1754,36.439026,127.286095,6.46,186004230,반석역,68
2026-10-10T10:55:56,293000282,세종70자1745,36.491241,127.249772,15.714,293064237,"가온마을4,7단지",29
2026-10-10T10:55:56,293000282,세종70자1753,36.521189,127.24488,21.662,293064100,"범지기3,9단지(청소년센터)",44
2026-10-10T10:55:56,293000282,세종70자1749,36.599004,127.298605,32.638,293001090,조치원전통시장,32
2026-10-10T10:55:56,293000282,세종70자1743,36.619062,127.327159,37.314,270054837,오송역종점,20
2026-10-10T10:55:56,293000283,세종70자1747,36.595532,127.292895,5.697,293064146,세종시보건소(대동초),26
2026-10-10T10:55:56,293000283,세종70자1748,36.518994,127.252335,17.079,293061007,범지기마을10단지,38
2026-10-10T10:55:56,293000283,세종70자1751,36.494028,127.248882,21.478,293064264,다정동커뮤니티센터,30
2026-10-10T10:55:56,293000283,세종70자1752,36.389296,127.316379,37.439,186004229,반석역,36
2026-10-10T10:55:56,293000303,세종70자1507,36.497811,127.311013,5.217,293064258,반곡동(수루배마을),40
2026-10-10T10:55:56,293000304,세종70자1508,36.514781,127.330228,15.205,293064493,다솜동,57
2026-10-10T10:55:56,293000304,세종70자1304,36.47781,127.286861,21.655,293064211,"세종시청,시의회,교육청",50
2026-10-10T10:55:56,293000304,세종70자1509,36.468128,127.274032,23.301,293055001,세종고속시외버스터미널(지상),29
2026-10-10T10:55:56,293000305,세종70자1354,36.467693,127.27356,0.0,293055002,세종고속시외버스터미널(지상),14
2026-10-10T10:55:56,293000305,세종70자1511,36.536899,127.310265,11.436,293900055,용호동,57
2026-10-10T10:55:56,293000305,세종70자1512,36.521438,127.259686,16.739,293014017,"해밀동,산울동",19
2026-10-10T10:55:56,293000311,세종70자1349,36.469609,127.273931,0.061,293055002,세종고속시외버스터미널(지상),11
2026-10-10T10:55:56,293000311,세종70자1351,36.503848,127.284968,10.835,293900012,전통문화체험관,39
2026-10-10T10:55:56,293000311,세종70자1344,36.499347,127.244989,18.282,293064145,다빛초등학교(가온마을3단지),35
2026-10-10T10:55:56,293000312,세종70자1346,36.471208,127.269824,0.548,293064220,세종고속시외버스터미널(지하),56
2026-10-10T10:55:56,293000312,세종70자1350,36.509486,127.261241,10.307,293064109,"도램마을8,10단지",6
2026-10-10T10:55:56,293000312,세종70자1345,36.475581,127.281814,22.259,293064209,"보람동,대평동",26
2026-10-10T10:55:56,271000805,세종73자5672,36.48263399,127.260721,8.749,293053011,한솔동,55
2026-10-10T10:55:56,271000805,세종73자5647,36.533195,127.329825,20.756,293064498,다솜동,41
2026-10-10T10:55:56,271000805,세종73자5646,36.612215,127.423521,34.418,270054812,가경아이파크5단지,37
2026-10-10T10:55:56,271000805,세종73자5645,36.642187,127.434943,39.97,270054820,대농공원.흥덕보건소임시청사,45
2026-10-10T10:55:56,271000806,충북70자3086,36.6432856,127.4218048,0.033,270054825,비하종점,0
2026-10-10T10:55:56,271000806,충북70자1055,36.6025542,127.4098773,9.225,270054834,가경아이파크5단지,0
2026-10-10T10:55:56,271000806,충북70자7076,36.501765,127.259955,30.757,293062007,정부세종청사 남측,0
2026-10-10T10:55:56,271000806,세종73자5644,36.493018,127.326733,42.158,293064479,집현동,16
2026-10-10T10:55:56,271000806,세종73자5675,36.497815,127.325336,40.943,293064479,집현동,18
2026-10-10T10:56:28,293000317,세종70자1706,36.469139,127.274046,10.22,293055002,세종고속시외버스터미널(지상),18
2026-10-10T10:56:28,293000317,세종70자1708,36.540922,127.303432,22.6,293900055,용호동,66
2026-10-10T10:56:28,293000317,세종70자1702,36.619111,127.326463,33.214,270054837,오송역종점,17
2026-10-10T10:56:28,293000318,세종70자1705,36.551601,127.301334,9.556,270000635,오송역2.3.4,68
2026-10-10T10:56:28,293000318,세종70자1701,36.482794,127.297728,20.359,293064214,소담동(새샘마을),40
2026-10-10T10:56:28,293000318,세종70자1704,36.391359,127.315127,32.906,186005278,반석역,44
2026-10-10T10:56:28,187000003,대전75자9925,36.405465,127.416572,10.793,187001386,오정농수산시장,0
2026-10-10T10:56:28,187000003,대전75자9926,36.359728,127.403564,4.784,187001386,오정농수산시장,0
2026-10-10T10:56:28,187000003,대전75자9921,36.470776,127.272244,29.922,293064220,세종고속시외버스터미널(지하),0
2026-10-10T10:56:28,187000003,대전75자9920,36.503803,127.261062,34.187,293062011,정부세종청사 북측,0
2026-10-10T10:56:28,187000003,대전75자9918,36.551261,127.301385,42.624,293064420,누리동,0
2026-10-10T10:56:28,187000003,대전75자9917,36.608337,127.338907,49.396,293064420,누리동,0
2026-10-10T10:56:28,187000003,대전75자9915,36.551645,127.30132,61.018,974019920,오송역2.3.4(미정차),0
2026-10-10T10:56:28,187000003,대전75자9937,36.616258,127.329453,52.348,974019920,오송역2.3.4(미정차),0
2026-10-10T10:56:28,187000003,대전75자9914,36.529835,127.265063,66.389,293014017,"해밀동,산울동",0
2026-10-10T10:56:28,187000003,대전75자9911,36.488056,127.257108,71.354,293053004,"새롬동,나성동",0
2026-10-10T10:56:28,187000003,대전75자9910,36.47532,127.280616,74.729,293064206,"보람동,대평동",0
2026-10-10T10:56:28,187000003,대전75자9110,36.478381,127.309854,78.158,293064218,한국개발연구원(KDI),0
2026-10-10T10:56:28,187000003,대전75자9940,36.374639,127.40385,97.299,187001388,대덕산업단지,0
2026-10-10T10:56:28,187000003,대전75자9941,36.430219,127.405407,90.015,187001388,대덕산업단지,0
2026-10-10T10:56:28,187000003,대전75자9936,36.333836,127.431339,103.355,183002355,대전역,0
2026-10-10T10:56:28,187000003,대전75자9935,36.332868,127.437117,104.124,187001395,대전역동광장,0
2026-10-10T10:56:28,187000003,대전75자9927,36.337933,127.429733,102.878,187001395,대전역동광장,0
2026-10-10T10:56:28,271000801,충북70자6052,36.48916347,127.2567558,2.888,293053005,"새롬동,나성동",0
2026-10-10T10:56:28,271000801,충북70자1063,36.60637807,127.3398934,20.665,293064420,누리동,0
2026-10-10T10:56:28,271000801,충북70자1044,36.65558035,127.3767704,33.133,271000641,보건의료행정타운,0
2026-10-10T10:56:28,271000801,충북70자5130,36.70955916,127.4334736,42.147,270051808,오창프라자,0
2026-10-10T10:56:28,271000802,충북70자3071,36.70329204,127.4607245,4.729,284000230,청주공항역,0
2026-10-10T10:56:28,271000802,충북70자3070,36.672104,127.3917648,13.755,270054810,청주소로초등학교,0
2026-10-10T10:56:28,271000802,충북70자2074,36.60917705,127.3379281,29.045,270000635,오송역2.3.4,0
2026-10-10T10:56:28,271000802,충북70자2008,36.48070657,127.26208309,48.045,293053009,한솔동,0
2026-10-10T10:56:28,293000282,세종70자1754,36.445562,127.286014,7.193,186004230,반석역,68
2026-10-10T10:56:28,293000282,세종70자1745,36.491841,127.249615,15.782,293064237,"가온마을4,7단지",11
2026-10-10T10:56:28,293000282,세종70자1753,36.5226,127.24659,21.88,293064100,"범지기3,9단지(청소년센터)",59
2026-10-10T10:56:28,293000282,세종70자1749,36.599879,127.298439,32.736,293001090,조치원전통시장,20
2026-10-10T10:56:28,293000282,세종70자1743,36.619062,127.327159,37.314,270054837,오송역종점,20
2026-10-10T10:56:28,293000282,세종70자1750,36.618958,127.326912,37.293,270054837,오송역종점,255
2026-10-10T10:56:28,293000283,세종70자1747,36.595432,127.292097,5.77,293064146,세종시보건소(대동초),25
2026-10-10T10:56:28,293000283,세종70자1748,36.518179,127.252136,17.171,293061007,범지기마을10단지,3
2026-10-10T10:56:28,293000283,세종70자1751,36.494028,127.248878,21.478,293064264,다정동커뮤니티센터,30
2026-10-10T10:56:28,293000283,세종70자1752,36.389296,127.316379,37.439,186004229,반석역,36
2026-10-10T10:56:28,293000303,세종70자1507,36.497943,127.311257,5.241,293064258,반곡동(수루배마을),40
2026-10-10T10:56:28,293000304,세종70자1508,36.510351,127.329844,15.699,293064493,다솜동,56
2026-10-10T10:56:28,293000304,세종70자1304,36.475718,127.281691,22.173,293064209,"보람동,대평동",44
2026-10-10T10:56:28,293000304,세종70자1509,36.468128,127.274032,23.301,293055001,세종고속시외버스터미널(지상),29
2026-10-10T10:56:28,293000305,세종70자1354,36.467693,127.27356,0.0,293055002,세종고속시외버스터미널(지상),14
2026-10-10T10:56:28,293000305,세종70자1511,36.536268,127.301426,12.248,293900055,용호동,57
2026-10-10T10:56:28,293000305,세종70자1512,36.521156,127.259578,16.772,293064446,세종충남대학교병원,21
2026-10-10T10:56:28,293000311,세종70자1349,36.469609,127.273931,0.061,293055002,세종고속시외버스터미널(지상),11
2026-10-10T10:56:28,293000311,세종70자1351,36.504756,127.279256,11.353,293900012,전통문화체험관,61
2026-10-10T10:56:28,293000311,세종70자1344,36.499169,127.247383,18.497,293063001,"가재마을5단지,가온마을6단지",3
2026-10-10T10:56:28,293000312,세종70자1346,36.474606,127.266483,1.038,293064220,세종고속시외버스터미널(지하),57
2026-10-10T10:56:28,293000312,세종70자1350,36.508691,127.2625,10.508,293062016,도램마을9단지,33
2026-10-10T10:56:28,293000312,세종70자1345,36.475299,127.281309,22.319,293064209,"보람동,대평동",32
2026-10-10T10:56:28,271000805,세종73자5672,36.486683,127.257891,9.271,293053011,한솔동,29
2026-10-10T10:56:28,271000805,세종73자5647,36.537229,127.337794,21.601,293064498,다솜동,69
2026-10-10T10:56:28,271000805,세종73자5646,36.615543,127.422733,34.795,270054812,가경아이파크5단지,44
2026-10-10T10:56:28,271000805,세종73자5645,36.642187,127.434943,39.97,270054820,대농공원.흥덕보건소임시청사,45
2026-10-10T10:56:28,271000806,충북70자3086,36.6432856,127.4218048,0.033,270054825,비하종점,0
2026-10-10T10:56:28,271000806,충북70자1055,36.6025542,127.4098773,9.225,270054834,가경아이파크5단지,0
2026-10-10T10:56:28,271000806,충북70자7076,36.49835032,127.25816801,31.169,293062007,정부세종청사 남측,0
2026-10-10T10:56:28,271000806,세종73자5644,36.493018,127.326733,42.158,293064479,집현동,16
2026-10-10T10:56:28,271000806,세종73자5675,36.497815,127.325336,40.943,293064479,집현동,18
2026-10-10T10:56:59,293000317,세종70자1706,36.469572,127.273891,10.27,293055002,세종고속시외버스터미널(지상),6
2026-10-10T10:56:59,293000317,세종70자1708,36.54677,127.301693,23.269,293900055,용호동,69
2026-10-10T10:56:59,293000317,세종70자1702,36.619111,127.326463,33.214,270054837,오송역종점,17
2026-10-10T10:56:59,293000318,세종70자1705,36.546483,127.301498,10.133,270000635,오송역2.3.4,68
2026-10-10T10:56:59,293000318,세종70자1701,36.482428,127.297228,20.419,293064214,소담동(새샘마을),22
2026-10-10T10:56:59,293000318,세종70자1704,36.391359,127.315127,32.906,186005278,반석역,44
2026-10-10T10:56:59,187000003,대전75자9927,36.340472,127.426332,1.79,187001380,한밭자이아파트,0
2026-10-10T10:56:59,187000003,대전75자9926,36.363139,127.399811,5.289,187001386,오정농수산시장,0
2026-10-10T10:56:59,187000003,대전75자9925,36.415429,127.421243,12.001,187001386,오정농수산시장,0
2026-10-10T10:56:59,187000003,대전75자9921,36.47894,127.263419,31.187,293064220,세종고속시외버스터미널(지하),0
2026-10-10T10:56:59,187000003,대전75자9920,36.503803,127.261062,34.187,293062011,정부세종청사 북측,0
2026-10-10T10:56:59,187000003,대전75자9918,36.551261,127.301385,42.624,293064420,누리동,0
2026-10-10T10:56:59,187000003,대전75자9917,36.608337,127.338907,49.396,293064420,누리동,0
2026-10-10T10:56:59,187000003,대전75자9915,36.537404,127.304376,62.638,974019920,오송역2.3.4(미정차),0
2026-10-10T10:56:59,187000003,대전75자9937,36.616258,127.329453,52.348,974019920,오송역2.3.4(미정차),0
2026-10-10T10:56:59,187000003,대전75자9914,36.52915,127.264282,66.492,293014017,"해밀동,산울동",0
2026-10-10T10:56:59,187000003,대전75자9911,36.488056,127.257108,71.354,293053004,"새롬동,나성동",0
2026-10-10T10:56:59,187000003,대전75자9910,36.47532,127.280616,74.729,293064206,"보람동,대평동",0
2026-10-10T10:56:59,187000003,대전75자9110,36.478381,127.309854,78.158,293064218,한국개발연구원(KDI),0
2026-10-10T10:56:59,187000003,대전75자9941,36.423977,127.413882,91.048,187001388,대덕산업단지,0
2026-10-10T10:56:59,187000003,대전75자9940,36.361068,127.402038,99.273,187001388,대덕산업단지,0
2026-10-10T10:56:59,187000003,대전75자9936,36.333836,127.431339,103.355,183002355,대전역,0
2026-10-10T10:56:59,187000003,대전75자9935,36.332868,127.437117,104.124,187001395,대전역동광장,0
2026-10-10T10:56:59,271000801,충북70자6052,36.48916347,127.2567558,2.888,293053005,"새롬동,나성동",0
2026-10-10T10:56:59,271000801,충북70자1063,36.61143314,127.3349144,21.679,293064420,누리동,0
2026-10-10T10:56:59,271000801,충북70자1044,36.65558035,127.3767704,33.133,271000641,보건의료행정타운,0
2026-10-10T10:56:59,271000801,충북70자5130,36.70752783,127.4368772,42.53,270051808,오창프라자,0
2026-10-10T10:56:59,271000802,충북70자3071,36.70502196,127.4502831,4.809,284000230,청주공항역,0
2026-10-10T10:56:59,271000802,충북70자3070,36.672104,127.3917648,13.755,270054810,청주소로초등학교,0
2026-10-10T10:56:59,271000802,충북70자2074,36.60637807,127.3398934,29.328,270000635,오송역2.3.4,0
2026-10-10T10:56:59,271000802,충북70자2008,36.48070657,127.26208309,48.045,293053009,한솔동,0
2026-10-10T10:56:59,293000282,세종70자1754,36.45169099,127.285337,7.885,186004230,반석역,68
2026-10-10T10:56:59,293000282,세종70자1745,36.491841,127.249615,15.782,293064237,"가온마을4,7단지",11
2026-10-10T10:56:59,293000282,세종70자1753,36.53116399,127.251086,22.927,293064100,"범지기3,9단지(청소년센터)",67
2026-10-10T10:56:59,293000282,세종70자1749,36.600585,127.298309,32.815,293001090,조치원전통시장,6
2026-10-10T10:56:59,293000282,세종70자1743,36.619062,127.327159,37.314,270054837,오송역종점,20
2026-10-10T10:56:59,293000282,세종70자1750,36.618958,127.326912,37.293,270054837,오송역종점,255
2026-10-10T10:56:59,293000283,세종70자1747,36.595369,127.291514,5.822,293064146,세종시보건소(대동초),25
2026-10-10T10:56:59,293000283,세종70자1748,36.518172,127.25213,17.172,293061007,범지기마을10단지,1
2026-10-10T10:56:59,293000283,세종70자1751,36.493691,127.248936,21.519,293064264,다정동커뮤니티센터,33
2026-10-10T10:56:59,293000283,세종70자1752,36.389296,127.316379,37.439,186004229,반석역,36
2026-10-10T10:56:59,293000303,세종70자1507,36.497953,127.311301,5.245,293064258,반곡동(수루배마을),40
2026-10-10T10:56:59,293000304,세종70자1508,36.506041,127.329435,16.179,293064493,다솜동,59
2026-10-10T10:56:59,293000304,세종70자1304,36.474303,127.279561,22.423,293064209,"보람동,대평동",45
2026-10-10T10:56:59,293000304,세종70자1509,36.468128,127.274032,23.301,293055001,세종고속시외버스터미널(지상),29
2026-10-10T10:56:59,293000305,세종70자1354,36.467693,127.27356,0.0,293055002,세종고속시외버스터미널(지상),14
2026-10-10T10:56:59,293000305,세종70자1511,36.534801,127.296185,12.744,293900055,용호동,29
2026-10-10T10:56:59,293000305,세종70자1512,36.515231,127.258915,17.436,293056002,도담동,46
2026-10-10T10:56:59,293000311,세종70자1349,36.469673,127.273888,0.069,293055002,세종고속시외버스터미널(지상),9
2026-10-10T10:56:59,293000311,세종70자1351,36.506937,127.270916,12.153,293900009,세종소방서,64
2026-10-10T10:56:59,293000311,세종70자1344,36.499122,127.248582,18.604,293063001,"가재마을5단지,가온마을6단지",25
2026-10-10T10:56:59,293000312,세종70자1346,36.478322,127.263799,1.516,293064220,세종고속시외버스터미널(지하),43
2026-10-10T10:56:59,293000312,세종70자1350,36.50865499,127.265615,10.779,293062016,도램마을9단지,49
2026-10-10T10:56:59,293000312,세종70자1345,36.471929,127.276211,22.912,293064251,대평동,33
2026-10-10T10:56:59,271000805,세종73자5672,36.486998,127.25772,9.309,293053011,한솔동,29
2026-10-10T10:56:59,271000805,세종73자5647,36.540433,127.346494,22.476,293064498,다솜동,74
2026-10-10T10:56:59,271000805,세종73자5646,36.616923,127.42428,35.075,270054812,가경아이파크5단지,43
2026-10-10T10:56:59,271000805,세종73자5645,36.642187,127.434943,39.97,270054820,대농공원.흥덕보건소임시청사,45
2026-10-10T10:56:59,271000806,충북70자3086,36.6432856,127.4218048,0.033,270054825,비하종점,0
2026-10-10T10:56:59,271000806,충북70자1055,36.6025542,127.4098773,9.225,270054834,가경아이파크5단지,0
2026-10-10T10:56:59,271000806,충북70자7076,36.494837,127.256494,31.593,293062004,다정동,0
2026-10-10T10:56:59,271000806,세종73자5644,36.493018,127.326733,42.158,293064479,집현동,16
2026-10-10T10:56:59,271000806,세종73자5675,36.497815,127.325336,40.943,293064479,집현동,18
2026-10-10T10:57:33,293000317,세종70자1706,36.470677,127.273586,10.418,293055002,세종고속시외버스터미널(지상),10
2026-10-10T10:57:33,293000317,세종70자1708,36.548823,127.301379,23.501,293900055,용호동,69
2026-10-10T10:57:33,293000317,세종70자1702,36.619111,127.326463,33.214,270054837,오송역종점,17
2026-10-10T10:57:33,293000318,세종70자1705,36.542482,127.302604,10.589,270000635,오송역2.3.4,68
2026-10-10T10:57:33,293000318,세종70자1701,36.47927399,127.290411,21.127,293064214,소담동(새샘마을),56
2026-10-10T10:57:33,293000318,세종70자1704,36.391359,127.315127,32.906,186005278,반석역,44
2026-10-10T10:57:33,187000003,대전75자9927,36.340966,127.425696,1.869,187001380,한밭자이아파트,0
2026-10-10T10:57:33,187000003,대전75자9926,36.363139,127.399811,5.289,187001386,오정농수산시장,0
2026-10-10T10:57:33,187000003,대전75자9925,36.415429,127.421243,12.001,187001386,오정농수산시장,0
2026-10-10T10:57:33,187000003,대전75자9921,36.47894,127.263419,31.187,293064220,세종고속시외버스터미널(지하),0
2026-10-10T10:57:33,187000003,대전75자9920,36.504538,127.261438,34.276,293062011,정부세종청사 북측,0
2026-10-10T10:57:33,187000003,대전75자9918,36.565152,127.30902,44.347,293064420,누리동,0
2026-10-10T10:57:33,187000003,대전75자9917,36.608337,127.338907,49.396,293064420,누리동,0
2026-10-10T10:57:33,187000003,대전75자9915,36.534555,127.295456,63.528,974019920,오송역2.3.4(미정차),0
2026-10-10T10:57:33,187000003,대전75자9937,36.608563,127.338563,53.528,974019920,오송역2.3.4(미정차),0
2026-10-10T10:57:33,187000003,대전75자9914,36.521975,127.259845,67.397,293064446,세종충남대학교병원,0
2026-10-10T10:57:33,187000003,대전75자9911,36.487286,127.25751,71.446,293053004,"새롬동,나성동",0
2026-10-10T10:57:33,187000003,대전75자9910,36.478035,127.28765,75.418,293064210,"세종시청,시의회,교육청",0
2026-10-10T10:57:33,187000003,대전75자9110,36.478381,127.309854,78.158,293064218,한국개발연구원(KDI),0
2026-10-10T10:57:33,187000003,대전75자9941,36.423977,127.413882,91.048,187001388,대덕산업단지,0
2026-10-10T10:57:33,187000003,대전75자9940,36.358781,127.404165,99.59,187001388,대덕산업단지,0
2026-10-10T10:57:33,187000003,대전75자9936,36.333013,127.4317,103.452,183002355,대전역,0
2026-10-10T10:57:33,187000003,대전75자9935,36.332868,127.437117,104.124,187001395,대전역동광장,0
2026-10-10T10:57:33,271000801,충북70자6052,36.49238996,127.2562824,3.249,293053005,"새롬동,나성동",0
2026-10-10T10:57:33,271000801,충북70자1063,36.6142691,127.3317501,22.397,293064420,누리동,0
2026-10-10T10:57:33,271000801,충북70자1044,36.65972511,127.3816225,33.768,271000641,보건의료행정타운,0
2026-10-10T10:57:33,271000801,충북70자5130,36.70573642,127.4461686,43.385,270051808,오창프라자,0
2026-10-10T10:57:33,271000802,충북70자3071,36.70573642,127.4461686,6.055,284000230,청주공항역,0
2026-10-10T10:57:33,271000802,충북70자3070,36.66085716,127.3827951,15.512,270054810,청주소로초등학교,0
2026-10-10T10:57:33,271000802,충북70자2074,36.60637807,127.3398934,29.328,270000635,오송역2.3.4,0
2026-10-10T10:57:33,271000802,충북70자2008,36.47925319,127.26311978,48.231,293053009,한솔동,0
2026-10-10T10:57:33,293000282,세종70자1754,36.454274,127.284209,8.188,186004230,반석역,69
2026-10-10T10:57:33,293000282,세종70자1745,36.493324,127.249252,15.95,293064237,"가온마을4,7단지",9
2026-10-10T10:57:33,293000282,세종70자1753,36.534424,127.257159,23.482,293064100,"범지기3,9단지(청소년센터)",67
2026-10-10T10:57:33,293000282,세종70자1749,36.601093,127.298277,32.872,293001090,조치원전통시장,9
2026-10-10T10:57:33,293000282,세종70자1743,36.619062,127.327159,37.314,270054837,오송역종점,20
2026-10-10T10:57:33,293000282,세종70자1750,36.618958,127.326912,37.293,270054837,오송역종점,255
2026-10-10T10:57:33,293000283,세종70자1747,36.593875,127.291194,6.029,293064034,신흥사거리,39
2026-10-10T10:57:33,293000283,세종70자1748,36.518172,127.25213,17.172,293061007,범지기마을10단지,1
2026-10-10T10:57:33,293000283,세종70자1751,36.49127699,127.249547,21.792,293064370,"가온마을4,7단지",31
2026-10-10T10:57:33,293000283,세종70자1752,36.389296,127.316379,37.439,186004229,반석역,36
2026-10-10T10:57:33,293000303,세종70자1507,36.497693,127.317665,5.811,293064258,반곡동(수루배마을),56
2026-10-10T10:57:33,293000304,세종70자1508,36.501971,127.328946,16.634,293064416,세종공동캠퍼스,41
2026-10-10T10:57:33,293000304,세종70자1304,36.472396,127.276258,22.788,293064251,대평동,26
2026-10-10T10:57:33,293000304,세종70자1509,36.468128,127.274032,23.301,293055001,세종고속시외버스터미널(지상),29
2026-10-10T10:57:33,293000305,세종70자1354,36.467693,127.27356,0.0,293055002,세종고속시외버스터미널(지상),14
2026-10-10T10:57:33,293000305,세종70자1511,36.534318,127.294419,12.911,293900055,용호동,34
2026-10-10T10:57:33,293000305,세종70자1512,36.514378,127.259213,17.533,293056002,도담동,25
2026-10-10T10:57:33,293000311,세종70자1349,36.47076599,127.273613,0.211,293055002,세종고속시외버스터미널(지상),4
2026-10-10T10:57:33,293000311,세종70자1351,36.507654,127.268879,12.352,293900009,세종소방서,46
2026-10-10T10:57:33,293000311,세종70자1344,36.499122,127.248582,18.604,293063001,"가재마을5단지,가온마을6단지",25
2026-10-10T10:57:33,293000312,세종70자1346,36.479296,127.263113,1.64,293064220,세종고속시외버스터미널(지하),35
2026-10-10T10:57:33,293000312,세종70자1350,36.508101,127.267495,10.96,293062016,도램마을9단지,49
2026-10-10T10:57:33,293000312,세종70자1345,36.469456,127.273839,23.343,293055001,세종고속시외버스터미널(지상),20
2026-10-10T10:57:33,271000805,세종73자5672,36.489258,127.256824,9.574,293053005,"새롬동,나성동",53
2026-10-10T10:57:33,271000805,세종73자5647,36.540508,127.353127,23.081,293064498,다솜동,69
2026-10-10T10:57:33,271000805,세종73자5646,36.61746,127.427673,35.384,270054813,서현공원,1
2026-10-10T10:57:33,271000805,세종73자5645,36.64223299,127.435337,40.009,270054820,대농공원.흥덕보건소임시청사,29
2026-10-10T10:57:33,271000806,충북70자3086,36.6432856,127.4218048,0.033,270054825,비하종점,0
2026-10-10T10:57:33,271000806,충북70자1055,36.5843171,127.388535,12.073,270054834,가경아이파크5단지,0
2026-10-10T10:57:33,271000806,충북70자7076,36.49308302,127.2562807,31.79,293062004,다정동,0
2026-10-10T10:57:33,271000806,세종73자5644,36.493018,127.326733,42.158,293064479,집현동,16
2026-10-10T10:57:33,271000806,세종73자5675,36.497815,127.325336,40.943,293064479,집현동,18
2026-10-10T10:58:05,293000317,세종70자1706,36.470712,127.27368,10.398,293055002,세종고속시외버스터미널(지상),6
2026-10-10T10:58:05,293000317,세종70자1708,36.553939,127.302157,24.08,293900055,용호동,68
2026-10-10T10:58:05,293000317,세종70자1702,36.619111,127.326463,33.214,270054837,오송역종점,17
2026-10-10T10:58:05,293000318,세종70자1705,36.539575,127.303656,10.925,270000635,오송역2.3.4,68
2026-10-10T10:58:05,293000318,세종70자1701,36.478648,127.288991,21.272,293064211,"세종시청,시의회,교육청",21
2026-10-10T10:58:05,293000318,세종70자1704,36.391359,127.315127,32.906,186005278,반석역,44
2026-10-10T10:58:05,187000003,대전75자9927,36.340966,127.425696,1.869,187001380,한밭자이아파트,0
2026-10-10T10:58:05,187000003,대전75자9926,36.363139,127.399811,5.289,187001386,오정농수산시장,0
2026-10-10T10:58:05,187000003,대전75자9925,36.423789,127.414241,13.147,187001386,오정농수산시장,0
2026-10-10T10:58:05,187000003,대전75자9921,36.479999,127.262663,31.323,293053011,한솔동,0
2026-10-10T10:58:05,187000003,대전75자9920,36.504538,127.261438,34.276,293062011,정부세종청사 북측,0
2026-10-10T10:58:05,187000003,대전75자9918,36.565152,127.30902,44.347,293064420,누리동,0
2026-10-10T10:58:05,187000003,대전75자9917,36.617232,127.328597,51.499,293064420,누리동,0
2026-10-10T10:58:05,187000003,대전75자9937,36.608563,127.338563,53.528,974019920,오송역2.3.4(미정차),0
2026-10-10T10:58:05,187000003,대전75자9915,36.534006,127.292622,63.786,293014058,누리동,0
2026-10-10T10:58:05,187000003,대전75자9914,36.521975,127.259845,67.397,293064446,세종충남대학교병원,0
2026-10-10T10:58:05,187000003,대전75자9911,36.482652,127.260974,72.049,293053004,"새롬동,나성동",0
2026-10-10T10:58:05,187000003,대전75자9910,36.478475,127.288651,75.52,293064210,"세종시청,시의회,교육청",0
2026-10-10T10:58:05,187000003,대전75자9110,36.478381,127.309854,78.158,293064218,한국개발연구원(KDI),0
2026-10-10T10:58:05,187000003,대전75자9941,36.415721,127.421099,92.18,187001388,대덕산업단지,0
2026-10-10T10:58:05,187000003,대전75자9940,36.358781,127.404165,99.59,187001388,대덕산업단지,0
2026-10-10T10:58:05,187000003,대전75자9936,36.333013,127.4317,103.452,183002355,대전역,0
2026-10-10T10:58:05,187000003,대전75자9935,36.332868,127.437117,104.124,187001395,대전역동광장,0
2026-10-10T10:58:05,271000801,충북70자6052,36.49630759,127.2570059,3.692,293054003,다정동,0
2026-10-10T10:58:05,271000801,충북70자1063,36.617351,127.328306,22.858,293064420,누리동,0
2026-10-10T10:58:05,271000801,충북70자1044,36.66085716,127.3827951,33.932,271000641,보건의료행정타운,0
2026-10-10T10:58:05,271000801,충북70자5130,36.70447977,127.4535147,44.055,270051808,오창프라자,0
2026-10-10T10:58:05,271000802,충북70자3071,36.70777509,127.4362185,6.972,284000230,청주공항역,0
2026-10-10T10:58:05,271000802,충북70자3070,36.65972511,127.3816225,15.676,270054810,청주소로초등학교,0
2026-10-10T10:58:05,271000802,충북70자2074,36.60637807,127.3398934,29.328,270000635,오송역2.3.4,0
2026-10-10T10:58:05,271000802,충북70자2008,36.47925319,127.26311978,48.231,293053009,한솔동,0
2026-10-10T10:58:05,293000282,세종70자1754,36.462545,127.276682,9.332,186004230,반석역,64
2026-10-10T10:58:05,293000282,세종70자1745,36.493935,127.249151,16.021,293064237,"가온마을4,7단지",37
2026-10-10T10:58:05,293000282,세종70자1753,36.536066,127.263234,23.482,293064100,"범지기3,9단지(청소년센터)",68
2026-10-10T10:58:05,293000282,세종70자1749,36.600969,127.296928,33.033,293001090,조치원전통시장,22
2026-10-10T10:58:05,293000282,세종70자1743,36.619062,127.327159,37.314,270054837,오송역종점,20
2026-10-10T10:58:05,293000282,세종70자1750,36.618958,127.326912,37.293,270054837,오송역종점,255
2026-10-10T10:58:05,293000283,세종70자1747,36.591386,127.291581,6.308,293001052,자이아파트,43
2026-10-10T10:58:05,293000283,세종70자1748,36.516681,127.251421,17.35,293061007,범지기마을10단지,35
2026-10-10T10:58:05,293000283,세종70자1751,36.49067,127.249661,21.889,293064370,"가온마을4,7단지",16
2026-10-10T10:58:05,293000283,세종70자1752,36.389296,127.316379,37.439,186004229,반석역,36
2026-10-10T10:58:05,293000303,세종70자1507,36.497952,127.321639,6.172,293064419,집현동,34
2026-10-10T10:58:05,293000304,세종70자1508,36.501375,127.328786,16.701,293064416,세종공동캠퍼스,10
2026-10-10T10:58:05,293000304,세종70자1304,36.472396,127.276258,22.788,293064251,대평동,255
2026-10-10T10:58:05,293000304,세종70자1509,36.468128,127.274032,23.301,293055001,세종고속시외버스터미널(지상),29
2026-10-10T10:58:05,293000305,세종70자1354,36.467693,127.27356,0.0,293055002,세종고속시외버스터미널(지상),14
2026-10-10T10:58:05,293000305,세종70자1511,36.534208,127.289579,13.348,293014058,누리동,57
2026-10-10T10:58:05,293000305,세종70자1512,36.511153,127.260191,17.907,293056002,도담동,255
2026-10-10T10:58:05,293000311,세종70자1349,36.47219299,127.276419,0.511,293064252,대평동,29
2026-10-10T10:58:05,293000311,세종70자1351,36.508746,127.264528,12.763,293900008,양지고등학교,34
2026-10-10T10:58:05,293000311,세종70자1344,36.499122,127.248582,18.604,293063001,"가재마을5단지,가온마을6단지",25
2026-10-10T10:58:05,293000312,세종70자1345,36.46929,127.273823,0.028,293055002,세종고속시외버스터미널(지상),20
2026-10-10T10:58:05,293000312,세종70자1346,36.479971,127.262638,1.727,293064220,세종고속시외버스터미널(지하),35
2026-10-10T10:58:05,293000312,세종70자1350,36.507461,127.268891,11.101,293900007,양지고등학교,44
2026-10-10T10:58:05,271000805,세종73자5672,36.493535,127.256335,10.053,293054003,다정동,34
2026-10-10T10:58:05,271000805,세종73자5647,36.540163,127.359912,23.688,293064498,다솜동,70
2026-10-10T10:58:05,271000805,세종73자5646,36.617777,127.428994,35.505,270054813,서현공원,3
2026-10-10T10:58:05,271000805,세종73자5645,36.643045,127.435364,40.105,270054820,대농공원.흥덕보건소임시청사,20
2026-10-10T10:58:05,271000806,충북70자3086,36.6432856,127.4218048,0.033,270054825,비하종점,0
2026-10-10T10:58:05,271000806,충북70자1055,36.5843171,127.388535,12.073,270054834,가경아이파크5단지,0
2026-10-10T10:58:05,271000806,충북70자7076,36.48916347,127.2567558,32.23,293062004,다정동,0
2026-10-10T10:58:05,271000806,세종73자5644,36.493018,127.326733,42.158,293064479,집현동,16
2026-10-10T10:58:05,271000806,세종73자5675,36.497815,127.325336,40.943,293064479,집현동,18
2026-10-10T10:58:36,293000317,세종70자1706,36.471953,127.2763,10.698,293064252,대평동,1
2026-10-10T10:58:36,293000317,세종70자1708,36.558927,127.303817,24.655,293900055,용호동,69
2026-10-10T10:58:36,293000317,세종70자1702,36.619111,127.326463,33.214,270054837,오송역종점,17
2026-10-10T10:58:36,293000318,세종70자1705,36.537456,127.304403,11.17,270000635,오송역2.3.4,13
2026-10-10T10:58:36,293000318,세종70자1701,36.477938,127.287286,21.444,293064211,"세종시청,시의회,교육청",46
2026-10-10T10:58:36,293000318,세종70자1704,36.391359,127.315127,32.906,186005278,반석역,44
2026-10-10T10:58:36,187000003,대전75자9927,36.340966,127.425696,1.869,187001380,한밭자이아파트,0
2026-10-10T10:58:36,187000003,대전75자9925,36.423789,127.414241,13.147,187001386,오정농수산시장,0
2026-10-10T10:58:36,187000003,대전75자9926,36.374023,127.403529,6.825,187001386,오정농수산시장,0
2026-10-10T10:58:36,187000003,대전75자9921,36.480752,127.262105,31.421,293053011,한솔동,0
2026-10-10T10:58:36,187000003,대전75자9920,36.513668,127.259253,35.341,293056003,도담동,0
2026-10-10T10:58:36,187000003,대전75자9918,36.565152,127.30902,44.347,293064420,누리동,0
2026-10-10T10:58:36,187000003,대전75자9917,36.618673,127.326977,51.992,270000635,오송역2.3.4,0
2026-10-10T10:58:36,187000003,대전75자9937,36.608563,127.338563,53.528,974019920,오송역2.3.4(미정차),0
2026-10-10T10:58:36,187000003,대전75자9915,36.534023,127.291468,63.888,293014058,누리동,0
2026-10-10T10:58:36,187000003,대전75자9914,36.515239,127.258946,68.162,293056002,도담동,0
2026-10-10T10:58:36,187000003,대전75자9911,36.481558,127.261863,72.195,293053009,한솔동,0
2026-10-10T10:58:36,187000003,대전75자9910,36.478475,127.288651,75.52,293064210,"세종시청,시의회,교육청",0
2026-10-10T10:58:36,187000003,대전75자9110,36.474427,127.333672,80.352,293064218,한국개발연구원(KDI),0
2026-10-10T10:58:36,187000003,대전75자9940,36.358781,127.404165,99.59,187001388,대덕산업단지,0
2026-10-10T10:58:36,187000003,대전75자9941,36.415721,127.421099,92.18,187001388,대덕산업단지,0
2026-10-10T10:58:36,187000003,대전75자9936,36.333013,127.4317,103.452,183002355,대전역,0
2026-10-10T10:58:36,271000801,충북70자6052,36.49835032,127.25816801,3.942,293054003,다정동,0
2026-10-10T10:58:36,271000801,충북70자1063,36.6183991,127.327211,23.659,293064420,누리동,0
2026-10-10T10:58:36,271000801,충북70자1044,36.66085716,127.3827951,33.932,271000641,보건의료행정타운,0
2026-10-10T10:58:36,271000801,충북70자5130,36.70328976,127.4639909,45.005,270051808,오창프라자,0
2026-10-10T10:58:36,271000802,충북70자3071,36.70777509,127.4362185,6.972,284000230,청주공항역,0
2026-10-10T10:58:36,271000802,충북70자3070,36.65558035,127.3767704,16.309,270054810,청주소로초등학교,0
2026-10-10T10:58:36,271000802,충북70자2074,36.587685,127.322945,32.041,270000635,오송역2.3.4,0
2026-10-10T10:58:36,271000802,충북70자2008,36.47134816,127.2694115,49.285,293053009,한솔동,0
2026-10-10T10:58:36,293000282,세종70자1754,36.46665,127.275219,9.821,186004230,반석역,39
2026-10-10T10:58:36,293000282,세종70자1745,36.495751,127.249013,16.225,293064263,다정동커뮤니티센터,37
2026-10-10T10:58:36,293000282,세종70자1753,36.53884,127.268795,24.76,293064100,"범지기3,9단지(청소년센터)",69
2026-10-10T10:58:36,293000282,세종70자1749,36.601025,127.297183,33.056,293001090,조치원전통시장,12
2026-10-10T10:58:36,293000282,세종70자1743,36.619062,127.327159,37.314,270054837,오송역종점,20
2026-10-10T10:58:36,293000282,세종70자1750,36.618958,127.326912,37.293,270054837,오송역종점,255
2026-10-10T10:58:36,293000283,세종70자1747,36.590139,127.291737,6.448,293001052,자이아파트,52
2026-10-10T10:58:36,293000283,세종70자1748,36.514731,127.250626,17.579,293061006,아름초등학교,12
2026-10-10T10:58:36,293000283,세종70자1751,36.489883,127.245953,22.233,293064370,"가온마을4,7단지",35
2026-10-10T10:58:36,293000283,세종70자1752,36.389296,127.316379,37.439,186004229,반석역,36
2026-10-10T10:58:36,293000303,세종70자1507,36.498699,127.325062,6.491,293064419,집현동,56
2026-10-10T10:58:36,293000304,세종70자1508,36.498568,127.324845,17.171,293064416,세종공동캠퍼스,50
2026-10-10T10:58:36,293000304,세종70자1304,36.469943,127.273615,23.196,293064251,대평동,20
2026-10-10T10:58:36,293000304,세종70자1509,36.468128,127.274032,23.301,293055001,세종고속시외버스터미널(지상),29
2026-10-10T10:58:36,293000305,세종70자1354,36.467693,127.27356,0.0,293055002,세종고속시외버스터미널(지상),14
2026-10-10T10:58:36,293000305,세종70자1511,36.53469,127.284245,13.828,293014058,누리동,59
2026-10-10T10:58:36,293000305,세종70자1512,36.505158,127.26165,18.599,293062014,정부세종청사 북측,42
2026-10-10T10:58:36,293000311,세종70자1349,36.474196,127.278611,0.803,293064252,대평동,49
2026-10-10T10:58:36,293000311,세종70자1351,36.508808,127.264075,12.803,293900008,양지고등학교,34
2026-10-10T10:58:36,293000311,세종70자1344,36.499068,127.249256,18.664,293063001,"가재마을5단지,가온마을6단지",33
2026-10-10T10:58:36,293000312,세종70자1345,36.46929,127.273823,0.028,293055002,세종고속시외버스터미널(지상),20
2026-10-10T10:58:36,293000312,세종70자1346,36.482636,127.260833,2.064,293053010,한솔동(첫마을),52
2026-10-10T10:58:36,293000312,세종70자1350,36.50614499,127.272633,11.472,293900010,세종소방서,30
2026-10-10T10:58:36,271000805,세종73자5672,36.494449,127.256506,10.155,293054003,다정동,33
2026-10-10T10:58:36,271000805,세종73자5647,36.541119,127.365728,24.237,293064498,다솜동,69
2026-10-10T10:58:36,271000805,세종73자5646,36.61778,127.429005,35.506,270054813,서현공원,3
2026-10-10T10:58:36,271000805,세종73자5645,36.644401,127.432699,40.491,270054821,솔밭공원.청소년수련관,54
2026-10-10T10:58:36,271000806,충북70자3086,36.6448685,127.4228252,0.309,270054826,롯데쇼핑몰.지웰시티,0
2026-10-10T10:58:36,271000806,충북70자1055,36.5843171,127.388535,12.073,270054834,가경아이파크5단지,0
2026-10-10T10:58:36,271000806,충북70자7076,36.48771,127.25729,32.4,293053004,"새롬동,나성동",0
2026-10-10T10:58:36,271000806,세종73자5644,36.493018,127.326733,42.158,293064479,집현동,16
2026-10-10T10:58:36,271000806,세종73자5675,36.497815,127.325336,40.943,293064479,집현동,18
2026-10-10T10:59:08,293000317,세종70자1706,36.47417,127.279451,11.072,293064252,대평동,55
2026-10-10T10:59:08,293000317,세종70자1708,36.564358,127.308236,25.384,293900055,용호동,68
2026-10-10T10:59:08,293000317,세종70자1702,36.619111,127.326463,33.214,270054837,오송역종점,17
2026-10-10T10:59:08,293000318,세종70자1705,36.537024,127.304871,11.246,270000635,오송역2.3.4,35
2026-10-10T10:59:08,293000318,세종70자1701,36.47560699,127.281841,21.999,293064209,"보람동,대평동",35
2026-10-10T10:59:08,293000318,세종70자1704,36.391359,127.315127,32.906,186005278,반석역,44
2026-10-10T10:59:08,187000003,대전75자9927,36.340966,127.425696,1.869,187001380,한밭자이아파트,0
2026-10-10T10:59:08,187000003,대전75자9925,36.430073,127.405733,14.183,187001386,오정농수산시장,0
2026-10-10T10:59:08,187000003,대전75자9926,36.374023,127.403529,6.825,187001386,오정농수산시장,0
2026-10-10T10:59:08,187000003,대전75자9921,36.486462,127.257993,32.154,293053005,"새롬동,나성동",0
2026-10-10T10:59:08,187000003,대전75자9920,36.514563,127.259114,35.441,293056003,도담동,0
2026-10-10T10:59:08,187000003,대전75자9918,36.575263,127.319583,45.818,293064420,누리동,0
2026-10-10T10:59:08,187000003,대전75자9917,36.618673,127.326977,51.992,270000635,오송역2.3.4,0
2026-10-10T10:59:08,187000003,대전75자9937,36.595355,127.331364,48.385,974019920,오송역2.3.4(미정차),0
2026-10-10T10:59:08,187000003,대전75자9915,36.534023,127.291468,63.888,293014058,누리동,0
2026-10-10T10:59:08,187000003,대전75자9914,36.515239,127.258946,68.162,293056002,도담동,0
2026-10-10T10:59:08,187000003,대전75자9911,36.480715000000004,127.26217,72.289,293053009,한솔동,0
2026-10-10T10:59:08,187000003,대전75자9910,36.482168,127.297309,76.396,293064216,소담동(새샘마을),0
2026-10-10T10:59:08,187000003,대전75자9110,36.474427,127.333672,80.352,293064218,한국개발연구원(KDI),0
2026-10-10T10:59:08,187000003,대전75자9941,36.405794,127.416714,93.367,187001388,대덕산업단지,0
2026-10-10T10:59:08,187000003,대전75자9940,36.355976,127.406218,99.959,187001389,오정농수산오거리,0
2026-10-10T10:59:08,187000003,대전75자9936,36.333013,127.4317,103.452,183002355,대전역,0
2026-10-10T10:59:08,271000801,충북70자6052,36.500845,127.259633,4.249,293062006,정부세종청사 남측,0
2026-10-10T10:59:08,271000801,충북70자1063,36.6195554,127.3269306,23.148,270054838,오송역6,0
2026-10-10T10:59:08,271000801,충북70자1044,36.6698978,127.3906728,35.161,270054811,청주소로초등학교,0
2026-10-10T10:59:08,271000801,충북70자5130,36.70456451,127.4689176,45.471,270051808,오창프라자,0
2026-10-10T10:59:08,271000802,충북70자3071,36.70955916,127.4334736,7.287,284000230,청주공항역,0
2026-10-10T10:59:08,271000802,충북70자3070,36.65185624,127.3724538,17.297,270054810,청주소로초등학교,0
2026-10-10T10:59:08,271000802,충북70자2074,36.58034132,127.32136417,32.878,270000635,오송역2.3.4,0
2026-10-10T10:59:08,271000802,충북70자2008,36.47064,127.273189,49.637,293064221,세종고속시외버스터미널(지하),0
2026-10-10T10:59:08,293000282,세종70자1754,36.467083,127.275178,9.869,186004230,반석역,39
2026-10-10T10:59:08,293000282,세종70자1745,36.497812,127.249139,16.456,293064307,"가온마을6,9단지",5
2026-10-10T10:59:08,293000282,세종70자1753,36.543284,127.271655,25.321,293064100,"범지기3,9단지(청소년센터)",68
2026-10-10T10:59:08,293000282,세종70자1749,36.601282,127.298645,33.189,293001084,조치원역,13
2026-10-10T10:59:08,293000282,세종70자1743,36.619062,127.327159,37.314,270054837,오송역종점,20
2026-10-10T10:59:08,293000282,세종70자1750,36.619074,127.32704,37.336,270054837,오송역종점,10
2026-10-10T10:59:08,293000283,세종70자1747,36.584235,127.292712,7.112,293900004,번암안동네,48
2026-10-10T10:59:08,293000283,세종70자1748,36.511684,127.250004,17.949,293061006,아름초등학교,16
2026-10-10T10:59:08,293000283,세종70자1751,36.48904,127.243314,22.484,293064361,"새뜸마을4단지,가온마을1단지",22
2026-10-10T10:59:08,293000283,세종70자1752,36.389296,127.316379,37.439,186004229,반석역,36
2026-10-10T10:59:08,293000303,세종70자1507,36.500622,127.328162,6.851,293064417,세종공동캠퍼스,37
2026-10-10T10:59:08,293000304,세종70자1508,36.49805,127.322581,17.381,293064418,집현동,42
2026-10-10T10:59:08,293000304,세종70자1304,36.469521,127.273741,23.247,293064251,대평동,20
2026-10-10T10:59:08,293000304,세종70자1509,36.468128,127.274032,23.301,293055001,세종고속시외버스터미널(지상),29
2026-10-10T10:59:08,293000305,세종70자1354,36.467693,127.27356,0.0,293055002,세종고속시외버스터미널(지상),14
2026-10-10T10:59:08,293000305,세종70자1511,36.534366,127.278836,14.316,293014058,누리동,57
2026-10-10T10:59:08,293000305,세종70자1512,36.504558,127.261369,18.67,293062014,정부세종청사 북측,30
2026-10-10T10:59:08,293000311,세종70자1349,36.474868,127.280681,0.994,293064206,"보람동,대평동",8
2026-10-10T10:59:08,293000311,세종70자1351,36.508813,127.261708,13.061,293900008,양지고등학교,12
2026-10-10T10:59:08,293000311,세종70자1344,36.49872899,127.254546,19.139,293062002,어진중학교(한뜰마을4단지),41
2026-10-10T10:59:08,293000312,세종70자1345,36.46929,127.273823,0.028,293055002,세종고속시외버스터미널(지상),20
2026-10-10T10:59:08,293000312,세종70자1346,36.4834,127.260257,2.163,293053010,한솔동(첫마을),52
2026-10-10T10:59:08,293000312,세종70자1350,36.504588,127.279338,12.101,293900010,세종소방서,66
2026-10-10T10:59:08,271000805,세종73자5672,36.49834,127.258321,10.624,293054003,다정동,55
2026-10-10T10:59:08,271000805,세종73자5647,36.546473,127.368532,24.898,293064498,다솜동,75
2026-10-10T10:59:08,271000805,세종73자5646,36.61778,127.429005,35.506,270054813,서현공원,3
2026-10-10T10:59:08,271000805,세종73자5645,36.645452,127.428017,40.923,270054822,현대백화점,14
2026-10-10T10:59:08,271000806,충북70자3086,36.6458919,127.4237705,0.514,270054827,지웰시티아파트,0
2026-10-10T10:59:08,271000806,충북70자1055,36.5843171,127.388535,12.073,270054834,가경아이파크5단지,0
2026-10-10T10:59:08,271000806,충북70자7076,36.48662514,127.25790223,32.533,293053004,"새롬동,나성동",0
2026-10-10T10:59:08,271000806,세종73자5644,36.493018,127.326733,42.158,293064479,집현동,16
2026-10-10T10:59:41,293000317,세종70자1706,36.475125,127.281007,11.247,293064206,"보람동,대평동",28
2026-10-10T10:59:41,293000317,세종70자1708,36.571086,127.315501,26.374,293900055,용호동,68
2026-10-10T10:59:41,293000317,세종70자1702,36.619111,127.326463,33.214,270054837,오송역종점,17
2026-10-10T10:59:41,293000318,세종70자1705,36.53664599,127.311055,11.805,293900054,용호동,51
2026-10-10T10:59:41,293000318,세종70자1701,36.47523,127.281089,22.071,293064209,"보람동,대평동",33
2026-10-10T10:59:41,293000318,세종70자1704,36.391359,127.315127,32.906,186005278,반석역,44
2026-10-10T10:59:41,187000003,대전75자9927,36.34312,127.422755,2.225,187001381,솔랑마을아파트,0
2026-10-10T10:59:41,187000003,대전75자9925,36.430073,127.405733,14.183,187001386,오정농수산시장,0
2026-10-10T10:59:41,187000003,대전75자9926,36.374023,127.403529,6.825,187001386,오정농수산시장,0
2026-10-10T10:59:41,187000003,대전75자9921,36.486462,127.257993,32.154,293053005,"새롬동,나성동",0
2026-10-10T10:59:41,187000003,대전75자9920,36.514563,127.259114,35.441,293056003,도담동,0
2026-10-10T10:59:41,187000003,대전75자9918,36.575263,127.319583,45.818,293064420,누리동,0
2026-10-10T10:59:41,187000003,대전75자9917,36.618673,127.326977,51.992,270000635,오송역2.3.4,0
2026-10-10T10:59:41,187000003,대전75자9937,36.595355,127.331364,48.385,974019920,오송역2.3.4(미정차),0
2026-10-10T10:59:41,187000003,대전75자9915,36.534155,127.277031,65.193,293014026,한별동,0
2026-10-10T10:59:41,187000003,대전75자9914,36.515239,127.258946,68.162,293056002,도담동,0
2026-10-10T10:59:41,187000003,대전75자9911,36.480715000000004,127.26217,72.289,293053009,한솔동,0
2026-10-10T10:59:41,187000003,대전75자9910,36.482168,127.297309,76.396,293064216,소담동(새샘마을),0
2026-10-10T10:59:41,187000003,대전75자9110,36.474427,127.333672,80.352,293064218,한국개발연구원(KDI),0
2026-10-10T10:59:41,187000003,대전75자9941,36.405794,127.416714,93.367,187001388,대덕산업단지,0
2026-10-10T10:59:41,187000003,대전75자9940,36.355386,127.406966,100.053,187001389,오정농수산오거리,0
2026-10-10T10:59:41,187000003,대전75자9936,36.333013,127.4317,103.452,183002355,대전역,0
2026-10-10T10:59:41,271000801,충북70자6052,36.50250387,127.26034549,4.444,293062006,정부세종청사 남측,0
2026-10-10T10:59:41,271000801,충북70자1063,36.6195554,127.3269306,23.148,270054838,오송역6,0
2026-10-10T10:59:41,271000801,충북70자1044,36.6698978,127.3906728,35.161,270054811,청주소로초등학교,0
2026-10-10T10:59:41,271000801,충북70자5130,36.70669358,127.4744784,46.02,270051808,오창프라자,0
2026-10-10T10:59:41,271000802,충북70자3071,36.7108014,127.4299633,7.648,284000230,청주공항역,0
2026-10-10T10:59:41,271000802,충북70자3070,36.65185624,127.3724538,17.297,270054810,청주소로초등학교,0
2026-10-10T10:59:41,271000802,충북70자2074,36.58034132,127.32136417,32.878,270000635,오송역2.3.4,0
2026-10-10T10:59:41,271000802,충북70자2008,36.469289,127.273836,49.836,293055001,세종고속시외버스터미널(지상),0
2026-10-10T10:59:41,293000282,세종70자1754,36.467083,127.275178,9.869,186004230,반석역,39
2026-10-10T10:59:41,293000282,세종70자1745,36.498582,127.249137,16.542,293064307,"가온마을6,9단지",24
2026-10-10T10:59:41,293000282,세종70자1753,36.547833,127.274483,25.886,293064100,"범지기3,9단지(청소년센터)",66
2026-10-10T10:59:41,293000282,세종70자1749,36.601444,127.300036,33.315,293064527,조치원전통시장 북측,16
2026-10-10T10:59:41,293000282,세종70자1743,36.619062,127.327159,37.314,270054837,오송역종점,20
2026-10-10T10:59:41,293000283,세종70자1750,36.619454,127.326833,0.081,270054839,오송역7,17
2026-10-10T10:59:41,293000283,세종70자1747,36.583276,127.292845,7.219,293900004,번암안동네,48
2026-10-10T10:59:41,293000283,세종70자1748,36.51175,127.247863,18.141,293061002,아름동커뮤니티센터,28
2026-10-10T10:59:41,293000283,세종70자1751,36.486777,127.244738,22.767,293064361,"새뜸마을4단지,가온마을1단지",44
2026-10-10T10:59:41,293000283,세종70자1752,36.389296,127.316379,37.439,186004229,반석역,36
2026-10-10T10:59:41,293000303,세종70자1507,36.500954,127.328353,6.891,293064417,세종공동캠퍼스,37
2026-10-10T10:59:41,293000304,세종70자1508,36.49805,127.322581,17.381,293064418,집현동,42
2026-10-10T10:59:41,293000304,세종70자1304,36.469521,127.273741,23.247,293064251,대평동,20
2026-10-10T10:59:41,293000304,세종70자1509,36.468128,127.274032,23.301,293055001,세종고속시외버스터미널(지상),29
2026-10-10T10:59:41,293000305,세종70자1354,36.467693,127.27356,0.0,293055002,세종고속시외버스터미널(지상),14
2026-10-10T10:59:41,293000305,세종70자1511,36.533661,127.273703,14.782,293014026,한별동,56
2026-10-10T10:59:41,293000305,세종70자1512,36.501594,127.259926,19.023,293062007,정부세종청사 남측,26
2026-10-10T10:59:41,293000311,세종70자1349,36.476591,127.284449,1.384,293064206,"보람동,대평동",55
2026-10-10T10:59:41,293000311,세종70자1351,36.509683,127.261296,13.163,293056005,성금교차로,35
2026-10-10T10:59:41,293000311,세종70자1344,36.498679,127.255457,19.22,293062002,어진중학교(한뜰마을4단지),41
2026-10-10T10:59:41,293000312,세종70자1345,36.46929,127.273823,0.028,293055002,세종고속시외버스터미널(지상),20
2026-10-10T10:59:41,293000312,세종70자1346,36.483461,127.260196,2.172,293053010,한솔동(첫마을),52
2026-10-10T10:59:41,293000312,세종70자1350,36.503873,127.283711,12.499,293900011,전통문화체험관,68
2026-10-10T10:59:41,271000805,세종73자5672,36.500521,127.259554,10.89,293062006,정부세종청사 남측,35
2026-10-10T10:59:41,271000805,세종73자5647,36.551792,127.369874,25.502,293064498,다솜동,74
2026-10-10T10:59:41,271000805,세종73자5646,36.61795699,127.429557,35.56,270054813,서현공원,25
2026-10-10T10:59:41,271000805,세종73자5645,36.645571,127.427733,40.951,270054822,현대백화점,14
2026-10-10T10:59:41,271000806,충북70자3086,36.6458919,127.4237705,0.514,270054827,지웰시티아파트,0
2026-10-10T10:59:41,271000806,충북70자1055,36.5843171,127.388535,12.073,270054834,가경아이파크5단지,0
2026-10-10T10:59:41,271000806,충북70자7076,36.48165221,127.26140857,33.176,293053004,"새롬동,나성동",0
2026-10-10T10:59:41,271000806,세종73자5644,36.493018,127.326733,42.158,293064479,집현동,16
2026-10-10T11:00:12,293000317,세종70자1706,36.476087,127.283112,11.464,293064206,"보람동,대평동",31
2026-10-10T11:00:12,293000317,세종70자1708,36.575157,127.319573,26.957,293900055,용호동,69
2026-10-10T11:00:12,293000317,세종70자1702,36.619111,127.326463,33.214,270054837,오송역종점,17
2026-10-10T11:00:12,293000318,세종70자1705,36.534348,127.316542,12.358,293900054,용호동,60
2026-10-10T11:00:12,293000318,세종70자1701,36.474643,127.280183,22.187,293064209,"보람동,대평동",46
2026-10-10T11:00:12,293000318,세종70자1704,36.391359,127.315127,32.906,186005278,반석역,44
2026-10-10T11:00:12,187000003,대전75자9927,36.34312,127.422755,2.225,187001381,솔랑마을아파트,0
2026-10-10T11:00:12,187000003,대전75자9926,36.382445,127.412523,8.191,187001386,오정농수산시장,0
2026-10-10T11:00:12,187000003,대전75자9925,36.437509,127.396739,15.34,187001387,대덕산업단지,0
2026-10-10T11:00:12,187000003,대전75자9921,36.486884,127.257789,32.205,293053005,"새롬동,나성동",0
2026-10-10T11:00:12,187000003,대전75자9920,36.52282,127.260302,36.38,293064445,세종충남대학교병원,0
2026-10-10T11:00:12,187000003,대전75자9918,36.588391,127.323538,47.333,293064420,누리동,0
2026-10-10T11:00:12,187000003,대전75자9917,36.618673,127.326977,51.992,270000635,오송역2.3.4,0
2026-10-10T11:00:12,187000003,대전75자9938,36.618877,127.326766,51.962,270000635,오송역2.3.4,0
2026-10-10T11:00:12,187000003,대전75자9937,36.588713,127.323733,47.371,974019920,오송역2.3.4(미정차),0
2026-10-10T11:00:12,187000003,대전75자9915,36.533983,127.276023,65.283,293014026,한별동,0
2026-10-10T11:00:12,187000003,대전75자9914,36.514327,127.259016,68.264,293056002,도담동,0
2026-10-10T11:00:12,187000003,대전75자9911,36.479293,127.263021,72.464,293053009,한솔동,0
2026-10-10T11:00:12,187000003,대전75자9910,36.482168,127.297309,76.396,293064216,소담동(새샘마을),0
2026-10-10T11:00:12,187000003,대전75자9110,36.474427,127.333672,80.352,293064218,한국개발연구원(KDI),0
2026-10-10T11:00:12,187000003,대전75자9941,36.393186,127.413121,94.819,187001388,대덕산업단지,0
2026-10-10T11:00:12,187000003,대전75자9940,36.355386,127.406966,100.053,187001389,오정농수산오거리,0
2026-10-10T11:00:12,187000003,대전75자9936,36.333013,127.4317,103.452,183002355,대전역,0
2026-10-10T11:00:12,271000801,충북70자2008,36.469306,127.273946,0.028,293055002,세종고속시외버스터미널(지상),0
2026-10-10T11:00:12,271000801,충북70자6052,36.50575661,127.26177017,4.829,293062011,정부세종청사 북측,0
2026-10-10T11:00:12,271000801,충북70자1063,36.61959291,127.3264442,23.191,270054838,오송역6,0
2026-10-10T11:00:12,271000801,충북70자1044,36.6698978,127.3906728,35.161,270054811,청주소로초등학교,0
2026-10-10T11:00:12,271000801,충북70자5130,36.70831874,127.4788584,46.45,270051808,오창프라자,0
2026-10-10T11:00:12,271000802,충북70자3071,36.7106972,127.4268312,7.932,284000348,오창프라자,0
2026-10-10T11:00:12,271000802,충북70자3070,36.65185624,127.3724538,17.297,270054810,청주소로초등학교,0
2026-10-10T11:00:12,271000802,충북70자2074,36.58034132,127.32136417,32.878,270000635,오송역2.3.4,0
2026-10-10T11:00:12,293000282,세종70자1754,36.46749299,127.275129,9.915,186004230,반석역,33
2026-10-10T11:00:12,293000282,세종70자1745,36.499249,127.248707,16.662,293064307,"가온마을6,9단지",30
2026-10-10T11:00:12,293000282,세종70자1753,36.55267,127.277885,26.505,293900056,연기리,45
2026-10-10T11:00:12,293000282,세종70자1749,36.601499,127.300467,33.354,293064527,조치원전통시장 북측,16
2026-10-10T11:00:12,293000282,세종70자1743,36.619062,127.327159,37.314,270054837,오송역종점,20
2026-10-10T11:00:12,293000283,세종70자1750,36.619635,127.32629,0.142,270054839,오송역7,24
2026-10-10T11:00:12,293000283,세종70자1747,36.579068,127.292672,7.7,293016126,월하리,41
2026-10-10T11:00:12,293000283,세종70자1748,36.511799,127.247355,18.187,293061002,아름동커뮤니티센터,28
2026-10-10T11:00:12,293000283,세종70자1751,36.486239,127.244965,22.83,293064361,"새뜸마을4단지,가온마을1단지",44
2026-10-10T11:00:12,293000283,세종70자1752,36.389296,127.316379,37.439,186004229,반석역,36
2026-10-10T11:00:12,293000303,세종70자1507,36.501085,127.328471,6.909,293064417,세종공동캠퍼스,20
2026-10-10T11:00:12,293000304,세종70자1508,36.498063,127.322438,17.393,293064418,집현동,16
2026-10-10T11:00:12,293000304,세종70자1304,36.468556,127.273906,23.301,293064251,대평동,3
2026-10-10T11:00:12,293000304,세종70자1509,36.468128,127.274032,23.301,293055001,세종고속시외버스터미널(지상),29
2026-10-10T11:00:12,293000305,세종70자1354,36.467693,127.27356,0.0,293055002,세종고속시외버스터미널(지상),14
2026-10-10T11:00:12,293000305,세종70자1511,36.532415,127.269253,15.204,293014026,한별동,34
2026-10-10T11:00:12,293000305,세종70자1512,36.500375,127.259288,19.171,293062007,정부세종청사 남측,48
2026-10-10T11:00:12,293000311,세종70자1349,36.478341,127.288109,1.779,293064210,"세종시청,시의회,교육청",28
2026-10-10T11:00:12,293000311,세종70자1351,36.51198999,127.260001,13.445,293064110,"도램마을8,10단지",19
2026-10-10T11:00:12,293000311,세종70자1344,36.498679,127.255457,19.22,293062002,어진중학교(한뜰마을4단지),41
2026-10-10T11:00:12,293000312,세종70자1345,36.46929,127.273823,0.028,293055002,세종고속시외버스터미널(지상),20
2026-10-10T11:00:12,293000312,세종70자1346,36.48411,127.259788,2.253,293053010,한솔동(첫마을),37
2026-10-10T11:00:12,293000312,세종70자1350,36.503389,127.287306,12.827,293900011,전통문화체험관,69
2026-10-10T11:00:12,271000805,세종73자5675,36.49821699,127.323015,1.133,293064418,집현동,26
2026-10-10T11:00:12,271000805,세종73자5672,36.502564,127.260516,11.133,293062006,정부세종청사 남측,47
2026-10-10T11:00:12,271000805,세종73자5647,36.557043,127.369257,26.051,293064498,다솜동,75
2026-10-10T11:00:12,271000805,세종73자5646,36.618561,127.431283,35.728,270054814,서현초등학교.가경아이파크아파트,29
2026-10-10T11:00:12,271000805,세종73자5645,36.645573,127.427729,40.952,270054822,현대백화점,14
2026-10-10T11:00:12,271000806,충북70자3086,36.6458919,127.4237705,0.514,270054827,지웰시티아파트,0
2026-10-10T11:00:12,271000806,충북70자1055,36.56055796,127.3697608,15.306,270054834,가경아이파크5단지,0
2026-10-10T11:00:12,271000806,충북70자7076,36.48070657,127.26208309,33.297,293053009,한솔동,0
2026-10-10T11:00:12,271000806,세종73자5644,36.493018,127.326733,42.158,293064479,집현동,16
2026-10-10T11:00:45,293000317,세종70자1706,36.47647,127.283983,11.55,293064206,"보람동,대평동",37
2026-10-10T11:00:45,293000317,세종70자1708,36.580413,127.321517,27.475,293900055,용호동,68
2026-10-10T11:00:45,293000317,세종70자1702,36.619111,127.326463,33.214,270054837,오송역종점,17
2026-10-10T11:00:45,293000318,세종70자1705,36.532927,127.318669,12.605,293900054,용호동,62
2026-10-10T11:00:45,293000318,세종70자1701,36.470646,127.272543,22.939,293064251,대평동,6
2026-10-10T11:00:45,293000318,세종70자1704,36.391359,127.315127,32.906,186005278,반석역,44
2026-10-10T11:00:45,187000003,대전75자9927,36.343736,127.421882,2.329,187001381,솔랑마을아파트,0
2026-10-10T11:00:45,187000003,대전75자9926,36.392817,127.413153,9.347,187001386,오정농수산시장,0
2026-10-10T11:00:45,187000003,대전75자9925,36.43802,127.395929,15.432,187001387,대덕산업단지,0
2026-10-10T11:00:45,187000003,대전75자9921,36.493526,127.256279,32.96,293054003,다정동,0
2026-10-10T11:00:45,187000003,대전75자9920,36.52836,127.263683,37.074,293014014,"해밀동,산울동",0
2026-10-10T11:00:45,187000003,대전75자9918,36.59506,127.331214,48.35,293064420,누리동,0
2026-10-10T11:00:45,187000003,대전75자9917,36.618673,127.326977,51.992,270000635,오송역2.3.4,0
2026-10-10T11:00:45,187000003,대전75자9938,36.618877,127.326766,51.962,270000635,오송역2.3.4,0
2026-10-10T11:00:45,187000003,대전75자9937,36.588713,127.323733,47.371,974019920,오송역2.3.4(미정차),0
2026-10-10T11:00:45,187000003,대전75자9915,36.533983,127.276023,65.283,293014026,한별동,0
2026-10-10T11:00:45,187000003,대전75자9914,36.514327,127.259016,68.264,293056002,도담동,0
2026-10-10T11:00:45,187000003,대전75자9911,36.479293,127.263021,72.464,293053009,한솔동,0
2026-10-10T11:00:45,187000003,대전75자9910,36.48295,127.297994,76.5,293064216,소담동(새샘마을),0
2026-10-10T11:00:45,187000003,대전75자9110,36.467189,127.364111,83.779,186005287,국제과학비즈니스벨트,0
2026-10-10T11:00:45,187000003,대전75자9941,36.382905,127.412516,95.965,187001388,대덕산업단지,0
2026-10-10T11:00:45,187000003,대전75자9940,36.355386,127.406966,100.053,187001389,오정농수산오거리,0
2026-10-10T11:00:45,187000003,대전75자9936,36.333013,127.4317,103.452,183002355,대전역,0
2026-10-10T11:00:45,271000801,충북70자2008,36.469306,127.273946,0.028,293055002,세종고속시외버스터미널(지상),0
2026-10-10T11:00:45,271000801,충북70자6052,36.51121172,127.2601383,5.468,293062011,정부세종청사 북측,0
2026-10-10T11:00:45,271000801,충북70자1063,36.61959291,127.3264442,23.191,270054838,오송역6,0
2026-10-10T11:00:45,271000801,충북70자1044,36.6698978,127.3906728,35.161,270054811,청주소로초등학교,0
2026-10-10T11:00:45,271000801,충북70자5130,36.70938222,127.4823148,46.735,270051808,오창프라자,0
2026-10-10T11:00:45,271000802,충북70자3071,36.70873187,127.4266107,8.159,284000348,오창프라자,0
2026-10-10T11:00:45,271000802,충북70자3070,36.64586039,127.3515956,19.075,270054810,청주소로초등학교,0
2026-10-10T11:00:45,271000802,충북70자2074,36.58034132,127.32136417,32.878,270000635,오송역2.3.4,0
2026-10-10T11:00:45,293000282,세종70자1754,36.469065,127.274956,10.091,186004230,반석역,33
2026-10-10T11:00:45,293000282,세종70자1745,36.499702,127.24245,17.224,293064144,다빛초등학교(가재마을1단지),33
2026-10-10T11:00:45,293000282,세종70자1753,36.555843,127.279668,26.892,293900056,연기리,67
2026-10-10T11:00:45,293000282,세종70자1749,36.601888,127.302148,33.512,293064527,조치원전통시장 북측,24
2026-10-10T11:00:45,293000282,세종70자1743,36.619062,127.327159,37.314,270054837,오송역종점,20
2026-10-10T11:00:45,293000283,세종70자1750,36.618664,127.326838,0.267,270054839,오송역7,1
2026-10-10T11:00:45,293000283,세종70자1747,36.576896,127.292088,7.947,293016126,월하리,33
2026-10-10T11:00:45,293000283,세종70자1748,36.511816,127.246557,18.258,293061002,아름동커뮤니티센터,20
2026-10-10T11:00:45,293000283,세종70자1751,36.48581999,127.245139,22.879,293064313,"세종기상관측소(새뜸3,4단지)",31
2026-10-10T11:00:45,293000283,세종70자1752,36.389296,127.316379,37.439,186004229,반석역,36
2026-10-10T11:00:45,293000303,세종70자1507,36.50412,127.329381,7.262,293064417,세종공동캠퍼스,54
2026-10-10T11:00:45,293000304,세종70자1508,36.497731,127.320241,17.592,293064418,집현동,56
2026-10-10T11:00:45,293000304,세종70자1304,36.46821,127.273119,23.301,293064251,대평동,14
2026-10-10T11:00:45,293000304,세종70자1509,36.468128,127.274032,23.301,293055001,세종고속시외버스터미널(지상),29
2026-10-10T11:00:45,293000305,세종70자1354,36.467693,127.27356,0.0,293055002,세종고속시외버스터미널(지상),14
2026-10-10T11:00:45,293000305,세종70자1511,36.531763,127.267663,15.362,293014026,한별동,10
2026-10-10T11:00:45,293000305,세종70자1512,36.495255,127.256611,19.793,293062004,다정동,51
2026-10-10T11:00:45,293000311,세종70자1349,36.478641,127.288893,1.857,293064210,"세종시청,시의회,교육청",40
2026-10-10T11:00:45,293000311,세종70자1351,36.514098,127.259334,13.69,293056004,도담동(도램마을),20
2026-10-10T11:00:45,293000311,세종70자1344,36.498282,127.257815,19.44,293062002,어진중학교(한뜰마을4단지),17
2026-10-10T11:00:45,293000312,세종70자1345,36.46929,127.273823,0.028,293055002,세종고속시외버스터미널(지상),20
2026-10-10T11:00:45,293000312,세종70자1346,36.486631,127.258093,2.572,293053006,"새롬동,나성동(청소년센터)",39
2026-10-10T11:00:45,293000312,세종70자1350,36.499408,127.298281,13.916,293900011,전통문화체험관,59
2026-10-10T11:00:45,271000805,세종73자5675,36.49807599,127.322231,1.205,293064418,집현동,25
2026-10-10T11:00:45,271000805,세종73자5672,36.50369,127.261032,11.266,293062011,정부세종청사 북측,37
2026-10-10T11:00:45,271000805,세종73자5647,36.562056,127.371097,26.051,293064498,다솜동,73
2026-10-10T11:00:45,271000805,세종73자5646,36.619072,127.432557,35.855,270054814,서현초등학교.가경아이파크아파트,34
2026-10-10T11:00:45,271000805,세종73자5645,36.645573,127.427729,40.952,270054822,현대백화점,14
2026-10-10T11:00:45,271000806,충북70자3086,36.6458919,127.4237705,0.514,270054827,지웰시티아파트,0
2026-10-10T11:00:45,271000806,충북70자1055,36.56055796,127.3697608,15.306,270054834,가경아이파크5단지,0
2026-10-10T11:00:45,271000806,충북70자7076,36.47925319,127.26311978,33.484,293053009,한솔동,0
2026-10-10T11:00:45,271000806,세종73자5644,36.493018,127.326733,42.158,293064479,집현동,16
2026-10-10T11:01:16,293000317,세종70자1706,36.478026,127.287861,11.942,293064210,"세종시청,시의회,교육청",35
2026-10-10T11:01:16,293000317,세종70자1708,36.585376,127.322281,27.475,293900055,용호동,69
2026-10-10T11:01:16,293000317,세종70자1702,36.619111,127.326463,33.214,270054837,오송역종점,17
2026-10-10T11:01:16,293000318,세종70자1705,36.532139,127.319674,12.731,293064493,다솜동,43
2026-10-10T11:01:16,293000318,세종70자1701,36.469332,127.273775,23.098,293055001,세종고속시외버스터미널(지상),31
2026-10-10T11:01:16,293000318,세종70자1704,36.391359,127.315127,32.906,186005278,반석역,44
2026-10-10T11:01:16,187000003,대전75자9927,36.345772,127.419101,2.666,187001382,대덕구청,0
2026-10-10T11:01:16,187000003,대전75자9926,36.392817,127.413153,9.347,187001386,오정농수산시장,0
2026-10-10T11:01:16,187000003,대전75자9925,36.43802,127.395929,15.432,187001387,대덕산업단지,0
2026-10-10T11:01:16,187000003,대전75자9921,36.493526,127.256279,32.96,293054003,다정동,0
2026-10-10T11:01:16,187000003,대전75자9920,36.52836,127.263683,37.074,293014014,"해밀동,산울동",0
2026-10-10T11:01:16,187000003,대전75자9918,36.59506,127.331214,48.35,293064420,누리동,0
2026-10-10T11:01:16,187000003,대전75자9917,36.618673,127.326977,51.992,270000635,오송역2.3.4,0
2026-10-10T11:01:16,187000003,대전75자9938,36.618877,127.326766,51.962,270000635,오송역2.3.4,0
2026-10-10T11:01:16,187000003,대전75자9937,36.57552,127.319606,45.861,974019920,오송역2.3.4(미정차),0
2026-10-10T11:01:16,187000003,대전75자9915,36.533983,127.276023,65.283,293014026,한별동,0
2026-10-10T11:01:16,187000003,대전75자9914,36.505414,127.261626,69.303,293062014,정부세종청사 북측,0
2026-10-10T11:01:16,187000003,대전75자9911,36.479293,127.263021,72.464,293053009,한솔동,0
2026-10-10T11:01:16,187000003,대전75자9910,36.484869,127.30034,76.8,293064216,소담동(새샘마을),0
2026-10-10T11:01:16,187000003,대전75자9110,36.467189,127.364111,83.779,186005287,국제과학비즈니스벨트,0
2026-10-10T11:01:16,187000003,대전75자9941,36.382905,127.412516,95.965,187001388,대덕산업단지,0
2026-10-10T11:01:16,187000003,대전75자9940,36.355386,127.406966,100.053,187001389,오정농수산오거리,0
2026-10-10T11:01:16,187000003,대전75자9936,36.333013,127.4317,103.452,183002355,대전역,0
2026-10-10T11:01:16,271000801,충북70자2008,36.469306,127.273946,0.028,293055002,세종고속시외버스터미널(지상),0
2026-10-10T11:01:16,271000801,충북70자6052,36.514066,127.259188,5.797,293056003,도담동,0
2026-10-10T11:01:16,271000801,충북70자1063,36.61959291,127.3264442,23.191,270054838,오송역6,0
2026-10-10T11:01:16,271000801,충북70자1044,36.67614415,127.39534128,36.239,270054811,청주소로초등학교,0
2026-10-10T11:01:16,271000801,충북70자5130,36.71531786,127.4852301,46.735,270051808,오창프라자,0
2026-10-10T11:01:16,271000802,충북70자3071,36.70735567,127.4284514,8.394,284000348,오창프라자,0
2026-10-10T11:01:16,271000802,충북70자3070,36.64793001,127.3462893,20.114,270054810,청주소로초등학교,0
2026-10-10T11:01:16,271000802,충북70자2074,36.58034132,127.32136417,32.878,270000635,오송역2.3.4,0
2026-10-10T11:01:16,293000282,세종70자1754,36.469065,127.274956,10.091,186004230,반석역,33
2026-10-10T11:01:16,293000282,세종70자1745,36.499904,127.240758,17.433,293064144,다빛초등학교(가재마을1단지),14
2026-10-10T11:01:16,293000282,세종70자1753,36.560954,127.284027,27.591,293064249,봉암리,51
2026-10-10T11:01:16,293000282,세종70자1749,36.602402,127.303345,33.633,293001094,조치원버스터미널,22
2026-10-10T11:01:16,293000282,세종70자1743,36.619062,127.327159,37.314,270054837,오송역종점,20
2026-10-10T11:01:16,293000283,세종70자1750,36.618663,127.32684,0.267,270054839,오송역7,1
2026-10-10T11:01:16,293000283,세종70자1747,36.573663,127.29105,8.32,293016126,월하리,68
2026-10-10T11:01:16,293000283,세종70자1748,36.511816,127.246557,18.258,293061002,아름동커뮤니티센터,20
2026-10-10T11:01:16,293000283,세종70자1751,36.484649,127.245535,23.015,293064313,"세종기상관측소(새뜸3,4단지)",49
2026-10-10T11:01:16,293000283,세종70자1752,36.389296,127.316379,37.439,186004229,반석역,36
2026-10-10T11:01:16,293000303,세종70자1507,36.508357,127.329761,7.735,293064417,세종공동캠퍼스,55
2026-10-10T11:01:16,293000304,세종70자1508,36.497646,127.318073,17.786,293064418,집현동,56
2026-10-10T11:01:16,293000304,세종70자1304,36.467885,127.273591,23.301,293064251,대평동,14
2026-10-10T11:01:16,293000304,세종70자1509,36.468128,127.274032,23.301,293055001,세종고속시외버스터미널(지상),29
2026-10-10T11:01:16,293000305,세종70자1354,36.467693,127.27356,0.0,293055002,세종고속시외버스터미널(지상),14
2026-10-10T11:01:16,293000305,세종70자1511,36.531495,127.266903,15.434,293014026,한별동,4
2026-10-10T11:01:16,293000305,세종70자1512,36.494445,127.256473,19.885,293062004,다정동,23
2026-10-10T11:01:16,293000311,세종70자1349,36.478641,127.288893,1.857,293064210,"세종시청,시의회,교육청",255
2026-10-10T11:01:16,293000311,세종70자1351,36.517134,127.259292,14.03,293056004,도담동(도램마을),17
2026-10-10T11:01:16,293000311,세종70자1344,36.494275,127.256282,19.96,293054001,다정동(대성고등학교),37
2026-10-10T11:01:16,293000312,세종70자1345,36.46929,127.273823,0.028,293055002,세종고속시외버스터미널(지상),20
2026-10-10T11:01:16,293000312,세종70자1346,36.49006,127.25672,2.989,293064435,한국산업인력공단 세종지사,42
2026-10-10T11:01:16,293000312,세종70자1350,36.497271,127.30286,14.389,293900011,전통문화체험관,47
2026-10-10T11:01:16,271000805,세종73자5675,36.497663,127.319196,1.48,293064418,집현동,42
2026-10-10T11:01:16,271000805,세종73자5672,36.504627,127.261489,11.378,293062011,정부세종청사 북측,31
2026-10-10T11:01:16,271000805,세종73자5647,36.5656,127.37659,27.32,293064498,다솜동,75
2026-10-10T11:01:16,271000805,세종73자5646,36.621281,127.433741,36.182,270054815,가로수마을휴먼시아,19
2026-10-10T11:01:16,271000805,세종73자5645,36.646077,127.424837,41.227,270054822,현대백화점,53
2026-10-10T11:01:16,271000806,충북70자3086,36.645192,127.4281002,0.914,270054835,현대백화점,0
2026-10-10T11:01:16,271000806,충북70자1055,36.56055796,127.3697608,15.306,270054834,가경아이파크5단지,0
2026-10-10T11:01:16,271000806,충북70자7076,36.47925319,127.26311978,33.484,293053009,한솔동,0
2026-10-10T11:01:16,271000806,세종73자5644,36.493018,127.326733,42.158,293064479,집현동,16
2026-10-10T11:01:48,293000317,세종70자1706,36.478356,127.288399,12.002,293064210,"세종시청,시의회,교육청",26
2026-10-10T11:01:48,293000317,세종70자1708,36.589794,127.325343,28.844,293900055,용호동,69
2026-10-10T11:01:48,293000317,세종70자1702,36.619111,127.326463,33.214,270054837,오송역종점,17
2026-10-10T11:01:48,293000318,세종70자1705,36.528656,127.324796,13.329,293064493,다솜동,72
2026-10-10T11:01:48,293000318,세종70자1701,36.469332,127.273775,23.098,293055001,세종고속시외버스터미널(지상),31
2026-10-10T11:01:48,293000318,세종70자1704,36.391359,127.315127,32.906,186005278,반석역,44
2026-10-10T11:01:48,187000003,대전75자9927,36.346129,127.418582,2.727,187001382,대덕구청,0
2026-10-10T11:01:48,187000003,대전75자9926,36.392817,127.413153,9.347,187001386,오정농수산시장,0
2026-10-10T11:01:48,187000003,대전75자9925,36.443926,127.384115,16.746,187001387,대덕산업단지,0
2026-10-10T11:01:48,187000003,대전75자9921,36.494411,127.256348,33.057,293054003,다정동,0
2026-10-10T11:01:48,187000003,대전75자9920,36.529054,127.264357,37.172,293014014,"해밀동,산울동",0
2026-10-10T11:01:48,187000003,대전75자9918,36.608447,127.338808,49.396,293064420,누리동,0
2026-10-10T11:01:48,187000003,대전75자9917,36.618673,127.326977,51.992,270000635,오송역2.3.4,0
2026-10-10T11:01:48,187000003,대전75자9938,36.618877,127.326766,51.962,270000635,오송역2.3.4,0
2026-10-10T11:01:48,187000003,대전75자9937,36.57552,127.319606,45.861,974019920,오송역2.3.4(미정차),0
2026-10-10T11:01:48,187000003,대전75자9915,36.529813,127.265063,66.391,293014017,"해밀동,산울동",0
2026-10-10T11:01:48,187000003,대전75자9914,36.502174,127.260174,69.686,293062007,정부세종청사 남측,0
2026-10-10T11:01:48,187000003,대전75자9911,36.470968,127.270876,73.667,293053009,한솔동,0
2026-10-10T11:01:48,187000003,대전75자9910,36.485959,127.301295,76.971,293064216,소담동(새샘마을),0
2026-10-10T11:01:48,187000003,대전75자9110,36.467189,127.364111,83.779,186005287,국제과학비즈니스벨트,0
2026-10-10T11:01:48,187000003,대전75자9941,36.374659,127.403813,97.301,187001388,대덕산업단지,0
2026-10-10T11:01:48,187000003,대전75자9940,36.35333,127.409507,100.376,187001389,오정농수산오거리,0
2026-10-10T11:01:48,187000003,대전75자9936,36.333013,127.4317,103.452,183002355,대전역,0
2026-10-10T11:01:48,187000003,대전75자9929,36.333832,127.437112,104.27,187001395,대전역동광장,0
2026-10-10T11:01:48,271000801,충북70자2008,36.469306,127.273946,0.028,293055002,세종고속시외버스터미널(지상),0
2026-10-10T11:01:48,271000801,충북70자6052,36.51528109,127.25899041,5.932,293056003,도담동,0
2026-10-10T11:01:48,271000801,충북70자1063,36.61959291,127.3264442,23.191,270054838,오송역6,0
2026-10-10T11:01:48,271000801,충북70자1044,36.67614415,127.39534128,36.239,270054811,청주소로초등학교,0
2026-10-10T11:01:48,271000801,충북70자5130,36.72014686,127.4897672,48.208,270051808,오창프라자,0
2026-10-10T11:01:48,271000802,충북70자3071,36.70735567,127.4284514,8.394,284000348,오창프라자,0
2026-10-10T11:01:48,271000802,충북70자3070,36.64674433,127.3398015,21.01,270054810,청주소로초등학교,0
2026-10-10T11:01:48,271000802,충북70자2074,36.54660472,127.30158597,37.37,270000635,오송역2.3.4,0
2026-10-10T11:01:48,293000282,세종70자1754,36.469067,127.273731,10.222,186004230,반석역,23
2026-10-10T11:01:48,293000282,세종70자1745,36.502186,127.241027,17.687,293064144,다빛초등학교(가재마을1단지),47
2026-10-10T11:01:48,293000282,세종70자1753,36.56160899,127.28495,27.701,293064249,봉암리,43
2026-10-10T11:01:48,293000282,세종70자1749,36.602722,127.304163,33.714,293001094,조치원버스터미널,3
2026-10-10T11:01:48,293000282,세종70자1743,36.619062,127.327159,37.314,270054837,오송역종점,20
2026-10-10T11:01:48,293000283,세종70자1750,36.618663,127.32684,0.267,270054839,오송역7,1
2026-10-10T11:01:48,293000283,세종70자1747,36.568636,127.289594,8.894,293016126,월하리,69
2026-10-10T11:01:48,293000283,세종70자1748,36.511891,127.244956,18.401,293061002,아름동커뮤니티센터,48
2026-10-10T11:01:48,293000283,세종70자1751,36.482404,127.246026,23.269,293064389,"새뜸마을1,2단지",45
2026-10-10T11:01:48,293000283,세종70자1752,36.389296,127.316379,37.439,186004229,반석역,36
2026-10-10T11:01:48,293000303,세종70자1507,36.512471,127.330105,8.193,293064417,세종공동캠퍼스,55
2026-10-10T11:01:48,293000304,세종70자1508,36.497646,127.318073,17.786,293064418,집현동,56
2026-10-10T11:01:48,293000304,세종70자1304,36.467885,127.273591,23.301,293064251,대평동,14
2026-10-10T11:01:48,293000304,세종70자1509,36.468128,127.274032,23.301,293055001,세종고속시외버스터미널(지상),29
2026-10-10T11:01:48,293000305,세종70자1354,36.467693,127.27356,0.0,293055002,세종고속시외버스터미널(지상),14
2026-10-10T11:01:48,293000305,세종70자1511,36.529805,127.264601,15.707,293014017,"해밀동,산울동",34
2026-10-10T11:01:48,293000305,세종70자1512,36.489051,127.256663,20.492,293062004,다정동,54
2026-10-10T11:01:48,293000311,세종70자1349,36.482483,127.297535,2.742,293064216,소담동(새샘마을),16
2026-10-10T11:01:48,293000311,세종70자1351,36.518039,127.258399,14.181,293056004,도담동(도램마을),40
2026-10-10T11:01:48,293000311,세종70자1344,36.49403,127.256222,19.987,293054001,다정동(대성고등학교),30
2026-10-10T11:01:48,293000312,세종70자1345,36.46929,127.273823,0.028,293055002,세종고속시외버스터미널(지상),20
2026-10-10T11:01:48,293000312,세종70자1346,36.490791,127.256589,3.071,293064435,한국산업인력공단 세종지사,42
2026-10-10T11:01:48,293000312,세종70자1350,36.495896,127.305795,14.695,293900014,세종연구단지(수루배1단지),54
2026-10-10T11:01:48,271000805,세종73자5675,36.497613,127.318351,1.556,293064418,집현동,42
2026-10-10T11:01:48,271000805,세종73자5672,36.50695,127.26194,11.641,293062011,정부세종청사 북측,58
2026-10-10T11:01:48,271000805,세종73자5647,36.569636,127.381147,27.935,293064498,다솜동,69
2026-10-10T11:01:48,271000805,세종73자5646,36.623323,127.432307,36.443,270054816,하나병원,29
2026-10-10T11:01:48,271000805,세종73자5645,36.646169,127.42349,41.347,270054822,현대백화점,53
2026-10-10T11:01:48,271000806,충북70자3086,36.645192,127.4281002,0.914,270054835,현대백화점,0
2026-10-10T11:01:48,271000806,충북70자1055,36.56055796,127.3697608,15.306,270054834,가경아이파크5단지,0
2026-10-10T11:01:48,271000806,충북70자7076,36.47215857,127.26824911,34.398,293053009,한솔동,0
2026-10-10T11:01:48,271000806,세종73자5644,36.493018,127.326733,42.158,293064479,집현동,16
2026-10-10T11:02:19,293000317,세종70자1706,36.482179,127.295153,12.735,293064210,"세종시청,시의회,교육청",65
2026-10-10T11:02:19,293000317,세종70자1708,36.593446,127.329851,29.581,293900055,용호동,69
2026-10-10T11:02:19,293000317,세종70자1702,36.619111,127.326463,33.214,270054837,오송역종점,17
2026-10-10T11:02:19,293000318,세종70자1705,36.527798,127.325153,13.418,293064493,다솜동,59
2026-10-10T11:02:19,293000318,세종70자1701,36.468962,127.274238,23.169,293055001,세종고속시외버스터미널(지상),28
2026-10-10T11:02:19,293000318,세종70자1704,36.391359,127.315127,32.906,186005278,반석역,44
2026-10-10T11:02:19,187000003,대전75자9927,36.349309,127.414664,3.229,187001383,한남오거리(BRT),0
2026-10-10T11:02:19,187000003,대전75자9926,36.405474,127.416586,10.795,187001386,오정농수산시장,0
2026-10-10T11:02:19,187000003,대전75자9925,36.443926,127.384115,16.746,187001387,대덕산업단지,0
2026-10-10T11:02:19,187000003,대전75자9921,36.494411,127.256348,33.057,293054003,다정동,0
2026-10-10T11:02:19,187000003,대전75자9920,36.529054,127.264357,37.172,293014014,"해밀동,산울동",0
2026-10-10T11:02:19,187000003,대전75자9918,36.608447,127.338808,49.396,293064420,누리동,0
2026-10-10T11:02:19,187000003,대전75자9917,36.618673,127.326977,51.992,270000635,오송역2.3.4,0
2026-10-10T11:02:19,187000003,대전75자9938,36.618877,127.326766,51.962,270000635,오송역2.3.4,0
2026-10-10T11:02:19,187000003,대전75자9937,36.57552,127.319606,45.861,974019920,오송역2.3.4(미정차),0
2026-10-10T11:02:19,187000003,대전75자9915,36.529173,127.264321,66.488,293014017,"해밀동,산울동",0
2026-10-10T11:02:19,187000003,대전75자9914,36.502174,127.260174,69.686,293062007,정부세종청사 남측,0
2026-10-10T11:02:19,187000003,대전75자9911,36.470747,127.27305,73.868,293064221,세종고속시외버스터미널(지하),0
2026-10-10T11:02:19,187000003,대전75자9910,36.485959,127.301295,76.971,293064216,소담동(새샘마을),0
2026-10-10T11:02:19,187000003,대전75자9110,36.454322,127.369648,85.456,186005287,국제과학비즈니스벨트,0
2026-10-10T11:02:19,187000003,대전75자9941,36.374659,127.403813,97.301,187001388,대덕산업단지,0
2026-10-10T11:02:19,187000003,대전75자9940,36.352669,127.410315,100.479,187001390,오정동행정복지센터,0
2026-10-10T11:02:19,187000003,대전75자9936,36.331419,127.43245,103.642,183002355,대전역,0
2026-10-10T11:02:19,187000003,대전75자9929,36.333832,127.437112,104.27,187001395,대전역동광장,0
2026-10-10T11:02:19,271000801,충북70자2008,36.469306,127.273946,0.028,293055002,세종고속시외버스터미널(지상),0
2026-10-10T11:02:19,271000801,충북70자6052,36.51791572,127.25901,6.225,293056003,도담동,0
2026-10-10T11:02:19,271000801,충북70자1063,36.6183991,127.327211,23.659,270054838,오송역6,0
2026-10-10T11:02:19,271000801,충북70자1044,36.67614415,127.39534128,36.239,270054811,청주소로초등학교,0
2026-10-10T11:02:19,271000801,충북70자5130,36.72014686,127.4897672,48.208,270051808,오창프라자,0
2026-10-10T11:02:19,271000802,충북70자3071,36.7054502,127.4263229,8.684,284000348,오창프라자,0
2026-10-10T11:02:19,271000802,충북70자3070,36.64491324,127.3334928,21.629,270054810,청주소로초등학교,0
2026-10-10T11:02:19,271000802,충북70자2074,36.5396872,127.30377547,38.165,270000635,오송역2.3.4,0
2026-10-10T11:02:19,293000282,세종70자1754,36.46884399,127.272461,10.341,293055058,세종고속시외버스터미널,42
2026-10-10T11:02:19,293000282,세종70자1745,36.505196,127.241394,18.024,293064474,종촌초등학교(가재마을3단지),48
2026-10-10T11:02:19,293000282,세종70자1753,36.565047,127.288418,28.195,293064249,봉암리,69
2026-10-10T11:02:19,293000282,세종70자1749,36.603693,127.306687,33.974,293001094,조치원버스터미널,24
2026-10-10T11:02:19,293000282,세종70자1743,36.619062,127.327159,37.314,270054837,오송역종점,20
2026-10-10T11:02:19,293000283,세종70자1750,36.618083,127.327358,0.356,270054839,오송역7,47
2026-10-10T11:02:19,293000283,세종70자1747,36.562223,127.285636,9.704,293064250,봉암리,48
2026-10-10T11:02:19,293000283,세종70자1748,36.512016,127.242641,18.609,293061002,아름동커뮤니티센터,40
2026-10-10T11:02:19,293000283,세종70자1751,36.479253,127.246255,23.628,293064389,"새뜸마을1,2단지",21
2026-10-10T11:02:19,293000283,세종70자1752,36.389296,127.316379,37.439,186004229,반석역,36
2026-10-10T11:02:19,293000303,세종70자1507,36.516416,127.330468,8.633,293064417,세종공동캠퍼스,43
2026-10-10T11:02:19,293000304,세종70자1508,36.49767099,127.317508,17.838,293064418,집현동,40
2026-10-10T11:02:19,293000304,세종70자1304,36.467885,127.273591,23.301,293064251,대평동,14
2026-10-10T11:02:19,293000304,세종70자1509,36.468128,127.274032,23.301,293055001,세종고속시외버스터미널(지상),29
2026-10-10T11:02:19,293000305,세종70자1354,36.467693,127.27356,0.0,293055002,세종고속시외버스터미널(지상),14
2026-10-10T11:02:19,293000305,세종70자1511,36.527225,127.262406,16.05,293014017,"해밀동,산울동",58
2026-10-10T11:02:19,293000305,세종70자1512,36.487586,127.257361,20.671,293053004,"새롬동,나성동",18
2026-10-10T11:02:19,293000311,세종70자1349,36.484141,127.299571,3.004,293064216,소담동(새샘마을),46
2026-10-10T11:02:19,293000311,세종70자1351,36.518578,127.256956,14.322,293064051,세종충남대병원,6
2026-10-10T11:02:19,293000311,세종70자1344,36.491892,127.25622,20.228,293054001,다정동(대성고등학교),30
2026-10-10T11:02:19,293000312,세종70자1345,36.46929,127.273823,0.028,293055002,세종고속시외버스터미널(지상),20
2026-10-10T11:02:19,293000312,세종70자1346,36.490808,127.256574,3.073,293064435,한국산업인력공단 세종지사,42
2026-10-10T11:02:19,293000312,세종70자1350,36.497473,127.310475,15.207,293064400,반곡동(수루배마을),33
2026-10-10T11:02:19,271000805,세종73자5675,36.497609,127.318073,1.581,293064418,집현동,19
2026-10-10T11:02:19,271000805,세종73자5672,36.512205,127.25972,12.263,293062011,정부세종청사 북측,8
2026-10-10T11:02:19,271000805,세종73자5647,36.574195,127.384178,28.51,293064498,다솜동,67
2026-10-10T11:02:19,271000805,세종73자5646,36.623771,127.432008,36.499,270054816,하나병원,20
2026-10-10T11:02:19,271000805,세종73자5645,36.645156,127.422469,41.547,270054823,롯데쇼핑몰,43
2026-10-10T11:02:19,271000806,충북70자3086,36.645192,127.4281002,0.914,270054835,현대백화점,0
2026-10-10T11:02:19,271000806,충북70자1055,36.5425228,127.3669915,17.371,270054834,가경아이파크5단지,0
2026-10-10T11:02:19,271000806,충북70자7076,36.47064,127.273189,34.89,293064221,세종고속시외버스터미널(지하),0
2026-10-10T11:02:19,271000806,세종73자5644,36.493018,127.326733,42.158,293064479,집현동,16
2026-10-10T11:02:51,293000317,세종70자1704,36.391297,127.315193,0.364,186005279,반석역,37
2026-10-10T11:02:51,293000317,세종70자1706,36.482089,127.296884,12.87,293064210,"세종시청,시의회,교육청",30
2026-10-10T11:02:51,293000317,세종70자1708,36.597469,127.333549,30.138,293900055,용호동,69
2026-10-10T11:02:51,293000317,세종70자1702,36.619111,127.326463,33.214,270054837,오송역종점,17
2026-10-10T11:02:51,293000318,세종70자1705,36.520306,127.330671,14.409,293064493,다솜동,3
2026-10-10T11:02:51,293000318,세종70자1701,36.467311,127.274912,23.467,293055001,세종고속시외버스터미널(지상),45
2026-10-10T11:02:51,187000003,대전75자9927,36.349309,127.414664,3.229,187001383,한남오거리(BRT),0
2026-10-10T11:02:51,187000003,대전75자9926,36.405474,127.416586,10.795,187001386,오정농수산시장,0
2026-10-10T11:02:51,187000003,대전75자9925,36.443926,127.384115,16.746,187001387,대덕산업단지,0
2026-10-10T11:02:51,187000003,대전75자9921,36.500496,127.259489,33.794,293062006,정부세종청사 남측,0
2026-10-10T11:02:51,187000003,대전75자9920,36.533679,127.274722,38.255,293014025,한별동,0
2026-10-10T11:02:51,187000003,대전75자9918,36.617233,127.328571,51.501,293064420,누리동,0
2026-10-10T11:02:51,187000003,대전75자9917,36.618673,127.326977,51.992,270000635,오송역2.3.4,0
2026-10-10T11:02:51,187000003,대전75자9938,36.618877,127.326766,51.962,270000635,오송역2.3.4,0
2026-10-10T11:02:51,187000003,대전75자9937,36.565555,127.309345,44.4,974019920,오송역2.3.4(미정차),0
2026-10-10T11:02:51,187000003,대전75자9915,36.529173,127.264321,66.488,293014017,"해밀동,산울동",0
2026-10-10T11:02:51,187000003,대전75자9914,36.501326,127.259724,69.788,293062007,정부세종청사 남측,0
2026-10-10T11:02:51,187000003,대전75자9911,36.470909,127.273726,73.935,293064221,세종고속시외버스터미널(지하),0
2026-10-10T11:02:51,187000003,대전75자9910,36.485959,127.301295,76.971,293064216,소담동(새샘마을),0
2026-10-10T11:02:51,187000003,대전75자9110,36.454322,127.369648,85.456,186005287,국제과학비즈니스벨트,0
2026-10-10T11:02:51,187000003,대전75자9941,36.374659,127.403813,97.301,187001388,대덕산업단지,0
2026-10-10T11:02:51,187000003,대전75자9940,36.350488,127.413052,100.824,187001391,한남오거리(BRT),0
2026-10-10T11:02:51,187000003,대전75자9936,36.331419,127.43245,103.642,183002355,대전역,0
2026-10-10T11:02:51,187000003,대전75자9929,36.333369,127.437525,104.213,187001395,대전역동광장,0
2026-10-10T11:02:51,271000801,충북70자2008,36.469306,127.273946,0.028,293055002,세종고속시외버스터미널(지상),0
2026-10-10T11:02:51,271000801,충북70자6052,36.520517,127.259481,6.517,293064445,세종충남대학교병원,0
2026-10-10T11:02:51,271000801,충북70자1063,36.6183991,127.327211,23.659,270054838,오송역6,0
2026-10-10T11:02:51,271000801,충북70자1044,36.67830432,127.3983792,36.601,270054811,청주소로초등학교,0
2026-10-10T11:02:51,271000801,충북70자5130,36.722444,127.495642,48.887,284000229,청주국제공항,0
2026-10-10T11:02:51,271000802,충북70자3071,36.69849731,127.420532,9.623,284000348,오창프라자,0
2026-10-10T11:02:51,271000802,충북70자3070,36.64409577,127.3307014,21.894,270054810,청주소로초등학교,0
2026-10-10T11:02:51,271000802,충북70자2074,36.53627642,127.30151995,38.748,270000635,오송역2.3.4,0
2026-10-10T11:02:51,293000282,세종70자1754,36.470092,127.271724,10.613,293055058,세종고속시외버스터미널,32
2026-10-10T11:02:51,293000282,세종70자1745,36.50748,127.241525,18.277,293064475,"가락마을8단지,가재마을4단지",24
2026-10-10T11:02:51,293000282,세종70자1753,36.57067,127.29033,28.843,293064249,봉암리,69
2026-10-10T11:02:51,293000282,세종70자1749,36.604164,127.308039,34.106,293001094,조치원버스터미널,41
2026-10-10T11:02:51,293000282,세종70자1743,36.619062,127.327159,37.314,270054837,오송역종점,20
2026-10-10T11:02:51,293000283,세종70자1750,36.616049,127.329541,0.656,270054839,오송역7,68
2026-10-10T11:02:51,293000283,세종70자1747,36.561841,127.285153,9.764,293064250,봉암리,48
2026-10-10T11:02:51,293000283,세종70자1748,36.512071,127.241845,18.68,293061002,아름동커뮤니티센터,40
2026-10-10T11:02:51,293000283,세종70자1751,36.480339,127.24968,23.957,293064359,새롬중학교(새뜸마을1단지),23
2026-10-10T11:02:51,293000283,세종70자1752,36.389296,127.316379,37.439,186004229,반석역,36
2026-10-10T11:02:51,293000303,세종70자1507,36.519033,127.330702,8.925,293064417,세종공동캠퍼스,30
2026-10-10T11:02:51,293000304,세종70자1508,36.497831,127.312116,18.32,293064257,반곡동(수루배마을),20
2026-10-10T11:02:51,293000304,세종70자1304,36.467885,127.273591,23.301,293064251,대평동,14
2026-10-10T11:02:51,293000304,세종70자1509,36.468128,127.274032,23.301,293055001,세종고속시외버스터미널(지상),29
2026-10-10T11:02:51,293000305,세종70자1354,36.467693,127.27356,0.0,293055002,세종고속시외버스터미널(지상),14
2026-10-10T11:02:51,293000305,세종70자1511,36.522021,127.259725,16.676,293014017,"해밀동,산울동",53
2026-10-10T11:02:51,293000305,세종70자1512,36.486516,127.257988,20.81,293053004,"새롬동,나성동",46
2026-10-10T11:02:51,293000311,세종70자1349,36.485978,127.3012,3.255,293064216,소담동(새샘마을),21
2026-10-10T11:02:51,293000311,세종70자1351,36.518678,127.256959,14.327,293064051,세종충남대병원,6
2026-10-10T11:02:51,293000311,세종70자1344,36.491891,127.25622,20.229,293054001,다정동(대성고등학교),30
2026-10-10T11:02:51,293000312,세종70자1345,36.46929,127.273823,0.028,293055002,세종고속시외버스터미널(지상),20
2026-10-10T11:02:51,293000312,세종70자1346,36.491236,127.256532,3.121,293064435,한국산업인력공단 세종지사,34
2026-10-10T11:02:51,293000312,세종70자1350,36.497814,127.31212,15.357,293064400,반곡동(수루배마을),51
2026-10-10T11:02:51,271000805,세종73자5675,36.497795,127.313504,1.991,293064418,집현동,55
2026-10-10T11:02:51,271000805,세종73자5672,36.513965,127.259212,12.464,293056003,도담동,22
2026-10-10T11:02:51,271000805,세종73자5647,36.578842,127.387032,29.087,293064498,다솜동,69
2026-10-10T11:02:51,271000805,세종73자5646,36.624035,127.43189,36.53,270054816,하나병원,20
2026-10-10T11:02:51,271000805,세종73자5645,36.643508,127.422361,41.73,270054823,롯데쇼핑몰,44
2026-10-10T11:02:51,271000806,충북70자3086,36.645192,127.4281002,0.914,270054835,현대백화점,0
2026-10-10T11:02:51,271000806,충북70자1055,36.5425228,127.3669915,17.371,270054834,가경아이파크5단지,0
2026-10-10T11:02:51,271000806,충북70자7076,36.47064,127.273189,34.89,293064221,세종고속시외버스터미널(지하),0
2026-10-10T11:02:51,271000806,세종73자5644,36.493018,127.326733,42.158,293064479,집현동,16
2026-10-10T11:03:24,293000317,세종70자1704,36.392181,127.314593,0.476,186005279,반석역,37
2026-10-10T11:03:24,293000317,세종70자1706,36.48223999,127.297545,12.927,293064216,소담동(새샘마을),28
2026-10-10T11:03:24,293000317,세종70자1708,36.601361,127.33813,30.734,293900055,용호동,69
2026-10-10T11:03:24,293000317,세종70자1702,36.619111,127.326463,33.214,270054837,오송역종점,17
2026-10-10T11:03:24,293000318,세종70자1705,36.517889,127.330524,14.678,293064493,다솜동,67
2026-10-10T11:03:24,293000318,세종70자1701,36.462345,127.276581,24.051,293055001,세종고속시외버스터미널(지상),68
2026-10-10T11:03:24,187000003,대전75자9927,36.351417,127.412017,3.563,187001384,오정동행정복지센터,0
2026-10-10T11:03:24,187000003,대전75자9926,36.415382,127.421254,11.995,187001386,오정농수산시장,0
2026-10-10T11:03:24,187000003,대전75자9925,36.453969,127.370057,18.701,187001387,대덕산업단지,0
2026-10-10T11:03:24,187000003,대전75자9921,36.501278,127.259865,33.887,293062006,정부세종청사 남측,0
2026-10-10T11:03:24,187000003,대전75자9920,36.533679,127.274722,38.255,293014025,한별동,0
2026-10-10T11:03:24,187000003,대전75자9917,36.618673,127.326977,51.992,270000635,오송역2.3.4,0
2026-10-10T11:03:24,187000003,대전75자9918,36.618659,127.326983,51.993,270000635,오송역2.3.4,0
2026-10-10T11:03:24,187000003,대전75자9938,36.618877,127.326766,51.962,270000635,오송역2.3.4,0
2026-10-10T11:03:24,187000003,대전75자9937,36.565555,127.309345,44.4,974019920,오송역2.3.4(미정차),0
2026-10-10T11:03:24,187000003,대전75자9915,36.521978,127.259821,67.398,293064446,세종충남대학교병원,0
2026-10-10T11:03:24,187000003,대전75자9914,36.498396,127.258108,70.15,293062007,정부세종청사 남측,0
2026-10-10T11:03:24,187000003,대전75자9911,36.472132,127.276078,74.191,293064252,대평동,0
2026-10-10T11:03:24,187000003,대전75자9910,36.483365,127.306208,77.499,293064216,소담동(새샘마을),0
2026-10-10T11:03:24,187000003,대전75자9110,36.454322,127.369648,85.456,186005287,국제과학비즈니스벨트,0
2026-10-10T11:03:24,187000003,대전75자9941,36.361161,127.401894,99.256,187001388,대덕산업단지,0
2026-10-10T11:03:24,187000003,대전75자9940,36.349869,127.413804,100.92,187001391,한남오거리(BRT),0
2026-10-10T11:03:24,187000003,대전75자9936,36.331419,127.43245,103.642,183002355,대전역,0
2026-10-10T11:03:24,187000003,대전75자9929,36.333369,127.437525,104.213,187001395,대전역동광장,0
2026-10-10T11:03:24,271000801,충북70자2008,36.469306,127.273946,0.028,293055002,세종고속시외버스터미널(지상),0
2026-10-10T11:03:24,271000801,충북70자6052,36.52210498,127.25991891,6.697,293064445,세종충남대학교병원,0
2026-10-10T11:03:24,271000801,충북70자1063,36.6203875,127.3299053,23.986,270054838,오송역6,0
2026-10-10T11:03:24,271000801,충북70자1044,36.67830432,127.3983792,36.601,270054811,청주소로초등학교,0
2026-10-10T11:03:24,271000801,충북70자5130,36.722444,127.495642,48.887,284000229,청주국제공항,0
2026-10-10T11:03:24,271000802,충북70자3071,36.69849731,127.420532,9.623,284000348,오창프라자,0
2026-10-10T11:03:24,271000802,충북70자3070,36.64383297,127.3256669,22.35,270054810,청주소로초등학교,0
2026-10-10T11:03:24,271000802,충북70자2074,36.53430741,127.29453371,39.41,270000635,오송역2.3.4,0
2026-10-10T11:03:24,293000282,세종70자1754,36.472338,127.268278,11.075,293055058,세종고속시외버스터미널,65
2026-10-10T11:03:24,293000282,세종70자1745,36.507781,127.241533,18.311,293064475,"가락마을8단지,가재마을4단지",24
2026-10-10T11:03:24,293000282,세종70자1753,36.574256,127.291377,29.253,293064249,봉암리,33
2026-10-10T11:03:24,293000282,세종70자1749,36.605818,127.312931,34.581,293001094,조치원버스터미널,68
2026-10-10T11:03:24,293000282,세종70자1743,36.619062,127.327159,37.314,270054837,오송역종점,20
2026-10-10T11:03:24,293000283,세종70자1750,36.61193999,127.329095,1.334,270054839,오송역7,63
2026-10-10T11:03:24,293000283,세종70자1747,36.561841,127.285153,9.764,293064250,봉암리,48
2026-10-10T11:03:24,293000283,세종70자1748,36.511715,127.241422,18.752,293064203,"시립도서관,대법원등기정보센터",23
2026-10-10T11:03:24,293000283,세종70자1751,36.480937,127.251567,24.138,293064359,새롬중학교(새뜸마을1단지),51
2026-10-10T11:03:24,293000283,세종70자1752,36.389296,127.316379,37.439,186004229,반석역,36
2026-10-10T11:03:24,293000303,세종70자1507,36.520187,127.330789,9.053,293064417,세종공동캠퍼스,33
2026-10-10T11:03:24,293000304,세종70자1508,36.497621,127.311891,18.342,293064257,반곡동(수루배마을),17
2026-10-10T11:03:24,293000304,세종70자1304,36.467813,127.27362,23.301,293064251,대평동,14
2026-10-10T11:03:24,293000304,세종70자1509,36.468128,127.274032,23.301,293055001,세종고속시외버스터미널(지상),29
2026-10-10T11:03:24,293000305,세종70자1354,36.467693,127.27356,0.0,293055002,세종고속시외버스터미널(지상),14
2026-10-10T11:03:24,293000305,세종70자1511,36.517866,127.258806,17.143,293064446,세종충남대학교병원,59
2026-10-10T11:03:24,293000305,세종70자1512,36.48153,127.261646,21.454,293053009,한솔동,44
2026-10-10T11:03:24,293000311,세종70자1349,36.48475599,127.303666,3.538,293064365,새샘마을6단지,29
2026-10-10T11:03:24,293000311,세종70자1351,36.518753,127.256974,14.33,293064051,세종충남대병원,6
2026-10-10T11:03:24,293000311,세종70자1344,36.489515,127.25655,20.493,293064436,한국산업인력공단 세종지사,42
2026-10-10T11:03:24,293000312,세종70자1345,36.46929,127.273823,0.028,293055002,세종고속시외버스터미널(지상),20
2026-10-10T11:03:24,293000312,세종70자1346,36.494376,127.256529,3.476,293053001,다정동(대성고등학교),36
2026-10-10T11:03:24,293000312,세종70자1350,36.497611,127.316378,15.734,293900041,반곡고등학교,22
2026-10-10T11:03:24,271000805,세종73자5675,36.497751,127.312249,2.103,293064257,반곡동(수루배마을),31
2026-10-10T11:03:24,271000805,세종73자5672,36.515289,127.259076,12.612,293056003,도담동,50
2026-10-10T11:03:24,271000805,세종73자5647,36.584435,127.388676,29.729,293064498,다솜동,67
2026-10-10T11:03:24,271000805,세종73자5646,36.62646,127.430099,36.844,270054311,고속버스터미널,1
2026-10-10T11:03:24,271000805,세종73자5645,36.642533,127.421521,38.788,270054823,롯데쇼핑몰,13
2026-10-10T11:03:24,271000806,충북70자3086,36.6420032,127.43168,2.067,270054836,대농공원.흥덕보건소임시청사,0
2026-10-10T11:03:24,271000806,충북70자1055,36.54073053,127.34882556,19.081,270054834,가경아이파크5단지,0
2026-10-10T11:03:24,271000806,충북70자7076,36.472193,127.276513,35.235,293064252,대평동,0
2026-10-10T11:03:24,271000806,세종73자5644,36.493018,127.326733,42.158,293064479,집현동,16
2026-10-10T11:03:55,293000317,세종70자1704,36.392912,127.314051,0.57,186005279,반석역,45
2026-10-10T11:03:55,293000317,세종70자1706,36.482409,127.297754,12.953,293064216,소담동(새샘마을),28
2026-10-10T11:03:55,293000317,세종70자1708,36.60846999,127.338788,31.423,293900055,용호동,69
2026-10-10T11:03:55,293000317,세종70자1702,36.619111,127.326463,33.214,270054837,오송역종점,17
2026-10-10T11:03:55,293000318,세종70자1705,36.512618,127.330042,15.266,293064493,다솜동,68
2026-10-10T11:03:55,293000318,세종70자1701,36.458519,127.280527,24.604,293055001,세종고속시외버스터미널(지상),68
2026-10-10T11:03:55,187000003,대전75자9927,36.35206,127.411257,3.662,187001384,오정동행정복지센터,0
2026-10-10T11:03:55,187000003,대전75자9926,36.415382,127.421254,11.995,187001386,오정농수산시장,0
2026-10-10T11:03:55,187000003,대전75자9925,36.453969,127.370057,18.701,187001387,대덕산업단지,0
2026-10-10T11:03:55,187000003,대전75자9921,36.501278,127.259865,33.887,293062006,정부세종청사 남측,0
2026-10-10T11:03:55,187000003,대전75자9920,36.533679,127.274722,38.255,293014025,한별동,0
2026-10-10T11:03:55,187000003,대전75자9917,36.618673,127.326977,51.992,270000635,오송역2.3.4,0
2026-10-10T11:03:55,187000003,대전75자9918,36.618659,127.326983,51.993,270000635,오송역2.3.4,0
2026-10-10T11:03:55,187000003,대전75자9938,36.618877,127.326766,51.962,270000635,오송역2.3.4,0
2026-10-10T11:03:55,187000003,대전75자9937,36.565555,127.309345,44.4,974019920,오송역2.3.4(미정차),0
2026-10-10T11:03:55,187000003,대전75자9915,36.521134,127.25954,67.495,293064446,세종충남대학교병원,0
2026-10-10T11:03:55,187000003,대전75자9914,36.49521,127.256593,70.538,293062004,다정동,0
2026-10-10T11:03:55,187000003,대전75자9911,36.474505,127.279118,74.568,293064252,대평동,0
2026-10-10T11:03:55,187000003,대전75자9910,36.483365,127.306208,77.499,293064216,소담동(새샘마을),0
2026-10-10T11:03:55,187000003,대전75자9110,36.443809,127.383731,87.464,186005287,국제과학비즈니스벨트,0
2026-10-10T11:03:55,187000003,대전75자9941,36.358708,127.404235,99.6,187001388,대덕산업단지,0
2026-10-10T11:03:55,187000003,대전75자9940,36.349869,127.413804,100.92,187001391,한남오거리(BRT),0
2026-10-10T11:03:55,187000003,대전75자9936,36.331419,127.43245,103.642,183002355,대전역,0
2026-10-10T11:03:55,187000003,대전75자9929,36.331361,127.432809,103.704,187001395,대전역동광장,0
2026-10-10T11:03:55,271000801,충북70자2008,36.469306,127.273946,0.028,293055002,세종고속시외버스터미널(지상),0
2026-10-10T11:03:55,271000801,충북70자6052,36.52720781,127.26268116,7.316,293064445,세종충남대학교병원,0
2026-10-10T11:03:55,271000801,충북70자1063,36.62353305,127.3309365,24.389,270054838,오송역6,0
2026-10-10T11:03:55,271000801,충북70자1044,36.68204577,127.4045865,37.294,270054811,청주소로초등학교,0
2026-10-10T11:03:55,271000801,충북70자5130,36.722444,127.495642,48.887,284000229,청주국제공항,0
2026-10-10T11:03:55,271000802,충북70자3071,36.69849731,127.420532,9.623,284000348,오창프라자,0
2026-10-10T11:03:55,271000802,충북70자3070,36.64383297,127.3256669,22.35,270054810,청주소로초등학교,0
2026-10-10T11:03:55,271000802,충북70자2074,36.534046,127.292199,39.621,293014058,누리동,0
2026-10-10T11:03:55,293000282,세종70자1754,36.474395,127.266787,11.34,293055058,세종고속시외버스터미널,68
2026-10-10T11:03:55,293000282,세종70자1745,36.50799399,127.241534,18.335,293064475,"가락마을8단지,가재마을4단지",18
2026-10-10T11:03:55,293000282,세종70자1753,36.575451,127.291767,29.393,293064249,봉암리,41
2026-10-10T11:03:55,293000282,세종70자1749,36.609167,127.322792,35.536,270050300,오송3리,59
2026-10-10T11:03:55,293000282,세종70자1743,36.619062,127.327159,37.314,270054837,오송역종점,20
2026-10-10T11:03:55,293000283,세종70자1750,36.610293,127.325648,1.695,271000568,오송2리,56
2026-10-10T11:03:55,293000283,세종70자1747,36.56161,127.284793,9.806,293064250,봉암리,39
2026-10-10T11:03:55,293000283,세종70자1748,36.51121899,127.241389,18.807,293064203,"시립도서관,대법원등기정보센터",31
2026-10-10T11:03:55,293000283,세종70자1751,36.48143,127.253182,24.293,293064359,새롬중학교(새뜸마을1단지),51
2026-10-10T11:03:55,293000283,세종70자1752,36.389296,127.316379,37.439,186004229,반석역,36
2026-10-10T11:03:55,293000303,세종70자1507,36.5225,127.330054,9.32,293064417,세종공동캠퍼스,44
2026-10-10T11:03:55,293000304,세종70자1508,36.496798,127.30791,18.717,293064257,반곡동(수루배마을),60
2026-10-10T11:03:55,293000304,세종70자1304,36.467813,127.27362,23.301,293064251,대평동,14
2026-10-10T11:03:55,293000304,세종70자1509,36.468128,127.274032,23.301,293055001,세종고속시외버스터미널(지상),29
2026-10-10T11:03:55,293000305,세종70자1354,36.467693,127.27356,0.0,293055002,세종고속시외버스터미널(지상),14
2026-10-10T11:03:55,293000305,세종70자1511,36.515225,127.258838,17.436,293056002,도담동,50
2026-10-10T11:03:55,293000305,세종70자1512,36.48072,127.26213,21.554,293053009,한솔동,29
2026-10-10T11:03:55,293000311,세종70자1349,36.483618,127.305901,3.775,293064365,새샘마을6단지,43
2026-10-10T11:03:55,293000311,세종70자1351,36.519128,127.255994,14.425,293064051,세종충남대병원,38
2026-10-10T11:03:55,293000311,세종70자1344,36.486722,127.257676,20.825,293053003,"새롬동,나성동(청소년센터)",37
2026-10-10T11:03:55,293000312,세종70자1345,36.46929,127.273823,0.028,293055002,세종고속시외버스터미널(지상),20
2026-10-10T11:03:55,293000312,세종70자1346,36.497344,127.257598,3.824,293053001,다정동(대성고등학교),63
2026-10-10T11:03:55,293000312,세종70자1350,36.497596,127.317271,15.814,293900041,반곡고등학교,27
2026-10-10T11:03:55,271000805,세종73자5675,36.497707,127.312045,2.122,293064257,반곡동(수루배마을),31
2026-10-10T11:03:55,271000805,세종73자5672,36.518522,127.259203,12.972,293056003,도담동,54
2026-10-10T11:03:55,271000805,세종73자5647,36.587235,127.392968,30.222,293064498,다솜동,64
2026-10-10T11:03:55,271000805,세종73자5646,36.627605,127.42925,36.992,270054311,고속버스터미널,38
2026-10-10T11:03:55,271000805,세종73자5645,36.642395,127.421411,38.772,270054823,롯데쇼핑몰,2
2026-10-10T11:03:55,271000806,충북70자3086,36.6420032,127.43168,2.067,270054836,대농공원.흥덕보건소임시청사,0
2026-10-10T11:03:55,271000806,충북70자1055,36.53875724,127.34085923,19.854,270054834,가경아이파크5단지,0
2026-10-10T11:03:55,271000806,충북70자7076,36.472193,127.276513,35.235,293064252,대평동,0
2026-10-10T11:03:55,271000806,세종73자5644,36.493018,127.326733,42.158,293064479,집현동,16
2026-10-10T11:04:27,293000317,세종70자1704,36.395356,127.312253,0.886,186005279,반석역,15
2026-10-10T11:04:27,293000317,세종70자1706,36.4841,127.299726,13.209,293064216,소담동(새샘마을),51
2026-10-10T11:04:27,293000317,세종70자1708,36.610631,127.336015,31.94,293900055,용호동,69
2026-10-10T11:04:27,293000317,세종70자1702,36.619111,127.326463,33.214,270054837,오송역종점,17
2026-10-10T11:04:27,293000318,세종70자1705,36.507692,127.329589,15.815,293064493,다솜동,68
2026-10-10T11:04:27,293000318,세종70자1701,36.455619,127.283124,25.003,293055001,세종고속시외버스터미널(지상),68
2026-10-10T11:04:27,187000003,대전75자9927,36.35206,127.411257,3.662,187001384,오정동행정복지센터,0
2026-10-10T11:04:27,187000003,대전75자9926,36.423653,127.414363,13.129,187001386,오정농수산시장,0
2026-10-10T11:04:27,187000003,대전75자9925,36.466844,127.365371,20.347,186005286,국제과학비즈니스벨트,0
2026-10-10T11:04:27,187000003,대전75자9921,36.501278,127.259865,33.887,293062006,정부세종청사 남측,0
2026-10-10T11:04:27,187000003,대전75자9920,36.534318999999996,127.294927,40.075,293064420,누리동,0
2026-10-10T11:04:27,187000003,대전75자9918,36.618659,127.326983,51.993,270000635,오송역2.3.4,0
2026-10-10T11:04:27,187000003,대전75자9938,36.618877,127.326766,51.962,270000635,오송역2.3.4,0
2026-10-10T11:04:27,187000003,대전75자9937,36.55169,127.301349,61.013,974019920,오송역2.3.4(미정차),0
2026-10-10T11:04:27,187000003,대전75자9915,36.515246,127.258937,68.162,293056002,도담동,0
2026-10-10T11:04:27,187000003,대전75자9914,36.489243,127.256688,71.211,293062004,다정동,0
2026-10-10T11:04:27,187000003,대전75자9911,36.475405,127.280595,74.734,293064206,"보람동,대평동",0
2026-10-10T11:04:27,187000003,대전75자9910,36.48178,127.307434,77.713,293064218,한국개발연구원(KDI),0
2026-10-10T11:04:27,187000003,대전75자9110,36.443809,127.383731,87.464,186005287,국제과학비즈니스벨트,0
2026-10-10T11:04:27,187000003,대전75자9941,36.355976,127.406218,99.959,187001389,오정농수산오거리,0
2026-10-10T11:04:27,187000003,대전75자9940,36.348373,127.415676,101.157,187001391,한남오거리(BRT),0
2026-10-10T11:04:27,187000003,대전75자9936,36.331419,127.43245,103.642,183002355,대전역,0
2026-10-10T11:04:27,187000003,대전75자9929,36.331361,127.432809,103.704,187001395,대전역동광장,0
2026-10-10T11:04:27,271000801,충북70자2008,36.469306,127.273946,0.028,293055002,세종고속시외버스터미널(지상),0
2026-10-10T11:04:27,271000801,충북70자6052,36.528682,127.263939,7.514,293014014,"해밀동,산울동",0
2026-10-10T11:04:27,271000801,충북70자1063,36.62353305,127.3309365,24.389,270054838,오송역6,0
2026-10-10T11:04:27,271000801,충북70자1044,36.68204577,127.4045865,37.294,270054811,청주소로초등학교,0
2026-10-10T11:04:27,271000801,충북70자5130,36.722444,127.495642,48.887,284000229,청주국제공항,0
2026-10-10T11:04:27,271000802,충북70자3071,36.69747653,127.4193394,9.779,284000348,오창프라자,0
2026-10-10T11:04:27,271000802,충북70자3070,36.6391768,127.324181,22.899,270054810,청주소로초등학교,0
2026-10-10T11:04:27,271000802,충북70자2074,36.53440642,127.28671183,40.114,293014058,누리동,0
2026-10-10T11:04:27,293000282,세종70자1754,36.478707,127.263708,11.893,293055058,세종고속시외버스터미널,38
2026-10-10T11:04:27,293000282,세종70자1745,36.511324,127.241611,18.705,293064204,"시립도서관,대법원등기정보센터",2
2026-10-10T11:04:27,293000282,세종70자1753,36.579183,127.292922,29.821,293016127,월하리,51
2026-10-10T11:04:27,293000282,세종70자1749,36.610158,127.325702,35.82,293001094,조치원버스터미널,17
2026-10-10T11:04:27,293000282,세종70자1743,36.619062,127.327159,37.314,270054837,오송역종점,20
2026-10-10T11:04:27,293000283,세종70자1750,36.608625,127.320641,2.179,271000568,오송2리,68
2026-10-10T11:04:27,293000283,세종70자1747,36.56027,127.283081,10.021,293064250,봉암리,69
2026-10-10T11:04:27,293000283,세종70자1748,36.506192,127.241266,19.366,293064472,"가락마을8단지,가재마을4단지",37
2026-10-10T11:04:27,293000283,세종70자1751,36.48143,127.253182,24.293,293064359,새롬중학교(새뜸마을1단지),51
2026-10-10T11:04:27,293000283,세종70자1752,36.389154,127.316642,37.464,186004229,반석역,36
2026-10-10T11:04:27,293000303,세종70자1507,36.525144,127.3284,9.65,293064417,세종공동캠퍼스,37
2026-10-10T11:04:27,293000304,세종70자1508,36.492346,127.30459,19.297,293064261,국책연구단지,50
2026-10-10T11:04:27,293000304,세종70자1304,36.467813,127.27362,23.301,293064251,대평동,14
2026-10-10T11:04:27,293000304,세종70자1509,36.468128,127.274032,23.301,293055001,세종고속시외버스터미널(지상),29
2026-10-10T11:04:27,293000305,세종70자1354,36.467693,127.27356,0.0,293055002,세종고속시외버스터미널(지상),14
2026-10-10T11:04:27,293000305,세종70자1511,36.5143,127.259031,17.54,293056002,도담동,38
2026-10-10T11:04:27,293000305,세종70자1512,36.479508,127.262963,21.708,293053009,한솔동,29
2026-10-10T11:04:27,293000311,세종70자1349,36.483218,127.306564,3.849,293064365,새샘마을6단지,43
2026-10-10T11:04:27,293000311,세종70자1351,36.51965,127.251759,14.805,293064051,세종충남대병원,50
2026-10-10T11:04:27,293000311,세종70자1344,36.485535,127.258415,20.972,293053003,"새롬동,나성동(청소년센터)",37
2026-10-10T11:04:27,293000312,세종70자1345,36.46929,127.273823,0.028,293055002,세종고속시외버스터미널(지상),20
2026-10-10T11:04:27,293000312,세종70자1346,36.497602,127.257761,3.856,293053001,다정동(대성고등학교),29
2026-10-10T11:04:27,293000312,세종70자1350,36.497596,127.317271,15.814,293900041,반곡고등학교,27
2026-10-10T11:04:27,271000805,세종73자5675,36.497727,127.311875,2.137,293064257,반곡동(수루배마을),5
2026-10-10T11:04:27,271000805,세종73자5672,36.522105,127.259996,13.378,293064445,세종충남대학교병원,53
2026-10-10T11:04:27,271000805,세종73자5647,36.591613,127.396052,30.782,293064498,다솜동,68
2026-10-10T11:04:27,271000805,세종73자5646,36.628168,127.428852,37.064,270054311,고속버스터미널,38
2026-10-10T11:04:27,271000805,세종73자5645,36.642274,127.42135,38.759,270054823,롯데쇼핑몰,2
2026-10-10T11:04:27,271000806,충북70자3086,36.6420032,127.43168,2.067,270054836,대농공원.흥덕보건소임시청사,0
2026-10-10T11:04:27,271000806,충북70자1055,36.53584925,127.33461061,20.499,270054834,가경아이파크5단지,0
2026-10-10T11:04:27,271000806,충북70자7076,36.474965,127.280713,35.721,293064206,"보람동,대평동",0
2026-10-10T11:04:27,271000806,세종73자5644,36.493018,127.326733,42.158,293064479,집현동,16
2026-10-10T11:04:59,293000317,세종70자1704,36.395464,127.312171,0.9,186005279,반석역,17
2026-10-10T11:04:59,293000317,세종70자1706,36.485815,127.301052,13.433,293064216,소담동(새샘마을),60
2026-10-10T11:04:59,293000317,세종70자1708,36.614429,127.331652,32.514,293900055,용호동,70
2026-10-10T11:04:59,293000318,세종70자1702,36.619037,127.326546,0.219,270000635,오송역2.3.4,8
2026-10-10T11:04:59,293000318,세종70자1705,36.501855,127.328897,16.468,293064416,세종공동캠퍼스,46
2026-10-10T11:04:59,293000318,세종70자1701,36.450827,127.285376,25.596,293055001,세종고속시외버스터미널(지상),68
2026-10-10T11:04:59,187000003,대전75자9927,36.354721,127.407894,4.084,187001385,오정농수산오거리,0
2026-10-10T11:04:59,187000003,대전75자9926,36.423653,127.414363,13.129,187001386,오정농수산시장,0
2026-10-10T11:04:59,187000003,대전75자9925,36.468445,127.3603,20.835,186005286,국제과학비즈니스벨트,0
2026-10-10T11:04:59,187000003,대전75자9921,36.504581,127.261462,34.281,293062011,정부세종청사 북측,0
2026-10-10T11:04:59,187000003,대전75자9920,36.534318999999996,127.294927,40.075,293064420,누리동,0
2026-10-10T11:04:59,187000003,대전75자9918,36.618659,127.326983,51.993,270000635,오송역2.3.4,0
2026-10-10T11:04:59,187000003,대전75자9937,36.55169,127.301349,61.013,974019920,오송역2.3.4(미정차),0
2026-10-10T11:04:59,187000003,대전75자9938,36.616869,127.328745,52.255,974019920,오송역2.3.4(미정차),0
2026-10-10T11:04:59,187000003,대전75자9915,36.515246,127.258937,68.162,293056002,도담동,0
2026-10-10T11:04:59,187000003,대전75자9914,36.488124,127.257128,71.347,293053004,"새롬동,나성동",0
2026-10-10T11:04:59,187000003,대전75자9911,36.475405,127.280595,74.734,293064206,"보람동,대평동",0
2026-10-10T11:04:59,187000003,대전75자9910,36.480916,127.307686,77.812,293064218,한국개발연구원(KDI),0
2026-10-10T11:04:59,187000003,대전75자9110,36.438236,127.395233,88.736,187001388,대덕산업단지,0
2026-10-10T11:04:59,187000003,대전75자9941,36.355358,127.406987,100.056,187001389,오정농수산오거리,0
2026-10-10T11:04:59,187000003,대전75자9940,36.346889,127.417491,101.395,187001392,대덕구청,0
2026-10-10T11:04:59,187000003,대전75자9936,36.332909,127.437458,104.153,183002355,대전역,0
2026-10-10T11:04:59,187000003,대전75자9929,36.331361,127.432809,103.704,187001395,대전역동광장,0
2026-10-10T11:04:59,271000801,충북70자2008,36.469306,127.273946,0.028,293055002,세종고속시외버스터미널(지상),0
2026-10-10T11:04:59,271000801,충북70자6052,36.528682,127.263939,7.514,293014014,"해밀동,산울동",0
2026-10-10T11:04:59,271000801,충북70자1063,36.62409673,127.3305556,24.501,270054838,오송역6,0
2026-10-10T11:04:59,271000801,충북70자1044,36.69065627,127.4143347,38.589,270054811,청주소로초등학교,0
2026-10-10T11:04:59,271000801,충북70자5130,36.722444,127.495642,48.887,284000229,청주국제공항,0
2026-10-10T11:04:59,271000802,충북70자3071,36.69747653,127.4193394,9.779,284000348,오창프라자,0
2026-10-10T11:04:59,271000802,충북70자3070,36.6391768,127.324181,22.899,270054810,청주소로초등학교,0
2026-10-10T11:04:59,271000802,충북70자2074,36.53440642,127.28671183,40.114,293014058,누리동,0
2026-10-10T11:04:59,293000282,세종70자1754,36.47906,127.263457,11.938,293055058,세종고속시외버스터미널,38
2026-10-10T11:04:59,293000282,세종70자1745,36.51185199,127.241664,18.804,293064204,"시립도서관,대법원등기정보센터",7
2026-10-10T11:04:59,293000282,세종70자1753,36.581063,127.293147,30.033,293016127,월하리,45
2026-10-10T11:04:59,293000282,세종70자1749,36.610201,127.325845,35.834,293001094,조치원버스터미널,17
2026-10-10T11:04:59,293000282,세종70자1743,36.619062,127.327159,37.314,270054837,오송역종점,20
2026-10-10T11:04:59,293000283,세종70자1750,36.606758,127.31514,2.729,271000568,오송2리,68
2026-10-10T11:04:59,293000283,세종70자1747,36.55334899,127.278265,10.914,293900057,연기리,49
2026-10-10T11:04:59,293000283,세종70자1748,36.503727,127.241033,19.641,293064473,"종촌초등학교(가락마을6,7단지)",27
2026-10-10T11:04:59,293000283,세종70자1751,36.481546,127.253582,24.331,293064359,새롬중학교(새뜸마을1단지),34
2026-10-10T11:04:59,293000283,세종70자1752,36.38842,127.317189,37.557,186004229,반석역,40
2026-10-10T11:04:59,293000303,세종70자1507,36.527494,127.325687,10.007,293064417,세종공동캠퍼스,45
2026-10-10T11:04:59,293000304,세종70자1508,36.49175,127.304203,19.372,293064261,국책연구단지,22
2026-10-10T11:04:59,293000304,세종70자1304,36.467813,127.27362,23.301,293064251,대평동,14
2026-10-10T11:04:59,293000304,세종70자1509,36.468128,127.274032,23.301,293055001,세종고속시외버스터미널(지상),29
2026-10-10T11:04:59,293000305,세종70자1354,36.467693,127.27356,0.0,293055002,세종고속시외버스터미널(지상),14
2026-10-10T11:04:59,293000305,세종70자1511,36.512455,127.259455,17.748,293056002,도담동,38
2026-10-10T11:04:59,293000305,세종70자1512,36.479508,127.262963,21.708,293053009,한솔동,29
2026-10-10T11:04:59,293000311,세종70자1349,36.482286,127.307253,3.97,293064365,새샘마을6단지,17
2026-10-10T11:04:59,293000311,세종70자1351,36.519044,127.247909,15.155,293064102,범지기마을10단지 북측,42
2026-10-10T11:04:59,293000311,세종70자1344,36.48444,127.259198,21.112,293053003,"새롬동,나성동(청소년센터)",2
2026-10-10T11:04:59,293000312,세종70자1345,36.46929,127.273823,0.028,293055002,세종고속시외버스터미널(지상),20
2026-10-10T11:04:59,293000312,세종70자1346,36.49885,127.256293,4.137,293053001,다정동(대성고등학교),2
2026-10-10T11:04:59,293000312,세종70자1350,36.49753599,127.317715,15.889,293900041,반곡고등학교,35
2026-10-10T11:04:59,271000805,세종73자5675,36.497706,127.311444,2.175,293064257,반곡동(수루배마을),30
2026-10-10T11:04:59,271000805,세종73자5672,36.525528,127.261731,13.79,293064445,세종충남대학교병원,59
2026-10-10T11:04:59,271000805,세종73자5647,36.595127,127.399942,31.311,293064498,다솜동,61
2026-10-10T11:04:59,271000805,세종73자5646,36.629118,127.428188,37.185,270054311,고속버스터미널,40
2026-10-10T11:04:59,271000805,세종73자5645,36.642274,127.42135,38.759,270054823,롯데쇼핑몰,2
2026-10-10T11:04:59,271000806,충북70자3086,36.6420032,127.43168,2.067,270054836,대농공원.흥덕보건소임시청사,0
2026-10-10T11:04:59,271000806,충북70자1055,36.53584925,127.33461061,20.499,270054834,가경아이파크5단지,0
2026-10-10T11:04:59,271000806,충북70자7076,36.474965,127.280713,35.721,293064206,"보람동,대평동",0
2026-10-10T11:04:59,271000806,세종73자5644,36.493018,127.326733,42.158,293064479,집현동,16
2026-10-10T11:05:30,293000317,세종70자1704,36.398606,127.310482,1.281,186005279,반석역,67
2026-10-10T11:05:30,293000317,세종70자1706,36.485815,127.301052,13.433,293064216,소담동(새샘마을),60
2026-10-10T11:05:30,293000317,세종70자1708,36.61825,127.327422,33.083,293900055,용호동,42
2026-10-10T11:05:30,293000318,세종70자1702,36.618792,127.326862,0.258,270000635,오송역2.3.4,12
2026-10-10T11:05:30,293000318,세종70자1705,36.501534,127.328728,16.507,293064416,세종공동캠퍼스,46
2026-10-10T11:05:30,293000318,세종70자1701,36.445365,127.285828,26.206,293055001,세종고속시외버스터미널(지상),68
2026-10-10T11:05:30,187000003,대전75자9927,36.355375,127.407111,4.185,187001385,오정농수산오거리,0
2026-10-10T11:05:30,187000003,대전75자9926,36.430047,127.405743,14.181,187001386,오정농수산시장,0
2026-10-10T11:05:30,187000003,대전75자9925,36.468445,127.3603,20.835,186005286,국제과학비즈니스벨트,0
2026-10-10T11:05:30,187000003,대전75자9921,36.504581,127.261462,34.281,293062011,정부세종청사 북측,0
2026-10-10T11:05:30,187000003,대전75자9920,36.537022,127.304405,40.974,293064420,누리동,0
2026-10-10T11:05:30,187000003,대전75자9918,36.618659,127.326983,51.993,270000635,오송역2.3.4,0
2026-10-10T11:05:30,187000003,대전75자9937,36.537381,127.304355,62.64,974019920,오송역2.3.4(미정차),0
2026-10-10T11:05:30,187000003,대전75자9938,36.616869,127.328745,52.255,974019920,오송역2.3.4(미정차),0
2026-10-10T11:05:30,187000003,대전75자9915,36.514381,127.259036,68.258,293056002,도담동,0
2026-10-10T11:05:30,187000003,대전75자9914,36.487227,127.257506,71.452,293053004,"새롬동,나성동",0
2026-10-10T11:05:30,187000003,대전75자9911,36.478222,127.28757,75.422,293064210,"세종시청,시의회,교육청",0
2026-10-10T11:05:30,187000003,대전75자9910,36.478332,127.309783,78.157,293064218,한국개발연구원(KDI),0
2026-10-10T11:05:30,187000003,대전75자9110,36.437709,127.396195,88.841,187001388,대덕산업단지,0
2026-10-10T11:05:30,187000003,대전75자9941,36.355358,127.406987,100.056,187001389,오정농수산오거리,0
2026-10-10T11:05:30,187000003,대전75자9940,36.344209,127.421043,101.833,187001393,솔랑마을아파트,0
2026-10-10T11:05:30,187000003,대전75자9936,36.332909,127.437458,104.153,183002355,대전역,0
2026-10-10T11:05:30,187000003,대전75자9929,36.331361,127.432809,103.704,187001395,대전역동광장,0
2026-10-10T11:05:30,271000801,충북70자6052,36.528682,127.263939,7.514,293014014,"해밀동,산울동",0
2026-10-10T11:05:30,271000801,충북70자1063,36.62580674,127.3314641,24.713,270054838,오송역6,0
2026-10-10T11:05:30,271000801,충북70자1044,36.69065627,127.4143347,38.589,270054811,청주소로초등학교,0
2026-10-10T11:05:30,271000801,충북70자5130,36.722444,127.495642,48.887,284000229,청주국제공항,0
2026-10-10T11:05:30,271000802,충북70자3071,36.69747653,127.4193394,9.779,284000348,오창프라자,0
2026-10-10T11:05:30,271000802,충북70자3070,36.637488,127.328624,23.417,271000627,보건의료행정타운,0
2026-10-10T11:05:30,271000802,충북70자2074,36.5341,127.27661,41.024,293014026,한별동,0
2026-10-10T11:05:30,293000282,세종70자1754,36.47934,127.263263,11.974,293055058,세종고속시외버스터미널,38
2026-10-10T11:05:30,293000282,세종70자1745,36.511824,127.243387,18.958,293064204,"시립도서관,대법원등기정보센터",7
2026-10-10T11:05:30,293000282,세종70자1753,36.582586,127.293078,30.047,293016127,월하리,35
2026-10-10T11:05:30,293000282,세종70자1749,36.610201,127.325845,35.834,293001094,조치원버스터미널,17
2026-10-10T11:05:30,293000282,세종70자1743,36.619062,127.327159,37.314,270054837,오송역종점,20
2026-10-10T11:05:30,293000283,세종70자1750,36.604917,127.309721,3.254,271000568,오송2리,41
2026-10-10T11:05:30,293000283,세종70자1747,36.55270199,127.277849,10.995,293900057,연기리,37
2026-10-10T11:05:30,293000283,세종70자1748,36.502822,127.24091,19.743,293064473,"종촌초등학교(가락마을6,7단지)",14
2026-10-10T11:05:30,293000283,세종70자1751,36.482345,127.256074,24.571,293064359,새롬중학교(새뜸마을1단지),47
2026-10-10T11:05:30,293000283,세종70자1752,36.38766,127.317776,37.557,186004229,반석역,40
2026-10-10T11:05:30,293000303,세종70자1507,36.53084599,127.321381,10.543,293064417,세종공동캠퍼스,37
2026-10-10T11:05:30,293000304,세종70자1305,36.469261,127.273955,0.023,293055002,세종고속시외버스터미널(지상),16
2026-10-10T11:05:30,293000304,세종70자1508,36.48699899,127.301594,19.952,293064254,"법원,검찰청,경찰청",34
2026-10-10T11:05:30,293000304,세종70자1304,36.467813,127.27362,23.301,293064251,대평동,14
2026-10-10T11:05:30,293000304,세종70자1509,36.468128,127.274032,23.301,293055001,세종고속시외버스터미널(지상),29
2026-10-10T11:05:30,293000305,세종70자1354,36.467693,127.27356,0.0,293055002,세종고속시외버스터미널(지상),14
2026-10-10T11:05:30,293000305,세종70자1511,36.511131,127.260053,17.904,293056002,도담동,53
2026-10-10T11:05:30,293000305,세종70자1512,36.479508,127.262963,21.708,293053009,한솔동,29
2026-10-10T11:05:30,293000311,세종70자1349,36.482181,127.307305,3.983,293064365,새샘마을6단지,17
2026-10-10T11:05:30,293000311,세종70자1351,36.518961,127.245041,15.422,293064100,"범지기3,9단지(청소년센터)",3
2026-10-10T11:05:30,293000311,세종70자1344,36.483988,127.259507,21.17,293053003,"새롬동,나성동(청소년센터)",33
2026-10-10T11:05:30,293000312,세종70자1345,36.46929,127.273823,0.028,293055002,세종고속시외버스터미널(지상),20
2026-10-10T11:05:30,293000312,세종70자1346,36.498872,127.256233,4.143,293053001,다정동(대성고등학교),2
2026-10-10T11:05:30,293000312,세종70자1350,36.498225,127.323426,16.409,293064479,집현동,62
2026-10-10T11:05:30,271000805,세종73자5675,36.496799,127.307995,2.506,293064257,반곡동(수루배마을),65
2026-10-10T11:05:30,271000805,세종73자5672,36.528708,127.26405,14.201,293014014,"해밀동,산울동",13
2026-10-10T11:05:30,271000805,세종73자5647,36.600639,127.408614,32.321,293064498,다솜동,76
2026-10-10T11:05:30,271000805,세종73자5646,36.631015,127.426855,37.427,270054311,고속버스터미널,40
2026-10-10T11:05:30,271000805,세종73자5645,36.642274,127.42135,38.759,270054823,롯데쇼핑몰,2
2026-10-10T11:05:30,271000806,충북70자3086,36.642163,127.4261725,2.561,270054828,솔밭초등학교.신영지웰시티,0
2026-10-10T11:05:30,271000806,충북70자1055,36.53584925,127.33461061,20.499,270054834,가경아이파크5단지,0
2026-10-10T11:05:30,271000806,충북70자2084,36.53187,127.320414,22.114,293064499,다솜동,0
2026-10-10T11:05:30,271000806,충북70자7076,36.478272,127.28806,36.476,293064210,"세종시청,시의회,교육청",0
2026-10-10T11:05:30,271000806,세종73자5644,36.493018,127.326733,42.158,293064479,집현동,16
2026-10-10T11:06:02,293000317,세종70자1704,36.402869,127.306901,1.852,186005279,반석역,69
2026-10-10T11:06:02,293000317,세종70자1706,36.485815,127.301052,13.433,293064216,소담동(새샘마을),60
2026-10-10T11:06:02,293000317,세종70자1708,36.618991,127.327197,33.172,270054837,오송역종점,11
2026-10-10T11:06:02,293000318,세종70자1702,36.619289,127.326958,0.06,270000635,오송역2.3.4,12
2026-10-10T11:06:02,293000318,세종70자1705,36.498627,127.324706,17.001,293064416,세종공동캠퍼스,68
2026-10-10T11:06:02,293000318,세종70자1701,36.43786,127.285931,27.047,293055001,세종고속시외버스터미널(지상),68
2026-10-10T11:06:02,187000003,대전75자9927,36.355375,127.407111,4.185,187001385,오정농수산오거리,0
2026-10-10T11:06:02,187000003,대전75자9926,36.430047,127.405743,14.181,187001386,오정농수산시장,0
2026-10-10T11:06:02,187000003,대전75자9925,36.468445,127.3603,20.835,186005286,국제과학비즈니스벨트,0
2026-10-10T11:06:02,187000003,대전75자9921,36.513639,127.259258,35.338,293056003,도담동,0
2026-10-10T11:06:02,187000003,대전75자9920,36.537022,127.304405,40.974,293064420,누리동,0
2026-10-10T11:06:02,187000003,대전75자9918,36.618659,127.326983,51.993,270000635,오송역2.3.4,0
2026-10-10T11:06:02,187000003,대전75자9937,36.537381,127.304355,62.64,974019920,오송역2.3.4(미정차),0
2026-10-10T11:06:02,187000003,대전75자9938,36.616869,127.328745,52.255,974019920,오송역2.3.4(미정차),0
2026-10-10T11:06:02,187000003,대전75자9915,36.514381,127.259036,68.258,293056002,도담동,0
2026-10-10T11:06:02,187000003,대전75자9914,36.481444,127.261487,72.189,293053009,한솔동,0
2026-10-10T11:06:02,187000003,대전75자9911,36.478222,127.28757,75.422,293064210,"세종시청,시의회,교육청",0
2026-10-10T11:06:02,187000003,대전75자9910,36.478332,127.309783,78.157,293064218,한국개발연구원(KDI),0
2026-10-10T11:06:02,187000003,대전75자9110,36.437709,127.396195,88.841,187001388,대덕산업단지,0
2026-10-10T11:06:02,187000003,대전75자9941,36.355358,127.406987,100.056,187001389,오정농수산오거리,0
2026-10-10T11:06:02,187000003,대전75자9940,36.344209,127.421043,101.833,187001393,솔랑마을아파트,0
2026-10-10T11:06:02,187000003,대전75자9936,36.332909,127.437458,104.153,183002355,대전역,0
2026-10-10T11:06:02,187000003,대전75자9929,36.332424,127.432212,103.529,187001395,대전역동광장,0
2026-10-10T11:06:02,271000801,충북70자6052,36.53413001,127.27711618,8.873,293014025,한별동,0
2026-10-10T11:06:02,271000801,충북70자1063,36.62580674,127.3314641,24.713,270054838,오송역6,0
2026-10-10T11:06:02,271000801,충북70자1044,36.693273,127.414994,38.989,274000032,미래나노텍,0
2026-10-10T11:06:02,271000802,충북70자5130,36.72248667,127.4956317,0.186,270051719,청주국제공항,0
2026-10-10T11:06:02,271000802,충북70자5129,36.72248667,127.4956317,0.186,270051719,청주국제공항,0
2026-10-10T11:06:02,271000802,충북70자3071,36.69747653,127.4193394,9.779,284000348,오창프라자,0
2026-10-10T11:06:02,271000802,충북70자3070,36.63614324,127.3326879,24.222,271000627,보건의료행정타운,0
2026-10-10T11:06:02,271000802,충북70자2074,36.5341,127.27661,41.024,293014026,한별동,0
2026-10-10T11:06:02,293000282,세종70자1754,36.482673,127.260812,12.404,293053010,한솔동(첫마을),45
2026-10-10T11:06:02,293000282,세종70자1745,36.511824,127.243387,18.958,293064204,"시립도서관,대법원등기정보센터",7
2026-10-10T11:06:02,293000282,세종70자1753,36.58759,127.292348,30.765,293001054,번암아파트 후문,6
2026-10-10T11:06:02,293000282,세종70자1749,36.61191199,127.329337,36.206,270050300,오송3리,64
2026-10-10T11:06:02,293000282,세종70자1743,36.619062,127.327159,37.314,270054837,오송역종점,20
2026-10-10T11:06:02,293000283,세종70자1750,36.603772,127.306335,3.582,271000568,오송2리,40
2026-10-10T11:06:02,293000283,세종70자1747,36.545878,127.273062,11.866,293900057,연기리,66
2026-10-10T11:06:02,293000283,세종70자1748,36.502737,127.240895,19.752,293064473,"종촌초등학교(가락마을6,7단지)",14
2026-10-10T11:06:02,293000283,세종70자1751,36.483243,127.258336,24.796,293064009,첫마을1단지,28
2026-10-10T11:06:02,293000283,세종70자1752,36.38766,127.317776,37.557,186004229,반석역,40
2026-10-10T11:06:02,293000303,세종70자1507,36.532007,127.320032,10.719,293064492,다솜동,20
2026-10-10T11:06:02,293000304,세종70자1305,36.469614,127.27391,0.062,293055002,세종고속시외버스터미널(지상),16
2026-10-10T11:06:02,293000304,세종70자1508,36.486508,127.30152,20.005,293064254,"법원,검찰청,경찰청",14
2026-10-10T11:06:02,293000304,세종70자1304,36.467813,127.27362,23.301,293064251,대평동,14
2026-10-10T11:06:02,293000304,세종70자1509,36.468128,127.274032,23.301,293055001,세종고속시외버스터미널(지상),29
2026-10-10T11:06:02,293000305,세종70자1354,36.467693,127.27356,0.0,293055002,세종고속시외버스터미널(지상),14
2026-10-10T11:06:02,293000305,세종70자1511,36.505651,127.261648,18.546,293056002,도담동,44
2026-10-10T11:06:02,293000305,세종70자1512,36.478993,127.26332,21.773,293053009,한솔동,40
2026-10-10T11:06:02,293000311,세종70자1349,36.482181,127.307305,3.983,293064365,새샘마을6단지,17
2026-10-10T11:06:02,293000311,세종70자1351,36.519416,127.24315,15.602,293064100,"범지기3,9단지(청소년센터)",4
2026-10-10T11:06:02,293000311,세종70자1344,36.481565,127.26127,21.482,293053008,한솔동(첫마을),44
2026-10-10T11:06:02,293000312,세종70자1345,36.46929,127.273823,0.028,293055002,세종고속시외버스터미널(지상),20
2026-10-10T11:06:02,293000312,세종70자1346,36.498953,127.255381,4.219,293062003,어진중학교(한뜰마을4단지),30
2026-10-10T11:06:02,293000312,세종70자1350,36.497968,127.325131,16.615,293064479,집현동,39
2026-10-10T11:06:02,271000805,세종73자5675,36.492317,127.304572,3.095,293064261,국책연구단지,45
2026-10-10T11:06:02,271000805,세종73자5672,36.528749,127.264083,14.207,293014014,"해밀동,산울동",13
2026-10-10T11:06:02,271000805,세종73자5647,36.605791,127.412874,33.023,293064498,다솜동,72
2026-10-10T11:06:02,271000805,세종73자5646,36.631015,127.426855,37.427,270054311,고속버스터미널,40
2026-10-10T11:06:02,271000805,세종73자5645,36.642274,127.42135,38.759,270054823,롯데쇼핑몰,2
2026-10-10T11:06:02,271000806,충북70자3086,36.642163,127.4261725,2.561,270054828,솔밭초등학교.신영지웰시티,0
2026-10-10T11:06:02,271000806,충북70자1055,36.53584925,127.33461061,20.499,270054834,가경아이파크5단지,0
2026-10-10T11:06:02,271000806,충북70자2084,36.53187,127.320414,22.114,293064499,다솜동,0
2026-10-10T11:06:02,271000806,충북70자7076,36.478272,127.28806,36.476,293064210,"세종시청,시의회,교육청",0
2026-10-10T11:06:02,271000806,세종73자5644,36.493018,127.326733,42.158,293064479,집현동,16
2026-10-10T11:06:34,293000317,세종70자1704,36.407304,127.303251,2.443,186005279,반석역,69
2026-10-10T11:06:34,293000317,세종70자1706,36.486699,127.301655,13.545,293064253,"법원,검찰청,경찰청",38
2026-10-10T11:06:34,293000317,세종70자1708,36.61949,127.326399,33.214,270054837,오송역종점,21
2026-10-10T11:06:34,293000318,세종70자1702,36.619289,127.326958,0.06,270000635,오송역2.3.4,12
2026-10-10T11:06:34,293000318,세종70자1705,36.498054,127.322372,17.219,293064418,집현동,29
2026-10-10T11:06:34,293000318,세종70자1701,36.432089,127.286443,27.691,293055001,세종고속시외버스터미널(지상),68
2026-10-10T11:06:34,187000003,대전75자9927,36.358281,127.404863,4.585,187001386,오정농수산시장,0
2026-10-10T11:06:34,187000003,대전75자9926,36.437492,127.396737,15.339,187001387,대덕산업단지,0
2026-10-10T11:06:34,187000003,대전75자9925,36.474467,127.334113,23.309,186005286,국제과학비즈니스벨트,0
2026-10-10T11:06:34,187000003,대전75자9921,36.513639,127.259258,35.338,293056003,도담동,0
2026-10-10T11:06:34,187000003,대전75자9920,36.537022,127.304405,40.974,293064420,누리동,0
2026-10-10T11:06:34,187000003,대전75자9918,36.618659,127.326983,51.993,270000635,오송역2.3.4,0
2026-10-10T11:06:34,187000003,대전75자9937,36.534578,127.295463,63.526,974019920,오송역2.3.4(미정차),0
2026-10-10T11:06:34,187000003,대전75자9938,36.608553,127.338544,53.528,974019920,오송역2.3.4(미정차),0
2026-10-10T11:06:34,187000003,대전75자9915,36.505503,127.261653,69.293,293062014,정부세종청사 북측,0
2026-10-10T11:06:34,187000003,대전75자9914,36.481444,127.261487,72.189,293053009,한솔동,0
2026-10-10T11:06:34,187000003,대전75자9911,36.47873,127.288453,75.518,293064210,"세종시청,시의회,교육청",0
2026-10-10T11:06:34,187000003,대전75자9910,36.478332,127.309783,78.157,293064218,한국개발연구원(KDI),0
2026-10-10T11:06:34,187000003,대전75자9110,36.430124,127.405469,90.027,187001388,대덕산업단지,0
2026-10-10T11:06:34,187000003,대전75자9941,36.355358,127.406987,100.056,187001389,오정농수산오거리,0
2026-10-10T11:06:34,187000003,대전75자9940,36.344209,127.421043,101.833,187001393,솔랑마을아파트,0
2026-10-10T11:06:34,187000003,대전75자9936,36.333676,127.437546,104.239,183002355,대전역,0
2026-10-10T11:06:34,187000003,대전75자9929,36.332424,127.432212,103.529,187001395,대전역동광장,0
2026-10-10T11:06:34,271000801,충북70자6052,36.53440642,127.28671183,9.735,293014025,한별동,0
2026-10-10T11:06:34,271000801,충북70자1063,36.62998931,127.3336834,25.218,270054358,오송중학교.청주오스코,0
2026-10-10T11:06:34,271000801,충북70자1044,36.693273,127.414994,38.989,274000032,미래나노텍,0
2026-10-10T11:06:34,271000802,충북70자5130,36.72248667,127.4956317,0.186,270051719,청주국제공항,0
2026-10-10T11:06:34,271000802,충북70자5129,36.72248667,127.4956317,0.186,270051719,청주국제공항,0
2026-10-10T11:06:34,271000802,충북70자3071,36.69747653,127.4193394,9.779,284000348,오창프라자,0
2026-10-10T11:06:34,271000802,충북70자3070,36.63614324,127.3326879,24.222,271000627,보건의료행정타운,0
2026-10-10T11:06:34,271000802,충북70자2074,36.5341,127.27661,41.024,293014026,한별동,0
2026-10-10T11:06:34,293000282,세종70자1754,36.483842,127.259229,12.637,293053007,첫마을1단지,23
2026-10-10T11:06:34,293000282,세종70자1745,36.511774,127.243909,19.005,293064204,"시립도서관,대법원등기정보센터",28
2026-10-10T11:06:34,293000282,세종70자1753,36.588109,127.292228,30.824,293001054,번암아파트 후문,12
2026-10-10T11:06:34,293000282,세종70자1749,36.613473,127.331839,36.489,270050300,오송3리,43
2026-10-10T11:06:34,293000282,세종70자1743,36.619062,127.327159,37.314,270054837,오송역종점,20
2026-10-10T11:06:34,293000283,세종70자1750,36.603419,127.305395,3.675,271000568,오송2리,23
2026-10-10T11:06:34,293000283,세종70자1747,36.541121,127.270173,12.456,293900057,연기리,68
2026-10-10T11:06:34,293000283,세종70자1748,36.502737,127.240895,19.752,293064473,"종촌초등학교(가락마을6,7단지)",14
2026-10-10T11:06:34,293000283,세종70자1751,36.483682,127.259284,24.894,293064009,첫마을1단지,14
2026-10-10T11:06:34,293000283,세종70자1752,36.387568,127.317843,37.557,186004229,반석역,16
2026-10-10T11:06:34,293000303,세종70자1507,36.532137,127.319841,10.741,293064492,다솜동,20
2026-10-10T11:06:34,293000304,세종70자1305,36.46975299,127.273895,0.077,293055002,세종고속시외버스터미널(지상),15
2026-10-10T11:06:34,293000304,세종70자1508,36.486323,127.301414,20.022,293064254,"법원,검찰청,경찰청",14
2026-10-10T11:06:34,293000304,세종70자1304,36.467813,127.27362,23.301,293064251,대평동,14
2026-10-10T11:06:34,293000304,세종70자1509,36.468128,127.274032,23.301,293055001,세종고속시외버스터미널(지상),29
2026-10-10T11:06:34,293000305,세종70자1354,36.467693,127.27356,0.0,293055002,세종고속시외버스터미널(지상),14
2026-10-10T11:06:34,293000305,세종70자1511,36.50455,127.261211,18.675,293062014,정부세종청사 북측,28
2026-10-10T11:06:34,293000305,세종70자1512,36.472153,127.268256,22.654,293053009,한솔동,57
2026-10-10T11:06:34,293000311,세종70자1349,36.481983,127.308141,4.075,293900019,한국개발연구원(KDI),30
2026-10-10T11:06:34,293000311,세종70자1351,36.519419,127.243147,15.603,293064100,"범지기3,9단지(청소년센터)",4
2026-10-10T11:06:34,293000311,세종70자1344,36.481049,127.261621,21.547,293053008,한솔동(첫마을),44
2026-10-10T11:06:34,293000312,세종70자1345,36.46929,127.273823,0.028,293055002,세종고속시외버스터미널(지상),20
2026-10-10T11:06:34,293000312,세종70자1346,36.498974,127.253827,4.358,293062003,어진중학교(한뜰마을4단지),43
2026-10-10T11:06:34,293000312,세종70자1350,36.496251,127.325415,16.808,293064479,집현동,18
2026-10-10T11:06:34,271000805,세종73자5675,36.491888,127.304222,3.152,293064261,국책연구단지,6
2026-10-10T11:06:34,271000805,세종73자5672,36.529019,127.264431,14.25,293014014,"해밀동,산울동",27
2026-10-10T11:06:34,271000805,세종73자5647,36.607513,127.418354,33.557,293064498,다솜동,15
2026-10-10T11:06:34,271000805,세종73자5646,36.631015,127.426855,37.427,270054311,고속버스터미널,40
2026-10-10T11:06:34,271000805,세종73자5645,36.642274,127.42135,38.759,270054823,롯데쇼핑몰,2
2026-10-10T11:06:34,271000806,충북70자3086,36.642163,127.4261725,2.561,270054828,솔밭초등학교.신영지웰시티,0
2026-10-10T11:06:34,271000806,충북70자1055,36.5293491,127.3233229,21.741,270054834,가경아이파크5단지,0
2026-10-10T11:06:34,271000806,충북70자2084,36.53187,127.320414,22.114,293064499,다솜동,0
2026-10-10T11:06:34,271000806,충북70자7076,36.478272,127.28806,36.476,293064210,"세종시청,시의회,교육청",0
2026-10-10T11:06:34,271000806,세종73자5644,36.493018,127.326733,42.158,293064479,집현동,16
2026-10-10T11:07:06,293000317,세종70자1704,36.412227,127.300669,3.035,186005279,반석역,68
2026-10-10T11:07:06,293000317,세종70자1706,36.487378,127.302014,13.627,293064253,"법원,검찰청,경찰청",37
2026-10-10T11:07:06,293000317,세종70자1708,36.61949,127.326399,33.214,270054837,오송역종점,21
2026-10-10T11:07:06,293000318,세종70자1702,36.619289,127.326958,0.06,270000635,오송역2.3.4,12
2026-10-10T11:07:06,293000318,세종70자1705,36.49759,127.3185,17.568,293064418,집현동,40
2026-10-10T11:07:06,293000318,세종70자1701,36.428775,127.28857,27.943,293055001,세종고속시외버스터미널(지상),68
2026-10-10T11:07:06,187000003,대전75자9927,36.358281,127.404863,4.585,187001386,오정농수산시장,0
2026-10-10T11:07:06,187000003,대전75자9926,36.438023,127.395869,15.437,187001387,대덕산업단지,0
2026-10-10T11:07:06,187000003,대전75자9925,36.474467,127.334113,23.309,186005286,국제과학비즈니스벨트,0
2026-10-10T11:07:06,187000003,대전75자9921,36.514538,127.259111,35.438,293056003,도담동,0
2026-10-10T11:07:06,187000003,대전75자9920,36.551247000000004,127.301394,42.623,293064420,누리동,0
2026-10-10T11:07:06,187000003,대전75자9918,36.618659,127.326983,51.993,270000635,오송역2.3.4,0
2026-10-10T11:07:06,187000003,대전75자9938,36.608553,127.338544,53.528,974019920,오송역2.3.4(미정차),0
2026-10-10T11:07:06,187000003,대전75자9937,36.534019,127.292673,63.781,293014058,누리동,0
2026-10-10T11:07:06,187000003,대전75자9915,36.505048,127.261496,69.345,293062014,정부세종청사 북측,0
2026-10-10T11:07:06,187000003,대전75자9914,36.481444,127.261487,72.189,293053009,한솔동,0
2026-10-10T11:07:06,187000003,대전75자9911,36.482479,127.297096,76.402,293064216,소담동(새샘마을),0
2026-10-10T11:07:06,187000003,대전75자9910,36.478332,127.309783,78.157,293064218,한국개발연구원(KDI),0
2026-10-10T11:07:06,187000003,대전75자9110,36.430124,127.405469,90.027,187001388,대덕산업단지,0
2026-10-10T11:07:06,187000003,대전75자9941,36.353315,127.409525,100.378,187001389,오정농수산오거리,0
2026-10-10T11:07:06,187000003,대전75자9940,36.344209,127.421043,101.833,187001393,솔랑마을아파트,0
2026-10-10T11:07:06,187000003,대전75자9936,36.333879,127.437293,104.27,187001395,대전역동광장,0
2026-10-10T11:07:06,187000003,대전75자9929,36.333245,127.431853,103.432,187001395,대전역동광장,0
2026-10-10T11:07:06,271000801,충북70자6052,36.533978,127.29214,10.223,293064420,누리동,0
2026-10-10T11:07:06,271000801,충북70자1063,36.63399154,127.3363527,25.763,270054358,오송중학교.청주오스코,0
2026-10-10T11:07:06,271000801,충북70자1044,36.693273,127.414994,38.989,274000032,미래나노텍,0
2026-10-10T11:07:06,271000802,충북70자5130,36.72248667,127.4956317,0.186,270051719,청주국제공항,0
2026-10-10T11:07:06,271000802,충북70자5129,36.72248667,127.4956317,0.186,270051719,청주국제공항,0
2026-10-10T11:07:06,271000802,충북70자3071,36.69065627,127.4143347,10.843,274000031,미래나노텍,0
2026-10-10T11:07:06,271000802,충북70자3070,36.63399154,127.3363527,24.695,271000627,보건의료행정타운,0
2026-10-10T11:07:06,271000802,충북70자2074,36.5341,127.27661,41.024,293014026,한별동,0
2026-10-10T11:07:06,293000282,세종70자1754,36.483336,127.258131,12.75,293053007,첫마을1단지,26
2026-10-10T11:07:06,293000282,세종70자1745,36.511643,127.247292,19.308,293061003,아름동커뮤니티센터,31
2026-10-10T11:07:06,293000282,세종70자1753,36.59068,127.291889,31.116,293001053,자이아파트,14
2026-10-10T11:07:06,293000282,세종70자1749,36.614932,127.331237,36.706,270050300,오송3리,51
2026-10-10T11:07:06,293000282,세종70자1743,36.619062,127.327159,37.314,270054837,오송역종점,20
2026-10-10T11:07:06,293000283,세종70자1750,36.60243899,127.303194,3.899,293001096,조치원버스터미널,24
2026-10-10T11:07:06,293000283,세종70자1747,36.537221,127.266258,13.027,293900057,연기리,68
2026-10-10T11:07:06,293000283,세종70자1748,36.502108,127.240789,19.823,293064473,"종촌초등학교(가락마을6,7단지)",30
2026-10-10T11:07:06,293000283,세종70자1751,36.483789,127.25961,24.925,293064009,첫마을1단지,15
2026-10-10T11:07:06,293000283,세종70자1752,36.388064,127.317843,37.557,186004229,반석역,16
2026-10-10T11:07:06,293000303,세종70자1507,36.532792,127.318991,10.847,293064492,다솜동,46
2026-10-10T11:07:06,293000304,세종70자1305,36.47016399,127.272619,0.293,293064220,세종고속시외버스터미널(지하),31
2026-10-10T11:07:06,293000304,세종70자1508,36.483841,127.299233,20.36,293064254,"법원,검찰청,경찰청",57
2026-10-10T11:07:06,293000304,세종70자1304,36.467813,127.27362,23.301,293064251,대평동,14
2026-10-10T11:07:06,293000304,세종70자1509,36.468128,127.274032,23.301,293055001,세종고속시외버스터미널(지상),29
2026-10-10T11:07:06,293000305,세종70자1354,36.467693,127.27356,0.0,293055002,세종고속시외버스터미널(지상),14
2026-10-10T11:07:06,293000305,세종70자1511,36.50213,127.260051,18.964,293062007,정부세종청사 남측,33
2026-10-10T11:07:06,293000305,세종70자1512,36.47181,127.26859,22.702,293053009,한솔동,255
2026-10-10T11:07:06,293000311,세종70자1349,36.482139,127.309336,4.183,293900019,한국개발연구원(KDI),36
2026-10-10T11:07:06,293000311,세종70자1351,36.519447,127.243148,15.604,293064100,"범지기3,9단지(청소년센터)",4
2026-10-10T11:07:06,293000311,세종70자1344,36.481049,127.261621,21.547,293053008,한솔동(첫마을),44
2026-10-10T11:07:06,293000312,세종70자1345,36.46929,127.273823,0.028,293055002,세종고속시외버스터미널(지상),20
2026-10-10T11:07:06,293000312,세종70자1346,36.499214,127.25001,4.7,293062003,어진중학교(한뜰마을4단지),4
2026-10-10T11:07:06,293000312,세종70자1350,36.49342999,127.325301,17.123,293900016,새나루마을10단지,27
2026-10-10T11:07:06,271000805,세종73자5675,36.487057,127.301604,3.741,293064254,"법원,검찰청,경찰청",37
2026-10-10T11:07:06,271000805,세종73자5672,36.530871,127.266766,14.545,293014014,"해밀동,산울동",44
2026-10-10T11:07:06,271000805,세종73자5647,36.608348,127.421335,33.84,293064498,다솜동,36
2026-10-10T11:07:06,271000805,세종73자5646,36.631377,127.426592,37.474,270054311,고속버스터미널,34
2026-10-10T11:07:06,271000805,세종73자5645,36.642274,127.42135,38.759,270054823,롯데쇼핑몰,2
2026-10-10T11:07:06,271000806,충북70자3086,36.642163,127.4261725,2.561,270054828,솔밭초등학교.신영지웰시티,0
2026-10-10T11:07:06,271000806,충북70자2084,36.5843171,127.388535,12.073,270054834,가경아이파크5단지,0
2026-10-10T11:07:06,271000806,충북70자1055,36.53187,127.320414,22.114,293064499,다솜동,0
2026-10-10T11:07:06,271000806,충북70자7076,36.482566,127.297594,37.456,293064216,소담동(새샘마을),0
2026-10-10T11:07:06,271000806,세종73자5644,36.493018,127.326733,42.158,293064479,집현동,16
2026-10-10T11:07:37,293000317,세종70자1704,36.417091,127.2994,3.537,186005279,반석역,67
2026-10-10T11:07:37,293000317,세종70자1706,36.491168,127.303944,14.085,293064255,국책연구단지,10
2026-10-10T11:07:37,293000317,세종70자1708,36.61949,127.326399,33.214,270054837,오송역종점,21
2026-10-10T11:07:37,293000318,세종70자1702,36.619658,127.326463,0.129,270000635,오송역2.3.4,14
2026-10-10T11:07:37,293000318,세종70자1705,36.497589,127.317569,17.652,293064418,집현동,39
2026-10-10T11:07:37,293000318,세종70자1701,36.424207,127.294537,27.943,293055001,세종고속시외버스터미널(지상),68
2026-10-10T11:07:37,187000003,대전75자9927,36.361017,127.402246,4.969,187001386,오정농수산시장,0
2026-10-10T11:07:37,187000003,대전75자9926,36.438023,127.395869,15.437,187001387,대덕산업단지,0
2026-10-10T11:07:37,187000003,대전75자9925,36.474467,127.334113,23.309,186005286,국제과학비즈니스벨트,0
2026-10-10T11:07:37,187000003,대전75자9921,36.520107,127.259455,36.057,293064445,세종충남대학교병원,0
2026-10-10T11:07:37,187000003,대전75자9920,36.551247000000004,127.301394,42.623,293064420,누리동,0
2026-10-10T11:07:37,187000003,대전75자9918,36.618659,127.326983,51.993,270000635,오송역2.3.4,0
2026-10-10T11:07:37,187000003,대전75자9938,36.595363,127.33134,48.384,974019920,오송역2.3.4(미정차),0
2026-10-10T11:07:37,187000003,대전75자9937,36.534024,127.291539,63.882,293014058,누리동,0
2026-10-10T11:07:37,187000003,대전75자9915,36.50217,127.260135,69.687,293062007,정부세종청사 남측,0
2026-10-10T11:07:37,187000003,대전75자9914,36.481444,127.261487,72.189,293053009,한솔동,0
2026-10-10T11:07:37,187000003,대전75자9911,36.482479,127.297096,76.402,293064216,소담동(새샘마을),0
2026-10-10T11:07:37,187000003,대전75자9910,36.474426,127.3337,80.355,293064218,한국개발연구원(KDI),0
2026-10-10T11:07:37,187000003,대전75자9110,36.424007,127.413853,91.043,187001388,대덕산업단지,0
2026-10-10T11:07:37,187000003,대전75자9941,36.35262,127.410389,100.487,187001390,오정동행정복지센터,0
2026-10-10T11:07:37,187000003,대전75자9940,36.342654,127.423208,102.093,187001393,솔랑마을아파트,0
2026-10-10T11:07:37,187000003,대전75자9936,36.333879,127.437293,104.27,187001395,대전역동광장,0
2026-10-10T11:07:37,187000003,대전75자9929,36.335659,127.430777,103.147,187001395,대전역동광장,0
2026-10-10T11:07:37,271000801,충북70자6052,36.533978,127.29214,10.223,293064420,누리동,0
2026-10-10T11:07:37,271000801,충북70자1063,36.63399154,127.3363527,25.763,270054358,오송중학교.청주오스코,0
2026-10-10T11:07:37,271000801,충북70자1044,36.693273,127.414994,38.989,274000032,미래나노텍,0
2026-10-10T11:07:37,271000802,충북70자5130,36.72248667,127.4956317,0.186,270051719,청주국제공항,0
2026-10-10T11:07:37,271000802,충북70자5129,36.72248667,127.4956317,0.186,270051719,청주국제공항,0
2026-10-10T11:07:37,271000802,충북70자3071,36.68921277,127.4126997,11.06,274000031,미래나노텍,0
2026-10-10T11:07:37,271000802,충북70자3070,36.63399154,127.3363527,24.695,271000627,보건의료행정타운,0
2026-10-10T11:07:37,271000802,충북70자2074,36.529537,127.264719,42.229,293014017,"해밀동,산울동",0
2026-10-10T11:07:37,293000282,세종70자1754,36.483336,127.258131,12.75,293053007,첫마을1단지,26
2026-10-10T11:07:37,293000282,세종70자1745,36.511596,127.247964,19.369,293061003,아름동커뮤니티센터,31
2026-10-10T11:07:37,293000282,세종70자1753,36.591728,127.291747,31.233,293001053,자이아파트,44
2026-10-10T11:07:37,293000282,세종70자1749,36.61847,127.327159,37.242,270050300,오송3리,20
2026-10-10T11:07:37,293000282,세종70자1743,36.619062,127.327159,37.314,270054837,오송역종점,20
2026-10-10T11:07:37,293000283,세종70자1750,36.602126,127.302437,3.975,293001096,조치원버스터미널,22
2026-10-10T11:07:37,293000283,세종70자1747,36.535398,127.260044,13.62,293900057,연기리,69
2026-10-10T11:07:37,293000283,세종70자1748,36.501258,127.24064,19.918,293064473,"종촌초등학교(가락마을6,7단지)",30
2026-10-10T11:07:37,293000283,세종70자1751,36.482974,127.260232,25.076,293064009,첫마을1단지,15
2026-10-10T11:07:37,293000283,세종70자1752,36.388064,127.317843,37.557,186004229,반석역,16
2026-10-10T11:07:37,293000303,세종70자1507,36.536941,127.309994,11.783,293900055,용호동,57
2026-10-10T11:07:37,293000304,세종70자1305,36.472259,127.268203,0.735,293064220,세종고속시외버스터미널(지하),45
2026-10-10T11:07:37,293000304,세종70자1508,36.482348,127.297475,20.585,293064214,소담동(새샘마을),26
2026-10-10T11:07:37,293000304,세종70자1304,36.467813,127.27362,23.301,293064251,대평동,14
2026-10-10T11:07:37,293000304,세종70자1509,36.468128,127.274032,23.301,293055001,세종고속시외버스터미널(지상),29
2026-10-10T11:07:37,293000305,세종70자1512,36.469263,127.273903,0.024,293055002,세종고속시외버스터미널(지상),34
2026-10-10T11:07:37,293000305,세종70자1354,36.467693,127.27356,0.0,293055002,세종고속시외버스터미널(지상),14
2026-10-10T11:07:37,293000305,세종70자1511,36.50158,127.259921,19.025,293062007,정부세종청사 남측,33
2026-10-10T11:07:37,293000311,세종70자1349,36.482523,127.312291,4.451,293900019,한국개발연구원(KDI),37
2026-10-10T11:07:37,293000311,세종70자1351,36.516692,127.2415,15.976,293064471,아름제2중(가락마을20단지),23
2026-10-10T11:07:37,293000311,세종70자1344,36.480948,127.261724,21.562,293053008,한솔동(첫마을),44
2026-10-10T11:07:37,293000312,세종70자1345,36.46929,127.273823,0.028,293055002,세종고속시외버스터미널(지상),20
2026-10-10T11:07:37,293000312,세종70자1346,36.49944399,127.247162,4.956,293063002,"가재마을5단지,가온마을6단지",39
2026-10-10T11:07:37,293000312,세종70자1350,36.49122,127.324409,17.383,293011069,새나루마을9단지,25
2026-10-10T11:07:37,271000805,세종73자5675,36.486863,127.301507,3.764,293064254,"법원,검찰청,경찰청",37
2026-10-10T11:07:37,271000805,세종73자5672,36.532772,127.27078,14.965,293014014,"해밀동,산울동",54
2026-10-10T11:07:37,271000805,세종73자5647,36.609512,127.423791,34.096,293064498,다솜동,17
2026-10-10T11:07:37,271000805,세종73자5646,36.632223,127.426014,37.581,971007260,충북선거관리위원회,35
2026-10-10T11:07:37,271000805,세종73자5645,36.642274,127.42135,38.759,270054823,롯데쇼핑몰,2
2026-10-10T11:07:37,271000806,충북70자3086,36.64292333,127.4224717,0.092,270054828,솔밭초등학교.신영지웰시티,0
2026-10-10T11:07:37,271000806,충북70자2084,36.5843171,127.388535,12.073,270054834,가경아이파크5단지,0
2026-10-10T11:07:37,271000806,충북70자1055,36.53187,127.320414,22.114,293064499,다솜동,0
2026-10-10T11:07:37,271000806,충북70자7076,36.482566,127.297594,37.456,293064216,소담동(새샘마을),0
2026-10-10T11:07:37,271000806,세종73자5644,36.493018,127.326733,42.158,293064479,집현동,16
2026-10-10T11:08:09,293000317,세종70자1704,36.422934,127.296331,3.537,186005279,반석역,69
2026-10-10T11:08:09,293000317,세종70자1706,36.492005,127.304519,14.192,293064255,국책연구단지,49
2026-10-10T11:08:09,293000317,세종70자1708,36.61949,127.326399,33.214,270054837,오송역종점,21
2026-10-10T11:08:09,293000318,세종70자1702,36.618667,127.326774,0.263,270000635,오송역2.3.4,8
2026-10-10T11:08:09,293000318,세종70자1705,36.497717,127.312508,18.106,293064257,반곡동(수루배마을),49
2026-10-10T11:08:09,293000318,세종70자1701,36.42132999,127.297826,29.284,293055001,세종고속시외버스터미널(지상),68
2026-10-10T11:08:09,187000003,대전75자9927,36.363111,127.399813,5.286,187001386,오정농수산시장,0
2026-10-10T11:08:09,187000003,대전75자9926,36.438023,127.395869,15.437,187001387,대덕산업단지,0
2026-10-10T11:08:09,187000003,대전75자9925,36.474467,127.334113,23.309,186005286,국제과학비즈니스벨트,0
2026-10-10T11:08:09,187000003,대전75자9921,36.522782,127.260288,36.376,293064445,세종충남대학교병원,0
2026-10-10T11:08:09,187000003,대전75자9920,36.551247000000004,127.301394,42.623,293064420,누리동,0
2026-10-10T11:08:09,187000003,대전75자9918,36.618659,127.326983,51.993,270000635,오송역2.3.4,0
2026-10-10T11:08:09,187000003,대전75자9938,36.595363,127.33134,48.384,974019920,오송역2.3.4(미정차),0
2026-10-10T11:08:09,187000003,대전75자9937,36.534024,127.291539,63.882,293014058,누리동,0
2026-10-10T11:08:09,187000003,대전75자9915,36.50217,127.260135,69.687,293062007,정부세종청사 남측,0
2026-10-10T11:08:09,187000003,대전75자9914,36.480644,127.262031,72.29,293053009,한솔동,0
2026-10-10T11:08:09,187000003,대전75자9911,36.482936,127.298012,76.5,293064216,소담동(새샘마을),0
2026-10-10T11:08:09,187000003,대전75자9910,36.474426,127.3337,80.355,293064218,한국개발연구원(KDI),0
2026-10-10T11:08:09,187000003,대전75자9110,36.415633,127.421096,92.189,187001388,대덕산업단지,0
2026-10-10T11:08:09,187000003,대전75자9941,36.34985,127.413829,100.923,187001391,한남오거리(BRT),0
2026-10-10T11:08:09,187000003,대전75자9940,36.340934,127.425573,102.378,187001394,한밭자이아파트,0
2026-10-10T11:08:09,187000003,대전75자9936,36.333879,127.437293,104.27,187001395,대전역동광장,0
2026-10-10T11:08:09,187000003,대전75자9929,36.335659,127.430777,103.147,187001395,대전역동광장,0
2026-10-10T11:08:09,271000801,충북70자6052,36.53430741,127.29453371,10.444,293064420,누리동,0
2026-10-10T11:08:09,271000801,충북70자1063,36.63614324,127.3326879,26.213,270054358,오송중학교.청주오스코,0
2026-10-10T11:08:09,271000801,충북70자1044,36.693273,127.414994,38.989,274000032,미래나노텍,0
2026-10-10T11:08:09,271000802,충북70자5130,36.72248667,127.4956317,0.186,270051719,청주국제공항,0
2026-10-10T11:08:09,271000802,충북70자5129,36.72248667,127.4956317,0.186,270051719,청주국제공항,0
2026-10-10T11:08:09,271000802,충북70자3071,36.68204577,127.4045865,12.137,274000031,미래나노텍,0
2026-10-10T11:08:09,271000802,충북70자3070,36.62998931,127.3336834,25.212,271000627,보건의료행정타운,0
2026-10-10T11:08:09,271000802,충북70자2074,36.529537,127.264719,42.229,293014017,"해밀동,산울동",0
2026-10-10T11:08:09,293000282,세종70자1754,36.482173,127.255138,13.048,293053007,첫마을1단지,48
2026-10-10T11:08:09,293000282,세종70자1745,36.511596,127.247964,19.369,293061003,아름동커뮤니티센터,31
2026-10-10T11:08:09,293000282,세종70자1753,36.594481,127.29133,31.541,293064033,신흥사거리,9
2026-10-10T11:08:09,293000282,세종70자1743,36.619062,127.327159,37.314,270054837,오송역종점,20
2026-10-10T11:08:09,293000282,세종70자1749,36.619,127.327149,37.296,270054837,오송역종점,13
2026-10-10T11:08:09,293000283,세종70자1750,36.601834,127.301728,4.046,293001096,조치원버스터미널,3
2026-10-10T11:08:09,293000283,세종70자1747,36.533685,127.254442,14.156,293900057,연기리,69
2026-10-10T11:08:09,293000283,세종70자1748,36.500199,127.240516,20.036,293064473,"종촌초등학교(가락마을6,7단지)",26
2026-10-10T11:08:09,293000283,세종70자1751,36.48145,127.261336,25.273,293053008,한솔동(첫마을),38
2026-10-10T11:08:09,293000283,세종70자1752,36.388199,127.317708,37.557,186004229,반석역,17
2026-10-10T11:08:09,293000303,세종70자1507,36.536973,127.309821,11.798,293900055,용호동,255
2026-10-10T11:08:09,293000304,세종70자1305,36.474205,127.266797,0.985,293064220,세종고속시외버스터미널(지하),55
2026-10-10T11:08:09,293000304,세종70자1508,36.482086,127.297184,20.62,293064214,소담동(새샘마을),1
2026-10-10T11:08:09,293000304,세종70자1304,36.467813,127.27362,23.301,293064251,대평동,14
2026-10-10T11:08:09,293000304,세종70자1509,36.468128,127.274032,23.301,293055001,세종고속시외버스터미널(지상),29
2026-10-10T11:08:09,293000305,세종70자1354,36.467693,127.27356,0.0,293055002,세종고속시외버스터미널(지상),14
2026-10-10T11:08:09,293000305,세종70자1511,36.49829299,127.257981,19.43,293062007,정부세종청사 남측,55
2026-10-10T11:08:09,293000311,세종70자1349,36.48372,127.317365,4.928,293900018,새나루마을1단지 후문,29
2026-10-10T11:08:09,293000311,세종70자1351,36.516139,127.241416,16.037,293064471,아름제2중(가락마을20단지),29
2026-10-10T11:08:09,293000311,세종70자1344,36.480527,127.262099,21.619,293053008,한솔동(첫마을),31
2026-10-10T11:08:09,293000312,세종70자1345,36.46929,127.273823,0.028,293055002,세종고속시외버스터미널(지상),20
2026-10-10T11:08:09,293000312,세종70자1346,36.49964,127.243773,5.26,293063002,"가재마을5단지,가온마을6단지",50
2026-10-10T11:08:09,293000312,세종70자1350,36.490395,127.324093,17.481,293011069,새나루마을9단지,25
2026-10-10T11:08:09,271000805,세종73자5675,36.486622,127.301342,3.794,293064254,"법원,검찰청,경찰청",37
2026-10-10T11:08:09,271000805,세종73자5672,36.534078,127.277263,15.563,293014025,한별동,53
2026-10-10T11:08:09,271000805,세종73자5647,36.610828,127.423878,34.261,293064498,다솜동,38
2026-10-10T11:08:09,271000805,세종73자5646,36.633148,127.425322,37.701,971009440,비하삼일아파트,36
2026-10-10T11:08:09,271000805,세종73자5645,36.642274,127.42135,38.759,270054823,롯데쇼핑몰,2
2026-10-10T11:08:09,271000806,충북70자3086,36.64292333,127.4224717,0.092,270054828,솔밭초등학교.신영지웰시티,0
2026-10-10T11:08:09,271000806,충북70자2084,36.5843171,127.388535,12.073,270054834,가경아이파크5단지,0
2026-10-10T11:08:09,271000806,충북70자1055,36.5349463,127.3153964,22.679,293064499,다솜동,0
2026-10-10T11:08:09,271000806,충북70자7076,36.482566,127.297594,37.456,293064216,소담동(새샘마을),0
2026-10-10T11:08:09,271000806,세종73자5644,36.493018,127.326733,42.158,293064479,집현동,16
2026-10-10T11:08:41,293000317,세종70자1704,36.426573,127.291469,4.92,186005279,반석역,69
2026-10-10T11:08:41,293000317,세종70자1706,36.496889,127.308326,14.839,293064255,국책연구단지,66
2026-10-10T11:08:41,293000317,세종70자1708,36.61949,127.326399,33.214,270054837,오송역종점,21
2026-10-10T11:08:41,293000318,세종70자1702,36.61861,127.326844,0.272,270000635,오송역2.3.4,8
2026-10-10T11:08:41,293000318,세종70자1705,36.497632,127.3114,18.206,293064257,반곡동(수루배마을),42
2026-10-10T11:08:41,293000318,세종70자1701,36.414656,127.299767,30.047,293055001,세종고속시외버스터미널(지상),68
2026-10-10T11:08:41,187000003,대전75자9927,36.363111,127.399813,5.286,187001386,오정농수산시장,0
2026-10-10T11:08:41,187000003,대전75자9926,36.443929,127.383979,16.758,187001387,대덕산업단지,0
2026-10-10T11:08:41,187000003,대전75자9925,36.47823,127.310322,25.488,186005286,국제과학비즈니스벨트,0
2026-10-10T11:08:41,187000003,대전75자9921,36.528379,127.263678,37.076,293014014,"해밀동,산울동",0
2026-10-10T11:08:41,187000003,대전75자9920,36.565149,127.309039,44.348,293064420,누리동,0
2026-10-10T11:08:41,187000003,대전75자9918,36.618659,127.326983,51.993,270000635,오송역2.3.4,0
2026-10-10T11:08:41,187000003,대전75자9916,36.619172,127.326346,51.912,270000635,오송역2.3.4,0
2026-10-10T11:08:41,187000003,대전75자9938,36.588722,127.323726,47.372,974019920,오송역2.3.4(미정차),0
2026-10-10T11:08:41,187000003,대전75자9937,36.53397,127.276055,65.281,293014026,한별동,0
2026-10-10T11:08:41,187000003,대전75자9915,36.50135,127.259715,69.786,293062007,정부세종청사 남측,0
2026-10-10T11:08:41,187000003,대전75자9914,36.479293,127.262974,72.462,293053009,한솔동,0
2026-10-10T11:08:41,187000003,대전75자9911,36.482936,127.298012,76.5,293064216,소담동(새샘마을),0
2026-10-10T11:08:41,187000003,대전75자9910,36.474426,127.3337,80.355,293064218,한국개발연구원(KDI),0
2026-10-10T11:08:41,187000003,대전75자9110,36.415633,127.421096,92.189,187001388,대덕산업단지,0
2026-10-10T11:08:41,187000003,대전75자9941,36.34985,127.413829,100.923,187001391,한남오거리(BRT),0
2026-10-10T11:08:41,187000003,대전75자9940,36.340934,127.425573,102.378,187001394,한밭자이아파트,0
2026-10-10T11:08:41,187000003,대전75자9936,36.333879,127.437293,104.27,187001395,대전역동광장,0
2026-10-10T11:08:41,187000003,대전75자9929,36.335659,127.430777,103.147,187001395,대전역동광장,0
2026-10-10T11:08:41,271000801,충북70자6052,36.53430741,127.29453371,10.444,293064420,누리동,0
2026-10-10T11:08:41,271000801,충북70자1063,36.637747,127.328535,26.668,271000641,보건의료행정타운,0
2026-10-10T11:08:41,271000801,충북70자1044,36.69783865,127.4197378,39.708,274000032,미래나노텍,0
2026-10-10T11:08:41,271000802,충북70자5130,36.72248667,127.4956317,0.186,270051719,청주국제공항,0
2026-10-10T11:08:41,271000802,충북70자5129,36.72248667,127.4956317,0.186,270051719,청주국제공항,0
2026-10-10T11:08:41,271000802,충북70자3071,36.68204577,127.4045865,12.137,274000031,미래나노텍,0
2026-10-10T11:08:41,271000802,충북70자3070,36.627526,127.332272,25.514,271000608,오송휴먼시아아파트,0
2026-10-10T11:08:41,271000802,충북70자2074,36.52524921,127.26142338,42.794,293014017,"해밀동,산울동",0
2026-10-10T11:08:41,293000282,세종70자1754,36.481799,127.253917,13.164,293053007,첫마을1단지,48
2026-10-10T11:08:41,293000282,세종70자1745,36.511594,127.248062,19.377,293061003,아름동커뮤니티센터,18
2026-10-10T11:08:41,293000282,세종70자1753,36.595093,127.291231,31.584,293064033,신흥사거리,27
2026-10-10T11:08:41,293000282,세종70자1743,36.619062,127.327159,37.314,270054837,오송역종점,20
2026-10-10T11:08:41,293000282,세종70자1749,36.619169,127.32699,37.347,270054837,오송역종점,29
2026-10-10T11:08:41,293000283,세종70자1750,36.601833,127.301722,4.047,293001096,조치원버스터미널,3
2026-10-10T11:08:41,293000283,세종70자1747,36.529743,127.249694,14.771,293900057,연기리,69
2026-10-10T11:08:41,293000283,세종70자1748,36.499979,127.240471,20.061,293064473,"종촌초등학교(가락마을6,7단지)",26
2026-10-10T11:08:41,293000283,세종70자1751,36.480731,127.261874,25.366,293053008,한솔동(첫마을),16
2026-10-10T11:08:41,293000283,세종70자1752,36.38958,127.316748,37.429,186004229,반석역,24
2026-10-10T11:08:41,293000303,세종70자1507,36.535842,127.299939,12.711,293900055,용호동,56
2026-10-10T11:08:41,293000304,세종70자1305,36.47994,127.262672,1.722,293053011,한솔동,32
2026-10-10T11:08:41,293000304,세종70자1508,36.482213,127.297043,20.623,293064214,소담동(새샘마을),15
2026-10-10T11:08:41,293000304,세종70자1304,36.467813,127.27362,23.301,293064251,대평동,14
2026-10-10T11:08:41,293000304,세종70자1509,36.468128,127.274032,23.301,293055001,세종고속시외버스터미널(지상),29
2026-10-10T11:08:41,293000305,세종70자1512,36.469263,127.273903,0.024,293055002,세종고속시외버스터미널(지상),34
2026-10-10T11:08:41,293000305,세종70자1354,36.467693,127.27356,0.0,293055002,세종고속시외버스터미널(지상),14
2026-10-10T11:08:41,293000305,세종70자1511,36.495476,127.256194,19.779,293062004,다정동,44
2026-10-10T11:08:41,293000311,세종70자1349,36.484066,127.318145,5.008,293900018,새나루마을1단지 후문,27
2026-10-10T11:08:41,293000311,세종70자1351,36.51553,127.241358,16.105,293064471,아름제2중(가락마을20단지),29
2026-10-10T11:08:41,293000311,세종70자1344,36.478628,127.263505,21.865,293053008,한솔동(첫마을),48
2026-10-10T11:08:41,293000312,세종70자1345,36.46929,127.273823,0.028,293055002,세종고속시외버스터미널(지상),20
2026-10-10T11:08:41,293000312,세종70자1346,36.499994,127.240656,5.596,293064144,다빛초등학교(가재마을1단지),16
2026-10-10T11:08:41,293000312,세종70자1350,36.488856,127.323251,17.672,293011067,새나루마을8단지,21
2026-10-10T11:08:41,271000805,세종73자5675,36.486622,127.301342,3.794,293064254,"법원,검찰청,경찰청",37
2026-10-10T11:08:41,271000805,세종73자5672,36.534444,127.279431,15.761,293014025,한별동,57
2026-10-10T11:08:41,271000805,세종73자5647,36.61286299,127.423347,34.492,270054812,가경아이파크5단지,35
2026-10-10T11:08:41,271000805,세종73자5646,36.635347,127.423763,37.982,270054817,하복대벽산.서청주파크자이아파트,41
2026-10-10T11:08:41,271000805,세종73자5645,36.642274,127.42135,38.759,270054823,롯데쇼핑몰,2
2026-10-10T11:08:41,271000806,충북70자3086,36.6391624,127.4223277,3.386,971009050,부모산.연화사입구,0
2026-10-10T11:08:41,271000806,충북70자2084,36.5843171,127.388535,12.073,270054834,가경아이파크5단지,0
2026-10-10T11:08:41,271000806,충북70자1055,36.5365242,127.3123125,23.005,293900063,용호동,0
2026-10-10T11:08:41,271000806,충북70자7076,36.482566,127.297594,37.456,293064216,소담동(새샘마을),0
2026-10-10T11:08:41,271000806,세종73자5644,36.493018,127.326733,42.158,293064479,집현동,16
2026-10-10T11:09:13,293000317,세종70자1704,36.429035,127.288463,5.303,186005279,반석역,69
2026-10-10T11:09:13,293000317,세종70자1706,36.497523,127.311087,15.099,293064258,반곡동(수루배마을),47
2026-10-10T11:09:13,293000317,세종70자1708,36.61949,127.326399,33.214,270054837,오송역종점,21
2026-10-10T11:09:13,293000318,세종70자1702,36.61861,127.326844,0.272,270000635,오송역2.3.4,8
2026-10-10T11:09:13,293000318,세종70자1705,36.494458,127.305627,18.865,293064257,반곡동(수루배마을),66
2026-10-10T11:09:13,293000318,세종70자1701,36.41023599,127.301387,30.567,293055001,세종고속시외버스터미널(지상),67
2026-10-10T11:09:13,187000003,대전75자9927,36.374021,127.403547,6.827,187001386,오정농수산시장,0
2026-10-10T11:09:13,187000003,대전75자9926,36.443929,127.383979,16.758,187001387,대덕산업단지,0
2026-10-10T11:09:13,187000003,대전75자9925,36.47823,127.310322,25.488,186005286,국제과학비즈니스벨트,0
2026-10-10T11:09:13,187000003,대전75자9921,36.528379,127.263678,37.076,293014014,"해밀동,산울동",0
2026-10-10T11:09:13,187000003,대전75자9920,36.575179,127.319542,45.808,293064420,누리동,0
2026-10-10T11:09:13,187000003,대전75자9916,36.619172,127.326346,51.912,270000635,오송역2.3.4,0
2026-10-10T11:09:13,187000003,대전75자9938,36.588722,127.323726,47.372,974019920,오송역2.3.4(미정차),0
2026-10-10T11:09:13,187000003,대전75자9937,36.53397,127.276055,65.281,293014026,한별동,0
2026-10-10T11:09:13,187000003,대전75자9915,36.495188,127.256585,70.54,293062004,다정동,0
2026-10-10T11:09:13,187000003,대전75자9914,36.479293,127.262974,72.462,293053009,한솔동,0
2026-10-10T11:09:13,187000003,대전75자9911,36.486016,127.301192,76.949,293064216,소담동(새샘마을),0
2026-10-10T11:09:13,187000003,대전75자9910,36.467192,127.364146,83.781,186005287,국제과학비즈니스벨트,0
2026-10-10T11:09:13,187000003,대전75자9110,36.405886,127.416757,93.357,187001388,대덕산업단지,0
2026-10-10T11:09:13,187000003,대전75자9941,36.34985,127.413829,100.923,187001391,한남오거리(BRT),0
2026-10-10T11:09:13,187000003,대전75자9940,36.335905,127.43044,103.111,187001394,한밭자이아파트,0
2026-10-10T11:09:13,187000003,대전75자9936,36.333879,127.437293,104.27,187001395,대전역동광장,0
2026-10-10T11:09:13,187000003,대전75자9929,36.337968,127.429731,102.874,187001395,대전역동광장,0
2026-10-10T11:09:13,271000801,충북70자6052,36.53710202,127.30454237,11.393,293064420,누리동,0
2026-10-10T11:09:13,271000801,충북70자1063,36.637747,127.328535,26.668,271000641,보건의료행정타운,0
2026-10-10T11:09:13,271000801,충북70자1044,36.69849731,127.420532,39.81,274000032,미래나노텍,0
2026-10-10T11:09:13,271000802,충북70자5130,36.72248667,127.4956317,0.186,270051719,청주국제공항,0
2026-10-10T11:09:13,271000802,충북70자5129,36.72248667,127.4956317,0.186,270051719,청주국제공항,0
2026-10-10T11:09:13,271000802,충북70자3071,36.67614415,127.39534128,13.199,274000031,미래나노텍,0
2026-10-10T11:09:13,271000802,충북70자3070,36.62551065,127.3313029,25.754,271000608,오송휴먼시아아파트,0
2026-10-10T11:09:13,271000802,충북70자2074,36.521617,127.259736,43.226,293064446,세종충남대학교병원,0
2026-10-10T11:09:13,293000282,세종70자1752,36.39126199,127.315593,0.342,186004230,반석역,13
2026-10-10T11:09:13,293000282,세종70자1754,36.481122,127.251702,13.376,293053007,첫마을1단지,58
2026-10-10T11:09:13,293000282,세종70자1745,36.511528,127.249392,19.497,293061003,아름동커뮤니티센터,25
2026-10-10T11:09:13,293000282,세종70자1753,36.59533,127.292577,31.584,293064033,신흥사거리,11
2026-10-10T11:09:13,293000282,세종70자1743,36.619062,127.327159,37.314,270054837,오송역종점,20
2026-10-10T11:09:13,293000282,세종70자1749,36.619109,127.326443,37.432,270054837,오송역종점,29
2026-10-10T11:09:13,293000283,세종70자1750,36.601833,127.301722,4.047,293001096,조치원버스터미널,3
2026-10-10T11:09:13,293000283,세종70자1747,36.524967,127.247972,15.073,293900057,연기리,67
2026-10-10T11:09:13,293000283,세종70자1748,36.499979,127.240471,20.061,293064473,"종촌초등학교(가락마을6,7단지)",26
2026-10-10T11:09:13,293000283,세종70자1751,36.477473,127.264243,25.785,293053008,한솔동(첫마을),32
2026-10-10T11:09:13,293000303,세종70자1507,36.534296,127.294424,13.233,293900055,용호동,55
2026-10-10T11:09:13,293000304,세종70자1305,36.48016,127.262437,1.754,293053011,한솔동,1
2026-10-10T11:09:13,293000304,세종70자1508,36.479653,127.291293,21.209,293064214,소담동(새샘마을),55
2026-10-10T11:09:13,293000304,세종70자1304,36.467813,127.27362,23.301,293064251,대평동,14
2026-10-10T11:09:13,293000304,세종70자1509,36.468128,127.274032,23.301,293055001,세종고속시외버스터미널(지상),29
2026-10-10T11:09:13,293000305,세종70자1512,36.469263,127.273903,0.024,293055002,세종고속시외버스터미널(지상),34
2026-10-10T11:09:13,293000305,세종70자1354,36.467693,127.27356,0.0,293055002,세종고속시외버스터미널(지상),14
2026-10-10T11:09:13,293000305,세종70자1511,36.493838,127.256176,19.955,293062004,다정동,45
2026-10-10T11:09:13,293000311,세종70자1349,36.486266,127.321443,5.394,293011066,새나루마을1단지,43
2026-10-10T11:09:13,293000311,세종70자1351,36.515564,127.241342,16.101,293064471,아름제2중(가락마을20단지),29
2026-10-10T11:09:13,293000311,세종70자1344,36.472017,127.268324,22.717,293053008,한솔동(첫마을),58
2026-10-10T11:09:13,293000312,세종70자1345,36.46929,127.273823,0.028,293055002,세종고속시외버스터미널(지상),20
2026-10-10T11:09:13,293000312,세종70자1346,36.502243,127.241011,5.848,293064144,다빛초등학교(가재마을1단지),32
2026-10-10T11:09:13,293000312,세종70자1350,36.48822599,127.32273,17.751,293011067,새나루마을8단지,25
2026-10-10T11:09:13,271000805,세종73자5675,36.486562,127.301298,3.802,293064254,"법원,검찰청,경찰청",20
2026-10-10T11:09:13,271000805,세종73자5672,36.534359,127.28684,16.426,293014025,한별동,56
2026-10-10T11:09:13,271000805,세종73자5647,36.61508,127.422818,34.743,270054812,가경아이파크5단지,44
2026-10-10T11:09:13,271000805,세종73자5646,36.639671,127.422576,38.475,971009060,부모산.연화사입구,45
2026-10-10T11:09:13,271000805,세종73자5645,36.642274,127.42135,38.759,270054823,롯데쇼핑몰,2
2026-10-10T11:09:13,271000806,충북70자3086,36.6374,127.42272,3.585,971009610,비하새동네.영조1차아파트,0
2026-10-10T11:09:13,271000806,충북70자2084,36.5843171,127.388535,12.073,270054834,가경아이파크5단지,0
2026-10-10T11:09:13,271000806,충북70자1055,36.53710202,127.30454237,23.707,293900063,용호동,0
2026-10-10T11:09:13,271000806,충북70자7076,36.482566,127.297594,37.456,293064216,소담동(새샘마을),0
2026-10-10T11:09:13,271000806,세종73자5644,36.493018,127.326733,42.158,293064479,집현동,16
2026-10-10T11:09:44,293000317,세종70자1704,36.436721,127.286106,6.205,186005279,반석역,68
2026-10-10T11:09:44,293000317,세종70자1706,36.497513,127.311237,15.112,293064258,반곡동(수루배마을),3
2026-10-10T11:09:44,293000317,세종70자1708,36.61949,127.326399,33.214,270054837,오송역종점,21
2026-10-10T11:09:44,293000318,세종70자1702,36.616746,127.328894,0.558,270000635,오송역2.3.4,68
2026-10-10T11:09:44,293000318,세종70자1705,36.491804,127.304222,19.185,293064261,국책연구단지,33
2026-10-10T11:09:44,293000318,세종70자1701,36.404391,127.305348,31.304,293055001,세종고속시외버스터미널(지상),69
2026-10-10T11:09:44,187000003,대전75자9929,36.340488,127.42633,1.791,187001380,한밭자이아파트,0
2026-10-10T11:09:44,187000003,대전75자9927,36.374021,127.403547,6.827,187001386,오정농수산시장,0
2026-10-10T11:09:44,187000003,대전75자9926,36.458932,127.381221,19.366,187001387,대덕산업단지,0
2026-10-10T11:09:44,187000003,대전75자9925,36.480623,127.308009,25.827,293064219,한국개발연구원(KDI),0
2026-10-10T11:09:44,187000003,대전75자9921,36.529051,127.26429,37.168,293014014,"해밀동,산울동",0
2026-10-10T11:09:44,187000003,대전75자9920,36.575179,127.319542,45.808,293064420,누리동,0
2026-10-10T11:09:44,187000003,대전75자9916,36.619172,127.326346,51.912,270000635,오송역2.3.4,0
2026-10-10T11:09:44,187000003,대전75자9938,36.575531,127.319572,45.861,974019920,오송역2.3.4(미정차),0
2026-10-10T11:09:44,187000003,대전75자9937,36.53397,127.276055,65.281,293014026,한별동,0
2026-10-10T11:09:44,187000003,대전75자9915,36.495188,127.256585,70.54,293062004,다정동,0
2026-10-10T11:09:44,187000003,대전75자9914,36.470881,127.272987,73.864,293064221,세종고속시외버스터미널(지하),0
2026-10-10T11:09:44,187000003,대전75자9911,36.486016,127.301192,76.949,293064216,소담동(새샘마을),0
2026-10-10T11:09:44,187000003,대전75자9910,36.46684,127.365088,83.874,186005287,국제과학비즈니스벨트,0
2026-10-10T11:09:44,187000003,대전75자9110,36.405886,127.416757,93.357,187001388,대덕산업단지,0
2026-10-10T11:09:44,187000003,대전75자9941,36.348396,127.415644,101.153,187001391,한남오거리(BRT),0
2026-10-10T11:09:44,187000003,대전75자9940,36.333856,127.431326,103.353,183002355,대전역,0
2026-10-10T11:09:44,187000003,대전75자9936,36.333879,127.437293,104.27,187001395,대전역동광장,0
2026-10-10T11:09:44,271000801,충북70자6052,36.5408879,127.303346,11.838,293064420,누리동,0
2026-10-10T11:09:44,271000801,충북70자1063,36.6391768,127.324181,27.253,271000641,보건의료행정타운,0
2026-10-10T11:09:44,271000801,충북70자1044,36.70213023,127.4236105,40.304,274000032,미래나노텍,0
2026-10-10T11:09:44,271000802,충북70자5130,36.72248667,127.4956317,0.186,270051719,청주국제공항,0
2026-10-10T11:09:44,271000802,충북70자5129,36.72248667,127.4956317,0.186,270051719,청주국제공항,0
2026-10-10T11:09:44,271000802,충북70자3071,36.672104,127.3917648,13.755,270054810,청주소로초등학교,0
2026-10-10T11:09:44,271000802,충북70자3070,36.6230577,127.3310504,26.06,271000608,오송휴먼시아아파트,0
2026-10-10T11:09:44,271000802,충북70자2074,36.52027461,127.25940059,43.379,293064446,세종충남대학교병원,0
2026-10-10T11:09:44,293000282,세종70자1752,36.3913,127.315545,0.348,186004230,반석역,13
2026-10-10T11:09:44,293000282,세종70자1754,36.480418,127.249444,13.593,293064358,새롬중학교(새뜸마을1단지),37
2026-10-10T11:09:44,293000282,세종70자1745,36.511512,127.249716,19.526,293061003,아름동커뮤니티센터,25
2026-10-10T11:09:44,293000282,세종70자1753,36.595392,127.292997,31.584,293064033,신흥사거리,11
2026-10-10T11:09:44,293000282,세종70자1743,36.619062,127.327159,37.314,270054837,오송역종점,20
2026-10-10T11:09:44,293000282,세종70자1749,36.619109,127.326443,37.432,270054837,오송역종점,29
2026-10-10T11:09:44,293000283,세종70자1750,36.601833,127.301722,4.047,293001096,조치원버스터미널,3
2026-10-10T11:09:44,293000283,세종70자1747,36.521057,127.244076,15.073,293900057,연기리,67
2026-10-10T11:09:44,293000283,세종70자1748,36.499979,127.240471,20.061,293064473,"종촌초등학교(가락마을6,7단지)",26
2026-10-10T11:09:44,293000283,세종70자1751,36.474447,127.266421,26.174,293053008,한솔동(첫마을),53
2026-10-10T11:09:44,293000303,세종70자1507,36.534187,127.289631,13.665,293014058,누리동,58
2026-10-10T11:09:44,293000304,세종70자1305,36.482673,127.260611,2.077,293053011,한솔동,61
2026-10-10T11:09:44,293000304,세종70자1508,36.478715,127.28908,21.433,293064211,"세종시청,시의회,교육청",21
2026-10-10T11:09:44,293000304,세종70자1304,36.467813,127.27362,23.301,293064251,대평동,14
2026-10-10T11:09:44,293000304,세종70자1509,36.468128,127.274032,23.301,293055001,세종고속시외버스터미널(지상),29
2026-10-10T11:09:44,293000305,세종70자1512,36.469263,127.273903,0.024,293055002,세종고속시외버스터미널(지상),34
2026-10-10T11:09:44,293000305,세종70자1354,36.467693,127.27356,0.0,293055002,세종고속시외버스터미널(지상),14
2026-10-10T11:09:44,293000305,세종70자1511,36.488058,127.256956,20.61,293053004,"새롬동,나성동",35
2026-10-10T11:09:44,293000311,세종70자1349,36.488745,127.323595,5.74,293011068,새나루마을8단지,32
2026-10-10T11:09:44,293000311,세종70자1351,36.514953,127.241341,16.169,293064471,아름제2중(가락마을20단지),34
2026-10-10T11:09:44,293000311,세종70자1344,36.470825,127.272858,23.166,293064221,세종고속시외버스터미널(지하),31
2026-10-10T11:09:44,293000312,세종70자1345,36.46929,127.273823,0.028,293055002,세종고속시외버스터미널(지상),20
2026-10-10T11:09:44,293000312,세종70자1346,36.504236,127.24127,6.071,293064474,종촌초등학교(가재마을3단지),33
2026-10-10T11:09:44,293000312,세종70자1350,36.486151,127.321033,18.034,293011064,새나루마을1단지,31
2026-10-10T11:09:44,271000805,세종73자5675,36.483958,127.299127,4.153,293064254,"법원,검찰청,경찰청",63
2026-10-10T11:09:44,271000805,세종73자5672,36.533947,127.292763,16.959,293064420,누리동,48
2026-10-10T11:09:44,271000805,세종73자5647,36.616955,127.424341,35.08,270054812,가경아이파크5단지,47
2026-10-10T11:09:44,271000805,세종73자5646,36.640681,127.42243,38.588,971009060,부모산.연화사입구,45
2026-10-10T11:09:44,271000805,세종73자5645,36.642274,127.42135,38.759,270054823,롯데쇼핑몰,2
2026-10-10T11:09:44,271000806,충북70자3086,36.6374,127.42272,3.585,971009610,비하새동네.영조1차아파트,0
2026-10-10T11:09:44,271000806,충북70자2084,36.56055796,127.3697608,15.306,270054834,가경아이파크5단지,0
2026-10-10T11:09:44,271000806,충북70자1055,36.53650166,127.30236762,23.912,293900063,용호동,0
2026-10-10T11:09:44,271000806,충북70자7076,36.486971,127.301713,38.076,293064253,"법원,검찰청,경찰청",0
2026-10-10T11:09:44,271000806,세종73자5644,36.493018,127.326733,42.158,293064479,집현동,16
2026-10-10T11:10:16,293000317,세종70자1704,36.439134,127.286074,6.472,186005279,반석역,68
2026-10-10T11:10:16,293000317,세종70자1706,36.497517,127.311259,15.114,293064258,반곡동(수루배마을),3
2026-10-10T11:10:16,293000317,세종70자1708,36.61949,127.326399,33.214,270054837,오송역종점,21
2026-10-10T11:10:16,293000318,세종70자1702,36.612421,127.333717,1.204,270000635,오송역2.3.4,69
2026-10-10T11:10:16,293000318,세종70자1705,36.487237,127.301743,19.743,293064254,"법원,검찰청,경찰청",44
2026-10-10T11:10:16,293000318,세종70자1701,36.400257,127.309128,31.874,293055001,세종고속시외버스터미널(지상),69
2026-10-10T11:10:16,187000003,대전75자9929,36.343123,127.422709,2.228,187001381,솔랑마을아파트,0
2026-10-10T11:10:16,187000003,대전75자9927,36.382413,127.412545,8.188,187001386,오정농수산시장,0
2026-10-10T11:10:16,187000003,대전75자9926,36.453872,127.370065,18.69,187001387,대덕산업단지,0
2026-10-10T11:10:16,187000003,대전75자9925,36.481481,127.307689,25.927,293064219,한국개발연구원(KDI),0
2026-10-10T11:10:16,187000003,대전75자9921,36.529051,127.26429,37.168,293014014,"해밀동,산울동",0
2026-10-10T11:10:16,187000003,대전75자9920,36.575179,127.319542,45.808,293064420,누리동,0
2026-10-10T11:10:16,187000003,대전75자9916,36.619172,127.326346,51.912,270000635,오송역2.3.4,0
2026-10-10T11:10:16,187000003,대전75자9938,36.575531,127.319572,45.861,974019920,오송역2.3.4(미정차),0
2026-10-10T11:10:16,187000003,대전75자9937,36.529836,127.265071,66.388,293014017,"해밀동,산울동",0
2026-10-10T11:10:16,187000003,대전75자9915,36.495188,127.256585,70.54,293062004,다정동,0
2026-10-10T11:10:16,187000003,대전75자9914,36.470898,127.273696,73.932,293064221,세종고속시외버스터미널(지하),0
2026-10-10T11:10:16,187000003,대전75자9911,36.486016,127.301192,76.949,293064216,소담동(새샘마을),0
2026-10-10T11:10:16,187000003,대전75자9910,36.46684,127.365088,83.874,186005287,국제과학비즈니스벨트,0
2026-10-10T11:10:16,187000003,대전75자9110,36.393156,127.413103,94.823,187001388,대덕산업단지,0
2026-10-10T11:10:16,187000003,대전75자9941,36.346933,127.417429,101.388,187001392,대덕구청,0
2026-10-10T11:10:16,187000003,대전75자9940,36.333856,127.431326,103.353,183002355,대전역,0
2026-10-10T11:10:16,187000003,대전75자9936,36.333879,127.437293,104.27,187001395,대전역동광장,0
2026-10-10T11:10:16,271000801,충북70자6052,36.54753704,127.30138436,12.598,293064420,누리동,0
2026-10-10T11:10:16,271000801,충북70자1063,36.64383297,127.3256669,27.808,271000641,보건의료행정타운,0
2026-10-10T11:10:16,271000801,충북70자1044,36.70735567,127.4284514,41.038,274000032,미래나노텍,0
2026-10-10T11:10:16,271000802,충북70자5130,36.72248667,127.4956317,0.186,270051719,청주국제공항,0
2026-10-10T11:10:16,271000802,충북70자5129,36.72248667,127.4956317,0.186,270051719,청주국제공항,0
2026-10-10T11:10:16,271000802,충북70자3071,36.672104,127.3917648,13.755,270054810,청주소로초등학교,0
2026-10-10T11:10:16,271000802,충북70자3070,36.6203875,127.3299053,26.422,271000608,오송휴먼시아아파트,0
2026-10-10T11:10:16,271000802,충북70자2074,36.51791572,127.25901,43.644,293064446,세종충남대학교병원,0
2026-10-10T11:10:16,293000282,세종70자1752,36.3913,127.315545,0.348,186004230,반석역,13
2026-10-10T11:10:16,293000282,세종70자1754,36.479749,127.246298,13.96,293064358,새롬중학교(새뜸마을1단지),27
2026-10-10T11:10:16,293000282,세종70자1745,36.512489,127.25034,19.671,293064054,"범지기마을8,12단지",28
2026-10-10T11:10:16,293000282,세종70자1753,36.595421,127.29337,31.848,293064147,세종시보건소(대동초),29
2026-10-10T11:10:16,293000282,세종70자1743,36.619062,127.327159,37.314,270054837,오송역종점,20
2026-10-10T11:10:16,293000282,세종70자1749,36.619109,127.326443,37.432,270054837,오송역종점,29
2026-10-10T11:10:16,293000283,세종70자1750,36.601612,127.300375,4.171,293001096,조치원버스터미널,19
2026-10-10T11:10:16,293000283,세종70자1747,36.519687,127.242844,15.073,293900057,연기리,67
2026-10-10T11:10:16,293000283,세종70자1748,36.499507,127.242815,20.309,293064145,다빛초등학교(가온마을3단지),35
2026-10-10T11:10:16,293000283,세종70자1751,36.47141,127.268987,26.592,293053008,한솔동(첫마을),41
2026-10-10T11:10:16,293000303,세종70자1507,36.534651,127.284314,14.143,293014058,누리동,58
2026-10-10T11:10:16,293000304,세종70자1305,36.486519,127.258008,2.564,293053005,"새롬동,나성동",25
2026-10-10T11:10:16,293000304,세종70자1508,36.478368,127.28858,21.491,293064211,"세종시청,시의회,교육청",29
2026-10-10T11:10:16,293000304,세종70자1304,36.467813,127.27362,23.301,293064251,대평동,14
2026-10-10T11:10:16,293000304,세종70자1509,36.468128,127.274032,23.301,293055001,세종고속시외버스터미널(지상),29
2026-10-10T11:10:16,293000305,세종70자1512,36.469263,127.273903,0.024,293055002,세종고속시외버스터미널(지상),34
2026-10-10T11:10:16,293000305,세종70자1354,36.467693,127.27356,0.0,293055002,세종고속시외버스터미널(지상),14
2026-10-10T11:10:16,293000305,세종70자1511,36.487561,127.257318,20.673,293053004,"새롬동,나성동",35
2026-10-10T11:10:16,293000311,세종70자1349,36.4913,127.324948,6.05,293011070,새나루마을9단지,29
2026-10-10T11:10:16,293000311,세종70자1351,36.51161599,127.241283,16.54,293064203,"시립도서관,대법원등기정보센터",30
2026-10-10T11:10:16,293000311,세종70자1344,36.470711,127.273426,23.216,293064221,세종고속시외버스터미널(지하),20
2026-10-10T11:10:16,293000312,세종70자1345,36.46929,127.273823,0.028,293055002,세종고속시외버스터미널(지상),20
2026-10-10T11:10:16,293000312,세종70자1346,36.508021,127.241502,6.493,293064475,"가락마을8단지,가재마을4단지",27
2026-10-10T11:10:16,293000312,세종70자1350,36.48453,127.318835,18.3,293011064,새나루마을1단지,19
2026-10-10T11:10:16,271000805,세종73자5675,36.482266,127.296923,4.426,293064214,소담동(새샘마을),32
2026-10-10T11:10:16,271000805,세종73자5672,36.534134,127.294148,17.084,293064420,누리동,12
2026-10-10T11:10:16,271000805,세종73자5647,36.617066,127.425082,35.148,270054812,가경아이파크5단지,47
2026-10-10T11:10:16,271000805,세종73자5646,36.640681,127.42243,38.588,971009060,부모산.연화사입구,45
2026-10-10T11:10:16,271000805,세종73자5645,36.642274,127.42135,38.759,270054823,롯데쇼핑몰,2
2026-10-10T11:10:16,271000806,충북70자3086,36.6374,127.42272,3.585,971009610,비하새동네.영조1차아파트,0
2026-10-10T11:10:16,271000806,충북70자2084,36.56055796,127.3697608,15.306,270054834,가경아이파크5단지,0
2026-10-10T11:10:16,271000806,충북70자1055,36.53650166,127.30236762,23.912,293900063,용호동,0
2026-10-10T11:10:16,271000806,충북70자7076,36.491125,127.303861,38.579,293064255,국책연구단지,0
2026-10-10T11:10:16,271000806,세종73자5644,36.493018,127.326733,42.158,293064479,집현동,16
2026-10-10T11:10:47,293000317,세종70자1704,36.44704,127.285965,7.359,186005279,반석역,68
2026-10-10T11:10:47,293000317,세종70자1706,36.497486,127.317734,15.696,293064258,반곡동(수루배마을),68
2026-10-10T11:10:47,293000317,세종70자1708,36.61949,127.326399,33.214,270054837,오송역종점,21
2026-10-10T11:10:47,293000318,세종70자1702,36.608277,127.338811,1.446,270000635,오송역2.3.4,68
2026-10-10T11:10:47,293000318,세종70자1705,36.486879,127.301542,19.786,293064254,"법원,검찰청,경찰청",44
2026-10-10T11:10:47,293000318,세종70자1701,36.396446,127.311441,32.345,293055001,세종고속시외버스터미널(지상),29
2026-10-10T11:10:47,187000003,대전75자9929,36.343735,127.421827,2.333,187001381,솔랑마을아파트,0
2026-10-10T11:10:47,187000003,대전75자9927,36.382413,127.412545,8.188,187001386,오정농수산시장,0
2026-10-10T11:10:47,187000003,대전75자9926,36.453872,127.370065,18.69,187001387,대덕산업단지,0
2026-10-10T11:10:47,187000003,대전75자9925,36.483228,127.306716,26.146,293064219,한국개발연구원(KDI),0
2026-10-10T11:10:47,187000003,대전75자9921,36.533685,127.274769,38.26,293014025,한별동,0
2026-10-10T11:10:47,187000003,대전75자9920,36.588453,127.323607,47.342,293064420,누리동,0
2026-10-10T11:10:47,187000003,대전75자9916,36.619172,127.326346,51.912,270000635,오송역2.3.4,0
2026-10-10T11:10:47,187000003,대전75자9938,36.565591,127.309236,59.277,974019920,오송역2.3.4(미정차),0
2026-10-10T11:10:47,187000003,대전75자9937,36.529194,127.264341,66.485,293014017,"해밀동,산울동",0
2026-10-10T11:10:47,187000003,대전75자9915,36.494369,127.256391,70.633,293062004,다정동,0
2026-10-10T11:10:47,187000003,대전75자9914,36.472239,127.276358,74.218,293064252,대평동,0
2026-10-10T11:10:47,187000003,대전75자9911,36.486016,127.301192,76.949,293064216,소담동(새샘마을),0
2026-10-10T11:10:47,187000003,대전75자9910,36.454367,127.369653,85.451,186005287,국제과학비즈니스벨트,0
2026-10-10T11:10:47,187000003,대전75자9110,36.382919,127.412491,95.963,187001388,대덕산업단지,0
2026-10-10T11:10:47,187000003,대전75자9941,36.346411,127.418083,101.47,187001392,대덕구청,0
2026-10-10T11:10:47,187000003,대전75자9940,36.333856,127.431326,103.353,183002355,대전역,0
2026-10-10T11:10:47,187000003,대전75자9936,36.333879,127.437293,104.27,187001395,대전역동광장,0
2026-10-10T11:10:47,271000801,충북70자6052,36.54753704,127.30138436,12.598,293064420,누리동,0
2026-10-10T11:10:47,271000801,충북70자1063,36.64409577,127.3307014,28.272,271000641,보건의료행정타운,0
2026-10-10T11:10:47,271000801,충북70자1044,36.70735567,127.4284514,41.038,274000032,미래나노텍,0
2026-10-10T11:10:47,271000802,충북70자5130,36.72248667,127.4956317,0.186,270051719,청주국제공항,0
2026-10-10T11:10:47,271000802,충북70자5129,36.72248667,127.4956317,0.186,270051719,청주국제공항,0
2026-10-10T11:10:47,271000802,충북70자3071,36.672104,127.3917648,13.755,270054810,청주소로초등학교,0
2026-10-10T11:10:47,271000802,충북70자3070,36.6183991,127.327211,26.76,271000608,오송휴먼시아아파트,0
2026-10-10T11:10:47,271000802,충북70자2074,36.51528109,127.25899041,43.938,293064446,세종충남대학교병원,0
2026-10-10T11:10:47,293000282,세종70자1752,36.391682,127.315235,0.398,186004230,반석역,13
2026-10-10T11:10:47,293000282,세종70자1754,36.482584,127.246178,14.275,293064388,"새뜸마을1,2단지",37
2026-10-10T11:10:47,293000282,세종70자1745,36.513335,127.250503,19.767,293064054,"범지기마을8,12단지",27
2026-10-10T11:10:47,293000282,세종70자1753,36.595771,127.296257,32.108,293064147,세종시보건소(대동초),24
2026-10-10T11:10:47,293000282,세종70자1743,36.619062,127.327159,37.314,270054837,오송역종점,20
2026-10-10T11:10:47,293000282,세종70자1749,36.619109,127.326443,37.432,270054837,오송역종점,29
2026-10-10T11:10:47,293000283,세종70자1750,36.601487,127.299228,4.274,293064152,조치원전통시장 북측,36
2026-10-10T11:10:47,293000283,세종70자1747,36.519687,127.242844,15.073,293900057,연기리,67
2026-10-10T11:10:47,293000283,세종70자1748,36.49945799,127.243507,20.371,293064145,다빛초등학교(가온마을3단지),25
2026-10-10T11:10:47,293000283,세종70자1751,36.470526,127.271658,26.871,293053008,한솔동(첫마을),22
2026-10-10T11:10:47,293000303,세종70자1507,36.534381,127.278643,14.654,293014058,누리동,48
2026-10-10T11:10:47,293000304,세종70자1305,36.486686,127.257804,2.595,293053005,"새롬동,나성동",25
2026-10-10T11:10:47,293000304,세종70자1508,36.47647099,127.283745,21.972,293064211,"세종시청,시의회,교육청",13
2026-10-10T11:10:47,293000304,세종70자1304,36.467813,127.27362,23.301,293064251,대평동,14
2026-10-10T11:10:47,293000304,세종70자1509,36.468128,127.274032,23.301,293055001,세종고속시외버스터미널(지상),29
2026-10-10T11:10:47,293000305,세종70자1512,36.469263,127.273903,0.024,293055002,세종고속시외버스터미널(지상),34
2026-10-10T11:10:47,293000305,세종70자1354,36.467693,127.27356,0.0,293055002,세종고속시외버스터미널(지상),14
2026-10-10T11:10:47,293000305,세종70자1511,36.486593,127.257863,20.797,293053004,"새롬동,나성동",42
2026-10-10T11:10:47,293000311,세종70자1349,36.492895,127.325219,6.228,293011070,새나루마을9단지,14
2026-10-10T11:10:47,293000311,세종70자1351,36.509362,127.24118,16.791,293064203,"시립도서관,대법원등기정보센터",32
2026-10-10T11:10:47,293000311,세종70자1344,36.468471,127.273976,23.426,293055001,세종고속시외버스터미널(지상),10
2026-10-10T11:10:47,293000312,세종70자1345,36.46929,127.273823,0.028,293055002,세종고속시외버스터미널(지상),20
2026-10-10T11:10:47,293000312,세종70자1346,36.50832,127.241506,6.526,293064475,"가락마을8단지,가재마을4단지",27
2026-10-10T11:10:47,293000312,세종70자1350,36.483943,127.317548,18.432,293900017,새나루마을1단지 후문,19
2026-10-10T11:10:47,271000805,세종73자5675,36.481704,127.295813,4.543,293064214,소담동(새샘마을),255
2026-10-10T11:10:47,271000805,세종73자5672,36.534263,127.294824,17.146,293064420,누리동,33
2026-10-10T11:10:47,271000805,세종73자5647,36.617117,127.425397,35.176,270054812,가경아이파크5단지,20
2026-10-10T11:10:47,271000805,세종73자5646,36.641227,127.422486,38.649,971008280,효성아파트,34
2026-10-10T11:10:47,271000805,세종73자5645,36.642274,127.42135,38.759,270054823,롯데쇼핑몰,2
2026-10-10T11:10:47,271000806,충북70자3086,36.6374,127.42272,3.585,971009610,비하새동네.영조1차아파트,0
2026-10-10T11:10:47,271000806,충북70자2084,36.56055796,127.3697608,15.306,270054834,가경아이파크5단지,0
2026-10-10T11:10:47,271000806,충북70자1055,36.53430741,127.29453371,24.653,293900063,용호동,0
2026-10-10T11:10:47,271000806,충북70자7076,36.4928469,127.3049564,38.794,293064255,국책연구단지,0
2026-10-10T11:10:47,271000806,세종73자5644,36.493018,127.326733,42.158,293064479,집현동,16
2026-10-10T11:11:21,293000317,세종70자1704,36.451614,127.2853,7.878,186005279,반석역,68
2026-10-10T11:11:21,293000317,세종70자1706,36.497845,127.321685,16.052,293064419,집현동,25
2026-10-10T11:11:21,293000317,세종70자1708,36.61949,127.326399,33.214,270054837,오송역종점,21
2026-10-10T11:11:21,293000318,세종70자1702,36.604671,127.339922,1.446,270000635,오송역2.3.4,68
2026-10-10T11:11:21,293000318,세종70자1705,36.48683,127.301484,19.794,293064254,"법원,검찰청,경찰청",44
2026-10-10T11:11:21,293000318,세종70자1701,36.394759,127.312609,32.561,293055001,세종고속시외버스터미널(지상),62
2026-10-10T11:11:21,187000003,대전75자9929,36.345761,127.419053,2.668,187001382,대덕구청,0
2026-10-10T11:11:21,187000003,대전75자9927,36.392738,127.413168,9.339,187001386,오정농수산시장,0
2026-10-10T11:11:21,187000003,대전75자9926,36.466824,127.365355,20.348,186005286,국제과학비즈니스벨트,0
2026-10-10T11:11:21,187000003,대전75자9925,36.485419,127.300522,26.863,293064219,한국개발연구원(KDI),0
2026-10-10T11:11:21,187000003,대전75자9921,36.533868,127.275919,38.364,293014025,한별동,0
2026-10-10T11:11:21,187000003,대전75자9920,36.594941,127.331127,48.335,293064420,누리동,0
2026-10-10T11:11:21,187000003,대전75자9916,36.619172,127.326346,51.912,270000635,오송역2.3.4,0
2026-10-10T11:11:21,187000003,대전75자9938,36.565591,127.309236,59.277,974019920,오송역2.3.4(미정차),0
2026-10-10T11:11:21,187000003,대전75자9937,36.529194,127.264341,66.485,293014017,"해밀동,산울동",0
2026-10-10T11:11:21,187000003,대전75자9915,36.489192,127.2568,71.219,293062004,다정동,0
2026-10-10T11:11:21,187000003,대전75자9914,36.474762,127.280275,74.667,293064206,"보람동,대평동",0
2026-10-10T11:11:21,187000003,대전75자9911,36.48337,127.306324,77.506,293064216,소담동(새샘마을),0
2026-10-10T11:11:21,187000003,대전75자9910,36.454367,127.369653,85.451,186005287,국제과학비즈니스벨트,0
2026-10-10T11:11:21,187000003,대전75자9110,36.382919,127.412491,95.963,187001388,대덕산업단지,0
2026-10-10T11:11:21,187000003,대전75자9941,36.344231,127.421005,101.828,187001393,솔랑마을아파트,0
2026-10-10T11:11:21,187000003,대전75자9940,36.333018,127.431679,103.451,183002355,대전역,0
2026-10-10T11:11:21,187000003,대전75자9936,36.333879,127.437293,104.27,187001395,대전역동광장,0
2026-10-10T11:11:21,271000801,충북70자6052,36.54753704,127.30138436,12.598,293064420,누리동,0
2026-10-10T11:11:21,271000801,충북70자1063,36.64491324,127.3334928,28.537,271000641,보건의료행정타운,0
2026-10-10T11:11:21,271000801,충북70자1044,36.70873187,127.4266107,41.273,274000032,미래나노텍,0
2026-10-10T11:11:21,271000802,충북70자5129,36.72423347,127.4963017,0.5,270051719,청주국제공항,0
2026-10-10T11:11:21,271000802,충북70자3071,36.672104,127.3917648,13.755,270054810,청주소로초등학교,0
2026-10-10T11:11:21,271000802,충북70자3070,36.619296,127.327214,26.854,270000635,오송역2.3.4,0
2026-10-10T11:11:21,271000802,충북70자2074,36.51483,127.25896,43.988,293056002,도담동,0
2026-10-10T11:11:21,293000282,세종70자1752,36.39297,127.314147,0.571,186004230,반석역,50
2026-10-10T11:11:21,293000282,세종70자1754,36.48542599,127.245474,14.597,293064312,"세종기상관측소(새뜸3,4단지)",43
2026-10-10T11:11:21,293000282,세종70자1745,36.515651,127.251196,20.033,293064055,아름초등학교,30
2026-10-10T11:11:21,293000282,세종70자1753,36.596402,127.297755,32.257,293064147,세종시보건소(대동초),58
2026-10-10T11:11:21,293000282,세종70자1743,36.619062,127.327159,37.314,270054837,오송역종점,20
2026-10-10T11:11:21,293000282,세종70자1749,36.619109,127.326443,37.432,270054837,오송역종점,29
2026-10-10T11:11:21,293000283,세종70자1750,36.601011,127.296925,4.513,293064152,조치원전통시장 북측,18
2026-10-10T11:11:21,293000283,세종70자1747,36.519687,127.242844,15.073,293900057,연기리,67
2026-10-10T11:11:21,293000283,세종70자1748,36.4994,127.244345,20.446,293064145,다빛초등학교(가온마을3단지),25
2026-10-10T11:11:21,293000283,세종70자1751,36.468765,127.272935,27.233,293055059,세종고속시외버스터미널,32
2026-10-10T11:11:21,293000303,세종70자1507,36.533982,127.275996,14.895,293014026,한별동,47
2026-10-10T11:11:21,293000304,세종70자1305,36.487204,127.257362,2.663,293053005,"새롬동,나성동",33
2026-10-10T11:11:21,293000304,세종70자1508,36.476048,127.282746,22.073,293064211,"세종시청,시의회,교육청",49
2026-10-10T11:11:21,293000304,세종70자1304,36.467813,127.27362,23.301,293064251,대평동,14
2026-10-10T11:11:21,293000304,세종70자1509,36.468128,127.274032,23.301,293055001,세종고속시외버스터미널(지상),29
2026-10-10T11:11:21,293000305,세종70자1512,36.469263,127.273903,0.024,293055002,세종고속시외버스터미널(지상),34
2026-10-10T11:11:21,293000305,세종70자1354,36.467693,127.27356,0.0,293055002,세종고속시외버스터미널(지상),14
2026-10-10T11:11:21,293000305,세종70자1511,36.481371,127.261549,21.465,293053009,한솔동,42
2026-10-10T11:11:21,293000311,세종70자1349,36.494883,127.325671,6.453,293900015,새나루마을10단지,32
2026-10-10T11:11:21,293000311,세종70자1351,36.509357,127.241237,16.792,293064203,"시립도서관,대법원등기정보센터",32
2026-10-10T11:11:21,293000311,세종70자1344,36.468471,127.273976,23.426,293055001,세종고속시외버스터미널(지상),10
2026-10-10T11:11:21,293000312,세종70자1345,36.46929,127.273823,0.028,293055002,세종고속시외버스터미널(지상),20
2026-10-10T11:11:21,293000312,세종70자1346,36.508461,127.241526,6.542,293064475,"가락마을8단지,가재마을4단지",27
2026-10-10T11:11:21,293000312,세종70자1350,36.482991,127.314583,18.717,293900017,새나루마을1단지 후문,59
2026-10-10T11:11:21,271000805,세종73자5675,36.478722,127.289056,5.237,293064211,"세종시청,시의회,교육청",32
2026-10-10T11:11:21,271000805,세종73자5672,36.535515,127.299207,17.562,293064420,누리동,59
2026-10-10T11:11:21,271000805,세종73자5647,36.617949,127.429615,35.564,270054813,서현공원,44
2026-10-10T11:11:21,271000805,세종73자5646,36.642766,127.423603,38.93,971008280,효성아파트,22
2026-10-10T11:11:21,271000805,세종73자5645,36.642274,127.42135,38.759,270054823,롯데쇼핑몰,2
2026-10-10T11:11:21,271000806,충북70자3086,36.63501,127.4235847,3.862,270054829,서청주파크자이아파트,0
2026-10-10T11:11:21,271000806,충북70자2084,36.5425228,127.3669915,17.371,270054834,가경아이파크5단지,0
2026-10-10T11:11:21,271000806,충북70자1055,36.534046,127.292199,24.865,293014058,누리동,0
2026-10-10T11:11:21,271000806,충북70자7076,36.4954913,127.3067251,39.129,293064255,국책연구단지,0
2026-10-10T11:11:21,271000806,세종73자5644,36.493018,127.326733,42.158,293064479,집현동,16
2026-10-10T11:11:55,293000317,세종70자1704,36.454187,127.284177,8.18,186005279,반석역,68
2026-10-10T11:11:55,293000317,세종70자1706,36.497976,127.322354,16.114,293064419,집현동,37
2026-10-10T11:11:55,293000317,세종70자1708,36.61949,127.326399,33.214,270054837,오송역종점,21
2026-10-10T11:11:55,293000318,세종70자1702,36.600391,127.336675,2.103,270000635,오송역2.3.4,68
2026-10-10T11:11:55,293000318,세종70자1705,36.486146,127.301011,19.881,293064254,"법원,검찰청,경찰청",40
2026-10-10T11:11:55,293000318,세종70자1701,36.392415,127.314332,32.864,186005278,반석역,38
2026-10-10T11:11:55,187000003,대전75자9929,36.346115,127.418591,2.725,187001382,대덕구청,0
2026-10-10T11:11:55,187000003,대전75자9927,36.392738,127.413168,9.339,187001386,오정농수산시장,0
2026-10-10T11:11:55,187000003,대전75자9926,36.468433,127.360279,20.836,186005286,국제과학비즈니스벨트,0
2026-10-10T11:11:55,187000003,대전75자9925,36.482918,127.297979,27.222,293064214,소담동(새샘마을),0
2026-10-10T11:11:55,187000003,대전75자9921,36.533868,127.275919,38.364,293014025,한별동,0
2026-10-10T11:11:55,187000003,대전75자9920,36.594941,127.331127,48.335,293064420,누리동,0
2026-10-10T11:11:55,187000003,대전75자9916,36.618464,127.327035,52.022,270000635,오송역2.3.4,0
2026-10-10T11:11:55,187000003,대전75자9938,36.565591,127.309236,59.277,974019920,오송역2.3.4(미정차),0
2026-10-10T11:11:55,187000003,대전75자9937,36.521999,127.259826,67.395,293064446,세종충남대학교병원,0
2026-10-10T11:11:55,187000003,대전75자9915,36.488059,127.257103,71.353,293053004,"새롬동,나성동",0
2026-10-10T11:11:55,187000003,대전75자9914,36.475131,127.280819,74.73,293064206,"보람동,대평동",0
2026-10-10T11:11:55,187000003,대전75자9911,36.48337,127.306324,77.506,293064216,소담동(새샘마을),0
2026-10-10T11:11:55,187000003,대전75자9910,36.454367,127.369653,85.451,186005287,국제과학비즈니스벨트,0
2026-10-10T11:11:55,187000003,대전75자9110,36.374636,127.403795,97.304,187001388,대덕산업단지,0
2026-10-10T11:11:55,187000003,대전75자9941,36.343701,127.421766,101.919,187001393,솔랑마을아파트,0
2026-10-10T11:11:55,187000003,대전75자9940,36.333018,127.431679,103.451,183002355,대전역,0
2026-10-10T11:11:55,187000003,대전75자9936,36.333879,127.437293,104.27,187001395,대전역동광장,0
2026-10-10T11:11:55,271000801,충북70자6052,36.54753704,127.30138436,12.598,293064420,누리동,0
2026-10-10T11:11:55,271000801,충북70자1063,36.64623482,127.3380263,28.969,271000641,보건의료행정타운,0
2026-10-10T11:11:55,271000801,충북70자1044,36.70873187,127.4266107,41.273,274000032,미래나노텍,0
2026-10-10T11:11:55,271000802,충북70자5129,36.72423347,127.4963017,0.5,270051719,청주국제공항,0
2026-10-10T11:11:55,271000802,충북70자3071,36.66085716,127.3827951,15.512,270054810,청주소로초등학교,0
2026-10-10T11:11:55,271000802,충북70자3070,36.619296,127.327214,26.854,270000635,오송역2.3.4,0
2026-10-10T11:11:55,271000802,충북70자2074,36.50984954,127.2609247,44.573,293056002,도담동,0
2026-10-10T11:11:55,293000282,세종70자1752,36.395953,127.311945,0.958,186004230,반석역,61
2026-10-10T11:11:55,293000282,세종70자1754,36.48621,127.245179,14.688,293064312,"세종기상관측소(새뜸3,4단지)",40
2026-10-10T11:11:55,293000282,세종70자1745,36.519183,127.252427,20.444,293064056,범지기마을10단지,7
2026-10-10T11:11:55,293000282,세종70자1753,36.59758999,127.298808,32.479,293001093,조치원1927아트센터,8
2026-10-10T11:11:55,293000282,세종70자1743,36.619062,127.327159,37.314,270054837,오송역종점,20
2026-10-10T11:11:55,293000282,세종70자1749,36.619109,127.326443,37.432,270054837,오송역종점,29
2026-10-10T11:11:55,293000283,세종70자1750,36.601166,127.297818,4.594,293001084,조치원역,24
2026-10-10T11:11:55,293000283,세종70자1747,36.518931,127.244266,16.271,293064099,"범지기3,9단지(청소년센터)",43
2026-10-10T11:11:55,293000283,세종70자1748,36.499352,127.245023,20.507,293064145,다빛초등학교(가온마을3단지),39
2026-10-10T11:11:55,293000283,세종70자1751,36.46897899,127.274009,27.333,293055059,세종고속시외버스터미널,29
2026-10-10T11:11:55,293000303,세종70자1507,36.533479,127.272999,15.169,293014026,한별동,55
2026-10-10T11:11:55,293000304,세종70자1305,36.49401,127.256286,3.433,293054003,다정동,10
2026-10-10T11:11:55,293000304,세종70자1508,36.475474,127.28163,22.196,293064209,"보람동,대평동",26
2026-10-10T11:11:55,293000304,세종70자1304,36.467813,127.27362,23.301,293064251,대평동,14
2026-10-10T11:11:55,293000304,세종70자1509,36.468128,127.274032,23.301,293055001,세종고속시외버스터미널(지상),29
2026-10-10T11:11:55,293000305,세종70자1512,36.469263,127.273903,0.024,293055002,세종고속시외버스터미널(지상),34
2026-10-10T11:11:55,293000305,세종70자1354,36.467693,127.27356,0.0,293055002,세종고속시외버스터미널(지상),14
2026-10-10T11:11:55,293000305,세종70자1511,36.481019,127.261861,21.513,293053009,한솔동,3
2026-10-10T11:11:55,293000311,세종70자1349,36.498111,127.325233,6.813,293900015,새나루마을10단지,35
2026-10-10T11:11:55,293000311,세종70자1351,36.50794299,127.24123,16.949,293064472,"가락마을8단지,가재마을4단지",25
2026-10-10T11:11:55,293000311,세종70자1344,36.468471,127.273976,23.426,293055001,세종고속시외버스터미널(지상),10
2026-10-10T11:11:55,293000312,세종70자1345,36.46929,127.273823,0.028,293055002,세종고속시외버스터미널(지상),20
2026-10-10T11:11:55,293000312,세종70자1346,36.508851,127.24154,6.585,293064475,"가락마을8단지,가재마을4단지",28
2026-10-10T11:11:55,293000312,세종70자1350,36.482491,127.31105,19.037,293900017,새나루마을1단지 후문,7
2026-10-10T11:11:55,271000805,세종73자5675,36.478552,127.288446,5.294,293064211,"세종시청,시의회,교육청",34
2026-10-10T11:11:55,271000805,세종73자5672,36.536897,127.304151,18.029,293064420,누리동,59
2026-10-10T11:11:55,271000805,세종73자5647,36.618538,127.43133,35.731,270054814,서현초등학교.가경아이파크아파트,36
2026-10-10T11:11:55,271000805,세종73자5646,36.642496,127.424149,38.988,971008280,효성아파트,24
2026-10-10T11:11:55,271000805,세종73자5645,36.642274,127.42135,38.759,270054823,롯데쇼핑몰,2
2026-10-10T11:11:55,271000806,충북70자3086,36.6339,127.4243,4.001,971009430,비하삼일아파트,0
2026-10-10T11:11:55,271000806,충북70자2084,36.5425228,127.3669915,17.371,270054834,가경아이파크5단지,0
2026-10-10T11:11:55,271000806,충북70자1055,36.53440642,127.28671183,25.357,293014058,누리동,0
2026-10-10T11:11:55,271000806,충북70자7076,36.497498,127.310881,39.582,293064258,반곡동(수루배마을),0
2026-10-10T11:11:55,271000806,세종73자5644,36.493018,127.326733,42.158,293064479,집현동,16
2026-10-10T11:12:26,293000317,세종70자1704,36.45954299,127.279622,8.906,186005279,반석역,68
2026-10-10T11:12:26,293000317,세종70자1706,36.500605,127.328155,16.728,293064417,세종공동캠퍼스,44
2026-10-10T11:12:26,293000317,세종70자1708,36.61949,127.326399,33.214,270054837,오송역종점,21
2026-10-10T11:12:26,293000318,세종70자1702,36.596689,127.332563,2.906,270000635,오송역2.3.4,68
2026-10-10T11:12:26,293000318,세종70자1705,36.482802,127.297818,20.352,293064214,소담동(새샘마을),47
2026-10-10T11:12:26,293000318,세종70자1701,36.392189,127.31449,32.893,186005278,반석역,36
2026-10-10T11:12:26,187000003,대전75자9929,36.348196,127.416011,3.054,187001382,대덕구청,0
2026-10-10T11:12:26,187000003,대전75자9927,36.405398,127.416528,10.785,187001386,오정농수산시장,0
2026-10-10T11:12:26,187000003,대전75자9926,36.468433,127.360279,20.836,186005286,국제과학비즈니스벨트,0
2026-10-10T11:12:26,187000003,대전75자9925,36.482918,127.297979,27.222,293064214,소담동(새샘마을),0
2026-10-10T11:12:26,187000003,대전75자9921,36.533945,127.292722,39.872,293064420,누리동,0
2026-10-10T11:12:26,187000003,대전75자9920,36.594941,127.331127,48.335,293064420,누리동,0
2026-10-10T11:12:26,187000003,대전75자9938,36.551628,127.301238,61.021,974019920,오송역2.3.4(미정차),0
2026-10-10T11:12:26,187000003,대전75자9916,36.616287,127.329411,52.343,974019920,오송역2.3.4(미정차),0
2026-10-10T11:12:26,187000003,대전75자9937,36.521999,127.259826,67.395,293064446,세종충남대학교병원,0
2026-10-10T11:12:26,187000003,대전75자9915,36.48724,127.257496,71.451,293053004,"새롬동,나성동",0
2026-10-10T11:12:26,187000003,대전75자9914,36.475131,127.280819,74.73,293064206,"보람동,대평동",0
2026-10-10T11:12:26,187000003,대전75자9911,36.481802,127.307476,77.712,293064218,한국개발연구원(KDI),0
2026-10-10T11:12:26,187000003,대전75자9910,36.443829,127.38373,87.464,186005287,국제과학비즈니스벨트,0
2026-10-10T11:12:26,187000003,대전75자9110,36.374636,127.403795,97.304,187001388,대덕산업단지,0
2026-10-10T11:12:26,187000003,대전75자9941,36.343701,127.421766,101.919,187001393,솔랑마을아파트,0
2026-10-10T11:12:26,187000003,대전75자9940,36.333018,127.431679,103.451,183002355,대전역,0
2026-10-10T11:12:26,271000801,충북70자6052,36.54753704,127.30138436,12.598,293064420,누리동,0
2026-10-10T11:12:26,271000801,충북70자1063,36.64674433,127.3398015,29.141,271000641,보건의료행정타운,0
2026-10-10T11:12:26,271000801,충북70자1044,36.7106972,127.4268312,41.51,274000032,미래나노텍,0
2026-10-10T11:12:26,271000802,충북70자5129,36.72119948,127.4913063,1.062,284000230,청주공항역,0
2026-10-10T11:12:26,271000802,충북70자3071,36.66085716,127.3827951,15.512,270054810,청주소로초등학교,0
2026-10-10T11:12:26,271000802,충북70자3070,36.61959291,127.3264442,26.935,270000635,오송역2.3.4,0
2026-10-10T11:12:26,271000802,충북70자2074,36.50508,127.261512,45.117,293062014,정부세종청사 북측,0
2026-10-10T11:12:26,293000282,세종70자1752,36.400087,127.3095,1.466,186004230,반석역,68
2026-10-10T11:12:26,293000282,세종70자1754,36.489212,127.244107,15.098,293064360,"새뜸마을4단지,가온마을1단지",25
2026-10-10T11:12:26,293000282,세종70자1745,36.519206,127.252425,20.446,293064056,범지기마을10단지,7
2026-10-10T11:12:26,293000282,세종70자1753,36.59873,127.298623,32.607,293001090,조치원전통시장,33
2026-10-10T11:12:26,293000282,세종70자1743,36.619062,127.327159,37.314,270054837,오송역종점,20
2026-10-10T11:12:26,293000282,세종70자1749,36.619109,127.326443,37.432,270054837,오송역종점,29
2026-10-10T11:12:26,293000283,세종70자1750,36.60025199,127.298256,4.736,293001088,조치원전통시장,4
2026-10-10T11:12:26,293000283,세종70자1747,36.518785,127.244941,16.334,293064099,"범지기3,9단지(청소년센터)",20
2026-10-10T11:12:26,293000283,세종70자1748,36.498596,127.249001,20.961,293064262,"가온마을6,9단지",30
2026-10-10T11:12:26,293000283,세종70자1751,36.46872,127.274797,27.493,293055059,세종고속시외버스터미널,29
2026-10-10T11:12:26,293000303,세종70자1507,36.532057,127.26846,15.606,293014026,한별동,34
2026-10-10T11:12:26,293000304,세종70자1305,36.49440899,127.256351,3.477,293054003,다정동,35
2026-10-10T11:12:26,293000304,세종70자1508,36.475106,127.280803,22.28,293064209,"보람동,대평동",43
2026-10-10T11:12:26,293000304,세종70자1304,36.467813,127.27362,23.301,293064251,대평동,14
2026-10-10T11:12:26,293000304,세종70자1509,36.468128,127.274032,23.301,293055001,세종고속시외버스터미널(지상),29
2026-10-10T11:12:26,293000305,세종70자1510,36.468513,127.274108,0.0,293055002,세종고속시외버스터미널(지상),17
2026-10-10T11:12:26,293000305,세종70자1354,36.467693,127.27356,0.0,293055002,세종고속시외버스터미널(지상),14
2026-10-10T11:12:26,293000305,세종70자1512,36.469263,127.273903,0.024,293055002,세종고속시외버스터미널(지상),34
2026-10-10T11:12:26,293000305,세종70자1511,36.480706,127.262093,21.554,293053009,한솔동,25
2026-10-10T11:12:26,293000311,세종70자1349,36.498366,127.32515,6.842,293900015,새나루마을10단지,35
2026-10-10T11:12:26,293000311,세종70자1351,36.50666,127.241203,17.092,293064472,"가락마을8단지,가재마을4단지",48
2026-10-10T11:12:26,293000311,세종70자1344,36.468471,127.273976,23.426,293055001,세종고속시외버스터미널(지상),10
2026-10-10T11:12:26,293000312,세종70자1345,36.46929,127.273823,0.028,293055002,세종고속시외버스터미널(지상),20
2026-10-10T11:12:26,293000312,세종70자1346,36.511835,127.241585,6.917,293064204,"시립도서관,대법원등기정보센터",33
2026-10-10T11:12:26,293000312,세종70자1350,36.482336,127.309744,19.155,293900017,새나루마을1단지 후문,46
2026-10-10T11:12:26,271000805,세종73자5675,36.475734,127.281834,5.964,293064209,"보람동,대평동",50
2026-10-10T11:12:26,271000805,세종73자5672,36.536914,127.309271,18.493,293064420,누리동,55
2026-10-10T11:12:26,271000805,세종73자5647,36.618881,127.432172,35.815,270054814,서현초등학교.가경아이파크아파트,23
2026-10-10T11:12:26,271000805,세종73자5646,36.641866,127.426034,39.17,270054819,솔밭초등학교.신영지웰시티,25
2026-10-10T11:12:26,271000805,세종73자5645,36.642274,127.42135,38.759,270054823,롯데쇼핑몰,2
2026-10-10T11:12:26,271000806,충북70자3086,36.6339,127.4243,4.001,971009430,비하삼일아파트,0
2026-10-10T11:12:26,271000806,충북70자2084,36.54073053,127.34882556,19.081,270054834,가경아이파크5단지,0
2026-10-10T11:12:26,271000806,충북70자1055,36.5341,127.27661,26.269,293014026,한별동,0
2026-10-10T11:12:26,271000806,충북70자7076,36.497498,127.310881,39.582,293064258,반곡동(수루배마을),0
2026-10-10T11:12:26,271000806,세종73자5644,36.493018,127.326733,42.158,293064479,집현동,16
2026-10-10T11:12:58,293000317,세종70자1704,36.466642,127.275183,9.82,186005279,반석역,32
2026-10-10T11:12:58,293000317,세종70자1706,36.500964,127.328469,16.776,293064417,세종공동캠퍼스,44
2026-10-10T11:12:58,293000317,세종70자1708,36.61949,127.326399,33.214,270054837,오송역종점,21
2026-10-10T11:12:58,293000318,세종70자1702,36.592374,127.32865,3.993,270000635,오송역2.3.4,68
2026-10-10T11:12:58,293000318,세종70자1705,36.48164,127.295788,20.574,293064214,소담동(새샘마을),64
2026-10-10T11:12:58,293000318,세종70자1701,36.390195,127.315931,32.906,186005278,반석역,66
2026-10-10T11:12:58,187000003,대전75자9929,36.349959,127.41382,3.334,187001383,한남오거리(BRT),0
2026-10-10T11:12:58,187000003,대전75자9927,36.415412,127.421251,11.999,187001386,오정농수산시장,0
2026-10-10T11:12:58,187000003,대전75자9926,36.468433,127.360279,20.836,186005286,국제과학비즈니스벨트,0
2026-10-10T11:12:58,187000003,대전75자9925,36.479807,127.291565,27.891,293064214,소담동(새샘마을),0
2026-10-10T11:12:58,187000003,대전75자9921,36.534339,127.295029,40.085,293064420,누리동,0
2026-10-10T11:12:58,187000003,대전75자9920,36.608404,127.338852,49.396,293064420,누리동,0
2026-10-10T11:12:58,187000003,대전75자9938,36.551628,127.301238,61.021,974019920,오송역2.3.4(미정차),0
2026-10-10T11:12:58,187000003,대전75자9916,36.616287,127.329411,52.343,974019920,오송역2.3.4(미정차),0
2026-10-10T11:12:58,187000003,대전75자9937,36.521165,127.25956,67.491,293064446,세종충남대학교병원,0
2026-10-10T11:12:58,187000003,대전75자9915,36.481419,127.261496,72.192,293053009,한솔동,0
2026-10-10T11:12:58,187000003,대전75자9914,36.475131,127.280819,74.73,293064206,"보람동,대평동",0
2026-10-10T11:12:58,187000003,대전75자9911,36.480957,127.307779,77.81,293064218,한국개발연구원(KDI),0
2026-10-10T11:12:58,187000003,대전75자9910,36.443829,127.38373,87.464,186005287,국제과학비즈니스벨트,0
2026-10-10T11:12:58,187000003,대전75자9110,36.363218,127.39949,98.942,187001388,대덕산업단지,0
2026-10-10T11:12:58,187000003,대전75자9941,36.341495,127.424802,102.285,187001394,한밭자이아파트,0
2026-10-10T11:12:58,187000003,대전75자9940,36.333018,127.431679,103.451,183002355,대전역,0
2026-10-10T11:12:58,271000801,충북70자7051,36.469306,127.273946,0.028,293055002,세종고속시외버스터미널(지상),0
2026-10-10T11:12:58,271000801,충북70자6052,36.54753704,127.30138436,12.598,293064420,누리동,0
2026-10-10T11:12:58,271000801,충북70자1063,36.64793001,127.3462893,29.618,271000641,보건의료행정타운,0
2026-10-10T11:12:58,271000801,충북70자1044,36.71069,127.42826,41.644,270051808,오창프라자,0
2026-10-10T11:12:58,271000802,충북70자5129,36.72014686,127.4897672,1.242,284000230,청주공항역,0
2026-10-10T11:12:58,271000802,충북70자3071,36.66085716,127.3827951,15.512,270054810,청주소로초등학교,0
2026-10-10T11:12:58,271000802,충북70자3070,36.61959291,127.3264442,26.935,270000635,오송역2.3.4,0
2026-10-10T11:12:58,271000802,충북70자2074,36.50461547,127.26134674,45.17,293062014,정부세종청사 북측,0
2026-10-10T11:12:58,293000282,세종70자1752,36.408517,127.302543,2.591,186004230,반석역,69
2026-10-10T11:12:58,293000282,세종70자1754,36.489431,127.244791,15.164,293064360,"새뜸마을4단지,가온마을1단지",22
2026-10-10T11:12:58,293000282,세종70자1745,36.519527,127.251554,20.563,293064056,범지기마을10단지,40
2026-10-10T11:12:58,293000282,세종70자1753,36.599582,127.298495,32.703,293001090,조치원전통시장,9
2026-10-10T11:12:58,293000282,세종70자1743,36.619062,127.327159,37.314,270054837,오송역종점,20
2026-10-10T11:12:58,293000282,세종70자1749,36.619109,127.326443,37.432,270054837,오송역종점,29
2026-10-10T11:12:58,293000283,세종70자1750,36.599776,127.298289,4.788,293001088,조치원전통시장,3
2026-10-10T11:12:58,293000283,세종70자1747,36.518683,127.246444,16.472,293064099,"범지기3,9단지(청소년센터)",48
2026-10-10T11:12:58,293000283,세종70자1748,36.49803699,127.248908,21.023,293064262,"가온마을6,9단지",28
2026-10-10T11:12:58,293000283,세종70자1751,36.468098,127.274882,27.563,293055059,세종고속시외버스터미널,29
2026-10-10T11:12:58,293000303,세종70자1507,36.530004,127.26529,15.971,293014017,"해밀동,산울동",52
2026-10-10T11:12:58,293000304,세종70자1305,36.499325,127.258819,4.07,293054003,다정동,57
2026-10-10T11:12:58,293000304,세종70자1508,36.47252499,127.276561,22.758,293064251,대평동,19
2026-10-10T11:12:58,293000304,세종70자1304,36.467813,127.27362,23.301,293064251,대평동,14
2026-10-10T11:12:58,293000304,세종70자1509,36.468128,127.274032,23.301,293055001,세종고속시외버스터미널(지상),29
2026-10-10T11:12:58,293000305,세종70자1510,36.468873,127.2741,0.0,293055002,세종고속시외버스터미널(지상),17
2026-10-10T11:12:58,293000305,세종70자1354,36.467693,127.27356,0.0,293055002,세종고속시외버스터미널(지상),14
2026-10-10T11:12:58,293000305,세종70자1512,36.469263,127.273903,0.024,293055002,세종고속시외버스터미널(지상),34
2026-10-10T11:12:58,293000305,세종70자1511,36.479665,127.262708,21.681,293053009,한솔동,25
2026-10-10T11:12:58,293000311,세종70자1349,36.498736,127.324841,6.892,293900015,새나루마을10단지,30
2026-10-10T11:12:58,293000311,세종70자1351,36.503677,127.240923,17.425,293064473,"종촌초등학교(가락마을6,7단지)",6
2026-10-10T11:12:58,293000311,세종70자1344,36.468471,127.273976,23.426,293055001,세종고속시외버스터미널(지상),10
2026-10-10T11:12:58,293000312,세종70자1345,36.46929,127.273823,0.028,293055002,세종고속시외버스터미널(지상),20
2026-10-10T11:12:58,293000312,세종70자1346,36.51506,127.241611,7.275,293064204,"시립도서관,대법원등기정보센터",40
2026-10-10T11:12:58,293000312,세종70자1350,36.482549,127.30742,19.415,293060004,한국개발연구원(KDI),8
2026-10-10T11:12:58,271000805,세종73자5675,36.475345,127.281131,6.041,293064209,"보람동,대평동",37
2026-10-10T11:12:58,271000805,세종73자5672,36.535392,127.314151,18.962,293900062,용호동,45
2026-10-10T11:12:58,271000805,세종73자5647,36.620057,127.434025,36.026,270054814,서현초등학교.가경아이파크아파트,23
2026-10-10T11:12:58,271000805,세종73자5646,36.641806,127.426788,39.238,270054819,솔밭초등학교.신영지웰시티,10
2026-10-10T11:12:58,271000805,세종73자5645,36.642274,127.42135,38.759,270054823,롯데쇼핑몰,2
2026-10-10T11:12:58,271000806,충북70자3086,36.6339,127.4243,4.001,971009430,비하삼일아파트,0
2026-10-10T11:12:58,271000806,충북70자2084,36.53875724,127.34085923,19.854,270054834,가경아이파크5단지,0
2026-10-10T11:12:58,271000806,충북70자1055,36.5341,127.27661,26.269,293014026,한별동,0
2026-10-10T11:12:58,271000806,충북70자7076,36.497498,127.310881,39.582,293064258,반곡동(수루배마을),0
2026-10-10T11:12:58,271000806,세종73자5644,36.493018,127.326733,42.158,293064479,집현동,16
2026-10-10T11:13:31,293000317,세종70자1704,36.467503,127.275061,9.917,186005279,반석역,36
2026-10-10T11:13:31,293000317,세종70자1706,36.501069,127.328551,16.79,293064417,세종공동캠퍼스,20
2026-10-10T11:13:31,293000318,세종70자1702,36.584346,127.321853,4.728,270000635,오송역2.3.4,68
2026-10-10T11:13:31,293000318,세종70자1705,36.479251,127.290261,21.14,293064214,소담동(새샘마을),54
2026-10-10T11:13:31,293000318,세종70자1701,36.390052,127.31604,32.906,186005278,반석역,67
2026-10-10T11:13:31,187000003,대전75자9929,36.351441,127.411957,3.569,187001384,오정동행정복지센터,0
2026-10-10T11:13:31,187000003,대전75자9927,36.415412,127.421251,11.999,187001386,오정농수산시장,0
2026-10-10T11:13:31,187000003,대전75자9926,36.468433,127.360279,20.836,186005286,국제과학비즈니스벨트,0
2026-10-10T11:13:31,187000003,대전75자9925,36.478942,127.289472,28.102,293064211,"세종시청,시의회,교육청",0
2026-10-10T11:13:31,187000003,대전75자9921,36.537021,127.304422,40.975,293064420,누리동,0
2026-10-10T11:13:31,187000003,대전75자9920,36.608404,127.338852,49.396,293064420,누리동,0
2026-10-10T11:13:31,187000003,대전75자9938,36.537403,127.304355,62.638,974019920,오송역2.3.4(미정차),0
2026-10-10T11:13:31,187000003,대전75자9916,36.608522,127.338585,53.533,974019920,오송역2.3.4(미정차),0
2026-10-10T11:13:31,187000003,대전75자9937,36.515217,127.258934,68.165,293056002,도담동,0
2026-10-10T11:13:31,187000003,대전75자9915,36.480654,127.262042,72.29,293053009,한솔동,0
2026-10-10T11:13:31,187000003,대전75자9914,36.477946,127.287669,75.415,293064210,"세종시청,시의회,교육청",0
2026-10-10T11:13:31,187000003,대전75자9911,36.47837,127.309959,78.166,293064218,한국개발연구원(KDI),0
2026-10-10T11:13:31,187000003,대전75자9910,36.437737,127.39617,88.837,187001388,대덕산업단지,0
2026-10-10T11:13:31,187000003,대전75자9110,36.358708,127.404222,99.599,187001388,대덕산업단지,0
2026-10-10T11:13:31,187000003,대전75자9941,36.341495,127.424802,102.285,187001394,한밭자이아파트,0
2026-10-10T11:13:31,187000003,대전75자9940,36.33139,127.432459,103.645,183002355,대전역,0
2026-10-10T11:13:31,271000801,충북70자7051,36.469306,127.273946,0.028,293055002,세종고속시외버스터미널(지상),0
2026-10-10T11:13:31,271000801,충북70자6052,36.58259606,127.32166849,17.004,293064420,누리동,0
2026-10-10T11:13:31,271000801,충북70자1063,36.64586039,127.3515956,29.618,271000641,보건의료행정타운,0
2026-10-10T11:13:31,271000801,충북70자1044,36.71069,127.42826,41.644,270051808,오창프라자,0
2026-10-10T11:13:31,271000802,충북70자5129,36.71531786,127.4852301,1.931,284000230,청주공항역,0
2026-10-10T11:13:31,271000802,충북70자3071,36.65972511,127.3816225,15.676,270054810,청주소로초등학교,0
2026-10-10T11:13:31,271000802,충북70자3070,36.61959291,127.3264442,26.935,270000635,오송역2.3.4,0
2026-10-10T11:13:31,271000802,충북70자2074,36.501765,127.259955,45.511,293062007,정부세종청사 남측,0
2026-10-10T11:13:31,293000282,세종70자1752,36.41417899,127.300069,3.269,186004230,반석역,68
2026-10-10T11:13:31,293000282,세종70자1754,36.489919,127.246909,15.358,293064360,"새뜸마을4단지,가온마을1단지",26
2026-10-10T11:13:31,293000282,세종70자1745,36.519193,127.249034,20.792,293064102,범지기마을10단지 북측,11
2026-10-10T11:13:31,293000282,세종70자1753,36.599722,127.298466,32.718,293001090,조치원전통시장,8
2026-10-10T11:13:31,293000282,세종70자1744,36.619289,127.326585,37.381,270054837,오송역종점,18
2026-10-10T11:13:31,293000282,세종70자1743,36.619062,127.327159,37.314,270054837,오송역종점,20
2026-10-10T11:13:31,293000282,세종70자1749,36.619109,127.326443,37.432,270054837,오송역종점,29
2026-10-10T11:13:31,293000283,세종70자1750,36.597344,127.298734,5.062,293064035,조치원1927아트센터,39
2026-10-10T11:13:31,293000283,세종70자1747,36.519101,127.249062,16.712,293064101,범지기마을10단지 북측,26
2026-10-10T11:13:31,293000283,세종70자1748,36.497522,127.248855,21.081,293064262,"가온마을6,9단지",28
2026-10-10T11:13:31,293000283,세종70자1751,36.468098,127.274882,27.563,293055059,세종고속시외버스터미널,29
2026-10-10T11:13:31,293000303,세종70자1510,36.470821,127.27368,23.503,293064221,세종고속시외버스터미널(지하),8
2026-10-10T11:13:31,293000303,세종70자1507,36.529169,127.264588,16.083,293014017,"해밀동,산울동",15
2026-10-10T11:13:31,293000304,세종70자1305,36.502499,127.260419,4.451,293062006,정부세종청사 남측,49
2026-10-10T11:13:31,293000304,세종70자1508,36.47252499,127.276561,22.758,293064251,대평동,255
2026-10-10T11:13:31,293000304,세종70자1304,36.467813,127.27362,23.301,293064251,대평동,14
2026-10-10T11:13:31,293000304,세종70자1509,36.468128,127.274032,23.301,293055001,세종고속시외버스터미널(지상),29
2026-10-10T11:13:31,293000305,세종70자1512,36.469263,127.273903,0.024,293055002,세종고속시외버스터미널(지상),34
2026-10-10T11:13:31,293000305,세종70자1354,36.467693,127.27356,0.0,293055002,세종고속시외버스터미널(지상),14
2026-10-10T11:13:31,293000305,세종70자1511,36.479135,127.263021,21.746,293053009,한솔동,39
2026-10-10T11:13:31,293000311,세종70자1349,36.498038,127.321603,7.192,293064480,집현동,39
2026-10-10T11:13:31,293000311,세종70자1351,36.503081,127.240882,17.491,293064473,"종촌초등학교(가락마을6,7단지)",23
2026-10-10T11:13:31,293000311,세종70자1344,36.468471,127.273976,23.426,293055001,세종고속시외버스터미널(지상),10
2026-10-10T11:13:31,293000312,세종70자1345,36.46929,127.273823,0.028,293055002,세종고속시외버스터미널(지상),20
2026-10-10T11:13:31,293000312,세종70자1346,36.516591,127.241697,7.446,293064476,아름제2중(가락마을20단지),29
2026-10-10T11:13:31,293000312,세종70자1350,36.48533299,127.303243,19.905,293064364,새샘마을6단지,48
2026-10-10T11:13:31,271000805,세종73자5675,36.47236,127.276618,6.563,293064209,"보람동,대평동",57
2026-10-10T11:13:31,271000805,세종73자5672,36.533844,127.317309,19.293,293900062,용호동,54
2026-10-10T11:13:31,271000805,세종73자5647,36.620057,127.434025,36.026,270054814,서현초등학교.가경아이파크아파트,23
2026-10-10T11:13:31,271000805,세종73자5646,36.641806,127.426788,39.238,270054819,솔밭초등학교.신영지웰시티,10
2026-10-10T11:13:31,271000805,세종73자5645,36.642274,127.42135,38.759,270054823,롯데쇼핑몰,2
2026-10-10T11:13:31,271000806,충북70자3086,36.63214,127.42561,4.228,971006760,충북선거관리위원회,0
2026-10-10T11:13:31,271000806,충북70자2084,36.53584925,127.33461061,20.499,270054834,가경아이파크5단지,0
2026-10-10T11:13:31,271000806,충북70자1055,36.5341,127.27661,26.269,293014026,한별동,0
2026-10-10T11:13:31,271000806,충북70자7076,36.497498,127.310881,39.582,293064258,반곡동(수루배마을),0
2026-10-10T11:13:31,271000806,세종73자5644,36.493018,127.326733,42.158,293064479,집현동,16
2026-10-10T11:14:03,293000317,세종70자1704,36.468955,127.274892,10.079,186005279,반석역,36
2026-10-10T11:14:03,293000317,세종70자1706,36.504635,127.329421,17.198,293064417,세종공동캠퍼스,62
2026-10-10T11:14:03,293000318,세종70자1702,36.579177,127.321081,5.696,270000635,오송역2.3.4,69
2026-10-10T11:14:03,293000318,세종70자1705,36.478652,127.288971,21.273,293064211,"세종시청,시의회,교육청",11
2026-10-10T11:14:03,293000318,세종70자1701,36.390052,127.31604,32.906,186005278,반석역,67
2026-10-10T11:14:03,187000003,대전75자9929,36.351441,127.411957,3.569,187001384,오정동행정복지센터,0
2026-10-10T11:14:03,187000003,대전75자9927,36.423776,127.414247,13.146,187001386,오정농수산시장,0
2026-10-10T11:14:03,187000003,대전75자9926,36.474449,127.334164,23.305,186005286,국제과학비즈니스벨트,0
2026-10-10T11:14:03,187000003,대전75자9925,36.478492,127.288516,28.201,293064211,"세종시청,시의회,교육청",0
2026-10-10T11:14:03,187000003,대전75자9921,36.537021,127.304422,40.975,293064420,누리동,0
2026-10-10T11:14:03,187000003,대전75자9920,36.617222,127.328588,51.499,293064420,누리동,0
2026-10-10T11:14:03,187000003,대전75자9938,36.537403,127.304355,62.638,974019920,오송역2.3.4(미정차),0
2026-10-10T11:14:03,187000003,대전75자9916,36.608522,127.338585,53.533,974019920,오송역2.3.4(미정차),0
2026-10-10T11:14:03,187000003,대전75자9937,36.51433,127.259032,68.264,293056002,도담동,0
2026-10-10T11:14:03,187000003,대전75자9915,36.479254,127.263056,72.47,293053009,한솔동,0
2026-10-10T11:14:03,187000003,대전75자9914,36.477946,127.287669,75.415,293064210,"세종시청,시의회,교육청",0
2026-10-10T11:14:03,187000003,대전75자9911,36.47837,127.309959,78.166,293064218,한국개발연구원(KDI),0
2026-10-10T11:14:03,187000003,대전75자9910,36.437737,127.39617,88.837,187001388,대덕산업단지,0
2026-10-10T11:14:03,187000003,대전75자9110,36.358708,127.404222,99.599,187001388,대덕산업단지,0
2026-10-10T11:14:03,187000003,대전75자9941,36.338247,127.429232,102.822,187001394,한밭자이아파트,0
2026-10-10T11:14:03,187000003,대전75자9940,36.33139,127.432459,103.645,183002355,대전역,0
2026-10-10T11:14:03,271000801,충북70자7051,36.470816,127.273172,0.251,293064220,세종고속시외버스터미널(지하),0
2026-10-10T11:14:03,271000801,충북70자6052,36.587685,127.322945,18.014,293064420,누리동,0
2026-10-10T11:14:03,271000801,충북70자1063,36.64507785,127.3535489,29.618,271000641,보건의료행정타운,0
2026-10-10T11:14:03,271000801,충북70자1044,36.71069,127.42826,41.644,270051808,오창프라자,0
2026-10-10T11:14:03,271000802,충북70자5129,36.70938222,127.4823148,2.665,284000230,청주공항역,0
2026-10-10T11:14:03,271000802,충북70자3071,36.65558035,127.3767704,16.309,270054810,청주소로초등학교,0
2026-10-10T11:14:03,271000802,충북70자3070,36.6183991,127.327211,26.76,270000635,오송역2.3.4,0
2026-10-10T11:14:03,271000802,충북70자2074,36.501765,127.259955,45.511,293062007,정부세종청사 남측,0
2026-10-10T11:14:03,293000282,세종70자1752,36.418545,127.299228,3.514,186004230,반석역,67
2026-10-10T11:14:03,293000282,세종70자1754,36.490496,127.249471,15.6,293064360,"새뜸마을4단지,가온마을1단지",10
2026-10-10T11:14:03,293000282,세종70자1745,36.519194,127.249034,20.792,293064102,범지기마을10단지 북측,11
2026-10-10T11:14:03,293000282,세종70자1753,36.601112,127.298263,32.874,293001090,조치원전통시장,12
2026-10-10T11:14:03,293000282,세종70자1744,36.619289,127.326585,37.381,270054837,오송역종점,18
2026-10-10T11:14:03,293000282,세종70자1743,36.619062,127.327159,37.314,270054837,오송역종점,20
2026-10-10T11:14:03,293000282,세종70자1749,36.619109,127.326443,37.432,270054837,오송역종점,29
2026-10-10T11:14:03,293000283,세종70자1750,36.595977,127.295989,5.417,293064035,조치원1927아트센터,21
2026-10-10T11:14:03,293000283,세종70자1747,36.51905399,127.252362,17.072,293061007,범지기마을10단지,39
2026-10-10T11:14:03,293000283,세종70자1748,36.497522,127.248855,21.081,293064262,"가온마을6,9단지",28
2026-10-10T11:14:03,293000283,세종70자1751,36.466837,127.275038,27.704,293055059,세종고속시외버스터미널,48
2026-10-10T11:14:03,293000303,세종70자1510,36.472245,127.276581,0.847,293064252,대평동,22
2026-10-10T11:14:03,293000303,세종70자1507,36.525235,127.26139,16.611,293014017,"해밀동,산울동",55
2026-10-10T11:14:03,293000304,세종70자1305,36.504008,127.261131,4.631,293062011,정부세종청사 북측,29
2026-10-10T11:14:03,293000304,세종70자1508,36.47055,127.273441,23.127,293064251,대평동,13
2026-10-10T11:14:03,293000304,세종70자1304,36.467813,127.27362,23.301,293064251,대평동,14
2026-10-10T11:14:03,293000304,세종70자1509,36.468128,127.274032,23.301,293055001,세종고속시외버스터미널(지상),29
2026-10-10T11:14:03,293000305,세종70자1512,36.469263,127.273903,0.024,293055002,세종고속시외버스터미널(지상),34
2026-10-10T11:14:03,293000305,세종70자1354,36.467693,127.27356,0.0,293055002,세종고속시외버스터미널(지상),14
2026-10-10T11:14:03,293000305,세종70자1511,36.475486,127.265689,22.217,293053009,한솔동,58
2026-10-10T11:14:03,293000311,세종70자1349,36.4978,127.319868,7.351,293064480,집현동,51
2026-10-10T11:14:03,293000311,세종70자1351,36.502434,127.240758,17.565,293064473,"종촌초등학교(가락마을6,7단지)",23
2026-10-10T11:14:03,293000311,세종70자1344,36.468471,127.273976,23.426,293055001,세종고속시외버스터미널(지상),10
2026-10-10T11:14:03,293000312,세종70자1345,36.46929,127.273823,0.028,293055002,세종고속시외버스터미널(지상),20
2026-10-10T11:14:03,293000312,세종70자1346,36.516931,127.241769,7.484,293064476,아름제2중(가락마을20단지),4
2026-10-10T11:14:03,293000312,세종70자1350,36.48616,127.301091,20.134,293064364,새샘마을6단지,34
2026-10-10T11:14:03,271000805,세종73자5675,36.47076599,127.273319,6.911,293064220,세종고속시외버스터미널(지하),28
2026-10-10T11:14:03,271000805,세종73자5672,36.531127,127.320874,19.731,293064498,다솜동,50
2026-10-10T11:14:03,271000805,세종73자5647,36.620057,127.434025,36.026,270054814,서현초등학교.가경아이파크아파트,23
2026-10-10T11:14:03,271000805,세종73자5646,36.641806,127.426788,39.238,270054819,솔밭초등학교.신영지웰시티,10
2026-10-10T11:14:03,271000805,세종73자5645,36.642274,127.42135,38.759,270054823,롯데쇼핑몰,2
2026-10-10T11:14:03,271000806,충북70자3086,36.63126667,127.4264983,4.352,971006760,충북선거관리위원회,0
2026-10-10T11:14:03,271000806,충북70자2084,36.53584925,127.33461061,20.499,270054834,가경아이파크5단지,0
2026-10-10T11:14:03,271000806,충북70자1055,36.5341,127.27661,26.269,293014026,한별동,0
2026-10-10T11:14:03,271000806,충북70자7076,36.4980217,127.322273,40.609,293064258,반곡동(수루배마을),0
2026-10-10T11:14:03,271000806,세종73자5644,36.493018,127.326733,42.158,293064479,집현동,16
2026-10-10T11:14:35,293000317,세종70자1704,36.468955,127.274892,10.079,186005279,반석역,36
2026-10-10T11:14:35,293000317,세종70자1706,36.509581,127.329854,17.75,293064417,세종공동캠퍼스,69
2026-10-10T11:14:35,293000318,세종70자1702,36.574284,127.318638,6.529,270000635,오송역2.3.4,68
2026-10-10T11:14:35,293000318,세종70자1705,36.477981,127.287164,21.451,293064211,"세종시청,시의회,교육청",59
2026-10-10T11:14:35,293000318,세종70자1701,36.390052,127.31604,32.906,186005278,반석역,67
2026-10-10T11:14:35,187000003,대전75자9929,36.351441,127.411957,3.569,187001384,오정동행정복지센터,0
2026-10-10T11:14:35,187000003,대전75자9927,36.423776,127.414247,13.146,187001386,오정농수산시장,0
2026-10-10T11:14:35,187000003,대전75자9926,36.474449,127.334164,23.305,186005286,국제과학비즈니스벨트,0
2026-10-10T11:14:35,187000003,대전75자9925,36.478492,127.288516,28.201,293064211,"세종시청,시의회,교육청",0
2026-10-10T11:14:35,187000003,대전75자9921,36.537021,127.304422,40.975,293064420,누리동,0
2026-10-10T11:14:35,187000003,대전75자9920,36.618166,127.327523,51.641,293064420,누리동,0
2026-10-10T11:14:35,187000003,대전75자9916,36.608522,127.338585,53.533,974019920,오송역2.3.4(미정차),0
2026-10-10T11:14:35,187000003,대전75자9938,36.534037,127.292654,63.783,293014058,누리동,0
2026-10-10T11:14:35,187000003,대전75자9937,36.51433,127.259032,68.264,293056002,도담동,0
2026-10-10T11:14:35,187000003,대전75자9915,36.479254,127.263056,72.47,293053009,한솔동,0
2026-10-10T11:14:35,187000003,대전75자9914,36.478376,127.288738,75.522,293064210,"세종시청,시의회,교육청",0
2026-10-10T11:14:35,187000003,대전75자9911,36.47837,127.309959,78.166,293064218,한국개발연구원(KDI),0
2026-10-10T11:14:35,187000003,대전75자9910,36.430213,127.405399,90.015,187001388,대덕산업단지,0
2026-10-10T11:14:35,187000003,대전75자9110,36.358708,127.404222,99.599,187001388,대덕산업단지,0
2026-10-10T11:14:35,187000003,대전75자9941,36.335917,127.430462,103.111,187001394,한밭자이아파트,0
2026-10-10T11:14:35,187000003,대전75자9940,36.33139,127.432459,103.645,183002355,대전역,0
2026-10-10T11:14:35,271000801,충북70자7051,36.470816,127.273172,0.251,293064220,세종고속시외버스터미널(지하),0
2026-10-10T11:14:35,271000801,충북70자6052,36.587685,127.322945,18.014,293064420,누리동,0
2026-10-10T11:14:35,271000801,충북70자1063,36.64507785,127.3535489,29.618,271000641,보건의료행정타운,0
2026-10-10T11:14:35,271000801,충북70자1044,36.7108014,127.4299633,41.796,270051808,오창프라자,0
2026-10-10T11:14:35,271000802,충북70자5129,36.70911978,127.4818865,2.713,284000230,청주공항역,0
2026-10-10T11:14:35,271000802,충북70자3071,36.65185624,127.3724538,17.297,270054810,청주소로초등학교,0
2026-10-10T11:14:35,271000802,충북70자3070,36.6142691,127.3317501,27.984,270000635,오송역2.3.4,0
2026-10-10T11:14:35,271000802,충북70자2074,36.501765,127.259955,45.511,293062007,정부세종청사 남측,0
2026-10-10T11:14:35,293000282,세종70자1752,36.423014,127.296313,3.514,186004230,반석역,69
2026-10-10T11:14:35,293000282,세종70자1754,36.491548,127.249721,15.748,293064237,"가온마을4,7단지",12
2026-10-10T11:14:35,293000282,세종70자1745,36.519194,127.249034,20.792,293064102,범지기마을10단지 북측,11
2026-10-10T11:14:35,293000282,세종70자1753,36.601216,127.297077,32.991,293001084,조치원역,18
2026-10-10T11:14:35,293000282,세종70자1744,36.619289,127.326585,37.381,270054837,오송역종점,18
2026-10-10T11:14:35,293000282,세종70자1743,36.619062,127.327159,37.314,270054837,오송역종점,20
2026-10-10T11:14:35,293000282,세종70자1749,36.619109,127.326443,37.432,270054837,오송역종점,29
2026-10-10T11:14:35,293000283,세종70자1750,36.59551299,127.292841,5.703,293064146,세종시보건소(대동초),34
2026-10-10T11:14:35,293000283,세종70자1747,36.518191,127.252161,17.169,293061007,범지기마을10단지,39
2026-10-10T11:14:35,293000283,세종70자1748,36.496861,127.248796,21.154,293064262,"가온마을6,9단지",31
2026-10-10T11:14:35,293000283,세종70자1751,36.459415,127.279654,28.66,293055059,세종고속시외버스터미널,68
2026-10-10T11:14:35,293000303,세종70자1510,36.474461,127.279096,1.177,293064252,대평동,38
2026-10-10T11:14:35,293000303,세종70자1507,36.521951,127.25983,17.002,293064446,세종충남대학교병원,41
2026-10-10T11:14:35,293000304,세종70자1305,36.504193,127.261219,4.653,293062011,정부세종청사 북측,1
2026-10-10T11:14:35,293000304,세종70자1508,36.469258,127.273869,23.277,293064251,대평동,13
2026-10-10T11:14:35,293000304,세종70자1304,36.467813,127.27362,23.301,293064251,대평동,14
2026-10-10T11:14:35,293000304,세종70자1509,36.468128,127.274032,23.301,293055001,세종고속시외버스터미널(지상),29
2026-10-10T11:14:35,293000305,세종70자1512,36.469263,127.273903,0.024,293055002,세종고속시외버스터미널(지상),34
2026-10-10T11:14:35,293000305,세종70자1354,36.467693,127.27356,0.0,293055002,세종고속시외버스터미널(지상),14
2026-10-10T11:14:35,293000305,세종70자1511,36.471801,127.268498,22.698,293053009,한솔동,56
2026-10-10T11:14:35,293000311,세종70자1348,36.467663,127.27359,0.0,293055002,세종고속시외버스터미널(지상),255
2026-10-10T11:14:35,293000311,세종70자1349,36.497756,127.318085,7.512,293064480,집현동,51
2026-10-10T11:14:35,293000311,세종70자1351,36.502426,127.240771,17.565,293064473,"종촌초등학교(가락마을6,7단지)",23
2026-10-10T11:14:35,293000311,세종70자1344,36.468471,127.273976,23.426,293055001,세종고속시외버스터미널(지상),10
2026-10-10T11:14:35,293000312,세종70자1345,36.46929,127.273823,0.028,293055002,세종고속시외버스터미널(지상),20
2026-10-10T11:14:35,293000312,세종70자1346,36.517387,127.241906,7.537,293064476,아름제2중(가락마을20단지),31
2026-10-10T11:14:35,293000312,세종70자1350,36.482576,127.297588,20.65,293064214,소담동(새샘마을),16
2026-10-10T11:14:35,271000805,세종73자5675,36.47065,127.272836,6.954,293064220,세종고속시외버스터미널(지하),14
2026-10-10T11:14:35,271000805,세종73자5672,36.52987,127.322521,19.935,293064498,다솜동,50
2026-10-10T11:14:35,271000805,세종73자5647,36.620057,127.434025,36.026,270054814,서현초등학교.가경아이파크아파트,23
2026-10-10T11:14:35,271000805,세종73자5646,36.641793,127.42877,39.415,270054819,솔밭초등학교.신영지웰시티,29
2026-10-10T11:14:35,271000805,세종73자5645,36.642274,127.42135,38.759,270054823,롯데쇼핑몰,2
2026-10-10T11:14:35,271000806,충북70자3086,36.63126667,127.4264983,4.352,971006760,충북선거관리위원회,0
2026-10-10T11:14:35,271000806,충북70자2084,36.53584925,127.33461061,20.499,270054834,가경아이파크5단지,0
2026-10-10T11:14:35,271000806,충북70자1055,36.5341,127.27661,26.269,293014026,한별동,0
2026-10-10T11:14:35,271000806,충북70자7076,36.4980217,127.322273,40.609,293064258,반곡동(수루배마을),0
2026-10-10T11:14:35,271000806,세종73자5644,36.493018,127.326733,42.158,293064479,집현동,16
2026-10-10T11:15:07,293000317,세종70자1704,36.469092,127.273971,10.206,293055002,세종고속시외버스터미널(지상),11
2026-10-10T11:15:07,293000317,세종70자1706,36.514766,127.33033,18.328,293064417,세종공동캠퍼스,68
2026-10-10T11:15:07,293000318,세종70자1702,36.570245,127.314395,7.117,270000635,오송역2.3.4,69
2026-10-10T11:15:07,293000318,세종70자1705,36.475872,127.282167,21.959,293064211,"세종시청,시의회,교육청",38
2026-10-10T11:15:07,293000318,세종70자1701,36.390052,127.31604,32.906,186005278,반석역,67
2026-10-10T11:15:07,187000003,대전75자9929,36.353004,127.410014,3.815,187001384,오정동행정복지센터,0
2026-10-10T11:15:07,187000003,대전75자9927,36.429954,127.405845,14.167,187001386,오정농수산시장,0
2026-10-10T11:15:07,187000003,대전75자9926,36.474449,127.334164,23.305,186005286,국제과학비즈니스벨트,0
2026-10-10T11:15:07,187000003,대전75자9925,36.475835000000004,127.282088,28.847,293064209,"보람동,대평동",0
2026-10-10T11:15:07,187000003,대전75자9921,36.55136,127.301454,42.636,293064420,누리동,0
2026-10-10T11:15:07,187000003,대전75자9920,36.618667,127.326999,51.994,270000635,오송역2.3.4,0
2026-10-10T11:15:07,187000003,대전75자9916,36.595448,127.331406,48.395,974019920,오송역2.3.4(미정차),0
2026-10-10T11:15:07,187000003,대전75자9938,36.534039,127.291558,63.88,293014058,누리동,0
2026-10-10T11:15:07,187000003,대전75자9937,36.505447,127.261648,69.299,293062014,정부세종청사 북측,0
2026-10-10T11:15:07,187000003,대전75자9915,36.479254,127.263056,72.47,293053009,한솔동,0
2026-10-10T11:15:07,187000003,대전75자9914,36.482287,127.297205,76.396,293064216,소담동(새샘마을),0
2026-10-10T11:15:07,187000003,대전75자9911,36.47445,127.333734,80.357,293064218,한국개발연구원(KDI),0
2026-10-10T11:15:07,187000003,대전75자9910,36.430213,127.405399,90.015,187001388,대덕산업단지,0
2026-10-10T11:15:07,187000003,대전75자9110,36.355999,127.40618,99.955,187001389,오정농수산오거리,0
2026-10-10T11:15:07,187000003,대전75자9940,36.333637,127.437564,104.235,183002355,대전역,0
2026-10-10T11:15:07,187000003,대전75자9941,36.33385,127.431345,103.354,183002355,대전역,0
2026-10-10T11:15:07,271000801,충북70자7051,36.470816,127.273172,0.251,293064220,세종고속시외버스터미널(지하),0
2026-10-10T11:15:07,271000801,충북70자6052,36.587685,127.322945,18.014,293064420,누리동,0
2026-10-10T11:15:07,271000801,충북70자1063,36.64507785,127.3535489,29.618,271000641,보건의료행정타운,0
2026-10-10T11:15:07,271000801,충북70자1044,36.70955916,127.4334736,42.147,270051808,오창프라자,0
2026-10-10T11:15:07,271000802,충북70자5129,36.70831874,127.4788584,2.996,284000230,청주공항역,0
2026-10-10T11:15:07,271000802,충북70자3071,36.65185624,127.3724538,17.297,270054810,청주소로초등학교,0
2026-10-10T11:15:07,271000802,충북70자3070,36.61049682,127.3360995,28.625,270000635,오송역2.3.4,0
2026-10-10T11:15:07,271000802,충북70자2074,36.49835032,127.25816801,45.922,293062007,정부세종청사 남측,0
2026-10-10T11:15:07,293000282,세종70자1752,36.426533,127.291594,4.909,186004230,반석역,68
2026-10-10T11:15:07,293000282,세종70자1754,36.491548,127.249721,15.748,293064237,"가온마을4,7단지",12
2026-10-10T11:15:07,293000282,세종70자1745,36.51881,127.245353,21.13,293064100,"범지기3,9단지(청소년센터)",17
2026-10-10T11:15:07,293000282,세종70자1753,36.601117,127.297298,33.067,293001090,조치원전통시장,17
2026-10-10T11:15:07,293000282,세종70자1744,36.619289,127.326585,37.381,270054837,오송역종점,18
2026-10-10T11:15:07,293000282,세종70자1743,36.619062,127.327159,37.314,270054837,오송역종점,20
2026-10-10T11:15:07,293000282,세종70자1749,36.619109,127.326443,37.432,270054837,오송역종점,29
2026-10-10T11:15:07,293000283,세종70자1750,36.595351,127.291542,5.82,293064146,세종시보건소(대동초),26
2026-10-10T11:15:07,293000283,세종70자1747,36.518191,127.252161,17.169,293061007,범지기마을10단지,39
2026-10-10T11:15:07,293000283,세종70자1748,36.493995,127.248867,21.482,293064264,다정동커뮤니티센터,23
2026-10-10T11:15:07,293000283,세종70자1751,36.458367,127.280739,28.812,293055059,세종고속시외버스터미널,67
2026-10-10T11:15:07,293000303,세종70자1510,36.47548,127.280711,1.361,293064206,"보람동,대평동",1
2026-10-10T11:15:07,293000303,세종70자1507,36.520196,127.259343,17.203,293064446,세종충남대학교병원,45
2026-10-10T11:15:07,293000304,세종70자1305,36.506883,127.261891,4.961,293062011,정부세종청사 북측,55
2026-10-10T11:15:07,293000304,세종70자1508,36.469258,127.273869,23.277,293064251,대평동,13
2026-10-10T11:15:07,293000304,세종70자1304,36.467813,127.27362,23.301,293064251,대평동,14
2026-10-10T11:15:07,293000304,세종70자1509,36.468128,127.274032,23.301,293055001,세종고속시외버스터미널(지상),29
2026-10-10T11:15:07,293000305,세종70자1512,36.469263,127.273903,0.024,293055002,세종고속시외버스터미널(지상),34
2026-10-10T11:15:07,293000305,세종70자1354,36.467693,127.27356,0.0,293055002,세종고속시외버스터미널(지상),14
2026-10-10T11:15:07,293000305,세종70자1511,36.471801,127.268498,22.698,293053009,한솔동,255
2026-10-10T11:15:07,293000311,세종70자1348,36.467663,127.27359,0.0,293055002,세종고속시외버스터미널(지상),255
2026-10-10T11:15:07,293000311,세종70자1349,36.497756,127.318085,7.512,293064480,집현동,51
2026-10-10T11:15:07,293000311,세종70자1351,36.502088,127.240777,17.603,293064473,"종촌초등학교(가락마을6,7단지)",30
2026-10-10T11:15:07,293000311,세종70자1344,36.468471,127.273976,23.426,293055001,세종고속시외버스터미널(지상),10
2026-10-10T11:15:07,293000312,세종70자1345,36.46929,127.273823,0.028,293055002,세종고속시외버스터미널(지상),20
2026-10-10T11:15:07,293000312,세종70자1346,36.519214,127.242791,7.759,293064476,아름제2중(가락마을20단지),29
2026-10-10T11:15:07,293000312,세종70자1350,36.481571,127.29589,20.835,293064214,소담동(새샘마을),64
2026-10-10T11:15:07,271000805,세종73자5675,36.47227,127.268238,7.415,293064220,세종고속시외버스터미널(지하),52
2026-10-10T11:15:07,271000805,세종73자5672,36.529636,127.323192,19.996,293064498,다솜동,27
2026-10-10T11:15:07,271000805,세종73자5647,36.62128,127.43374,36.182,270054815,가로수마을휴먼시아,17
2026-10-10T11:15:07,271000805,세종73자5646,36.641732,127.430296,39.551,270054819,솔밭초등학교.신영지웰시티,29
2026-10-10T11:15:07,271000805,세종73자5645,36.642274,127.42135,38.759,270054823,롯데쇼핑몰,2
2026-10-10T11:15:07,271000806,충북70자3086,36.62717333,127.4294183,4.877,971006760,충북선거관리위원회,0
2026-10-10T11:15:07,271000806,충북70자2084,36.53187,127.320414,22.114,293064499,다솜동,0
2026-10-10T11:15:07,271000806,충북70자1055,36.5341,127.27661,26.269,293014026,한별동,0
2026-10-10T11:15:07,271000806,충북70자7076,36.4980217,127.322273,40.609,293064258,반곡동(수루배마을),0
2026-10-10T11:15:07,271000806,세종73자5642,36.492934,127.326945,42.158,293064479,집현동,255
2026-10-10T11:15:07,271000806,세종73자5644,36.493018,127.326733,42.158,293064479,집현동,16
2026-10-10T11:15:39,293000317,세종70자1704,36.469753,127.273811,10.291,293055002,세종고속시외버스터미널(지상),26
2026-10-10T11:15:39,293000317,세종70자1706,36.519393,127.330729,18.844,293064417,세종공동캠퍼스,40
2026-10-10T11:15:39,293000318,세종70자1702,36.56647,127.310326,7.672,270000635,오송역2.3.4,68
2026-10-10T11:15:39,293000318,세종70자1705,36.475267,127.281081,22.072,293064209,"보람동,대평동",38
2026-10-10T11:15:39,293000318,세종70자1701,36.390052,127.31604,32.906,186005278,반석역,67
2026-10-10T11:15:39,187000003,대전75자9929,36.354713,127.407891,4.084,187001385,오정농수산오거리,0
2026-10-10T11:15:39,187000003,대전75자9927,36.429954,127.405845,14.167,187001386,오정농수산시장,0
2026-10-10T11:15:39,187000003,대전75자9926,36.478266,127.310229,25.497,186005286,국제과학비즈니스벨트,0
2026-10-10T11:15:39,187000003,대전75자9925,36.475446,127.281391,28.925,293064209,"보람동,대평동",0
2026-10-10T11:15:39,187000003,대전75자9921,36.55136,127.301454,42.636,293064420,누리동,0
2026-10-10T11:15:39,187000003,대전75자9920,36.618667,127.326999,51.994,270000635,오송역2.3.4,0
2026-10-10T11:15:39,187000003,대전75자9916,36.58879,127.323764,47.38,974019920,오송역2.3.4(미정차),0
2026-10-10T11:15:39,187000003,대전75자9938,36.534039,127.291558,63.88,293014058,누리동,0
2026-10-10T11:15:39,187000003,대전75자9937,36.505053,127.261533,69.343,293062014,정부세종청사 북측,0
2026-10-10T11:15:39,187000003,대전75자9915,36.470604,127.272934,73.856,293064221,세종고속시외버스터미널(지하),0
2026-10-10T11:15:39,187000003,대전75자9914,36.482287,127.297205,76.396,293064216,소담동(새샘마을),0
2026-10-10T11:15:39,187000003,대전75자9911,36.47445,127.333734,80.357,293064218,한국개발연구원(KDI),0
2026-10-10T11:15:39,187000003,대전75자9910,36.423995,127.413849,91.044,187001388,대덕산업단지,0
2026-10-10T11:15:39,187000003,대전75자9110,36.355999,127.40618,99.955,187001389,오정농수산오거리,0
2026-10-10T11:15:39,187000003,대전75자9941,36.33385,127.431345,103.354,183002355,대전역,0
2026-10-10T11:15:39,187000003,대전75자9940,36.333884,127.43731,104.27,187001395,대전역동광장,0
2026-10-10T11:15:39,271000801,충북70자7051,36.469306,127.273946,0.028,293055002,세종고속시외버스터미널(지상),0
2026-10-10T11:15:39,271000801,충북70자6052,36.587685,127.322945,18.014,293064420,누리동,0
2026-10-10T11:15:39,271000801,충북70자1063,36.64507785,127.3535489,29.618,271000641,보건의료행정타운,0
2026-10-10T11:15:39,271000801,충북70자1044,36.70752783,127.4368772,42.53,270051808,오창프라자,0
2026-10-10T11:15:39,271000802,충북70자5129,36.70669358,127.4744784,3.427,284000230,청주공항역,0
2026-10-10T11:15:39,271000802,충북70자3071,36.65185624,127.3724538,17.297,270054810,청주소로초등학교,0
2026-10-10T11:15:39,271000802,충북70자3070,36.60637807,127.3398934,29.328,270000635,오송역2.3.4,0
2026-10-10T11:15:39,271000802,충북70자2074,36.49591871,127.25685599,46.219,293062007,정부세종청사 남측,0
2026-10-10T11:15:39,293000282,세종70자1752,36.432332,127.286514,5.715,186004230,반석역,68
2026-10-10T11:15:39,293000282,세종70자1754,36.493102,127.249327,15.925,293064237,"가온마을4,7단지",23
2026-10-10T11:15:39,293000282,세종70자1745,36.51914,127.243771,21.278,293064100,"범지기3,9단지(청소년센터)",40
2026-10-10T11:15:39,293000282,세종70자1753,36.601278,127.298456,33.173,293001084,조치원역,19
2026-10-10T11:15:39,293000282,세종70자1744,36.619289,127.326585,37.381,270054837,오송역종점,18
2026-10-10T11:15:39,293000282,세종70자1743,36.619062,127.327159,37.314,270054837,오송역종점,20
2026-10-10T11:15:39,293000282,세종70자1749,36.619109,127.326443,37.432,270054837,오송역종점,29
2026-10-10T11:15:39,293000283,세종70자1750,36.595351,127.291542,5.82,293064146,세종시보건소(대동초),26
2026-10-10T11:15:39,293000283,세종70자1747,36.51816199,127.252153,17.173,293061007,범지기마을10단지,7
2026-10-10T11:15:39,293000283,세종70자1748,36.491831,127.249337,21.728,293064370,"가온마을4,7단지",24
2026-10-10T11:15:39,293000283,세종70자1751,36.448941,127.285746,29.991,293055059,세종고속시외버스터미널,68
2026-10-10T11:15:39,293000303,세종70자1510,36.476615,127.283931,1.666,293064206,"보람동,대평동",57
2026-10-10T11:15:39,293000303,세종70자1507,36.51525199,127.258918,17.755,293056002,도담동,47
2026-10-10T11:15:39,293000304,세종70자1305,36.511293,127.260223,5.48,293062011,정부세종청사 북측,47
2026-10-10T11:15:39,293000304,세종70자1508,36.469258,127.273869,23.277,293064251,대평동,13
2026-10-10T11:15:39,293000304,세종70자1509,36.468128,127.274032,23.301,293055001,세종고속시외버스터미널(지상),29
2026-10-10T11:15:39,293000305,세종70자1512,36.469263,127.273903,0.024,293055002,세종고속시외버스터미널(지상),34
2026-10-10T11:15:39,293000305,세종70자1354,36.467693,127.27356,0.0,293055002,세종고속시외버스터미널(지상),14
2026-10-10T11:15:39,293000305,세종70자1511,36.469673,127.273715,23.304,293055001,세종고속시외버스터미널(지상),13
2026-10-10T11:15:39,293000311,세종70자1348,36.467875,127.274136,0.0,293055002,세종고속시외버스터미널(지상),255
2026-10-10T11:15:39,293000311,세종70자1349,36.49788499,127.317409,7.581,293064480,집현동,34
2026-10-10T11:15:39,293000311,세종70자1351,36.50144,127.240672,17.675,293064473,"종촌초등학교(가락마을6,7단지)",30
2026-10-10T11:15:39,293000311,세종70자1344,36.468471,127.273976,23.426,293055001,세종고속시외버스터미널(지상),10
2026-10-10T11:15:39,293000312,세종70자1345,36.46929,127.273823,0.028,293055002,세종고속시외버스터미널(지상),20
2026-10-10T11:15:39,293000312,세종70자1346,36.518882,127.244531,7.962,293064099,"범지기3,9단지(청소년센터)",41
2026-10-10T11:15:39,293000312,세종70자1350,36.478735,127.289081,21.52,293064211,"세종시청,시의회,교육청",18
2026-10-10T11:15:39,271000805,세종73자5675,36.473942,127.267012,7.63,293064220,세종고속시외버스터미널(지하),66
2026-10-10T11:15:39,271000805,세종73자5672,36.531155,127.325934,20.341,293064498,다솜동,52
2026-10-10T11:15:39,271000805,세종73자5647,36.62307,127.43245,36.412,270054815,가로수마을휴먼시아,32
2026-10-10T11:15:39,271000805,세종73자5646,36.641732,127.430296,39.551,270054819,솔밭초등학교.신영지웰시티,29
2026-10-10T11:15:39,271000805,세종73자5645,36.642274,127.42135,38.759,270054823,롯데쇼핑몰,2
2026-10-10T11:15:39,271000806,충북70자3086,36.62587,127.43002,5.029,270054312,고속버스터미널,0
2026-10-10T11:15:39,271000806,충북70자2084,36.53187,127.320414,22.114,293064499,다솜동,0
2026-10-10T11:15:39,271000806,충북70자1055,36.529537,127.264719,27.474,293014017,"해밀동,산울동",0
2026-10-10T11:15:39,271000806,충북70자7076,36.4980217,127.322273,40.609,293064258,반곡동(수루배마을),0
2026-10-10T11:15:39,271000806,세종73자5642,36.492934,127.326945,42.158,293064479,집현동,255
2026-10-10T11:15:39,271000806,세종73자5644,36.493018,127.326733,42.158,293064479,집현동,16
2026-10-10T11:16:11,293000317,세종70자1704,36.47112099,127.274908,10.543,293055002,세종고속시외버스터미널(지상),37
2026-10-10T11:16:11,293000317,세종70자1706,36.519717,127.33076,18.88,293064417,세종공동캠퍼스,40
2026-10-10T11:16:11,293000318,세종70자1702,36.56258,127.306154,8.243,270000635,오송역2.3.4,68
2026-10-10T11:16:11,293000318,세종70자1705,36.473366,127.278229,22.413,293064209,"보람동,대평동",65
2026-10-10T11:16:11,293000318,세종70자1701,36.390052,127.31604,32.906,186005278,반석역,67
2026-10-10T11:16:11,187000003,대전75자9929,36.35539,127.407126,4.186,187001385,오정농수산오거리,0
2026-10-10T11:16:11,187000003,대전75자9927,36.437449,127.396798,15.332,187001387,대덕산업단지,0
2026-10-10T11:16:11,187000003,대전75자9926,36.478266,127.310229,25.497,186005286,국제과학비즈니스벨트,0
2026-10-10T11:16:11,187000003,대전75자9925,36.472168,127.2765,29.498,293064251,대평동,0
2026-10-10T11:16:11,187000003,대전75자9921,36.565178,127.309072,44.352,293064420,누리동,0
2026-10-10T11:16:11,187000003,대전75자9917,36.619189,127.326368,51.912,270000635,오송역2.3.4,0
2026-10-10T11:16:11,187000003,대전75자9920,36.618667,127.326999,51.994,270000635,오송역2.3.4,0
2026-10-10T11:16:11,187000003,대전75자9916,36.58879,127.323764,47.38,974019920,오송역2.3.4(미정차),0
2026-10-10T11:16:11,187000003,대전75자9938,36.53417,127.277085,65.188,293014026,한별동,0
2026-10-10T11:16:11,187000003,대전75자9937,36.502101,127.260138,69.694,293062007,정부세종청사 남측,0
2026-10-10T11:16:11,187000003,대전75자9915,36.470906,127.273693,73.932,293064221,세종고속시외버스터미널(지하),0
2026-10-10T11:16:11,187000003,대전75자9914,36.482287,127.297205,76.396,293064216,소담동(새샘마을),0
2026-10-10T11:16:11,187000003,대전75자9911,36.47445,127.333734,80.357,293064218,한국개발연구원(KDI),0
2026-10-10T11:16:11,187000003,대전75자9910,36.423995,127.413849,91.044,187001388,대덕산업단지,0
2026-10-10T11:16:11,187000003,대전75자9110,36.35535,127.407003,100.058,187001389,오정농수산오거리,0
2026-10-10T11:16:11,187000003,대전75자9941,36.333014,127.431684,103.452,183002355,대전역,0
2026-10-10T11:16:11,187000003,대전75자9940,36.333884,127.43731,104.27,187001395,대전역동광장,0
2026-10-10T11:16:11,271000801,충북70자7051,36.470816,127.273172,0.251,293064220,세종고속시외버스터미널(지하),0
2026-10-10T11:16:11,271000801,충북70자6052,36.608358,127.338796,20.913,293064420,누리동,0
2026-10-10T11:16:11,271000801,충북70자1063,36.64507785,127.3535489,29.618,271000641,보건의료행정타운,0
2026-10-10T11:16:11,271000801,충북70자1044,36.70573642,127.4461686,43.385,270051808,오창프라자,0
2026-10-10T11:16:11,271000802,충북70자5129,36.70329204,127.4607245,4.729,284000230,청주공항역,0
2026-10-10T11:16:11,271000802,충북70자3071,36.64586039,127.3515956,19.075,270054810,청주소로초등학교,0
2026-10-10T11:16:11,271000802,충북70자3070,36.60637807,127.3398934,29.328,270000635,오송역2.3.4,0
2026-10-10T11:16:11,271000802,충북70자2074,36.49308302,127.2562807,46.544,293062004,다정동,0
2026-10-10T11:16:11,293000282,세종70자1752,36.436774,127.286118,6.211,186004230,반석역,68
2026-10-10T11:16:11,293000282,세종70자1754,36.493992,127.24918,16.027,293064237,"가온마을4,7단지",37
2026-10-10T11:16:11,293000282,세종70자1745,36.519733,127.243265,21.439,293064100,"범지기3,9단지(청소년센터)",20
2026-10-10T11:16:11,293000282,세종70자1753,36.601435,127.299786,33.293,293064527,조치원전통시장 북측,10
2026-10-10T11:16:11,293000282,세종70자1744,36.619289,127.326585,37.381,270054837,오송역종점,18
2026-10-10T11:16:11,293000282,세종70자1743,36.619062,127.327159,37.314,270054837,오송역종점,20
2026-10-10T11:16:11,293000282,세종70자1749,36.619109,127.326443,37.432,270054837,오송역종점,29
2026-10-10T11:16:11,293000283,세종70자1750,36.59473599,127.291005,5.932,293064034,신흥사거리,38
2026-10-10T11:16:11,293000283,세종70자1747,36.515942,127.251127,17.437,293061007,범지기마을10단지,31
2026-10-10T11:16:11,293000283,세종70자1748,36.490995,127.249634,21.824,293064370,"가온마을4,7단지",13
2026-10-10T11:16:11,293000283,세종70자1751,36.44381,127.28587,30.563,293055059,세종고속시외버스터미널,68
2026-10-10T11:16:11,293000303,세종70자1510,36.478655,127.288384,2.139,293064210,"세종시청,시의회,교육청",10
2026-10-10T11:16:11,293000303,세종70자1507,36.514293,127.259051,17.863,293056002,도담동,31
2026-10-10T11:16:11,293000304,세종70자1305,36.51366199,127.259355,5.757,293056003,도담동,25
2026-10-10T11:16:11,293000304,세종70자1508,36.469258,127.273869,23.277,293064251,대평동,13
2026-10-10T11:16:11,293000304,세종70자1509,36.468128,127.274032,23.301,293055001,세종고속시외버스터미널(지상),29
2026-10-10T11:16:11,293000305,세종70자1354,36.467693,127.27356,0.0,293055002,세종고속시외버스터미널(지상),14
2026-10-10T11:16:11,293000305,세종70자1511,36.468576,127.273948,23.378,293055001,세종고속시외버스터미널(지상),13
2026-10-10T11:16:11,293000311,세종70자1348,36.467875,127.274136,0.0,293055002,세종고속시외버스터미널(지상),255
2026-10-10T11:16:11,293000311,세종70자1349,36.497931,127.315731,7.731,293064511,반곡고등학교,32
2026-10-10T11:16:11,293000311,세종70자1351,36.501264,127.24066,17.695,293064473,"종촌초등학교(가락마을6,7단지)",15
2026-10-10T11:16:11,293000312,세종70자1345,36.46929,127.273823,0.028,293055002,세종고속시외버스터미널(지상),20
2026-10-10T11:16:11,293000312,세종70자1346,36.518824,127.244887,7.994,293064099,"범지기3,9단지(청소년센터)",25
2026-10-10T11:16:11,293000312,세종70자1350,36.478359,127.288521,21.584,293064211,"세종시청,시의회,교육청",41
2026-10-10T11:16:11,271000805,세종73자5675,36.4793,127.263162,8.318,293064220,세종고속시외버스터미널(지하),32
2026-10-10T11:16:11,271000805,세종73자5672,36.532729,127.329023,20.667,293064498,다솜동,10
2026-10-10T11:16:11,271000805,세종73자5647,36.623753,127.431962,36.5,270054816,하나병원,32
2026-10-10T11:16:11,271000805,세종73자5646,36.641793,127.432096,39.713,270054820,대농공원.흥덕보건소임시청사,40
2026-10-10T11:16:11,271000805,세종73자5645,36.642274,127.42135,38.759,270054823,롯데쇼핑몰,2
2026-10-10T11:16:11,271000806,충북70자3086,36.62587,127.43002,5.029,270054312,고속버스터미널,0
2026-10-10T11:16:11,271000806,충북70자2084,36.5365242,127.3123125,23.005,293900063,용호동,0
2026-10-10T11:16:11,271000806,충북70자1055,36.529537,127.264719,27.474,293014017,"해밀동,산울동",0
2026-10-10T11:16:11,271000806,충북70자7076,36.4980217,127.322273,40.609,293064258,반곡동(수루배마을),0
2026-10-10T11:16:11,271000806,세종73자5642,36.492934,127.326945,42.158,293064479,집현동,255
2026-10-10T11:16:11,271000806,세종73자5644,36.493018,127.326733,42.158,293064479,집현동,16
2026-10-10T11:16:46,293000317,세종70자1704,36.473377,127.278229,10.931,293064252,대평동,58
2026-10-10T11:16:46,293000317,세종70자1706,36.520135,127.330778,18.926,293064417,세종공동캠퍼스,34
2026-10-10T11:16:46,293000318,세종70자1702,36.558023,127.303302,8.82,270000635,오송역2.3.4,68
2026-10-10T11:16:46,293000318,세종70자1705,36.472168,127.276384,22.627,293064251,대평동,3
2026-10-10T11:16:46,293000318,세종70자1701,36.390052,127.31604,32.906,186005278,반석역,67
2026-10-10T11:16:46,187000003,대전75자9929,36.356685,127.405605,4.389,187001385,오정농수산오거리,0
2026-10-10T11:16:46,187000003,대전75자9927,36.437449,127.396798,15.332,187001387,대덕산업단지,0
2026-10-10T11:16:46,187000003,대전75자9926,36.478266,127.310229,25.497,186005286,국제과학비즈니스벨트,0
2026-10-10T11:16:46,187000003,대전75자9925,36.472168,127.2765,29.498,293064251,대평동,0
2026-10-10T11:16:46,187000003,대전75자9921,36.565178,127.309072,44.352,293064420,누리동,0
2026-10-10T11:16:46,187000003,대전75자9917,36.619189,127.326368,51.912,270000635,오송역2.3.4,0
2026-10-10T11:16:46,187000003,대전75자9920,36.618667,127.326999,51.994,270000635,오송역2.3.4,0
2026-10-10T11:16:46,187000003,대전75자9916,36.575652,127.319658,45.861,974019920,오송역2.3.4(미정차),0
2026-10-10T11:16:46,187000003,대전75자9938,36.533985,127.276011,65.284,293014026,한별동,0
2026-10-10T11:16:46,187000003,대전75자9937,36.498516,127.258185,70.135,293062007,정부세종청사 남측,0
2026-10-10T11:16:46,187000003,대전75자9915,36.472174,127.276365,74.214,293064252,대평동,0
2026-10-10T11:16:46,187000003,대전75자9914,36.482947,127.298002,76.5,293064216,소담동(새샘마을),0
2026-10-10T11:16:46,187000003,대전75자9911,36.47445,127.333734,80.357,293064218,한국개발연구원(KDI),0
2026-10-10T11:16:46,187000003,대전75자9910,36.415621,127.421109,92.191,187001388,대덕산업단지,0
2026-10-10T11:16:46,187000003,대전75자9110,36.35535,127.407003,100.058,187001389,오정농수산오거리,0
2026-10-10T11:16:46,187000003,대전75자9941,36.333014,127.431684,103.452,183002355,대전역,0
2026-10-10T11:16:46,187000003,대전75자9940,36.333884,127.43731,104.27,187001395,대전역동광장,0
2026-10-10T11:16:46,271000801,충북70자7051,36.47215857,127.26824911,0.733,293064220,세종고속시외버스터미널(지하),0
2026-10-10T11:16:46,271000801,충북70자6052,36.61255656,127.3336574,21.864,293064420,누리동,0
2026-10-10T11:16:46,271000801,충북70자1063,36.64507785,127.3535489,29.618,271000641,보건의료행정타운,0
2026-10-10T11:16:46,271000801,충북70자1044,36.70447977,127.4535147,44.055,270051808,오창프라자,0
2026-10-10T11:16:46,271000802,충북70자5129,36.70457541,127.4529371,4.809,284000230,청주공항역,0
2026-10-10T11:16:46,271000802,충북70자3071,36.64793001,127.3462893,20.114,270054810,청주소로초등학교,0
2026-10-10T11:16:46,271000802,충북70자3070,36.60637807,127.3398934,29.328,270000635,오송역2.3.4,0
2026-10-10T11:16:46,271000802,충북70자2074,36.48771,127.25729,47.154,293053004,"새롬동,나성동",0
2026-10-10T11:16:46,293000282,세종70자1752,36.440552,127.286074,6.634,186004230,반석역,68
2026-10-10T11:16:46,293000282,세종70자1754,36.495602,127.249075,16.208,293064263,다정동커뮤니티센터,27
2026-10-10T11:16:46,293000282,세종70자1745,36.522008,127.245994,21.796,293064100,"범지기3,9단지(청소년센터)",61
2026-10-10T11:16:46,293000282,세종70자1753,36.601456,127.30006,33.317,293064527,조치원전통시장 북측,16
2026-10-10T11:16:46,293000282,세종70자1744,36.619289,127.326585,37.381,270054837,오송역종점,18
2026-10-10T11:16:46,293000282,세종70자1743,36.619062,127.327159,37.314,270054837,오송역종점,20
2026-10-10T11:16:46,293000282,세종70자1749,36.619109,127.326443,37.432,270054837,오송역종점,29
2026-10-10T11:16:46,293000283,세종70자1750,36.59139299,127.291559,6.307,293001052,자이아파트,52
2026-10-10T11:16:46,293000283,세종70자1747,36.514189,127.250523,17.639,293061006,아름초등학교,43
2026-10-10T11:16:46,293000283,세종70자1748,36.490497,127.248518,21.993,293064370,"가온마을4,7단지",42
2026-10-10T11:16:46,293000283,세종70자1751,36.437841,127.285954,31.233,293055059,세종고속시외버스터미널,68
2026-10-10T11:16:46,293000303,세종70자1510,36.479106,127.28971,2.267,293064210,"세종시청,시의회,교육청",46
2026-10-10T11:16:46,293000303,세종70자1507,36.511004,127.260195,18.244,293056002,도담동,55
2026-10-10T11:16:46,293000304,세종70자1305,36.513811,127.259321,5.773,293056003,도담동,25
2026-10-10T11:16:46,293000304,세종70자1508,36.469258,127.273869,23.277,293064251,대평동,13
2026-10-10T11:16:46,293000304,세종70자1509,36.468128,127.274032,23.301,293055001,세종고속시외버스터미널(지상),29
2026-10-10T11:16:46,293000305,세종70자1354,36.467693,127.27356,0.0,293055002,세종고속시외버스터미널(지상),14
2026-10-10T11:16:46,293000305,세종70자1511,36.468353,127.274001,23.378,293055001,세종고속시외버스터미널(지상),19
2026-10-10T11:16:46,293000311,세종70자1348,36.467875,127.274136,0.0,293055002,세종고속시외버스터미널(지상),255
2026-10-10T11:16:46,293000311,세종70자1349,36.497973,127.312308,8.035,293064401,반곡동(수루배마을),2
2026-10-10T11:16:46,293000311,세종70자1351,36.500024,127.240459,17.834,293064473,"종촌초등학교(가락마을6,7단지)",15
2026-10-10T11:16:46,293000312,세종70자1345,36.46929,127.273823,0.028,293055002,세종고속시외버스터미널(지상),20
2026-10-10T11:16:46,293000312,세종70자1346,36.518704,127.246852,8.174,293064099,"범지기3,9단지(청소년센터)",39
2026-10-10T11:16:46,293000312,세종70자1350,36.476675,127.284156,22.017,293064211,"세종시청,시의회,교육청",48
2026-10-10T11:16:46,271000805,세종73자5675,36.480762,127.262073,8.508,293053011,한솔동,34
2026-10-10T11:16:46,271000805,세종73자5672,36.532764,127.329086,20.674,293064498,다솜동,10
2026-10-10T11:16:46,271000805,세종73자5647,36.624936,127.431205,36.647,270054816,하나병원,32
2026-10-10T11:16:46,271000805,세종73자5646,36.642127,127.434283,39.912,270054820,대농공원.흥덕보건소임시청사,36
2026-10-10T11:16:46,271000805,세종73자5645,36.642274,127.42135,38.759,270054823,롯데쇼핑몰,2
2026-10-10T11:16:46,271000806,충북70자3086,36.6239755,127.431395,5.273,270054830,하나병원,0
2026-10-10T11:16:46,271000806,충북70자2084,36.53710202,127.30454237,23.707,293900063,용호동,0
2026-10-10T11:16:46,271000806,충북70자1055,36.52524921,127.26142338,28.038,293014017,"해밀동,산울동",0
2026-10-10T11:16:46,271000806,충북70자7076,36.4980217,127.322273,40.609,293064258,반곡동(수루배마을),0
2026-10-10T11:16:46,271000806,세종73자5644,36.493018,127.326733,42.158,293064479,집현동,16
2026-10-10T11:17:18,293000317,세종70자1704,36.475051,127.280686,11.219,293064206,"보람동,대평동",37
2026-10-10T11:17:18,293000317,세종70자1706,36.523348,127.329538,19.304,293064417,세종공동캠퍼스,68
2026-10-10T11:17:18,293000318,세종70자1702,36.553183,127.301714,9.376,270000635,오송역2.3.4,68
2026-10-10T11:17:18,293000318,세종70자1705,36.469685,127.273747,23.057,293055001,세종고속시외버스터미널(지상),30
2026-10-10T11:17:18,293000318,세종70자1701,36.390052,127.31604,32.906,186005278,반석역,67
2026-10-10T11:17:18,187000003,대전75자9929,36.358245,127.404884,4.581,187001386,오정농수산시장,0
2026-10-10T11:17:18,187000003,대전75자9927,36.438023,127.395873,15.436,187001387,대덕산업단지,0
2026-10-10T11:17:18,187000003,대전75자9926,36.478266,127.310229,25.497,186005286,국제과학비즈니스벨트,0
2026-10-10T11:17:18,187000003,대전75자9925,36.470695,127.271389,29.994,293064220,세종고속시외버스터미널(지하),0
2026-10-10T11:17:18,187000003,대전75자9921,36.575165,127.31954,45.807,293064420,누리동,0
2026-10-10T11:17:18,187000003,대전75자9917,36.619189,127.326368,51.912,270000635,오송역2.3.4,0
2026-10-10T11:17:18,187000003,대전75자9920,36.618667,127.326999,51.994,270000635,오송역2.3.4,0
2026-10-10T11:17:18,187000003,대전75자9916,36.575652,127.319658,45.861,974019920,오송역2.3.4(미정차),0
2026-10-10T11:17:18,187000003,대전75자9938,36.533985,127.276011,65.284,293014026,한별동,0
2026-10-10T11:17:18,187000003,대전75자9937,36.49528,127.256589,70.53,293062004,다정동,0
2026-10-10T11:17:18,187000003,대전75자9915,36.472174,127.276365,74.214,293064252,대평동,0
2026-10-10T11:17:18,187000003,대전75자9914,36.48594,127.301343,76.976,293064216,소담동(새샘마을),0
2026-10-10T11:17:18,187000003,대전75자9911,36.467185,127.3642,83.786,186005287,국제과학비즈니스벨트,0
2026-10-10T11:17:18,187000003,대전75자9910,36.405769,127.416688,93.371,187001388,대덕산업단지,0
2026-10-10T11:17:18,187000003,대전75자9110,36.35535,127.407003,100.058,187001389,오정농수산오거리,0
2026-10-10T11:17:18,187000003,대전75자9941,36.333014,127.431684,103.452,183002355,대전역,0
2026-10-10T11:17:18,187000003,대전75자9940,36.333884,127.43731,104.27,187001395,대전역동광장,0
2026-10-10T11:17:18,271000801,충북70자7051,36.47215857,127.26824911,0.733,293064220,세종고속시외버스터미널(지하),0
2026-10-10T11:17:18,271000801,충북70자6052,36.61619611,127.3295943,22.686,293064420,누리동,0
2026-10-10T11:17:18,271000801,충북70자1063,36.64507785,127.3535489,29.618,271000641,보건의료행정타운,0
2026-10-10T11:17:18,271000801,충북70자1044,36.70329204,127.4607245,44.712,270051808,오창프라자,0
2026-10-10T11:17:18,271000802,충북70자5129,36.70573642,127.4461686,6.055,284000230,청주공항역,0
2026-10-10T11:17:18,271000802,충북70자3071,36.64558819,127.335884,21.403,270054810,청주소로초등학교,0
2026-10-10T11:17:18,271000802,충북70자3070,36.60637807,127.3398934,29.328,270000635,오송역2.3.4,0
2026-10-10T11:17:18,271000802,충북70자2074,36.48771,127.25729,47.154,293053004,"새롬동,나성동",0
2026-10-10T11:17:18,293000282,세종70자1752,36.44569,127.28601,7.208,186004230,반석역,68
2026-10-10T11:17:18,293000282,세종70자1754,36.495605,127.249075,16.209,293064263,다정동커뮤니티센터,27
2026-10-10T11:17:18,293000282,세종70자1745,36.527715,127.248895,22.494,293064100,"범지기3,9단지(청소년센터)",67
2026-10-10T11:17:18,293000282,세종70자1753,36.602337,127.30316,33.615,293001094,조치원버스터미널,24
2026-10-10T11:17:18,293000282,세종70자1744,36.619289,127.326585,37.381,270054837,오송역종점,18
2026-10-10T11:17:18,293000282,세종70자1743,36.619062,127.327159,37.314,270054837,오송역종점,20
2026-10-10T11:17:18,293000282,세종70자1749,36.619109,127.326443,37.432,270054837,오송역종점,29
2026-10-10T11:17:18,293000283,세종70자1750,36.589913,127.291778,6.473,293001052,자이아파트,58
2026-10-10T11:17:18,293000283,세종70자1747,36.511696,127.250007,17.92,293061006,아름초등학교,15
2026-10-10T11:17:18,293000283,세종70자1748,36.489548,127.244648,22.356,293064361,"새뜸마을4단지,가온마을1단지",30
2026-10-10T11:17:18,293000283,세종70자1751,36.432071,127.286463,31.877,293055059,세종고속시외버스터미널,68
2026-10-10T11:17:18,293000303,세종70자1510,36.479106,127.28971,2.267,293064210,"세종시청,시의회,교육청",255
2026-10-10T11:17:18,293000303,세종70자1507,36.506794,127.261909,18.739,293056002,도담동,53
2026-10-10T11:17:18,293000304,세종70자1305,36.51529399,127.259049,5.94,293056003,도담동,50
2026-10-10T11:17:18,293000304,세종70자1508,36.469258,127.273869,23.277,293064251,대평동,13
2026-10-10T11:17:18,293000304,세종70자1509,36.468128,127.274032,23.301,293055001,세종고속시외버스터미널(지상),29
2026-10-10T11:17:18,293000305,세종70자1354,36.467693,127.27356,0.0,293055002,세종고속시외버스터미널(지상),14
2026-10-10T11:17:18,293000305,세종70자1511,36.467961,127.273871,23.378,293055001,세종고속시외버스터미널(지상),12
2026-10-10T11:17:18,293000311,세종70자1348,36.467875,127.274136,0.0,293055002,세종고속시외버스터미널(지상),255
2026-10-10T11:17:18,293000311,세종70자1349,36.497886,127.31198,8.065,293064401,반곡동(수루배마을),2
2026-10-10T11:17:18,293000311,세종70자1351,36.500027,127.240454,17.833,293064473,"종촌초등학교(가락마을6,7단지)",15
2026-10-10T11:17:18,293000312,세종70자1345,36.46929,127.273823,0.028,293055002,세종고속시외버스터미널(지상),20
2026-10-10T11:17:18,293000312,세종70자1346,36.51911299,127.249256,8.395,293064101,범지기마을10단지 북측,28
2026-10-10T11:17:18,293000312,세종70자1350,36.47563,127.281804,22.257,293064209,"보람동,대평동",24
2026-10-10T11:17:18,271000805,세종73자5675,36.482618,127.260726,8.747,293053011,한솔동,60
2026-10-10T11:17:18,271000805,세종73자5672,36.532933,127.32938,20.706,293064498,다솜동,30
2026-10-10T11:17:18,271000805,세종73자5647,36.624959,127.431192,36.65,270054816,하나병원,32
2026-10-10T11:17:18,271000805,세종73자5646,36.64216,127.434923,39.968,270054820,대농공원.흥덕보건소임시청사,36
2026-10-10T11:17:18,271000805,세종73자5645,36.642274,127.42135,38.759,270054823,롯데쇼핑몰,2
2026-10-10T11:17:18,271000806,충북70자3086,36.6239755,127.431395,5.273,270054830,하나병원,0
2026-10-10T11:17:18,271000806,충북70자2084,36.53650166,127.30236762,23.912,293900063,용호동,0
2026-10-10T11:17:18,271000806,충북70자1055,36.521617,127.259736,28.47,293064446,세종충남대학교병원,0
2026-10-10T11:17:18,271000806,충북70자7076,36.4980217,127.322273,40.609,293064258,반곡동(수루배마을),0
2026-10-10T11:17:18,271000806,세종73자5644,36.493018,127.326733,42.158,293064479,집현동,16
2026-10-10T11:17:50,293000317,세종70자1704,36.475274,127.281358,11.282,293064206,"보람동,대평동",30
2026-10-10T11:17:50,293000317,세종70자1706,36.530281,127.322202,20.325,293064417,세종공동캠퍼스,68
2026-10-10T11:17:50,293000317,세종70자1703,36.388045,127.317932,0.0,270054837,오송역종점,255
2026-10-10T11:17:50,293000318,세종70자1702,36.546535,127.30145,10.127,270000635,오송역2.3.4,68
2026-10-10T11:17:50,293000318,세종70자1705,36.469352,127.273803,23.096,293055001,세종고속시외버스터미널(지상),30
2026-10-10T11:17:50,293000318,세종70자1701,36.390052,127.31604,32.906,186005278,반석역,67
2026-10-10T11:17:50,187000003,대전75자9929,36.36305,127.399861,5.278,187001386,오정농수산시장,0
2026-10-10T11:17:50,187000003,대전75자9927,36.438023,127.395873,15.436,187001387,대덕산업단지,0
2026-10-10T11:17:50,187000003,대전75자9926,36.480661,127.307987,25.832,293064219,한국개발연구원(KDI),0
2026-10-10T11:17:50,187000003,대전75자9925,36.470695,127.271389,29.994,293064220,세종고속시외버스터미널(지하),0
2026-10-10T11:17:50,187000003,대전75자9921,36.575165,127.31954,45.807,293064420,누리동,0
2026-10-10T11:17:50,187000003,대전75자9917,36.619189,127.326368,51.912,270000635,오송역2.3.4,0
2026-10-10T11:17:50,187000003,대전75자9920,36.618667,127.326999,51.994,270000635,오송역2.3.4,0
2026-10-10T11:17:50,187000003,대전75자9916,36.575652,127.319658,45.861,974019920,오송역2.3.4(미정차),0
2026-10-10T11:17:50,187000003,대전75자9938,36.529845,127.265095,66.386,293014017,"해밀동,산울동",0
2026-10-10T11:17:50,187000003,대전75자9937,36.49528,127.256589,70.53,293062004,다정동,0
2026-10-10T11:17:50,187000003,대전75자9915,36.474754,127.280298,74.668,293064206,"보람동,대평동",0
2026-10-10T11:17:50,187000003,대전75자9914,36.48594,127.301343,76.976,293064216,소담동(새샘마을),0
2026-10-10T11:17:50,187000003,대전75자9911,36.466827,127.365138,83.879,186005287,국제과학비즈니스벨트,0
2026-10-10T11:17:50,187000003,대전75자9910,36.405769,127.416688,93.371,187001388,대덕산업단지,0
2026-10-10T11:17:50,187000003,대전75자9110,36.353308,127.409521,100.378,187001389,오정농수산오거리,0
2026-10-10T11:17:50,187000003,대전75자9941,36.333014,127.431684,103.452,183002355,대전역,0
2026-10-10T11:17:50,187000003,대전75자9940,36.333884,127.43731,104.27,187001395,대전역동광장,0
2026-10-10T11:17:50,271000801,충북70자7051,36.47215857,127.26824911,0.733,293064220,세종고속시외버스터미널(지하),0
2026-10-10T11:17:50,271000801,충북70자6052,36.617351,127.328306,22.858,293064420,누리동,0
2026-10-10T11:17:50,271000801,충북70자1063,36.64507785,127.3535489,29.618,271000641,보건의료행정타운,0
2026-10-10T11:17:50,271000801,충북70자1044,36.70456451,127.4689176,45.471,270051808,오창프라자,0
2026-10-10T11:17:50,271000802,충북70자5129,36.70777509,127.4362185,6.972,284000230,청주공항역,0
2026-10-10T11:17:50,271000802,충북70자3071,36.64409577,127.3307014,21.894,270054810,청주소로초등학교,0
2026-10-10T11:17:50,271000802,충북70자3070,36.587685,127.322945,32.041,270000635,오송역2.3.4,0
2026-10-10T11:17:50,271000802,충북70자2074,36.48257304,127.26075174,47.805,293053004,"새롬동,나성동",0
2026-10-10T11:17:50,293000282,세종70자1752,36.451627,127.28534,7.878,186004230,반석역,67
2026-10-10T11:17:50,293000282,세종70자1754,36.495605,127.249075,16.209,293064263,다정동커뮤니티센터,27
2026-10-10T11:17:50,293000282,세종70자1745,36.531296,127.251225,22.947,293064100,"범지기3,9단지(청소년센터)",67
2026-10-10T11:17:50,293000282,세종70자1753,36.602833,127.304399,33.738,293001094,조치원버스터미널,4
2026-10-10T11:17:50,293000282,세종70자1744,36.619289,127.326585,37.381,270054837,오송역종점,18
2026-10-10T11:17:50,293000282,세종70자1743,36.619062,127.327159,37.314,270054837,오송역종점,20
2026-10-10T11:17:50,293000282,세종70자1749,36.619109,127.326443,37.432,270054837,오송역종점,29
2026-10-10T11:17:50,293000283,세종70자1750,36.584197,127.29268,7.116,293900004,번암안동네,38
2026-10-10T11:17:50,293000283,세종70자1747,36.511771,127.24802,18.127,293061002,아름동커뮤니티센터,38
2026-10-10T11:17:50,293000283,세종70자1748,36.489379,127.244063,22.411,293064361,"새뜸마을4단지,가온마을1단지",17
2026-10-10T11:17:50,293000283,세종70자1751,36.428773,127.288605,32.126,293055059,세종고속시외버스터미널,68
2026-10-10T11:17:50,293000303,세종70자1510,36.482643,127.297401,3.065,293064216,소담동(새샘마을),40
2026-10-10T11:17:50,293000303,세종70자1507,36.504581,127.261318,18.991,293062014,정부세종청사 북측,29
2026-10-10T11:17:50,293000304,세종70자1305,36.517963,127.259117,6.238,293056003,도담동,56
2026-10-10T11:17:50,293000304,세종70자1508,36.469258,127.273869,23.277,293064251,대평동,13
2026-10-10T11:17:50,293000304,세종70자1509,36.468128,127.274032,23.301,293055001,세종고속시외버스터미널(지상),29
2026-10-10T11:17:50,293000305,세종70자1354,36.467693,127.27356,0.0,293055002,세종고속시외버스터미널(지상),14
2026-10-10T11:17:50,293000305,세종70자1511,36.467961,127.273871,23.378,293055001,세종고속시외버스터미널(지상),12
2026-10-10T11:17:50,293000311,세종70자1348,36.467875,127.274136,0.0,293055002,세종고속시외버스터미널(지상),255
2026-10-10T11:17:50,293000311,세종70자1349,36.497886,127.31198,8.065,293064401,반곡동(수루배마을),2
2026-10-10T11:17:50,293000311,세종70자1351,36.500072,127.240499,17.828,293064473,"종촌초등학교(가락마을6,7단지)",15
2026-10-10T11:17:50,293000312,세종70자1345,36.46929,127.273823,0.028,293055002,세종고속시외버스터미널(지상),20
2026-10-10T11:17:50,293000312,세종70자1346,36.519142,127.249479,8.415,293064101,범지기마을10단지 북측,28
2026-10-10T11:17:50,293000312,세종70자1350,36.47492,127.280616,22.395,293064209,"보람동,대평동",47
2026-10-10T11:17:50,271000805,세종73자5675,36.486948,127.257741,9.304,293053011,한솔동,36
2026-10-10T11:17:50,271000805,세종73자5672,36.538265,127.339943,21.825,293064498,다솜동,71
2026-10-10T11:17:50,271000805,세종73자5647,36.625503,127.430781,36.721,270054816,하나병원,34
2026-10-10T11:17:50,271000805,세종73자5646,36.64216,127.434923,39.968,270054820,대농공원.흥덕보건소임시청사,36
2026-10-10T11:17:50,271000805,세종73자5645,36.642274,127.42135,38.759,270054823,롯데쇼핑몰,2
2026-10-10T11:17:50,271000806,충북70자3086,36.6239755,127.431395,5.273,270054830,하나병원,0
2026-10-10T11:17:50,271000806,충북70자2084,36.534046,127.292199,24.865,293014058,누리동,0
2026-10-10T11:17:50,271000806,충북70자1055,36.51791572,127.25901,28.888,293064446,세종충남대학교병원,0
2026-10-10T11:17:50,271000806,충북70자7076,36.4980217,127.322273,40.609,293064258,반곡동(수루배마을),0
2026-10-10T11:17:50,271000806,세종73자5644,36.493018,127.326733,42.158,293064479,집현동,16
2026-10-10T11:18:21,293000317,세종70자1704,36.478115,127.287817,11.943,293064210,"세종시청,시의회,교육청",34
2026-10-10T11:18:21,293000317,세종70자1706,36.532297,127.319634,20.646,293064492,다솜동,65
2026-10-10T11:18:21,293000317,세종70자1703,36.388045,127.317932,0.0,270054837,오송역종점,255
2026-10-10T11:18:21,293000318,세종70자1702,36.53956199,127.303636,10.926,270000635,오송역2.3.4,68
2026-10-10T11:18:21,293000318,세종70자1705,36.468978,127.274086,23.157,293055001,세종고속시외버스터미널(지상),20
2026-10-10T11:18:21,293000318,세종70자1701,36.390052,127.31604,32.906,186005278,반석역,67
2026-10-10T11:18:21,187000003,대전75자9929,36.36305,127.399861,5.278,187001386,오정농수산시장,0
2026-10-10T11:18:21,187000003,대전75자9927,36.443914,127.384158,16.742,187001387,대덕산업단지,0
2026-10-10T11:18:21,187000003,대전75자9926,36.481501,127.307671,25.93,293064219,한국개발연구원(KDI),0
2026-10-10T11:18:21,187000003,대전75자9925,36.470695,127.271389,29.994,293064220,세종고속시외버스터미널(지하),0
2026-10-10T11:18:21,187000003,대전75자9921,36.58839,127.323555,47.333,293064420,누리동,0
2026-10-10T11:18:21,187000003,대전75자9917,36.619189,127.326368,51.912,270000635,오송역2.3.4,0
2026-10-10T11:18:21,187000003,대전75자9920,36.618667,127.326999,51.994,270000635,오송역2.3.4,0
2026-10-10T11:18:21,187000003,대전75자9916,36.565519,127.309264,59.281,974019920,오송역2.3.4(미정차),0
2026-10-10T11:18:21,187000003,대전75자9938,36.529119,127.264321,66.493,293014017,"해밀동,산울동",0
2026-10-10T11:18:21,187000003,대전75자9937,36.49528,127.256589,70.53,293062004,다정동,0
2026-10-10T11:18:21,187000003,대전75자9915,36.475113,127.280827,74.729,293064206,"보람동,대평동",0
2026-10-10T11:18:21,187000003,대전75자9914,36.48594,127.301343,76.976,293064216,소담동(새샘마을),0
2026-10-10T11:18:21,187000003,대전75자9911,36.466827,127.365138,83.879,186005287,국제과학비즈니스벨트,0
2026-10-10T11:18:21,187000003,대전75자9910,36.393155,127.413098,94.823,187001388,대덕산업단지,0
2026-10-10T11:18:21,187000003,대전75자9110,36.352659,127.410322,100.48,187001390,오정동행정복지센터,0
2026-10-10T11:18:21,187000003,대전75자9941,36.333014,127.431684,103.452,183002355,대전역,0
2026-10-10T11:18:21,187000003,대전75자9940,36.333884,127.43731,104.27,187001395,대전역동광장,0
2026-10-10T11:18:21,271000801,충북70자7051,36.47215857,127.26824911,0.733,293064220,세종고속시외버스터미널(지하),0
2026-10-10T11:18:21,271000801,충북70자6052,36.617351,127.328306,22.858,293064420,누리동,0
2026-10-10T11:18:21,271000801,충북70자1063,36.64507785,127.3535489,29.618,271000641,보건의료행정타운,0
2026-10-10T11:18:21,271000801,충북70자1044,36.70669358,127.4744784,46.02,270051808,오창프라자,0
2026-10-10T11:18:21,271000802,충북70자5129,36.70777509,127.4362185,6.972,284000230,청주공항역,0
2026-10-10T11:18:21,271000802,충북70자3071,36.64383297,127.3256669,22.35,270054810,청주소로초등학교,0
2026-10-10T11:18:21,271000802,충북70자3070,36.58034132,127.32136417,32.878,270000635,오송역2.3.4,0
2026-10-10T11:18:21,271000802,충북70자2074,36.481073,127.261769,47.995,293053009,한솔동,0
2026-10-10T11:18:21,293000282,세종70자1752,36.458778,127.280471,8.792,186004230,반석역,68
2026-10-10T11:18:21,293000282,세종70자1754,36.495784,127.249093,16.229,293064263,다정동커뮤니티센터,31
2026-10-10T11:18:21,293000282,세종70자1745,36.535283,127.260475,23.482,293064100,"범지기3,9단지(청소년센터)",69
2026-10-10T11:18:21,293000282,세종70자1753,36.602834,127.304411,33.739,293001094,조치원버스터미널,4
2026-10-10T11:18:21,293000282,세종70자1744,36.619286,127.326521,37.427,270054837,오송역종점,5
2026-10-10T11:18:21,293000282,세종70자1743,36.619062,127.327159,37.314,270054837,오송역종점,20
2026-10-10T11:18:21,293000282,세종70자1749,36.619109,127.326443,37.432,270054837,오송역종점,29
2026-10-10T11:18:21,293000283,세종70자1750,36.583672,127.292753,7.174,293900004,번암안동네,38
2026-10-10T11:18:21,293000283,세종70자1747,36.511967,127.24375,18.51,293061002,아름동커뮤니티센터,52
2026-10-10T11:18:21,293000283,세종70자1748,36.489071,127.243312,22.481,293064361,"새뜸마을4단지,가온마을1단지",20
2026-10-10T11:18:21,293000283,세종70자1751,36.424199,127.294557,32.126,293055059,세종고속시외버스터미널,68
2026-10-10T11:18:21,293000303,세종70자1510,36.482859,127.297998,3.124,293064216,소담동(새샘마을),19
2026-10-10T11:18:21,293000303,세종70자1507,36.502065,127.260142,19.289,293062007,정부세종청사 남측,42
2026-10-10T11:18:21,293000304,세종70자1305,36.52213299,127.260002,6.709,293064445,세종충남대학교병원,44
2026-10-10T11:18:21,293000304,세종70자1508,36.469258,127.273869,23.277,293064251,대평동,13
2026-10-10T11:18:21,293000304,세종70자1509,36.468128,127.274032,23.301,293055001,세종고속시외버스터미널(지상),29
2026-10-10T11:18:21,293000305,세종70자1354,36.467693,127.27356,0.0,293055002,세종고속시외버스터미널(지상),14
2026-10-10T11:18:21,293000305,세종70자1511,36.467961,127.273871,23.378,293055001,세종고속시외버스터미널(지상),12
2026-10-10T11:18:21,293000311,세종70자1348,36.467875,127.274136,0.0,293055002,세종고속시외버스터미널(지상),255
2026-10-10T11:18:21,293000311,세종70자1349,36.497938,127.311881,8.074,293064401,반곡동(수루배마을),14
2026-10-10T11:18:21,293000311,세종70자1351,36.49951,127.242898,18.094,293064145,다빛초등학교(가온마을3단지),34
2026-10-10T11:18:21,293000312,세종70자1345,36.46929,127.273823,0.028,293055002,세종고속시외버스터미널(지상),20
2026-10-10T11:18:21,293000312,세종70자1346,36.518656,127.256605,9.089,293064052,세종충남대병원,37
2026-10-10T11:18:21,293000312,세종70자1350,36.472033,127.275995,22.92,293064251,대평동,53
2026-10-10T11:18:21,271000805,세종73자5675,36.487016,127.25768,9.313,293053011,한솔동,36
2026-10-10T11:18:21,271000805,세종73자5672,36.54029,127.345628,22.395,293064498,다솜동,65
2026-10-10T11:18:21,271000805,세종73자5647,36.626417,127.430089,36.84,270054311,고속버스터미널,2
2026-10-10T11:18:21,271000805,세종73자5646,36.64216,127.434923,39.968,270054820,대농공원.흥덕보건소임시청사,36
2026-10-10T11:18:21,271000805,세종73자5645,36.642274,127.42135,38.759,270054823,롯데쇼핑몰,2
2026-10-10T11:18:21,271000806,충북70자3086,36.6239755,127.431395,5.273,270054830,하나병원,0
2026-10-10T11:18:21,271000806,충북70자2084,36.53440642,127.28671183,25.357,293014058,누리동,0
2026-10-10T11:18:21,271000806,충북70자1055,36.51483,127.25896,29.232,293056002,도담동,0
2026-10-10T11:18:21,271000806,충북70자7076,36.4980217,127.322273,40.609,293064258,반곡동(수루배마을),0
2026-10-10T11:18:21,271000806,세종73자5644,36.493018,127.326733,42.158,293064479,집현동,16
2026-10-10T11:18:53,293000317,세종70자1704,36.478284,127.288162,11.979,293064210,"세종시청,시의회,교육청",34
2026-10-10T11:18:53,293000317,세종70자1706,36.536267,127.312478,21.427,293900055,용호동,68
2026-10-10T11:18:53,293000317,세종70자1703,36.388045,127.317932,0.0,270054837,오송역종점,255
2026-10-10T11:18:53,293000318,세종70자1702,36.538054,127.304174,11.101,270000635,오송역2.3.4,51
2026-10-10T11:18:53,293000318,세종70자1705,36.467266,127.274949,23.472,293055001,세종고속시외버스터미널(지상),48
2026-10-10T11:18:53,293000318,세종70자1701,36.390052,127.31604,32.906,186005278,반석역,67
2026-10-10T11:18:53,187000003,대전75자9929,36.36305,127.399861,5.278,187001386,오정농수산시장,0
2026-10-10T11:18:53,187000003,대전75자9927,36.443914,127.384158,16.742,187001387,대덕산업단지,0
2026-10-10T11:18:53,187000003,대전75자9926,36.483185,127.306751,26.14,293064219,한국개발연구원(KDI),0
2026-10-10T11:18:53,187000003,대전75자9925,36.470695,127.271389,29.994,293064220,세종고속시외버스터미널(지하),0
2026-10-10T11:18:53,187000003,대전75자9921,36.58839,127.323555,47.333,293064420,누리동,0
2026-10-10T11:18:53,187000003,대전75자9917,36.619189,127.326368,51.912,270000635,오송역2.3.4,0
2026-10-10T11:18:53,187000003,대전75자9920,36.618667,127.326999,51.994,270000635,오송역2.3.4,0
2026-10-10T11:18:53,187000003,대전75자9916,36.565519,127.309264,59.281,974019920,오송역2.3.4(미정차),0
2026-10-10T11:18:53,187000003,대전75자9938,36.523207,127.260337,67.252,293014017,"해밀동,산울동",0
2026-10-10T11:18:53,187000003,대전75자9937,36.49436,127.256382,70.635,293062004,다정동,0
2026-10-10T11:18:53,187000003,대전75자9915,36.475113,127.280827,74.729,293064206,"보람동,대평동",0
2026-10-10T11:18:53,187000003,대전75자9914,36.483382,127.306195,77.496,293064216,소담동(새샘마을),0
2026-10-10T11:18:53,187000003,대전75자9911,36.466827,127.365138,83.879,186005287,국제과학비즈니스벨트,0
2026-10-10T11:18:53,187000003,대전75자9910,36.393155,127.413098,94.823,187001388,대덕산업단지,0
2026-10-10T11:18:53,187000003,대전75자9110,36.350456,127.413053,100.826,187001391,한남오거리(BRT),0
2026-10-10T11:18:53,187000003,대전75자9941,36.331392,127.432458,103.645,183002355,대전역,0
2026-10-10T11:18:53,187000003,대전75자9940,36.333884,127.43731,104.27,187001395,대전역동광장,0
2026-10-10T11:18:53,271000801,충북70자7051,36.47925319,127.26311978,1.645,293064220,세종고속시외버스터미널(지하),0
2026-10-10T11:18:53,271000801,충북70자6052,36.617351,127.328306,22.858,293064420,누리동,0
2026-10-10T11:18:53,271000801,충북70자1063,36.66085716,127.3827951,33.932,271000641,보건의료행정타운,0
2026-10-10T11:18:53,271000801,충북70자1044,36.70669358,127.4744784,46.02,270051808,오창프라자,0
2026-10-10T11:18:53,271000802,충북70자5129,36.70777509,127.4362185,6.972,284000230,청주공항역,0
2026-10-10T11:18:53,271000802,충북70자3071,36.64383297,127.3256669,22.35,270054810,청주소로초등학교,0
2026-10-10T11:18:53,271000802,충북70자3070,36.58034132,127.32136417,32.878,270000635,오송역2.3.4,0
2026-10-10T11:18:53,271000802,충북70자2074,36.48070657,127.26208309,48.045,293053009,한솔동,0
2026-10-10T11:18:53,293000282,세종70자1752,36.46262,127.276587,9.343,186004230,반석역,68
2026-10-10T11:18:53,293000282,세종70자1754,36.499153,127.249136,16.618,293064307,"가온마을6,9단지",32
2026-10-10T11:18:53,293000282,세종70자1745,36.535795,127.262295,23.482,293064100,"범지기3,9단지(청소년센터)",69
2026-10-10T11:18:53,293000282,세종70자1753,36.603099,127.305087,33.807,293001094,조치원버스터미널,33
2026-10-10T11:18:53,293000282,세종70자1743,36.619062,127.327159,37.314,270054837,오송역종점,20
2026-10-10T11:18:53,293000282,세종70자1749,36.619109,127.326443,37.432,270054837,오송역종점,29
2026-10-10T11:18:53,293000283,세종70자1744,36.618852,127.326913,0.255,270054839,오송역7,13
2026-10-10T11:18:53,293000283,세종70자1750,36.582468,127.292873,7.318,293900004,번암안동네,47
2026-10-10T11:18:53,293000283,세종70자1747,36.512079,127.242134,18.654,293061002,아름동커뮤니티센터,3
2026-10-10T11:18:53,293000283,세종70자1748,36.485776,127.245142,22.884,293064313,"세종기상관측소(새뜸3,4단지)",36
2026-10-10T11:18:53,293000283,세종70자1751,36.421328,127.297839,33.468,293055059,세종고속시외버스터미널,68
2026-10-10T11:18:53,293000303,세종70자1510,36.484211,127.299526,3.33,293064216,소담동(새샘마을),19
2026-10-10T11:18:53,293000303,세종70자1507,36.50084,127.259537,19.436,293062007,정부세종청사 남측,40
2026-10-10T11:18:53,293000304,세종70자1305,36.525939,127.261906,7.166,293064445,세종충남대학교병원,56
2026-10-10T11:18:53,293000304,세종70자1508,36.469258,127.273869,23.277,293064251,대평동,13
2026-10-10T11:18:53,293000304,세종70자1509,36.468128,127.274032,23.301,293055001,세종고속시외버스터미널(지상),29
2026-10-10T11:18:53,293000305,세종70자1354,36.467693,127.27356,0.0,293055002,세종고속시외버스터미널(지상),14
2026-10-10T11:18:53,293000305,세종70자1511,36.467961,127.273871,23.378,293055001,세종고속시외버스터미널(지상),12
2026-10-10T11:18:53,293000311,세종70자1348,36.467875,127.274136,0.0,293055002,세종고속시외버스터미널(지상),255
2026-10-10T11:18:53,293000311,세종70자1349,36.496946,127.307933,8.447,293064401,반곡동(수루배마을),50
2026-10-10T11:18:53,293000311,세종70자1351,36.499392,127.244207,18.212,293064145,다빛초등학교(가온마을3단지),11
2026-10-10T11:18:53,293000312,세종70자1345,36.46929,127.273823,0.028,293055002,세종고속시외버스터미널(지상),20
2026-10-10T11:18:53,293000312,세종70자1346,36.5183,127.257492,9.177,293064052,세종충남대병원,33
2026-10-10T11:18:53,293000312,세종70자1350,36.47013,127.273651,23.265,293064251,대평동,33
2026-10-10T11:18:53,271000805,세종73자5642,36.498052,127.322639,1.17,293064418,집현동,38
2026-10-10T11:18:53,271000805,세종73자5675,36.489212,127.256835,9.569,293053005,"새롬동,나성동",57
2026-10-10T11:18:53,271000805,세종73자5672,36.540576,127.351737,22.956,293064498,다솜동,66
2026-10-10T11:18:53,271000805,세종73자5647,36.627298,127.429477,36.952,270054311,고속버스터미널,36
2026-10-10T11:18:53,271000805,세종73자5646,36.642221,127.435259,40.002,270054820,대농공원.흥덕보건소임시청사,25
2026-10-10T11:18:53,271000805,세종73자5645,36.642274,127.42135,38.759,270054823,롯데쇼핑몰,2
2026-10-10T11:18:53,271000806,충북70자3086,36.6212336,127.4334031,5.627,270054831,가로수마을휴먼시아,0
2026-10-10T11:18:53,271000806,충북70자2084,36.53440642,127.28671183,25.357,293014058,누리동,0
2026-10-10T11:18:53,271000806,충북70자1055,36.51252376,127.2595524,29.495,293056002,도담동,0
2026-10-10T11:18:53,271000806,충북70자7076,36.4980217,127.322273,40.609,293064258,반곡동(수루배마을),0
2026-10-10T11:18:53,271000806,세종73자5644,36.493018,127.326733,42.158,293064479,집현동,16
2026-10-10T11:19:25,293000317,세종70자1704,36.478382,127.288429,12.006,293064210,"세종시청,시의회,교육청",24
2026-10-10T11:19:25,293000317,세종70자1706,36.536631,127.311284,21.541,293900055,용호동,68
2026-10-10T11:19:25,293000317,세종70자1703,36.388045,127.317932,0.0,270054837,오송역종점,255
2026-10-10T11:19:25,293000318,세종70자1702,36.537316,127.304437,11.189,270000635,오송역2.3.4,51
2026-10-10T11:19:25,293000318,세종70자1705,36.462874,127.27619,23.984,293055001,세종고속시외버스터미널(지상),68
2026-10-10T11:19:25,293000318,세종70자1701,36.390052,127.31604,32.906,186005278,반석역,67
2026-10-10T11:19:25,187000003,대전75자9929,36.37405,127.40369,6.84,187001386,오정농수산시장,0
2026-10-10T11:19:25,187000003,대전75자9927,36.443914,127.384158,16.742,187001387,대덕산업단지,0
2026-10-10T11:19:25,187000003,대전75자9926,36.486176,127.301493,26.72,293064219,한국개발연구원(KDI),0
2026-10-10T11:19:25,187000003,대전75자9925,36.479982,127.262658,31.322,293053011,한솔동,0
2026-10-10T11:19:25,187000003,대전75자9921,36.594982,127.33117,48.341,293064420,누리동,0
2026-10-10T11:19:25,187000003,대전75자9920,36.618667,127.326999,51.994,270000635,오송역2.3.4,0
2026-10-10T11:19:25,187000003,대전75자9917,36.616914,127.328687,52.248,974019920,오송역2.3.4(미정차),0
2026-10-10T11:19:25,187000003,대전75자9916,36.565519,127.309264,59.281,974019920,오송역2.3.4(미정차),0
2026-10-10T11:19:25,187000003,대전75자9938,36.521929,127.259829,67.403,293064446,세종충남대학교병원,0
2026-10-10T11:19:25,187000003,대전75자9937,36.49436,127.256382,70.635,293062004,다정동,0
2026-10-10T11:19:25,187000003,대전75자9915,36.475113,127.280827,74.729,293064206,"보람동,대평동",0
2026-10-10T11:19:25,187000003,대전75자9914,36.483382,127.306195,77.496,293064216,소담동(새샘마을),0
2026-10-10T11:19:25,187000003,대전75자9911,36.45425,127.36966,85.464,186005287,국제과학비즈니스벨트,0
2026-10-10T11:19:25,187000003,대전75자9910,36.382746,127.412447,95.983,187001388,대덕산업단지,0
2026-10-10T11:19:25,187000003,대전75자9110,36.349849,127.413809,100.922,187001391,한남오거리(BRT),0
2026-10-10T11:19:25,187000003,대전75자9941,36.331392,127.432458,103.645,183002355,대전역,0
2026-10-10T11:19:25,187000003,대전75자9940,36.333884,127.43731,104.27,187001395,대전역동광장,0
2026-10-10T11:19:25,271000801,충북70자7051,36.48070657,127.26208309,1.831,293053011,한솔동,0
2026-10-10T11:19:25,271000801,충북70자6052,36.6183991,127.327211,23.659,293064420,누리동,0
2026-10-10T11:19:25,271000801,충북70자1063,36.66085716,127.3827951,33.932,271000641,보건의료행정타운,0
2026-10-10T11:19:25,271000801,충북70자1044,36.70669358,127.4744784,46.02,270051808,오창프라자,0
2026-10-10T11:19:25,271000802,충북70자5129,36.70777509,127.4362185,6.972,284000230,청주공항역,0
2026-10-10T11:19:25,271000802,충북70자3071,36.6391768,127.324181,22.899,270054810,청주소로초등학교,0
2026-10-10T11:19:25,271000802,충북70자3070,36.58034132,127.32136417,32.878,270000635,오송역2.3.4,0
2026-10-10T11:19:25,271000802,충북70자2074,36.47925319,127.26311978,48.231,293053009,한솔동,0
2026-10-10T11:19:25,293000282,세종70자1752,36.467489,127.275118,9.915,186004230,반석역,51
2026-10-10T11:19:25,293000282,세종70자1754,36.499421,127.246687,16.844,293064307,"가온마을6,9단지",50
2026-10-10T11:19:25,293000282,세종70자1745,36.542729,127.271292,25.248,293064100,"범지기3,9단지(청소년센터)",68
2026-10-10T11:19:25,293000282,세종70자1753,36.603709,127.306679,33.974,293001094,조치원버스터미널,27
2026-10-10T11:19:25,293000282,세종70자1743,36.619062,127.327159,37.314,270054837,오송역종점,20
2026-10-10T11:19:25,293000282,세종70자1749,36.619109,127.326443,37.432,270054837,오송역종점,29
2026-10-10T11:19:25,293000283,세종70자1744,36.619481,127.326791,0.086,270054839,오송역7,13
2026-10-10T11:19:25,293000283,세종70자1750,36.578256,127.292444,7.793,293016126,월하리,33
2026-10-10T11:19:25,293000283,세종70자1747,36.51175099,127.241388,18.748,293064203,"시립도서관,대법원등기정보센터",31
2026-10-10T11:19:25,293000283,세종70자1748,36.482569,127.245981,23.25,293064389,"새뜸마을1,2단지",55
2026-10-10T11:19:25,293000283,세종70자1751,36.414664,127.299773,34.229,293055059,세종고속시외버스터미널,67
2026-10-10T11:19:25,293000303,세종70자1510,36.484613,127.299805,3.381,293064216,소담동(새샘마을),29
2026-10-10T11:19:25,293000303,세종70자1507,36.495274,127.256598,20.113,293062004,다정동,48
2026-10-10T11:19:25,293000304,세종70자1305,36.528575,127.263828,7.506,293014014,"해밀동,산울동",2
2026-10-10T11:19:25,293000304,세종70자1508,36.469258,127.273869,23.277,293064251,대평동,13
2026-10-10T11:19:25,293000304,세종70자1509,36.468128,127.274032,23.301,293055001,세종고속시외버스터미널(지상),29
2026-10-10T11:19:25,293000305,세종70자1354,36.467693,127.27356,0.0,293055002,세종고속시외버스터미널(지상),14
2026-10-10T11:19:25,293000305,세종70자1511,36.467961,127.273871,23.378,293055001,세종고속시외버스터미널(지상),12
2026-10-10T11:19:25,293000311,세종70자1348,36.46817,127.273985,0.0,293055002,세종고속시외버스터미널(지상),4
2026-10-10T11:19:25,293000311,세종70자1349,36.496151,127.305901,8.756,293900013,세종연구단지(수루배1단지),26
2026-10-10T11:19:25,293000311,세종70자1351,36.499407,127.244272,18.217,293064145,다빛초등학교(가온마을3단지),11
2026-10-10T11:19:25,293000312,세종70자1345,36.46929,127.273823,0.028,293055002,세종고속시외버스터미널(지상),20
2026-10-10T11:19:25,293000312,세종70자1346,36.517959,127.258387,9.266,293064052,세종충남대병원,33
2026-10-10T11:19:25,293000312,세종70자1350,36.469231,127.273896,23.369,293064251,대평동,33
2026-10-10T11:19:25,271000805,세종73자5642,36.497824,127.321194,1.301,293064418,집현동,40
2026-10-10T11:19:25,271000805,세종73자5675,36.49342,127.256366,10.04,293054003,다정동,51
2026-10-10T11:19:25,271000805,세종73자5672,36.540395,127.357834,23.501,293064498,다솜동,62
2026-10-10T11:19:25,271000805,세종73자5647,36.628365,127.428714,37.089,270054311,고속버스터미널,36
2026-10-10T11:19:25,271000805,세종73자5646,36.643455,127.435336,40.151,270054820,대농공원.흥덕보건소임시청사,28
2026-10-10T11:19:25,271000806,충북70자3086,36.6212336,127.4334031,5.627,270054831,가로수마을휴먼시아,0
2026-10-10T11:19:25,271000806,충북70자2084,36.5341,127.27661,26.269,293014026,한별동,0
2026-10-10T11:19:25,271000806,충북70자1055,36.50682951,127.26188928,30.166,293056002,도담동,0
2026-10-10T11:19:25,271000806,세종73자5644,36.493018,127.326733,42.158,293064479,집현동,16
2026-10-10T11:19:56,293000317,세종70자1704,36.481705,127.295154,12.71,293064210,"세종시청,시의회,교육청",65
2026-10-10T11:19:56,293000317,세종70자1706,36.537336,127.304848,22.124,293900055,용호동,19
2026-10-10T11:19:56,293000317,세종70자1703,36.388806,127.317195,0.034,270054837,오송역종점,29
2026-10-10T11:19:56,293000318,세종70자1702,36.537316,127.304437,11.189,270000635,오송역2.3.4,51
2026-10-10T11:19:56,293000318,세종70자1705,36.458466,127.280579,24.611,293055001,세종고속시외버스터미널(지상),68
2026-10-10T11:19:56,293000318,세종70자1701,36.390052,127.31604,32.906,186005278,반석역,67
2026-10-10T11:19:56,187000003,대전75자9929,36.37405,127.40369,6.84,187001386,오정농수산시장,0
2026-10-10T11:19:56,187000003,대전75자9927,36.443914,127.384158,16.742,187001387,대덕산업단지,0
2026-10-10T11:19:56,187000003,대전75자9926,36.48291,127.297962,27.223,293064214,소담동(새샘마을),0
2026-10-10T11:19:56,187000003,대전75자9925,36.480773,127.262086,31.423,293053011,한솔동,0
2026-10-10T11:19:56,187000003,대전75자9921,36.594982,127.33117,48.341,293064420,누리동,0
2026-10-10T11:19:56,187000003,대전75자9920,36.618667,127.326999,51.994,270000635,오송역2.3.4,0
2026-10-10T11:19:56,187000003,대전75자9917,36.616914,127.328687,52.248,974019920,오송역2.3.4(미정차),0
2026-10-10T11:19:56,187000003,대전75자9916,36.551746,127.301344,61.006,974019920,오송역2.3.4(미정차),0
2026-10-10T11:19:56,187000003,대전75자9938,36.515247,127.258941,68.161,293056002,도담동,0
2026-10-10T11:19:56,187000003,대전75자9937,36.488057,127.257114,71.354,293053004,"새롬동,나성동",0
2026-10-10T11:19:56,187000003,대전75자9915,36.478099,127.287651,75.422,293064210,"세종시청,시의회,교육청",0
2026-10-10T11:19:56,187000003,대전75자9914,36.483382,127.306195,77.496,293064216,소담동(새샘마을),0
2026-10-10T11:19:56,187000003,대전75자9911,36.45425,127.36966,85.464,186005287,국제과학비즈니스벨트,0
2026-10-10T11:19:56,187000003,대전75자9910,36.374619,127.403738,97.309,187001388,대덕산업단지,0
2026-10-10T11:19:56,187000003,대전75자9110,36.349849,127.413809,100.922,187001391,한남오거리(BRT),0
2026-10-10T11:19:56,187000003,대전75자9941,36.331392,127.432458,103.645,183002355,대전역,0
2026-10-10T11:19:56,187000003,대전75자9940,36.333884,127.43731,104.27,187001395,대전역동광장,0
2026-10-10T11:19:56,271000801,충북70자7051,36.48257304,127.26075174,2.07,293053011,한솔동,0
2026-10-10T11:19:56,271000801,충북70자6052,36.6195554,127.3269306,23.148,270054838,오송역6,0
2026-10-10T11:19:56,271000801,충북70자1063,36.6698978,127.3906728,35.161,270054811,청주소로초등학교,0
2026-10-10T11:19:56,271000801,충북70자1044,36.70669358,127.4744784,46.02,270051808,오창프라자,0
2026-10-10T11:19:56,271000802,충북70자5129,36.70955916,127.4334736,7.287,284000230,청주공항역,0
2026-10-10T11:19:56,271000802,충북70자3071,36.637488,127.328624,23.417,271000627,보건의료행정타운,0
2026-10-10T11:19:56,271000802,충북70자3070,36.58034132,127.32136417,32.878,270000635,오송역2.3.4,0
2026-10-10T11:19:56,271000802,충북70자2074,36.47925319,127.26311978,48.231,293053009,한솔동,0
2026-10-10T11:19:56,293000282,세종70자1752,36.468706,127.274988,10.051,186004230,반석역,35
2026-10-10T11:19:56,293000282,세종70자1754,36.499531,127.245286,16.969,293064307,"가온마을6,9단지",50
2026-10-10T11:19:56,293000282,세종70자1745,36.547163,127.27401,25.8,293064100,"범지기3,9단지(청소년센터)",68
2026-10-10T11:19:56,293000282,세종70자1753,36.603829,127.307041,34.009,293001094,조치원버스터미널,27
2026-10-10T11:19:56,293000282,세종70자1743,36.619062,127.327159,37.314,270054837,오송역종점,20
2026-10-10T11:19:56,293000282,세종70자1749,36.619109,127.326443,37.432,270054837,오송역종점,29
2026-10-10T11:19:56,293000283,세종70자1744,36.619481,127.326791,0.086,270054839,오송역7,13
2026-10-10T11:19:56,293000283,세종70자1750,36.5753,127.291562,8.132,293016126,월하리,54
2026-10-10T11:19:56,293000283,세종70자1747,36.51118499,127.241384,18.811,293064203,"시립도서관,대법원등기정보센터",35
2026-10-10T11:19:56,293000283,세종70자1748,36.47925,127.246226,23.625,293064389,"새뜸마을1,2단지",19
2026-10-10T11:19:56,293000283,세종70자1751,36.410264,127.301412,34.748,293055059,세종고속시외버스터미널,67
2026-10-10T11:19:56,293000303,세종70자1510,36.486935,127.301568,3.687,293064253,"법원,검찰청,경찰청",35
2026-10-10T11:19:56,293000303,세종70자1507,36.494388,127.256432,20.213,293062004,다정동,26
2026-10-10T11:19:56,293000304,세종70자1305,36.528815,127.263822,7.527,293014014,"해밀동,산울동",2
2026-10-10T11:19:56,293000304,세종70자1508,36.469258,127.273869,23.277,293064251,대평동,13
2026-10-10T11:19:56,293000304,세종70자1509,36.468128,127.274032,23.301,293055001,세종고속시외버스터미널(지상),29
2026-10-10T11:19:56,293000305,세종70자1354,36.467693,127.27356,0.0,293055002,세종고속시외버스터미널(지상),14
2026-10-10T11:19:56,293000305,세종70자1511,36.46803,127.273508,23.378,293055001,세종고속시외버스터미널(지상),255
2026-10-10T11:19:56,293000311,세종70자1348,36.468191,127.273995,0.0,293055002,세종고속시외버스터미널(지상),4
2026-10-10T11:19:56,293000311,세종70자1349,36.497245,127.303536,9.0,293900013,세종연구단지(수루배1단지),41
2026-10-10T11:19:56,293000311,세종70자1351,36.49922,127.246997,18.462,293063001,"가재마을5단지,가온마을6단지",62
2026-10-10T11:19:56,293000312,세종70자1345,36.46929,127.273823,0.028,293055002,세종고속시외버스터미널(지상),20
2026-10-10T11:19:56,293000312,세종70자1346,36.515337,127.258865,9.617,293056001,도담동(도램마을),48
2026-10-10T11:19:56,293000312,세종70자1350,36.469231,127.273896,23.369,293064251,대평동,33
2026-10-10T11:19:56,293000312,세종70자1352,36.468823,127.274044,23.389,293064251,대평동,255
2026-10-10T11:19:56,271000805,세종73자5642,36.497583,127.31815,1.574,293064418,집현동,3
2026-10-10T11:19:56,271000805,세종73자5675,36.494434,127.256563,10.154,293054003,다정동,36
2026-10-10T11:19:56,271000805,세종73자5672,36.540167,127.363391,24.001,293064498,다솜동,58
2026-10-10T11:19:56,271000805,세종73자5647,36.628846,127.428386,37.15,270054311,고속버스터미널,35
2026-10-10T11:19:56,271000805,세종73자5646,36.644348,127.433425,40.426,270054821,솔밭공원.청소년수련관,47
2026-10-10T11:19:56,271000806,충북70자3086,36.6185986,127.4304201,6.116,270054832,서현초등학교,0
2026-10-10T11:19:56,271000806,충북70자2084,36.5341,127.27661,26.269,293014026,한별동,0
2026-10-10T11:19:56,271000806,충북70자1055,36.50508,127.261512,30.363,293062014,정부세종청사 북측,0
2026-10-10T11:19:56,271000806,세종73자5644,36.493018,127.326733,42.158,293064479,집현동,16
2026-10-10T11:20:30,293000317,세종70자1704,36.4827,127.297665,12.967,293064216,소담동(새샘마을),38
2026-10-10T11:20:30,293000317,세종70자1706,36.544785,127.302102,23.045,293900055,용호동,68
2026-10-10T11:20:30,293000317,세종70자1707,36.619255,127.327028,33.214,270054837,오송역종점,25
2026-10-10T11:20:30,293000317,세종70자1703,36.390109,127.316185,0.205,270054837,오송역종점,29
2026-10-10T11:20:30,293000318,세종70자1702,36.537027,127.304773,11.237,270000635,오송역2.3.4,30
2026-10-10T11:20:30,293000318,세종70자1705,36.454695,127.283754,25.12,293055001,세종고속시외버스터미널(지상),68
2026-10-10T11:20:30,293000318,세종70자1701,36.390052,127.31604,32.906,186005278,반석역,67
2026-10-10T11:20:30,187000003,대전75자9929,36.382492,127.412585,8.197,187001386,오정농수산시장,0
2026-10-10T11:20:30,187000003,대전75자9927,36.453825,127.370043,18.685,187001387,대덕산업단지,0
2026-10-10T11:20:30,187000003,대전75자9926,36.482334,127.297027,27.328,293064214,소담동(새샘마을),0
2026-10-10T11:20:30,187000003,대전75자9925,36.485423,127.258403,32.036,293053011,한솔동,0
2026-10-10T11:20:30,187000003,대전75자9921,36.608395,127.338865,49.396,293064420,누리동,0
2026-10-10T11:20:30,187000003,대전75자9917,36.608585,127.338514,53.523,974019920,오송역2.3.4(미정차),0
2026-10-10T11:20:30,187000003,대전75자9916,36.551746,127.301344,61.006,974019920,오송역2.3.4(미정차),0
2026-10-10T11:20:30,187000003,대전75자9938,36.514318,127.259029,68.265,293056002,도담동,0
2026-10-10T11:20:30,187000003,대전75자9937,36.488057,127.257114,71.354,293053004,"새롬동,나성동",0
2026-10-10T11:20:30,187000003,대전75자9915,36.478099,127.287651,75.422,293064210,"세종시청,시의회,교육청",0
2026-10-10T11:20:30,187000003,대전75자9914,36.480876,127.307676,77.816,293064218,한국개발연구원(KDI),0
2026-10-10T11:20:30,187000003,대전75자9911,36.45425,127.36966,85.464,186005287,국제과학비즈니스벨트,0
2026-10-10T11:20:30,187000003,대전75자9910,36.374619,127.403738,97.309,187001388,대덕산업단지,0
2026-10-10T11:20:30,187000003,대전75자9110,36.347179,127.417081,101.346,187001391,한남오거리(BRT),0
2026-10-10T11:20:30,187000003,대전75자9941,36.331392,127.432458,103.645,183002355,대전역,0
2026-10-10T11:20:30,187000003,대전75자9940,36.333884,127.43731,104.27,187001395,대전역동광장,0
2026-10-10T11:20:30,271000801,충북70자7051,36.48662514,127.25790223,2.588,293053011,한솔동,0
2026-10-10T11:20:30,271000801,충북70자6052,36.61959291,127.3264442,23.191,270054838,오송역6,0
2026-10-10T11:20:30,271000801,충북70자1063,36.6698978,127.3906728,35.161,270054811,청주소로초등학교,0
2026-10-10T11:20:30,271000801,충북70자1044,36.70831874,127.4788584,46.45,270051808,오창프라자,0
2026-10-10T11:20:30,271000802,충북70자5129,36.70955916,127.4334736,7.287,284000230,청주공항역,0
2026-10-10T11:20:30,271000802,충북70자3071,36.637488,127.328624,23.417,271000627,보건의료행정타운,0
2026-10-10T11:20:30,271000802,충북70자3070,36.58034132,127.32136417,32.878,270000635,오송역2.3.4,0
2026-10-10T11:20:30,271000802,충북70자2074,36.47134816,127.2694115,49.285,293053009,한솔동,0
2026-10-10T11:20:30,293000282,세종70자1752,36.46902,127.273662,10.229,186004230,반석역,3
2026-10-10T11:20:30,293000282,세종70자1754,36.499531,127.245286,16.969,293064307,"가온마을6,9단지",50
2026-10-10T11:20:30,293000282,세종70자1745,36.551493,127.277103,26.356,293064100,"범지기3,9단지(청소년센터)",51
2026-10-10T11:20:30,293000282,세종70자1753,36.604374,127.308639,34.164,293001094,조치원버스터미널,38
2026-10-10T11:20:30,293000282,세종70자1743,36.619062,127.327159,37.314,270054837,오송역종점,20
2026-10-10T11:20:30,293000282,세종70자1749,36.619109,127.326443,37.432,270054837,오송역종점,29
2026-10-10T11:20:30,293000283,세종70자1744,36.61932,127.326135,0.174,270054839,오송역7,22
2026-10-10T11:20:30,293000283,세종70자1750,36.568815,127.289655,8.874,293016126,월하리,69
2026-10-10T11:20:30,293000283,세종70자1747,36.505158,127.241192,19.481,293064472,"가락마을8단지,가재마을4단지",51
2026-10-10T11:20:30,293000283,세종70자1748,36.480317,127.249612,23.95,293064359,새롬중학교(새뜸마을1단지),38
2026-10-10T11:20:30,293000283,세종70자1751,36.40428699,127.305484,35.504,293055059,세종고속시외버스터미널,69
2026-10-10T11:20:30,293000303,세종70자1510,36.487391,127.301855,3.744,293064253,"법원,검찰청,경찰청",24
2026-10-10T11:20:30,293000303,세종70자1507,36.489234,127.256757,20.796,293062004,다정동,49
2026-10-10T11:20:30,293000304,세종70자1305,36.53071,127.266347,7.833,293014014,"해밀동,산울동",50
2026-10-10T11:20:30,293000304,세종70자1508,36.469258,127.273869,23.277,293064251,대평동,13
2026-10-10T11:20:30,293000304,세종70자1509,36.468128,127.274032,23.301,293055001,세종고속시외버스터미널(지상),29
2026-10-10T11:20:30,293000305,세종70자1354,36.467693,127.27356,0.0,293055002,세종고속시외버스터미널(지상),14
2026-10-10T11:20:30,293000305,세종70자1511,36.46803,127.273508,23.378,293055001,세종고속시외버스터미널(지상),255
2026-10-10T11:20:30,293000311,세종70자1348,36.468191,127.273995,0.0,293055002,세종고속시외버스터미널(지상),4
2026-10-10T11:20:30,293000311,세종70자1349,36.499095,127.299381,9.424,293900013,세종연구단지(수루배1단지),54
2026-10-10T11:20:30,293000311,세종70자1351,36.499043,127.250352,18.762,293063001,"가재마을5단지,가온마을6단지",61
2026-10-10T11:20:30,293000312,세종70자1345,36.46929,127.273823,0.028,293055002,세종고속시외버스터미널(지상),20
2026-10-10T11:20:30,293000312,세종70자1346,36.514374,127.258996,9.724,293056001,도담동(도램마을),2
2026-10-10T11:20:30,293000312,세종70자1350,36.469231,127.273896,23.369,293064251,대평동,33
2026-10-10T11:20:30,293000312,세종70자1352,36.468823,127.274044,23.389,293064251,대평동,255
2026-10-10T11:20:30,271000805,세종73자5642,36.497587,127.318142,1.575,293064418,집현동,3
2026-10-10T11:20:30,271000805,세종73자5675,36.498488,127.258383,10.641,293054003,다정동,63
2026-10-10T11:20:30,271000805,세종73자5672,36.543406,127.367689,24.55,293064498,다솜동,71
2026-10-10T11:20:30,271000805,세종73자5647,36.630365,127.42729,37.345,270054311,고속버스터미널,37
2026-10-10T11:20:30,271000805,세종73자5646,36.645062,127.428974,40.829,270054821,솔밭공원.청소년수련관,52
2026-10-10T11:20:30,271000806,충북70자3086,36.6177322,127.4276962,6.378,270054833,서현공원,0
2026-10-10T11:20:30,271000806,충북70자2084,36.529537,127.264719,27.474,293014017,"해밀동,산울동",0
2026-10-10T11:20:30,271000806,충북70자1055,36.501765,127.259955,30.757,293062007,정부세종청사 남측,0
2026-10-10T11:20:30,271000806,세종73자5644,36.493018,127.326733,42.158,293064479,집현동,16
2026-10-10T11:21:02,293000317,세종70자1704,36.484028,127.299602,13.196,293064216,소담동(새샘마을),6
2026-10-10T11:21:02,293000317,세종70자1706,36.549867,127.301286,23.618,293900055,용호동,68
2026-10-10T11:21:02,293000317,세종70자1707,36.619255,127.327028,33.214,270054837,오송역종점,25
2026-10-10T11:21:02,293000317,세종70자1703,36.390109,127.316185,0.205,270054837,오송역종점,29
2026-10-10T11:21:02,293000318,세종70자1702,36.536448,127.311776,11.873,293900054,용호동,255
2026-10-10T11:21:02,293000318,세종70자1705,36.449821,127.285619,25.71,293055001,세종고속시외버스터미널(지상),67
2026-10-10T11:21:02,293000318,세종70자1701,36.390052,127.31604,32.906,186005278,반석역,67
2026-10-10T11:21:02,187000003,대전75자9929,36.392756,127.413207,9.341,187001386,오정농수산시장,0
2026-10-10T11:21:02,187000003,대전75자9927,36.453825,127.370043,18.685,187001387,대덕산업단지,0
2026-10-10T11:21:02,187000003,대전75자9926,36.482334,127.297027,27.328,293064214,소담동(새샘마을),0
2026-10-10T11:21:02,187000003,대전75자9925,36.486514,127.257978,32.16,293053005,"새롬동,나성동",0
2026-10-10T11:21:02,187000003,대전75자9921,36.608395,127.338865,49.396,293064420,누리동,0
2026-10-10T11:21:02,187000003,대전75자9917,36.608585,127.338514,53.523,974019920,오송역2.3.4(미정차),0
2026-10-10T11:21:02,187000003,대전75자9916,36.537391,127.304376,62.64,974019920,오송역2.3.4(미정차),0
2026-10-10T11:21:02,187000003,대전75자9938,36.514318,127.259029,68.265,293056002,도담동,0
2026-10-10T11:21:02,187000003,대전75자9937,36.488057,127.257114,71.354,293053004,"새롬동,나성동",0
2026-10-10T11:21:02,187000003,대전75자9915,36.47849,127.288644,75.52,293064210,"세종시청,시의회,교육청",0
2026-10-10T11:21:02,187000003,대전75자9914,36.480876,127.307676,77.816,293064218,한국개발연구원(KDI),0
2026-10-10T11:21:02,187000003,대전75자9911,36.443847,127.383546,87.448,186005287,국제과학비즈니스벨트,0
2026-10-10T11:21:02,187000003,대전75자9910,36.363281,127.399432,98.934,187001388,대덕산업단지,0
2026-10-10T11:21:02,187000003,대전75자9110,36.346881,127.417461,101.394,187001392,대덕구청,0
2026-10-10T11:21:02,187000003,대전75자9941,36.331392,127.432458,103.645,183002355,대전역,0
2026-10-10T11:21:02,187000003,대전75자9940,36.333884,127.43731,104.27,187001395,대전역동광장,0
2026-10-10T11:21:02,271000801,충북70자7051,36.486884,127.257789,2.619,293053005,"새롬동,나성동",0
2026-10-10T11:21:02,271000801,충북70자6052,36.61959291,127.3264442,23.191,270054838,오송역6,0
2026-10-10T11:21:02,271000801,충북70자1063,36.6698978,127.3906728,35.161,270054811,청주소로초등학교,0
2026-10-10T11:21:02,271000801,충북70자1044,36.70938222,127.4823148,46.735,270051808,오창프라자,0
2026-10-10T11:21:02,271000802,충북70자5129,36.70955916,127.4334736,7.287,284000230,청주공항역,0
2026-10-10T11:21:02,271000802,충북70자3071,36.63614324,127.3326879,24.222,271000627,보건의료행정타운,0
2026-10-10T11:21:02,271000802,충북70자3070,36.58034132,127.32136417,32.878,270000635,오송역2.3.4,0
2026-10-10T11:21:02,271000802,충북70자2074,36.469289,127.273836,49.836,293055001,세종고속시외버스터미널(지상),0
2026-10-10T11:21:02,293000282,세종70자1752,36.468836,127.271389,10.438,293055058,세종고속시외버스터미널,14
2026-10-10T11:21:02,293000282,세종70자1754,36.49956199,127.244894,17.005,293064307,"가온마을6,9단지",33
2026-10-10T11:21:02,293000282,세종70자1745,36.552293,127.277598,26.455,293900056,연기리,21
2026-10-10T11:21:02,293000282,세종70자1753,36.607976,127.319287,35.197,293001094,조치원버스터미널,68
2026-10-10T11:21:02,293000282,세종70자1743,36.619062,127.327159,37.314,270054837,오송역종점,20
2026-10-10T11:21:02,293000282,세종70자1749,36.619109,127.326443,37.432,270054837,오송역종점,29
2026-10-10T11:21:02,293000283,세종70자1744,36.618861,127.326634,0.239,270054839,오송역7,22
2026-10-10T11:21:02,293000283,세종70자1750,36.566812,127.28902,9.104,293016126,월하리,68
2026-10-10T11:21:02,293000283,세종70자1747,36.503116,127.24097,19.709,293064473,"종촌초등학교(가락마을6,7단지)",28
2026-10-10T11:21:02,293000283,세종70자1748,36.480656,127.250676,24.053,293064359,새롬중학교(새뜸마을1단지),24
2026-10-10T11:21:02,293000283,세종70자1751,36.403041,127.306611,35.675,293055059,세종고속시외버스터미널,68
2026-10-10T11:21:02,293000303,세종70자1510,36.491173,127.303826,4.202,293064255,국책연구단지,24
2026-10-10T11:21:02,293000303,세종70자1507,36.488075,127.257135,20.935,293053004,"새롬동,나성동",39
2026-10-10T11:21:02,293000304,세종70자1305,36.532771,127.270713,8.287,293014014,"해밀동,산울동",62
2026-10-10T11:21:02,293000304,세종70자1508,36.469258,127.273869,23.277,293064251,대평동,13
2026-10-10T11:21:02,293000304,세종70자1509,36.468128,127.274032,23.301,293055001,세종고속시외버스터미널(지상),29
2026-10-10T11:21:02,293000305,세종70자1354,36.467693,127.27356,0.0,293055002,세종고속시외버스터미널(지상),14
2026-10-10T11:21:02,293000305,세종70자1511,36.46803,127.273508,23.378,293055001,세종고속시외버스터미널(지상),255
2026-10-10T11:21:02,293000311,세종70자1348,36.468191,127.273995,0.0,293055002,세종고속시외버스터미널(지상),4
2026-10-10T11:21:02,293000311,세종70자1349,36.50063999,127.296033,9.769,293900013,세종연구단지(수루배1단지),39
2026-10-10T11:21:02,293000311,세종70자1351,36.498723,127.254485,19.133,293062002,어진중학교(한뜰마을4단지),1
2026-10-10T11:21:02,293000312,세종70자1345,36.46929,127.273823,0.028,293055002,세종고속시외버스터미널(지상),20
2026-10-10T11:21:02,293000312,세종70자1346,36.514235,127.25905,9.74,293056001,도담동(도램마을),1
2026-10-10T11:21:02,293000312,세종70자1350,36.469048,127.273995,23.389,293064251,대평동,21
2026-10-10T11:21:02,293000312,세종70자1352,36.468823,127.274044,23.389,293064251,대평동,255
2026-10-10T11:21:02,271000805,세종73자5642,36.497599,127.317488,1.634,293064418,집현동,34
2026-10-10T11:21:02,271000805,세종73자5675,36.50087,127.259712,10.931,293062006,정부세종청사 남측,46
2026-10-10T11:21:02,271000805,세종73자5672,36.548571,127.369052,25.136,293064498,다솜동,69
2026-10-10T11:21:02,271000805,세종73자5647,36.630793,127.426983,37.4,270054311,고속버스터미널,37
2026-10-10T11:21:02,271000805,세종73자5646,36.645471,127.42783,40.938,270054822,현대백화점,4
2026-10-10T11:21:02,271000806,충북70자3086,36.6177322,127.4276962,6.378,270054833,서현공원,0
2026-10-10T11:21:02,271000806,충북70자2084,36.529537,127.264719,27.474,293014017,"해밀동,산울동",0
2026-10-10T11:21:02,271000806,충북70자1055,36.50080056,127.25953901,30.87,293062007,정부세종청사 남측,0
2026-10-10T11:21:02,271000806,세종73자5644,36.493018,127.326733,42.158,293064479,집현동,16
2026-10-10T11:21:35,293000317,세종70자1703,36.391334,127.315223,0.366,186005279,반석역,35
2026-10-10T11:21:35,293000317,세종70자1704,36.48403,127.299633,13.197,293064216,소담동(새샘마을),6
2026-10-10T11:21:35,293000317,세종70자1706,36.554911,127.302416,24.19,293900055,용호동,68
2026-10-10T11:21:35,293000317,세종70자1707,36.619255,127.327028,33.214,270054837,오송역종점,25
2026-10-10T11:21:35,293000318,세종70자1702,36.531685,127.320247,12.803,293064493,다솜동,68
2026-10-10T11:21:35,293000318,세종70자1705,36.444796,127.285881,26.27,293055001,세종고속시외버스터미널(지상),67
2026-10-10T11:21:35,293000318,세종70자1701,36.390052,127.31604,32.906,186005278,반석역,67
2026-10-10T11:21:35,187000003,대전75자9929,36.392756,127.413207,9.341,187001386,오정농수산시장,0
2026-10-10T11:21:35,187000003,대전75자9927,36.466884,127.365292,20.355,186005286,국제과학비즈니스벨트,0
2026-10-10T11:21:35,187000003,대전75자9926,36.478896,127.289461,28.105,293064211,"세종시청,시의회,교육청",0
2026-10-10T11:21:35,187000003,대전75자9925,36.48734,127.257566,32.259,293053005,"새롬동,나성동",0
2026-10-10T11:21:35,187000003,대전75자9921,36.608395,127.338865,49.396,293064420,누리동,0
2026-10-10T11:21:35,187000003,대전75자9917,36.608585,127.338514,53.523,974019920,오송역2.3.4(미정차),0
2026-10-10T11:21:35,187000003,대전75자9916,36.537391,127.304376,62.64,974019920,오송역2.3.4(미정차),0
2026-10-10T11:21:35,187000003,대전75자9938,36.514318,127.259029,68.265,293056002,도담동,0
2026-10-10T11:21:35,187000003,대전75자9937,36.481386,127.261499,72.195,293053009,한솔동,0
2026-10-10T11:21:35,187000003,대전75자9915,36.481326,127.295095,76.178,293064210,"세종시청,시의회,교육청",0
2026-10-10T11:21:35,187000003,대전75자9914,36.480876,127.307676,77.816,293064218,한국개발연구원(KDI),0
2026-10-10T11:21:35,187000003,대전75자9911,36.443847,127.383546,87.448,186005287,국제과학비즈니스벨트,0
2026-10-10T11:21:35,187000003,대전75자9910,36.35877,127.404165,99.591,187001388,대덕산업단지,0
2026-10-10T11:21:35,187000003,대전75자9110,36.344268,127.42093,101.821,187001393,솔랑마을아파트,0
2026-10-10T11:21:35,187000003,대전75자9941,36.331392,127.432458,103.645,183002355,대전역,0
2026-10-10T11:21:35,271000801,충북70자7051,36.48916347,127.2567558,2.888,293053005,"새롬동,나성동",0
2026-10-10T11:21:35,271000801,충북70자6052,36.6183991,127.327211,23.659,270054838,오송역6,0
2026-10-10T11:21:35,271000801,충북70자1063,36.6698978,127.3906728,35.161,270054811,청주소로초등학교,0
2026-10-10T11:21:35,271000801,충북70자1044,36.71531786,127.4852301,46.735,270051808,오창프라자,0
2026-10-10T11:21:35,271000802,충북70자5129,36.70955916,127.4334736,7.287,284000230,청주공항역,0
2026-10-10T11:21:35,271000802,충북70자3071,36.63399154,127.3363527,24.695,271000627,보건의료행정타운,0
2026-10-10T11:21:35,271000802,충북70자3070,36.58034132,127.32136417,32.878,270000635,오송역2.3.4,0
2026-10-10T11:21:35,271000802,충북70자2074,36.469289,127.273836,49.836,293055001,세종고속시외버스터미널(지상),0
2026-10-10T11:21:35,293000282,세종70자1752,36.470272,127.271766,10.634,293055058,세종고속시외버스터미널,14
2026-10-10T11:21:35,293000282,세종70자1754,36.500189,127.240686,17.463,293064144,다빛초등학교(가재마을1단지),31
2026-10-10T11:21:35,293000282,세종70자1745,36.552293,127.277598,26.455,293900056,연기리,21
2026-10-10T11:21:35,293000282,세종70자1753,36.60916799,127.322849,35.541,270050300,오송3리,55
2026-10-10T11:21:35,293000282,세종70자1743,36.619062,127.327159,37.314,270054837,오송역종점,20
2026-10-10T11:21:35,293000282,세종70자1749,36.619109,127.326443,37.432,270054837,오송역종점,29
2026-10-10T11:21:35,293000283,세종70자1744,36.616052,127.32955,0.656,270054839,오송역7,69
2026-10-10T11:21:35,293000283,세종70자1750,36.562233,127.285661,9.702,293064250,봉암리,48
2026-10-10T11:21:35,293000283,세종70자1747,36.502685,127.240904,19.758,293064473,"종촌초등학교(가락마을6,7단지)",31
2026-10-10T11:21:35,293000283,세종70자1748,36.482448,127.2563,24.594,293064359,새롬중학교(새뜸마을1단지),54
2026-10-10T11:21:35,293000283,세종70자1751,36.398802,127.31003,36.238,293055059,세종고속시외버스터미널,61
2026-10-10T11:21:35,293000303,세종70자1510,36.492956,127.30504,4.429,293064255,국책연구단지,57
2026-10-10T11:21:35,293000303,세종70자1507,36.48654299,127.257896,21.125,293053004,"새롬동,나성동",40
2026-10-10T11:21:35,293000304,세종70자1305,36.533888,127.275918,8.769,293014025,한별동,53
2026-10-10T11:21:35,293000304,세종70자1509,36.468128,127.274032,23.301,293055001,세종고속시외버스터미널(지상),29
2026-10-10T11:21:35,293000305,세종70자1354,36.467693,127.27356,0.0,293055002,세종고속시외버스터미널(지상),14
2026-10-10T11:21:35,293000305,세종70자1511,36.46803,127.273508,23.378,293055001,세종고속시외버스터미널(지상),255
2026-10-10T11:21:35,293000311,세종70자1348,36.469113,127.274031,0.005,293055002,세종고속시외버스터미널(지상),26
2026-10-10T11:21:35,293000311,세종70자1349,36.501238,127.294771,9.9,293900013,세종연구단지(수루배1단지),53
2026-10-10T11:21:35,293000311,세종70자1351,36.498763,127.254523,19.136,293062002,어진중학교(한뜰마을4단지),1
2026-10-10T11:21:35,293000312,세종70자1345,36.46929,127.273823,0.028,293055002,세종고속시외버스터미널(지상),20
2026-10-10T11:21:35,293000312,세종70자1352,36.46947,127.27383,0.048,293055002,세종고속시외버스터미널(지상),21
2026-10-10T11:21:35,293000312,세종70자1346,36.512089,127.25964,9.985,293064109,"도램마을8,10단지",41
2026-10-10T11:21:35,293000312,세종70자1350,36.468478,127.273435,23.389,293064251,대평동,21
2026-10-10T11:21:35,271000805,세종73자5642,36.497759,127.31261,2.071,293064257,반곡동(수루배마을),39
2026-10-10T11:21:35,271000805,세종73자5675,36.503771,127.261051,11.275,293062011,정부세종청사 북측,48
2026-10-10T11:21:35,271000805,세종73자5672,36.553696,127.370093,25.715,293064498,다솜동,73
2026-10-10T11:21:35,271000805,세종73자5647,36.632415,127.425818,37.608,971007260,충북선거관리위원회,49
2026-10-10T11:21:35,271000805,세종73자5646,36.645513,127.42777,40.945,270054822,현대백화점,4
2026-10-10T11:21:35,271000806,충북70자3086,36.6177322,127.4276962,6.378,270054833,서현공원,0
2026-10-10T11:21:35,271000806,충북70자2084,36.52720781,127.26268116,27.792,293014017,"해밀동,산울동",0
2026-10-10T11:21:35,271000806,충북70자1055,36.49591871,127.25685599,31.465,293062007,정부세종청사 남측,0
2026-10-10T11:21:35,271000806,세종73자5644,36.493018,127.326733,42.158,293064479,집현동,16
2026-10-10T11:22:06,293000317,세종70자1703,36.39154,127.315073,0.392,186005279,반석역,35
2026-10-10T11:22:06,293000317,세종70자1704,36.484855,127.300296,13.307,293064216,소담동(새샘마을),39
2026-10-10T11:22:06,293000317,세종70자1706,36.559979,127.304302,24.78,293900055,용호동,68
2026-10-10T11:22:06,293000317,세종70자1707,36.619255,127.327028,33.214,270054837,오송역종점,25
2026-10-10T11:22:06,293000318,세종70자1702,36.528264,127.324632,13.349,293064493,다솜동,62
2026-10-10T11:22:06,293000318,세종70자1705,36.43792,127.285963,27.041,293055001,세종고속시외버스터미널(지상),67
2026-10-10T11:22:06,293000318,세종70자1701,36.390052,127.31604,32.906,186005278,반석역,67
2026-10-10T11:22:06,187000003,대전75자9929,36.405419,127.416585,10.789,187001386,오정농수산시장,0
2026-10-10T11:22:06,187000003,대전75자9927,36.468446,127.360263,20.838,186005286,국제과학비즈니스벨트,0
2026-10-10T11:22:06,187000003,대전75자9926,36.478896,127.289461,28.105,293064211,"세종시청,시의회,교육청",0
2026-10-10T11:22:06,187000003,대전75자9925,36.490521,127.256433,32.627,293053005,"새롬동,나성동",0
2026-10-10T11:22:06,187000003,대전75자9921,36.618656,127.326991,51.994,270000635,오송역2.3.4,0
2026-10-10T11:22:06,187000003,대전75자9917,36.595431,127.331442,48.396,974019920,오송역2.3.4(미정차),0
2026-10-10T11:22:06,187000003,대전75자9916,36.534031,127.292646,63.784,293014058,누리동,0
2026-10-10T11:22:06,187000003,대전75자9938,36.514318,127.259029,68.265,293056002,도담동,0
2026-10-10T11:22:06,187000003,대전75자9937,36.480633,127.262036,72.291,293053009,한솔동,0
2026-10-10T11:22:06,187000003,대전75자9915,36.482291000000004,127.2972,76.396,293064216,소담동(새샘마을),0
2026-10-10T11:22:06,187000003,대전75자9914,36.480876,127.307676,77.816,293064218,한국개발연구원(KDI),0
2026-10-10T11:22:06,187000003,대전75자9910,36.35877,127.404165,99.591,187001388,대덕산업단지,0
2026-10-10T11:22:06,187000003,대전75자9911,36.43828,127.39524,88.734,187001388,대덕산업단지,0
2026-10-10T11:22:06,187000003,대전75자9110,36.344268,127.42093,101.821,187001393,솔랑마을아파트,0
2026-10-10T11:22:06,187000003,대전75자9941,36.331392,127.432458,103.645,183002355,대전역,0
2026-10-10T11:22:06,271000801,충북70자2074,36.469306,127.273946,0.028,293055002,세종고속시외버스터미널(지상),0
2026-10-10T11:22:06,271000801,충북70자7051,36.493926,127.25641,3.419,293054003,다정동,0
2026-10-10T11:22:06,271000801,충북70자6052,36.6183991,127.327211,23.659,270054838,오송역6,0
2026-10-10T11:22:06,271000801,충북70자1063,36.67614415,127.39534128,36.239,270054811,청주소로초등학교,0
2026-10-10T11:22:06,271000801,충북70자1044,36.71834232,127.4886923,47.981,270051808,오창프라자,0
2026-10-10T11:22:06,271000802,충북70자5129,36.7109,127.428299,7.795,284000348,오창프라자,0
2026-10-10T11:22:06,271000802,충북70자3071,36.63399154,127.3363527,24.695,271000627,보건의료행정타운,0
2026-10-10T11:22:06,271000802,충북70자3070,36.54660472,127.30158597,37.37,270000635,오송역2.3.4,0
2026-10-10T11:22:06,293000282,세종70자1752,36.472306,127.268267,11.072,293055058,세종고속시외버스터미널,55
2026-10-10T11:22:06,293000282,세종70자1754,36.501867,127.240971,17.652,293064144,다빛초등학교(가재마을1단지),31
2026-10-10T11:22:06,293000282,세종70자1745,36.552293,127.277598,26.455,293900056,연기리,21
2026-10-10T11:22:06,293000282,세종70자1753,36.610254,127.326062,35.854,293001094,조치원버스터미널,20
2026-10-10T11:22:06,293000282,세종70자1743,36.619062,127.327159,37.314,270054837,오송역종점,20
2026-10-10T11:22:06,293000282,세종70자1749,36.619109,127.326443,37.432,270054837,오송역종점,29
2026-10-10T11:22:06,293000283,세종70자1744,36.613011,127.330843,1.138,270054839,오송역7,51
2026-10-10T11:22:06,293000283,세종70자1750,36.561836,127.285156,9.765,293064250,봉암리,48
2026-10-10T11:22:06,293000283,세종70자1747,36.502685,127.240904,19.758,293064473,"종촌초등학교(가락마을6,7단지)",31
2026-10-10T11:22:06,293000283,세종70자1748,36.483319,127.258492,24.812,293064009,첫마을1단지,27
2026-10-10T11:22:06,293000283,세종70자1751,36.396196,127.311425,36.553,293055059,세종고속시외버스터미널,61
2026-10-10T11:22:06,293000303,세종70자1510,36.497205,127.308029,4.956,293064255,국책연구단지,57
2026-10-10T11:22:06,293000303,세종70자1507,36.482238,127.26113,21.685,293053004,"새롬동,나성동",95
2026-10-10T11:22:06,293000304,세종70자1305,36.533888,127.275918,8.769,293014025,한별동,255
2026-10-10T11:22:06,293000304,세종70자1509,36.468128,127.274032,23.301,293055001,세종고속시외버스터미널(지상),29
2026-10-10T11:22:06,293000305,세종70자1354,36.467693,127.27356,0.0,293055002,세종고속시외버스터미널(지상),14
2026-10-10T11:22:06,293000305,세종70자1511,36.46803,127.273508,23.378,293055001,세종고속시외버스터미널(지상),255
2026-10-10T11:22:06,293000311,세종70자1348,36.46941,127.273976,0.039,293055002,세종고속시외버스터미널(지상),26
2026-10-10T11:22:06,293000311,세종70자1349,36.503175,127.29008,10.372,293900013,세종연구단지(수루배1단지),60
2026-10-10T11:22:06,293000311,세종70자1351,36.498757,127.254539,19.138,293062002,어진중학교(한뜰마을4단지),1
2026-10-10T11:22:06,293000312,세종70자1345,36.46929,127.273823,0.028,293055002,세종고속시외버스터미널(지상),20
2026-10-10T11:22:06,293000312,세종70자1352,36.469788,127.273828,0.082,293055002,세종고속시외버스터미널(지상),24
2026-10-10T11:22:06,293000312,세종70자1346,36.510721,127.260451,10.154,293064109,"도램마을8,10단지",48
2026-10-10T11:22:06,293000312,세종70자1350,36.467483,127.273706,23.389,293064251,대평동,13
2026-10-10T11:22:06,271000805,세종73자5642,36.497726,127.31204,2.122,293064257,반곡동(수루배마을),39
2026-10-10T11:22:06,271000805,세종73자5675,36.504244,127.261267,11.331,293062011,정부세종청사 북측,48
2026-10-10T11:22:06,271000805,세종73자5672,36.560887,127.370032,26.051,293064498,다솜동,70
2026-10-10T11:22:06,271000805,세종73자5647,36.635299,127.423777,37.977,270054817,하복대벽산.서청주파크자이아파트,20
2026-10-10T11:22:06,271000805,세종73자5646,36.645513,127.42777,40.945,270054822,현대백화점,4
2026-10-10T11:22:06,271000806,충북70자3086,36.6177322,127.4276962,6.378,270054833,서현공원,0
2026-10-10T11:22:06,271000806,충북70자2084,36.521617,127.259736,28.47,293064446,세종충남대학교병원,0
2026-10-10T11:22:06,271000806,충북70자1055,36.49372851,127.256326,31.718,293062004,다정동,0
2026-10-10T11:22:06,271000806,세종73자5644,36.493018,127.326733,42.158,293064479,집현동,16
2026-10-10T11:22:38,293000317,세종70자1703,36.39154,127.315073,0.392,186005279,반석역,35
2026-10-10T11:22:38,293000317,세종70자1704,36.486716,127.301656,13.547,293064253,"법원,검찰청,경찰청",37
2026-10-10T11:22:38,293000317,세종70자1706,36.564403,127.308229,25.388,293900055,용호동,68
2026-10-10T11:22:38,293000317,세종70자1707,36.619255,127.327028,33.214,270054837,오송역종점,25
2026-10-10T11:22:38,293000318,세종70자1702,36.524721,127.328586,13.88,293064493,다솜동,68
2026-10-10T11:22:38,293000318,세종70자1705,36.43215099,127.286435,27.684,293055001,세종고속시외버스터미널(지상),68
2026-10-10T11:22:38,293000318,세종70자1701,36.390052,127.31604,32.906,186005278,반석역,67
2026-10-10T11:22:38,187000003,대전75자9929,36.405419,127.416585,10.789,187001386,오정농수산시장,0
2026-10-10T11:22:38,187000003,대전75자9927,36.468446,127.360263,20.838,186005286,국제과학비즈니스벨트,0
2026-10-10T11:22:38,187000003,대전75자9926,36.478469,127.288492,28.204,293064211,"세종시청,시의회,교육청",0
2026-10-10T11:22:38,187000003,대전75자9925,36.493513,127.25638,32.959,293054003,다정동,0
2026-10-10T11:22:38,187000003,대전75자9921,36.618656,127.326991,51.994,270000635,오송역2.3.4,0
2026-10-10T11:22:38,187000003,대전75자9917,36.588699,127.323742,47.371,974019920,오송역2.3.4(미정차),0
2026-10-10T11:22:38,187000003,대전75자9916,36.534031,127.292646,63.784,293014058,누리동,0
2026-10-10T11:22:38,187000003,대전75자9938,36.505436,127.26164,69.3,293062014,정부세종청사 북측,0
2026-10-10T11:22:38,187000003,대전75자9937,36.480633,127.262036,72.291,293053009,한솔동,0
2026-10-10T11:22:38,187000003,대전75자9915,36.482291000000004,127.2972,76.396,293064216,소담동(새샘마을),0
2026-10-10T11:22:38,187000003,대전75자9914,36.474418,127.333684,80.353,293064218,한국개발연구원(KDI),0
2026-10-10T11:22:38,187000003,대전75자9910,36.35877,127.404165,99.591,187001388,대덕산업단지,0
2026-10-10T11:22:38,187000003,대전75자9911,36.437736,127.396203,88.84,187001388,대덕산업단지,0
2026-10-10T11:22:38,187000003,대전75자9110,36.343671,127.421791,101.922,187001393,솔랑마을아파트,0
2026-10-10T11:22:38,187000003,대전75자9941,36.331392,127.432458,103.645,183002355,대전역,0
2026-10-10T11:22:38,271000801,충북70자2074,36.469306,127.273946,0.028,293055002,세종고속시외버스터미널(지상),0
2026-10-10T11:22:38,271000801,충북70자7051,36.493926,127.25641,3.419,293054003,다정동,0
2026-10-10T11:22:38,271000801,충북70자6052,36.6183991,127.327211,23.659,270054838,오송역6,0
2026-10-10T11:22:38,271000801,충북70자1063,36.67614415,127.39534128,36.239,270054811,청주소로초등학교,0
2026-10-10T11:22:38,271000801,충북70자1044,36.72014686,127.4897672,48.208,270051808,오창프라자,0
2026-10-10T11:22:38,271000802,충북70자5129,36.7109,127.428299,7.795,284000348,오창프라자,0
2026-10-10T11:22:38,271000802,충북70자3071,36.63399154,127.3363527,24.695,271000627,보건의료행정타운,0
2026-10-10T11:22:38,271000802,충북70자3070,36.5396872,127.30377547,38.165,270000635,오송역2.3.4,0
2026-10-10T11:22:38,293000282,세종70자1752,36.475305,127.266106,11.458,293055058,세종고속시외버스터미널,62
2026-10-10T11:22:38,293000282,세종70자1754,36.503074,127.241161,17.787,293064144,다빛초등학교(가재마을1단지),52
2026-10-10T11:22:38,293000282,세종70자1745,36.555856,127.279673,26.894,293900056,연기리,68
2026-10-10T11:22:38,293000282,세종70자1753,36.610254,127.326062,35.854,293001094,조치원버스터미널,20
2026-10-10T11:22:38,293000282,세종70자1743,36.619062,127.327159,37.314,270054837,오송역종점,20
2026-10-10T11:22:38,293000282,세종70자1749,36.619109,127.326443,37.432,270054837,오송역종점,29
2026-10-10T11:22:38,293000283,세종70자1744,36.612379,127.32979,1.255,270054839,오송역7,2
2026-10-10T11:22:38,293000283,세종70자1750,36.558196,127.280969,10.323,293064250,봉암리,68
2026-10-10T11:22:38,293000283,세종70자1747,36.502685,127.240904,19.758,293064473,"종촌초등학교(가락마을6,7단지)",31
2026-10-10T11:22:38,293000283,세종70자1748,36.483796,127.259645,24.928,293064009,첫마을1단지,14
2026-10-10T11:22:38,293000283,세종70자1751,36.396196,127.311425,36.553,293055059,세종고속시외버스터미널,61
2026-10-10T11:22:38,293000303,세종70자1510,36.497646,127.310598,5.178,293064258,반곡동(수루배마을),46
2026-10-10T11:22:38,293000303,세종70자1507,36.480689,127.262132,21.879,293053009,한솔동,32
2026-10-10T11:22:38,293000304,세종70자1506,36.472779,127.267853,0.801,293064220,세종고속시외버스터미널(지하),57
2026-10-10T11:22:38,293000304,세종70자1305,36.534347,127.287499,9.813,293014025,한별동,62
2026-10-10T11:22:38,293000304,세종70자1509,36.468128,127.274032,23.301,293055001,세종고속시외버스터미널(지상),29
2026-10-10T11:22:38,293000305,세종70자1354,36.467693,127.27356,0.0,293055002,세종고속시외버스터미널(지상),14
2026-10-10T11:22:38,293000305,세종70자1511,36.46803,127.273508,23.378,293055001,세종고속시외버스터미널(지상),255
2026-10-10T11:22:38,293000311,세종70자1348,36.469795,127.273885,0.082,293055002,세종고속시외버스터미널(지상),23
2026-10-10T11:22:38,293000311,세종70자1349,36.503905,127.285035,10.83,293900012,전통문화체험관,38
2026-10-10T11:22:38,293000311,세종70자1351,36.498484,127.25675,19.338,293062002,어진중학교(한뜰마을4단지),48
2026-10-10T11:22:38,293000312,세종70자1345,36.46929,127.273823,0.028,293055002,세종고속시외버스터미널(지상),20
2026-10-10T11:22:38,293000312,세종70자1352,36.470625,127.273495,0.179,293055002,세종고속시외버스터미널(지상),9
2026-10-10T11:22:38,293000312,세종70자1346,36.508574,127.261977,10.461,293062016,도램마을9단지,28
2026-10-10T11:22:38,293000312,세종70자1350,36.467483,127.273706,23.389,293064251,대평동,13
2026-10-10T11:22:38,271000805,세종73자5642,36.497697,127.311864,2.138,293064257,반곡동(수루배마을),13
2026-10-10T11:22:38,271000805,세종73자5675,36.50460799,127.261453,11.375,293062011,정부세종청사 북측,33
2026-10-10T11:22:38,271000805,세종73자5672,36.563417,127.373063,26.051,293064498,다솜동,72
2026-10-10T11:22:38,271000805,세종73자5647,36.63673,127.423241,38.143,270054817,하복대벽산.서청주파크자이아파트,43
2026-10-10T11:22:38,271000805,세종73자5646,36.646011,127.426076,41.115,270054822,현대백화점,53
2026-10-10T11:22:38,271000806,충북70자3086,36.6177322,127.4276962,6.378,270054833,서현공원,0
2026-10-10T11:22:38,271000806,충북70자2084,36.521617,127.259736,28.47,293064446,세종충남대학교병원,0
2026-10-10T11:22:38,271000806,충북70자1055,36.48916347,127.2567558,32.23,293062004,다정동,0
2026-10-10T11:23:10,293000317,세종70자1703,36.392194,127.314607,0.476,186005279,반석역,47
2026-10-10T11:23:10,293000317,세종70자1704,36.489602,127.302889,13.887,293064253,"법원,검찰청,경찰청",65
2026-10-10T11:23:10,293000317,세종70자1706,36.568004,127.312114,25.917,293900055,용호동,67
2026-10-10T11:23:10,293000317,세종70자1707,36.619255,127.327028,33.214,270054837,오송역종점,25
2026-10-10T11:23:10,293000318,세종70자1702,36.519924,127.330678,14.452,293064493,다솜동,69
2026-10-10T11:23:10,293000318,세종70자1705,36.428834,127.288524,27.943,293055001,세종고속시외버스터미널(지상),67
2026-10-10T11:23:10,293000318,세종70자1701,36.390052,127.31604,32.906,186005278,반석역,67
2026-10-10T11:23:10,187000003,대전75자9929,36.415292,127.421281,11.985,187001386,오정농수산시장,0
2026-10-10T11:23:10,187000003,대전75자9927,36.468446,127.360263,20.838,186005286,국제과학비즈니스벨트,0
2026-10-10T11:23:10,187000003,대전75자9926,36.475837,127.28211,28.845,293064209,"보람동,대평동",0
2026-10-10T11:23:10,187000003,대전75자9925,36.494456,127.256447,33.064,293054003,다정동,0
2026-10-10T11:23:10,187000003,대전75자9921,36.618656,127.326991,51.994,270000635,오송역2.3.4,0
2026-10-10T11:23:10,187000003,대전75자9917,36.588699,127.323742,47.371,974019920,오송역2.3.4(미정차),0
2026-10-10T11:23:10,187000003,대전75자9916,36.534031,127.292646,63.784,293014058,누리동,0
2026-10-10T11:23:10,187000003,대전75자9938,36.505058,127.261522,69.343,293062014,정부세종청사 북측,0
2026-10-10T11:23:10,187000003,대전75자9937,36.480633,127.262036,72.291,293053009,한솔동,0
2026-10-10T11:23:10,187000003,대전75자9915,36.482851,127.298057,76.496,293064216,소담동(새샘마을),0
2026-10-10T11:23:10,187000003,대전75자9914,36.474418,127.333684,80.353,293064218,한국개발연구원(KDI),0
2026-10-10T11:23:10,187000003,대전75자9911,36.437736,127.396203,88.84,187001388,대덕산업단지,0
2026-10-10T11:23:10,187000003,대전75자9910,36.355975,127.406245,99.961,187001389,오정농수산오거리,0
2026-10-10T11:23:10,187000003,대전75자9110,36.343671,127.421791,101.922,187001393,솔랑마을아파트,0
2026-10-10T11:23:10,187000003,대전75자9941,36.333873,127.437302,104.27,187001395,대전역동광장,0
2026-10-10T11:23:10,271000801,충북70자2074,36.469306,127.273946,0.028,293055002,세종고속시외버스터미널(지상),0
2026-10-10T11:23:10,271000801,충북70자7051,36.49835032,127.25816801,3.942,293054003,다정동,0
2026-10-10T11:23:10,271000801,충북70자1063,36.67830432,127.3983792,36.601,270054811,청주소로초등학교,0
2026-10-10T11:23:10,271000801,충북70자1044,36.72151064,127.4937872,48.683,270051808,오창프라자,0
2026-10-10T11:23:10,271000802,충북70자5129,36.70873187,127.4266107,8.159,284000348,오창프라자,0
2026-10-10T11:23:10,271000802,충북70자3071,36.62998931,127.3336834,25.212,271000627,보건의료행정타운,0
2026-10-10T11:23:10,271000802,충북70자6052,36.619296,127.327214,26.854,270000635,오송역2.3.4,0
2026-10-10T11:23:10,271000802,충북70자3070,36.53650166,127.30236762,38.669,270000635,오송역2.3.4,0
2026-10-10T11:23:10,293000282,세종70자1752,36.478536,127.263784,11.873,293055058,세종고속시외버스터미널,25
2026-10-10T11:23:10,293000282,세종70자1754,36.504212,127.241308,17.914,293064474,종촌초등학교(가재마을3단지),17
2026-10-10T11:23:10,293000282,세종70자1745,36.56092,127.283988,27.586,293064249,봉암리,47
2026-10-10T11:23:10,293000282,세종70자1753,36.610474,127.326676,35.914,270050300,오송3리,34
2026-10-10T11:23:10,293000282,세종70자1749,36.619109,127.326443,37.432,270054837,오송역종점,29
2026-10-10T11:23:10,293000283,세종70자1744,36.611972,127.329125,1.33,270054839,오송역7,37
2026-10-10T11:23:10,293000283,세종70자1750,36.55337699,127.278253,10.912,293900057,연기리,62
2026-10-10T11:23:10,293000283,세종70자1747,36.501721,127.240732,19.866,293064473,"종촌초등학교(가락마을6,7단지)",29
2026-10-10T11:23:10,293000283,세종70자1748,36.481475,127.261361,25.271,293053008,한솔동(첫마을),25
2026-10-10T11:23:10,293000283,세종70자1751,36.395531,127.311877,36.637,293055059,세종고속시외버스터미널,40
2026-10-10T11:23:10,293000303,세종70자1510,36.497911,127.311376,5.251,293064258,반곡동(수루배마을),1
2026-10-10T11:23:10,293000303,세종70자1507,36.479505,127.262823,22.024,293053009,한솔동,38
2026-10-10T11:23:10,293000304,세종70자1506,36.476524,127.26514,1.283,293064220,세종고속시외버스터미널(지하),57
2026-10-10T11:23:10,293000304,세종70자1305,36.534031,127.293291,10.335,293064420,누리동,66
2026-10-10T11:23:10,293000304,세종70자1509,36.468128,127.274032,23.301,293055001,세종고속시외버스터미널(지상),29
2026-10-10T11:23:10,293000305,세종70자1354,36.467693,127.27356,0.0,293055002,세종고속시외버스터미널(지상),14
2026-10-10T11:23:10,293000305,세종70자1511,36.46803,127.273508,23.378,293055001,세종고속시외버스터미널(지상),255
2026-10-10T11:23:10,293000311,세종70자1348,36.47073,127.27358,0.207,293055002,세종고속시외버스터미널(지상),3
2026-10-10T11:23:10,293000311,세종70자1349,36.504826,127.279205,11.365,293900012,전통문화체험관,50
2026-10-10T11:23:10,293000311,세종70자1351,36.496279,127.256704,19.733,293062002,어진중학교(한뜰마을4단지),62
2026-10-10T11:23:10,293000312,세종70자1345,36.46929,127.273823,0.028,293055002,세종고속시외버스터미널(지상),20
2026-10-10T11:23:10,293000312,세종70자1352,36.470641,127.273473,0.181,293055002,세종고속시외버스터미널(지상),9
2026-10-10T11:23:10,293000312,세종70자1346,36.508623,127.263152,10.565,293062016,도램마을9단지,34
2026-10-10T11:23:10,293000312,세종70자1350,36.467483,127.273706,23.389,293064251,대평동,13
2026-10-10T11:23:10,271000805,세종73자5642,36.497696,127.311863,2.138,293064257,반곡동(수루배마을),13
2026-10-10T11:23:10,271000805,세종73자5675,36.506842,127.26192,11.628,293062011,정부세종청사 북측,61
2026-10-10T11:23:10,271000805,세종73자5672,36.566907,127.378654,27.556,293064498,다솜동,76
2026-10-10T11:23:10,271000805,세종73자5647,36.639831,127.422476,38.494,971009060,부모산.연화사입구,46
2026-10-10T11:23:10,271000805,세종73자5646,36.64614,127.423093,41.382,270054822,현대백화점,53
2026-10-10T11:23:10,271000806,충북70자3086,36.6177322,127.4276962,6.378,270054833,서현공원,0
2026-10-10T11:23:10,271000806,충북70자2084,36.52027461,127.25940059,28.623,293064446,세종충남대학교병원,0
2026-10-10T11:23:10,271000806,충북70자1055,36.48771,127.25729,32.4,293053004,"새롬동,나성동",0
2026-10-10T11:23:41,293000317,세종70자1703,36.396019,127.311858,0.968,186005279,반석역,61
2026-10-10T11:23:41,293000317,세종70자1704,36.49299899,127.305184,14.319,293064255,국책연구단지,59
2026-10-10T11:23:41,293000317,세종70자1706,36.57262399,127.317165,26.603,293900055,용호동,69
2026-10-10T11:23:41,293000317,세종70자1707,36.619255,127.327028,33.214,270054837,오송역종점,25
2026-10-10T11:23:41,293000318,세종70자1702,36.514795,127.330231,15.023,293064493,다솜동,68
2026-10-10T11:23:41,293000318,세종70자1705,36.4242,127.294503,27.943,293055001,세종고속시외버스터미널(지상),66
2026-10-10T11:23:41,293000318,세종70자1701,36.390052,127.31604,32.906,186005278,반석역,67
2026-10-10T11:23:41,187000003,대전75자9929,36.415292,127.421281,11.985,187001386,오정농수산시장,0
2026-10-10T11:23:41,187000003,대전75자9927,36.468446,127.360263,20.838,186005286,국제과학비즈니스벨트,0
2026-10-10T11:23:41,187000003,대전75자9926,36.475426,127.281401,28.926,293064209,"보람동,대평동",0
2026-10-10T11:23:41,187000003,대전75자9925,36.498068,127.258081,33.495,293054003,다정동,0
2026-10-10T11:23:41,187000003,대전75자9921,36.619442,127.32663,51.825,270000635,오송역2.3.4,0
2026-10-10T11:23:41,187000003,대전75자9917,36.588699,127.323742,47.371,974019920,오송역2.3.4(미정차),0
2026-10-10T11:23:41,187000003,대전75자9916,36.534031,127.292646,63.784,293014058,누리동,0
2026-10-10T11:23:41,187000003,대전75자9938,36.502108,127.260156,69.693,293062007,정부세종청사 남측,0
2026-10-10T11:23:41,187000003,대전75자9937,36.470943,127.270833,73.664,293053009,한솔동,0
2026-10-10T11:23:41,187000003,대전75자9915,36.484949,127.300315,76.807,293064216,소담동(새샘마을),0
2026-10-10T11:23:41,187000003,대전75자9914,36.474418,127.333684,80.353,293064218,한국개발연구원(KDI),0
2026-10-10T11:23:41,187000003,대전75자9911,36.430217,127.405429,90.016,187001388,대덕산업단지,0
2026-10-10T11:23:41,187000003,대전75자9910,36.355975,127.406245,99.961,187001389,오정농수산오거리,0
2026-10-10T11:23:41,187000003,대전75자9110,36.342687,127.423164,102.087,187001393,솔랑마을아파트,0
2026-10-10T11:23:41,187000003,대전75자9941,36.333873,127.437302,104.27,187001395,대전역동광장,0
2026-10-10T11:23:41,271000801,충북70자2074,36.469306,127.273946,0.028,293055002,세종고속시외버스터미널(지상),0
2026-10-10T11:23:41,271000801,충북70자7051,36.500845,127.259633,4.249,293062006,정부세종청사 남측,0
2026-10-10T11:23:41,271000801,충북70자1063,36.68204577,127.4045865,37.294,270054811,청주소로초등학교,0
2026-10-10T11:23:41,271000802,충북70자1044,36.72248667,127.4956317,0.186,270051719,청주국제공항,0
2026-10-10T11:23:41,271000802,충북70자5129,36.70873187,127.4266107,8.159,284000348,오창프라자,0
2026-10-10T11:23:41,271000802,충북70자3071,36.627526,127.332272,25.514,271000608,오송휴먼시아아파트,0
2026-10-10T11:23:41,271000802,충북70자6052,36.619296,127.327214,26.854,270000635,오송역2.3.4,0
2026-10-10T11:23:41,271000802,충북70자3070,36.53627642,127.30151995,38.748,270000635,오송역2.3.4,0
2026-10-10T11:23:41,293000282,세종70자1752,36.478838,127.263568,11.912,293055058,세종고속시외버스터미널,25
2026-10-10T11:23:41,293000282,세종70자1754,36.507453,127.241539,18.274,293064475,"가락마을8단지,가재마을4단지",18
2026-10-10T11:23:41,293000282,세종70자1745,36.56159199,127.284926,27.698,293064249,봉암리,41
2026-10-10T11:23:41,293000282,세종70자1753,36.613239,127.331481,36.448,270050300,오송3리,51
2026-10-10T11:23:41,293000282,세종70자1749,36.619109,127.326443,37.432,270054837,오송역종점,29
2026-10-10T11:23:41,293000283,세종70자1744,36.610605,127.32633,1.625,271000568,오송2리,20
2026-10-10T11:23:41,293000283,세종70자1750,36.549463,127.275526,11.411,293900057,연기리,67
2026-10-10T11:23:41,293000283,세종70자1747,36.500945,127.240587,19.953,293064473,"종촌초등학교(가락마을6,7단지)",29
2026-10-10T11:23:41,293000283,세종70자1748,36.481092,127.261584,25.318,293053008,한솔동(첫마을),25
2026-10-10T11:23:41,293000283,세종70자1751,36.391968,127.314468,37.096,293055059,세종고속시외버스터미널,46
2026-10-10T11:23:41,293000303,세종70자1510,36.497901,127.311381,5.251,293064258,반곡동(수루배마을),1
2026-10-10T11:23:41,293000303,세종70자1507,36.479465,127.26279,22.026,293053009,한솔동,38
2026-10-10T11:23:41,293000304,세종70자1506,36.478959,127.263354,1.597,293064220,세종고속시외버스터미널(지하),57
2026-10-10T11:23:41,293000304,세종70자1305,36.536515,127.302497,11.204,293064420,누리동,64
2026-10-10T11:23:41,293000304,세종70자1509,36.468128,127.274032,23.301,293055001,세종고속시외버스터미널(지상),29
2026-10-10T11:23:41,293000305,세종70자1354,36.467693,127.27356,0.0,293055002,세종고속시외버스터미널(지상),14
2026-10-10T11:23:41,293000305,세종70자1511,36.46803,127.273508,23.378,293055001,세종고속시외버스터미널(지상),255
2026-10-10T11:23:41,293000311,세종70자1348,36.47236,127.276696,0.542,293064252,대평동,20
2026-10-10T11:23:41,293000311,세종70자1349,36.50603,127.273708,11.878,293900012,전통문화체험관,48
2026-10-10T11:23:41,293000311,세종70자1351,36.494728,127.256271,19.911,293062002,어진중학교(한뜰마을4단지),22
2026-10-10T11:23:41,293000312,세종70자1345,36.46929,127.273823,0.028,293055002,세종고속시외버스터미널(지상),20
2026-10-10T11:23:41,293000312,세종70자1352,36.47060599,127.272818,0.276,293064220,세종고속시외버스터미널(지하),19
2026-10-10T11:23:41,293000312,세종70자1346,36.507648,127.268309,11.045,293900007,양지고등학교,39
2026-10-10T11:23:41,293000312,세종70자1350,36.467483,127.273706,23.389,293064251,대평동,13
2026-10-10T11:23:41,271000805,세종73자5642,36.49763999,127.31141,2.179,293064257,반곡동(수루배마을),33
2026-10-10T11:23:41,271000805,세종73자5675,36.51130899,127.260129,12.157,293062011,정부세종청사 북측,64
2026-10-10T11:23:41,271000805,세종73자5672,36.570749,127.381859,28.074,293064498,다솜동,64
2026-10-10T11:23:41,271000805,세종73자5647,36.642904,127.422714,38.838,971008280,효성아파트,20
2026-10-10T11:23:41,271000805,세종73자5646,36.64614,127.423093,41.382,270054822,현대백화점,53
2026-10-10T11:23:41,271000806,충북70자3086,36.6177322,127.4276962,6.378,270054833,서현공원,0
2026-10-10T11:23:41,271000806,충북70자2084,36.51615528,127.25894355,29.085,293064446,세종충남대학교병원,0
2026-10-10T11:23:41,271000806,충북70자1055,36.48771,127.25729,32.4,293053004,"새롬동,나성동",0
2026-10-10T11:24:13,293000317,세종70자1703,36.400314,127.309228,1.5,186005279,반석역,67
2026-10-10T11:24:13,293000317,세종70자1704,36.496893,127.308414,14.846,293064255,국책연구단지,62
2026-10-10T11:24:13,293000317,세종70자1706,36.578289,127.321041,27.329,293900055,용호동,68
2026-10-10T11:24:13,293000317,세종70자1707,36.619255,127.327028,33.214,270054837,오송역종점,25
2026-10-10T11:24:13,293000318,세종70자1702,36.509681,127.329771,15.594,293064493,다솜동,68
2026-10-10T11:24:13,293000318,세종70자1705,36.421362,127.297771,29.278,293055001,세종고속시외버스터미널(지상),68
2026-10-10T11:24:13,293000318,세종70자1701,36.390052,127.31604,32.906,186005278,반석역,67
2026-10-10T11:24:13,187000003,대전75자9929,36.423764,127.414223,13.146,187001386,오정농수산시장,0
2026-10-10T11:24:13,187000003,대전75자9927,36.474444,127.334307,23.292,186005286,국제과학비즈니스벨트,0
2026-10-10T11:24:13,187000003,대전75자9926,36.472295,127.276301,29.503,293064251,대평동,0
2026-10-10T11:24:13,187000003,대전75자9925,36.500426,127.259491,33.786,293062006,정부세종청사 남측,0
2026-10-10T11:24:13,187000003,대전75자9921,36.619442,127.32663,51.825,270000635,오송역2.3.4,0
2026-10-10T11:24:13,187000003,대전75자9917,36.575517,127.319589,45.861,974019920,오송역2.3.4(미정차),0
2026-10-10T11:24:13,187000003,대전75자9916,36.533995,127.27606,65.28,293014026,한별동,0
2026-10-10T11:24:13,187000003,대전75자9938,36.501281,127.259741,69.792,293062007,정부세종청사 남측,0
2026-10-10T11:24:13,187000003,대전75자9937,36.472473,127.276578,74.249,293064252,대평동,0
2026-10-10T11:24:13,187000003,대전75자9915,36.485986,127.30126,76.949,293064216,소담동(새샘마을),0
2026-10-10T11:24:13,187000003,대전75자9914,36.468521,127.359875,83.373,293064218,한국개발연구원(KDI),0
2026-10-10T11:24:13,187000003,대전75자9911,36.424082,127.413804,91.034,187001388,대덕산업단지,0
2026-10-10T11:24:13,187000003,대전75자9910,36.355376,127.406966,100.054,187001389,오정농수산오거리,0
2026-10-10T11:24:13,187000003,대전75자9110,36.338186,127.429178,102.822,187001394,한밭자이아파트,0
2026-10-10T11:24:13,187000003,대전75자9941,36.333873,127.437302,104.27,187001395,대전역동광장,0
2026-10-10T11:24:13,271000801,충북70자2074,36.469306,127.273946,0.028,293055002,세종고속시외버스터미널(지상),0
2026-10-10T11:24:13,271000801,충북70자7051,36.50379395,127.2609384,4.597,293062006,정부세종청사 남측,0
2026-10-10T11:24:13,271000801,충북70자1063,36.68204577,127.4045865,37.294,270054811,청주소로초등학교,0
2026-10-10T11:24:13,271000802,충북70자1044,36.72248667,127.4956317,0.186,270051719,청주국제공항,0
2026-10-10T11:24:13,271000802,충북70자5129,36.70735567,127.4284514,8.394,284000348,오창프라자,0
2026-10-10T11:24:13,271000802,충북70자3071,36.6230577,127.3310504,26.06,271000608,오송휴먼시아아파트,0
2026-10-10T11:24:13,271000802,충북70자6052,36.619296,127.327214,26.854,270000635,오송역2.3.4,0
2026-10-10T11:24:13,271000802,충북70자3070,36.53430741,127.29453371,39.41,270000635,오송역2.3.4,0
2026-10-10T11:24:13,293000282,세종70자1752,36.479383,127.263185,11.981,293055058,세종고속시외버스터미널,42
2026-10-10T11:24:13,293000282,세종70자1754,36.507967,127.241554,18.332,293064475,"가락마을8단지,가재마을4단지",18
2026-10-10T11:24:13,293000282,세종70자1745,36.564222,127.28788,28.092,293064249,봉암리,69
2026-10-10T11:24:13,293000282,세종70자1753,36.613798,127.332256,36.548,270050300,오송3리,29
2026-10-10T11:24:13,293000282,세종70자1749,36.619109,127.326443,37.432,270054837,오송역종점,29
2026-10-10T11:24:13,293000283,세종70자1744,36.61037799,127.325748,1.683,271000568,오송2리,31
2026-10-10T11:24:13,293000283,세종70자1750,36.544774,127.27238,12.003,293900057,연기리,68
2026-10-10T11:24:13,293000283,세종70자1747,36.499452,127.243605,20.38,293064145,다빛초등학교(가온마을3단지),43
2026-10-10T11:24:13,293000283,세종70자1748,36.480458,127.262094,25.402,293053008,한솔동(첫마을),18
2026-10-10T11:24:13,293000283,세종70자1751,36.391404,127.314915,37.17,186004229,반석역,13
2026-10-10T11:24:13,293000303,세종70자1510,36.497573,127.317791,5.822,293064258,반곡동(수루배마을),58
2026-10-10T11:24:13,293000303,세종70자1507,36.479013,127.263091,22.083,293053009,한솔동,37
2026-10-10T11:24:13,293000304,세종70자1506,36.47999999,127.262607,1.731,293053011,한솔동,43
2026-10-10T11:24:13,293000304,세종70자1305,36.537286,127.305635,11.496,293064420,누리동,63
2026-10-10T11:24:13,293000304,세종70자1509,36.468128,127.274032,23.301,293055001,세종고속시외버스터미널(지상),29
2026-10-10T11:24:13,293000305,세종70자1354,36.467693,127.27356,0.0,293055002,세종고속시외버스터미널(지상),14
2026-10-10T11:24:13,293000305,세종70자1511,36.46803,127.273508,23.378,293055001,세종고속시외버스터미널(지상),255
2026-10-10T11:24:13,293000311,세종70자1348,36.475136,127.280723,1.016,293064206,"보람동,대평동",15
2026-10-10T11:24:13,293000311,세종70자1349,36.507598,127.269253,12.318,293900009,세종소방서,49
2026-10-10T11:24:13,293000311,세종70자1351,36.493383,127.255954,20.064,293054001,다정동(대성고등학교),37
2026-10-10T11:24:13,293000312,세종70자1345,36.46929,127.273823,0.028,293055002,세종고속시외버스터미널(지상),20
2026-10-10T11:24:13,293000312,세종70자1352,36.472184,127.268246,0.727,293064220,세종고속시외버스터미널(지하),58
2026-10-10T11:24:13,293000312,세종70자1346,36.506363,127.272067,11.416,293900010,세종소방서,42
2026-10-10T11:24:13,293000312,세종70자1350,36.467483,127.273706,23.389,293064251,대평동,13
2026-10-10T11:24:13,271000805,세종73자5642,36.49682399,127.308108,2.496,293064257,반곡동(수루배마을),56
2026-10-10T11:24:13,271000805,세종73자5675,36.513703,127.259273,12.434,293056003,도담동,42
2026-10-10T11:24:13,271000805,세종73자5672,36.575283,127.384868,28.645,293064498,다솜동,69
2026-10-10T11:24:13,271000805,세종73자5647,36.642519,127.424092,38.982,971008280,효성아파트,20
2026-10-10T11:24:13,271000805,세종73자5646,36.64614,127.423093,41.382,270054822,현대백화점,53
2026-10-10T11:24:13,271000806,충북70자3086,36.6123273,127.4232342,7.367,270054834,가경아이파크5단지,0
2026-10-10T11:24:13,271000806,충북70자2084,36.51483,127.25896,29.232,293056002,도담동,0
2026-10-10T11:24:13,271000806,충북70자1055,36.48662514,127.25790223,32.533,293053004,"새롬동,나성동",0
2026-10-10T11:24:46,293000317,세종70자1703,36.40682,127.30363,2.379,186005279,반석역,66
2026-10-10T11:24:46,293000317,세종70자1704,36.497535,127.311224,15.112,293064258,반곡동(수루배마을),20
2026-10-10T11:24:46,293000317,세종70자1706,36.58269,127.321793,27.475,293900055,용호동,68
2026-10-10T11:24:46,293000317,세종70자1707,36.619255,127.327028,33.214,270054837,오송역종점,25
2026-10-10T11:24:46,293000318,세종70자1702,36.504541,127.329333,16.166,293064493,다솜동,69
2026-10-10T11:24:46,293000318,세종70자1705,36.414717,127.299748,30.04,293055001,세종고속시외버스터미널(지상),67
2026-10-10T11:24:46,293000318,세종70자1701,36.390052,127.31604,32.906,186005278,반석역,67
2026-10-10T11:24:46,187000003,대전75자9929,36.430039,127.405732,14.181,187001386,오정농수산시장,0
2026-10-10T11:24:46,187000003,대전75자9927,36.474444,127.334307,23.292,186005286,국제과학비즈니스벨트,0
2026-10-10T11:24:46,187000003,대전75자9926,36.470939,127.274808,29.695,293064251,대평동,0
2026-10-10T11:24:46,187000003,대전75자9925,36.501245,127.259919,33.885,293062006,정부세종청사 남측,0
2026-10-10T11:24:46,187000003,대전75자9921,36.619442,127.32663,51.825,270000635,오송역2.3.4,0
2026-10-10T11:24:46,187000003,대전75자9917,36.565404,127.309213,44.379,974019920,오송역2.3.4(미정차),0
2026-10-10T11:24:46,187000003,대전75자9916,36.533995,127.27606,65.28,293014026,한별동,0
2026-10-10T11:24:46,187000003,대전75자9938,36.498516,127.258182,70.135,293062007,정부세종청사 남측,0
2026-10-10T11:24:46,187000003,대전75자9937,36.47237,127.277121,74.28,293064252,대평동,0
2026-10-10T11:24:46,187000003,대전75자9915,36.483404,127.306315,77.503,293064216,소담동(새샘마을),0
2026-10-10T11:24:46,187000003,대전75자9914,36.467205,127.364078,83.775,186005287,국제과학비즈니스벨트,0
2026-10-10T11:24:46,187000003,대전75자9911,36.424082,127.413804,91.034,187001388,대덕산업단지,0
2026-10-10T11:24:46,187000003,대전75자9910,36.355376,127.406966,100.054,187001389,오정농수산오거리,0
2026-10-10T11:24:46,187000003,대전75자9110,36.338186,127.429178,102.822,187001394,한밭자이아파트,0
2026-10-10T11:24:46,187000003,대전75자9941,36.333873,127.437302,104.27,187001395,대전역동광장,0
2026-10-10T11:24:46,271000801,충북70자2074,36.469306,127.273946,0.028,293055002,세종고속시외버스터미널(지상),0
2026-10-10T11:24:46,271000801,충북70자7051,36.504207,127.261195,4.648,293062011,정부세종청사 북측,0
2026-10-10T11:24:46,271000801,충북70자6052,36.62409673,127.3305556,24.501,270054838,오송역6,0
2026-10-10T11:24:46,271000801,충북70자1063,36.69065627,127.4143347,38.589,270054811,청주소로초등학교,0
2026-10-10T11:24:46,271000802,충북70자1044,36.72344064,127.497054,0.383,270051719,청주국제공항,0
2026-10-10T11:24:46,271000802,충북70자5129,36.70735567,127.4284514,8.394,284000348,오창프라자,0
2026-10-10T11:24:46,271000802,충북70자3071,36.6230577,127.3310504,26.06,271000608,오송휴먼시아아파트,0
2026-10-10T11:24:46,271000802,충북70자3070,36.534046,127.292199,39.621,293014058,누리동,0
2026-10-10T11:24:46,293000282,세종70자1752,36.481,127.262017,12.189,293053010,한솔동(첫마을),31
2026-10-10T11:24:46,293000282,세종70자1754,36.507967,127.241554,18.332,293064475,"가락마을8단지,가재마을4단지",18
2026-10-10T11:24:46,293000282,세종70자1745,36.570618,127.290319,28.837,293064249,봉암리,69
2026-10-10T11:24:46,293000282,세종70자1753,36.616435,127.329457,36.937,270050300,오송3리,48
2026-10-10T11:24:46,293000282,세종70자1749,36.619109,127.326443,37.432,270054837,오송역종점,29
2026-10-10T11:24:46,293000283,세종70자1744,36.609656,127.323611,1.89,271000568,오송2리,30
2026-10-10T11:24:46,293000283,세종70자1750,36.540214,127.269598,12.569,293900057,연기리,67
2026-10-10T11:24:46,293000283,세종70자1747,36.499396,127.244433,20.454,293064145,다빛초등학교(가온마을3단지),43
2026-10-10T11:24:46,293000283,세종70자1748,36.479161,127.263004,25.568,293053008,한솔동(첫마을),48
2026-10-10T11:24:46,293000283,세종70자1751,36.389786,127.316091,37.379,186004229,반석역,57
2026-10-10T11:24:46,293000303,세종70자1510,36.498005,127.322363,6.237,293064419,집현동,40
2026-10-10T11:24:46,293000303,세종70자1507,36.475719,127.265584,22.512,293053009,한솔동,56
2026-10-10T11:24:46,293000304,세종70자1506,36.481138,127.261763,1.878,293053011,한솔동,48
2026-10-10T11:24:46,293000304,세종70자1305,36.536776,127.310591,11.941,293900054,용호동,63
2026-10-10T11:24:46,293000304,세종70자1509,36.468128,127.274032,23.301,293055001,세종고속시외버스터미널(지상),29
2026-10-10T11:24:46,293000305,세종70자1354,36.467693,127.27356,0.0,293055002,세종고속시외버스터미널(지상),14
2026-10-10T11:24:46,293000305,세종70자1511,36.46803,127.273508,23.378,293055001,세종고속시외버스터미널(지상),255
2026-10-10T11:24:46,293000311,세종70자1348,36.475751,127.281766,1.128,293064206,"보람동,대평동",49
2026-10-10T11:24:46,293000311,세종70자1349,36.507961,127.268263,12.415,293900009,세종소방서,49
2026-10-10T11:24:46,293000311,세종70자1351,36.490674,127.256168,20.362,293064436,한국산업인력공단 세종지사,30
2026-10-10T11:24:46,293000312,세종70자1345,36.46929,127.273823,0.028,293055002,세종고속시외버스터미널(지상),20
2026-10-10T11:24:46,293000312,세종70자1352,36.474484,127.266603,1.021,293064220,세종고속시외버스터미널(지하),62
2026-10-10T11:24:46,293000312,세종70자1346,36.506126,127.272777,11.484,293900010,세종소방서,13
2026-10-10T11:24:46,293000312,세종70자1350,36.467483,127.273706,23.389,293064251,대평동,13
2026-10-10T11:24:46,271000805,세종73자5642,36.492064,127.304377,3.128,293064261,국책연구단지,12
2026-10-10T11:24:46,271000805,세종73자5675,36.514563,127.25912,12.531,293056003,도담동,33
2026-10-10T11:24:46,271000805,세종73자5672,36.584552,127.388763,29.744,293064498,다솜동,71
2026-10-10T11:24:46,271000805,세종73자5647,36.642521,127.424092,38.982,971008280,효성아파트,20
2026-10-10T11:24:46,271000805,세종73자5646,36.64614,127.423093,41.382,270054822,현대백화점,53
2026-10-10T11:24:46,271000806,충북70자3086,36.60973851,127.4240386,7.66,270054834,가경아이파크5단지,0
2026-10-10T11:24:46,271000806,충북70자2084,36.51252376,127.2595524,29.495,293056002,도담동,0
2026-10-10T11:24:46,271000806,충북70자1055,36.481073,127.261769,33.248,293053009,한솔동,0
2026-10-10T11:25:18,293000317,세종70자1703,36.41221199,127.300715,3.031,186005279,반석역,66
2026-10-10T11:25:18,293000317,세종70자1704,36.497686,127.313823,15.345,293064258,반곡동(수루배마을),46
2026-10-10T11:25:18,293000317,세종70자1706,36.587721,127.323039,27.475,293900055,용호동,68
2026-10-10T11:25:18,293000318,세종70자1707,36.619231,127.326984,0.054,270000635,오송역2.3.4,7
2026-10-10T11:25:18,293000318,세종70자1702,36.501461,127.328738,16.514,293064416,세종공동캠퍼스,40
2026-10-10T11:25:18,293000318,세종70자1705,36.41032899,127.301365,30.556,293055001,세종고속시외버스터미널(지상),68
2026-10-10T11:25:18,293000318,세종70자1701,36.390052,127.31604,32.906,186005278,반석역,67
2026-10-10T11:25:18,187000003,대전75자9929,36.437452,127.396776,15.334,187001387,대덕산업단지,0
2026-10-10T11:25:18,187000003,대전75자9927,36.474444,127.334307,23.292,186005286,국제과학비즈니스벨트,0
2026-10-10T11:25:18,187000003,대전75자9926,36.470476,127.272019,29.937,293064220,세종고속시외버스터미널(지하),0
2026-10-10T11:25:18,187000003,대전75자9925,36.501245,127.259919,33.885,293062006,정부세종청사 남측,0
2026-10-10T11:25:18,187000003,대전75자9921,36.619442,127.32663,51.825,270000635,오송역2.3.4,0
2026-10-10T11:25:18,187000003,대전75자9917,36.565404,127.309213,44.379,974019920,오송역2.3.4(미정차),0
2026-10-10T11:25:18,187000003,대전75자9916,36.533995,127.27606,65.28,293014026,한별동,0
2026-10-10T11:25:18,187000003,대전75자9938,36.495226,127.256565,70.537,293062004,다정동,0
2026-10-10T11:25:18,187000003,대전75자9937,36.474799,127.280276,74.669,293064206,"보람동,대평동",0
2026-10-10T11:25:18,187000003,대전75자9915,36.483404,127.306315,77.503,293064216,소담동(새샘마을),0
2026-10-10T11:25:18,187000003,대전75자9914,36.467205,127.364078,83.775,186005287,국제과학비즈니스벨트,0
2026-10-10T11:25:18,187000003,대전75자9911,36.415706,127.42111,92.181,187001388,대덕산업단지,0
2026-10-10T11:25:18,187000003,대전75자9910,36.355376,127.406966,100.054,187001389,오정농수산오거리,0
2026-10-10T11:25:18,187000003,대전75자9110,36.335962,127.430415,103.105,187001394,한밭자이아파트,0
2026-10-10T11:25:18,187000003,대전75자9941,36.333873,127.437302,104.27,187001395,대전역동광장,0
2026-10-10T11:25:18,271000801,충북70자2074,36.469306,127.273946,0.028,293055002,세종고속시외버스터미널(지상),0
2026-10-10T11:25:18,271000801,충북70자7051,36.50461547,127.26134674,4.695,293062011,정부세종청사 북측,0
2026-10-10T11:25:18,271000801,충북70자6052,36.62580674,127.3314641,24.713,270054838,오송역6,0
2026-10-10T11:25:18,271000801,충북70자1063,36.69065627,127.4143347,38.589,270054811,청주소로초등학교,0
2026-10-10T11:25:18,271000802,충북70자1044,36.72344064,127.497054,0.383,270051719,청주국제공항,0
2026-10-10T11:25:18,271000802,충북70자5129,36.70735567,127.4284514,8.394,284000348,오창프라자,0
2026-10-10T11:25:18,271000802,충북70자3071,36.6230577,127.3310504,26.06,271000608,오송휴먼시아아파트,0
2026-10-10T11:25:18,271000802,충북70자3070,36.53440642,127.28671183,40.114,293014058,누리동,0
2026-10-10T11:25:18,293000282,세종70자1752,36.48263399,127.260761,12.403,293053010,한솔동(첫마을),38
2026-10-10T11:25:18,293000282,세종70자1754,36.50880699,127.241572,18.425,293064475,"가락마을8단지,가재마을4단지",43
2026-10-10T11:25:18,293000282,세종70자1745,36.575407,127.291719,29.386,293064249,봉암리,38
2026-10-10T11:25:18,293000282,세종70자1753,36.617145,127.328669,37.043,270050300,오송3리,1
2026-10-10T11:25:18,293000282,세종70자1749,36.619109,127.326443,37.432,270054837,오송역종점,29
2026-10-10T11:25:18,293000283,세종70자1744,36.60954,127.323276,1.922,271000568,오송2리,30
2026-10-10T11:25:18,293000283,세종70자1750,36.536837,127.265357,13.119,293900057,연기리,68
2026-10-10T11:25:18,293000283,세종70자1747,36.49935099,127.244939,20.5,293064145,다빛초등학교(가온마을3단지),34
2026-10-10T11:25:18,293000283,세종70자1748,36.475501,127.265691,26.04,293053008,한솔동(첫마을),67
2026-10-10T11:25:18,293000283,세종70자1751,36.3875,127.317777,37.557,186004229,반석역,57
2026-10-10T11:25:18,293000303,세종70자1510,36.500125,127.327766,6.785,293064419,집현동,52
2026-10-10T11:25:18,293000303,세종70자1507,36.472323,127.268134,22.953,293053009,한솔동,49
2026-10-10T11:25:18,293000304,세종70자1506,36.486134,127.259441,2.463,293053011,한솔동,57
2026-10-10T11:25:18,293000304,세종70자1305,36.53211499,127.319757,12.918,293064493,다솜동,66
2026-10-10T11:25:18,293000304,세종70자1509,36.468128,127.274032,23.301,293055001,세종고속시외버스터미널(지상),29
2026-10-10T11:25:18,293000305,세종70자1354,36.467693,127.27356,0.0,293055002,세종고속시외버스터미널(지상),14
2026-10-10T11:25:18,293000305,세종70자1511,36.46803,127.273508,23.378,293055001,세종고속시외버스터미널(지상),255
2026-10-10T11:25:18,293000311,세종70자1348,36.47786,127.286938,1.646,293064206,"보람동,대평동",68
2026-10-10T11:25:18,293000311,세종70자1349,36.507961,127.268263,12.415,293900009,세종소방서,49
2026-10-10T11:25:18,293000311,세종70자1351,36.487715,127.256954,20.699,293053003,"새롬동,나성동(청소년센터)",9
2026-10-10T11:25:18,293000312,세종70자1345,36.46929,127.273823,0.028,293055002,세종고속시외버스터미널(지상),20
2026-10-10T11:25:18,293000312,세종70자1352,36.480959,127.26203,1.849,293053010,한솔동(첫마을),40
2026-10-10T11:25:18,293000312,세종70자1346,36.505407,127.275027,11.701,293900010,세종소방서,54
2026-10-10T11:25:18,293000312,세종70자1350,36.467483,127.273706,23.389,293064251,대평동,13
2026-10-10T11:25:18,271000805,세종73자5642,36.491907,127.304266,3.148,293064261,국책연구단지,18
2026-10-10T11:25:18,271000805,세종73자5675,36.519803,127.259362,13.115,293056003,도담동,62
2026-10-10T11:25:18,271000805,세종73자5672,36.589231,127.394615,30.488,293064498,다솜동,74
2026-10-10T11:25:18,271000805,세종73자5647,36.641831,127.426047,39.172,270054819,솔밭초등학교.신영지웰시티,19
2026-10-10T11:25:18,271000805,세종73자5646,36.64614,127.423093,41.382,270054822,현대백화점,53
2026-10-10T11:25:18,271000806,충북70자3086,36.60973851,127.4240386,7.66,270054834,가경아이파크5단지,0
2026-10-10T11:25:18,271000806,충북70자2084,36.50682951,127.26188928,30.166,293056002,도담동,0
2026-10-10T11:25:18,271000806,충북70자1055,36.48070657,127.26208309,33.297,293053009,한솔동,0
2026-10-10T11:25:50,293000317,세종70자1703,36.414311,127.300019,3.284,186005279,반석역,64
2026-10-10T11:25:50,293000317,세종70자1704,36.497522,127.316729,15.606,293064258,반곡동(수루배마을),16
2026-10-10T11:25:50,293000317,세종70자1706,36.590223,127.325923,28.844,293900055,용호동,68
2026-10-10T11:25:50,293000318,세종70자1707,36.619005,127.32674,0.232,270000635,오송역2.3.4,14
2026-10-10T11:25:50,293000318,세종70자1702,36.501461,127.328738,16.514,293064416,세종공동캠퍼스,40
2026-10-10T11:25:50,293000318,세종70자1705,36.404397,127.305363,31.305,293055001,세종고속시외버스터미널(지상),68
2026-10-10T11:25:50,293000318,세종70자1701,36.390052,127.31604,32.906,186005278,반석역,67
2026-10-10T11:25:50,187000003,대전75자9929,36.43798,127.39591,15.431,187001387,대덕산업단지,0
2026-10-10T11:25:50,187000003,대전75자9927,36.480641,127.307984,25.83,293064219,한국개발연구원(KDI),0
2026-10-10T11:25:50,187000003,대전75자9926,36.470476,127.272019,29.937,293064220,세종고속시외버스터미널(지하),0
2026-10-10T11:25:50,187000003,대전75자9925,36.501245,127.259919,33.885,293062006,정부세종청사 남측,0
2026-10-10T11:25:50,187000003,대전75자9921,36.619442,127.32663,51.825,270000635,오송역2.3.4,0
2026-10-10T11:25:50,187000003,대전75자9917,36.565404,127.309213,44.379,974019920,오송역2.3.4(미정차),0
2026-10-10T11:25:50,187000003,대전75자9916,36.529854,127.265086,66.386,293014017,"해밀동,산울동",0
2026-10-10T11:25:50,187000003,대전75자9938,36.494349,127.256368,70.636,293062004,다정동,0
2026-10-10T11:25:50,187000003,대전75자9937,36.47511,127.280876,74.733,293064206,"보람동,대평동",0
2026-10-10T11:25:50,187000003,대전75자9915,36.481823,127.307469,77.71,293064218,한국개발연구원(KDI),0
2026-10-10T11:25:50,187000003,대전75자9914,36.454244,127.369563,85.465,186005287,국제과학비즈니스벨트,0
2026-10-10T11:25:50,187000003,대전75자9911,36.415706,127.42111,92.181,187001388,대덕산업단지,0
2026-10-10T11:25:50,187000003,대전75자9910,36.353335,127.409527,100.376,187001389,오정농수산오거리,0
2026-10-10T11:25:50,187000003,대전75자9110,36.333879,127.431285,103.349,183002355,대전역,0
2026-10-10T11:25:50,187000003,대전75자9941,36.333873,127.437302,104.27,187001395,대전역동광장,0
2026-10-10T11:25:50,271000801,충북70자2074,36.469306,127.273946,0.028,293055002,세종고속시외버스터미널(지상),0
2026-10-10T11:25:50,271000801,충북70자7051,36.51044571,127.2605443,5.376,293062011,정부세종청사 북측,0
2026-10-10T11:25:50,271000801,충북70자6052,36.62580674,127.3314641,24.713,270054838,오송역6,0
2026-10-10T11:25:50,271000801,충북70자1063,36.69222161,127.416154,38.83,270054811,청주소로초등학교,0
2026-10-10T11:25:50,271000802,충북70자1044,36.72344064,127.497054,0.383,270051719,청주국제공항,0
2026-10-10T11:25:50,271000802,충북70자5129,36.7054502,127.4263229,8.684,284000348,오창프라자,0
2026-10-10T11:25:50,271000802,충북70자3071,36.6230577,127.3310504,26.06,271000608,오송휴먼시아아파트,0
2026-10-10T11:25:50,271000802,충북70자3070,36.534572,127.27994,40.722,293014058,누리동,0
2026-10-10T11:25:50,293000282,세종70자1752,36.483462,127.258585,12.708,293053007,첫마을1단지,27
2026-10-10T11:25:50,293000282,세종70자1754,36.511135,127.24165,18.684,293064204,"시립도서관,대법원등기정보센터",9
2026-10-10T11:25:50,293000282,세종70자1745,36.578246,127.292715,29.715,293016127,월하리,42
2026-10-10T11:25:50,293000282,세종70자1753,36.617416,127.32835,37.088,270050300,오송3리,26
2026-10-10T11:25:50,293000282,세종70자1749,36.619109,127.326443,37.432,270054837,오송역종점,29
2026-10-10T11:25:50,293000283,세종70자1744,36.609419,127.322897,1.959,271000568,오송2리,27
2026-10-10T11:25:50,293000283,세종70자1750,36.534597,127.256893,13.916,293900057,연기리,68
2026-10-10T11:25:50,293000283,세종70자1747,36.498582,127.248979,20.962,293064262,"가온마을6,9단지",33
2026-10-10T11:25:50,293000283,세종70자1748,36.470644,127.271617,26.859,293053008,한솔동(첫마을),19
2026-10-10T11:25:50,293000283,세종70자1751,36.3875,127.317777,37.557,186004229,반석역,57
2026-10-10T11:25:50,293000303,세종70자1510,36.500978,127.328446,6.898,293064417,세종공동캠퍼스,33
2026-10-10T11:25:50,293000303,세종70자1507,36.472323,127.268134,22.953,293053009,한솔동,255
2026-10-10T11:25:50,293000304,세종70자1506,36.487594,127.257348,2.703,293053005,"새롬동,나성동",46
2026-10-10T11:25:50,293000304,세종70자1305,36.528293,127.324672,13.529,293064493,다솜동,56
2026-10-10T11:25:50,293000304,세종70자1509,36.468128,127.274032,23.301,293055001,세종고속시외버스터미널(지상),29
2026-10-10T11:25:50,293000305,세종70자1354,36.467693,127.27356,0.0,293055002,세종고속시외버스터미널(지상),14
2026-10-10T11:25:50,293000305,세종70자1511,36.46803,127.273508,23.378,293055001,세종고속시외버스터미널(지상),255
2026-10-10T11:25:50,293000311,세종70자1348,36.479026,127.289588,1.932,293064210,"세종시청,시의회,교육청",53
2026-10-10T11:25:50,293000311,세종70자1349,36.508325,127.26727,12.512,293900008,양지고등학교,29
2026-10-10T11:25:50,293000311,세종70자1351,36.487556,127.257116,20.72,293053003,"새롬동,나성동(청소년센터)",2
2026-10-10T11:25:50,293000312,세종70자1345,36.46929,127.273823,0.028,293055002,세종고속시외버스터미널(지상),20
2026-10-10T11:25:50,293000312,세종70자1352,36.481686,127.261576,1.939,293053010,한솔동(첫마을),33
2026-10-10T11:25:50,293000312,세종70자1346,36.50392699,127.283738,12.501,293900011,전통문화체험관,57
2026-10-10T11:25:50,293000312,세종70자1350,36.467483,127.273706,23.389,293064251,대평동,13
2026-10-10T11:25:50,271000805,세종73자5642,36.487036,127.301604,3.743,293064254,"법원,검찰청,경찰청",30
2026-10-10T11:25:50,271000805,세종73자5675,36.520958,127.25961,13.246,293064445,세종충남대학교병원,8
2026-10-10T11:25:50,271000805,세종73자5672,36.594017,127.398225,31.113,293064498,다솜동,76
2026-10-10T11:25:50,271000805,세종73자5647,36.641784,127.426715,39.231,270054819,솔밭초등학교.신영지웰시티,14
2026-10-10T11:25:50,271000805,세종73자5646,36.64614,127.423093,41.382,270054822,현대백화점,53
2026-10-10T11:25:50,271000806,충북70자3086,36.60973851,127.4240386,7.66,270054834,가경아이파크5단지,0
2026-10-10T11:25:50,271000806,충북70자2084,36.50508,127.261512,30.363,293062014,정부세종청사 북측,0
2026-10-10T11:25:50,271000806,충북70자1055,36.48070657,127.26208309,33.297,293053009,한솔동,0
2026-10-10T11:26:25,293000317,세종70자1703,36.422394,127.297029,3.537,186005279,반석역,67
2026-10-10T11:26:25,293000317,세종70자1704,36.497527,127.31768,15.691,293064258,반곡동(수루배마을),35
2026-10-10T11:26:25,293000317,세종70자1706,36.593836,127.330128,29.631,293900055,용호동,68
2026-10-10T11:26:25,293000318,세종70자1707,36.619337,127.326969,0.064,270000635,오송역2.3.4,14
2026-10-10T11:26:25,293000318,세종70자1702,36.501461,127.328738,16.514,293064416,세종공동캠퍼스,40
2026-10-10T11:26:25,293000318,세종70자1705,36.399855,127.309414,31.925,293055001,세종고속시외버스터미널(지상),68
2026-10-10T11:26:25,293000318,세종70자1701,36.390052,127.31604,32.906,186005278,반석역,67
2026-10-10T11:26:25,187000003,대전75자9929,36.43798,127.39591,15.431,187001387,대덕산업단지,0
2026-10-10T11:26:25,187000003,대전75자9927,36.481489,127.307687,25.928,293064219,한국개발연구원(KDI),0
2026-10-10T11:26:25,187000003,대전75자9926,36.470476,127.272019,29.937,293064220,세종고속시외버스터미널(지하),0
2026-10-10T11:26:25,187000003,대전75자9925,36.504528,127.261438,34.275,293062011,정부세종청사 북측,0
2026-10-10T11:26:25,187000003,대전75자9921,36.619442,127.32663,51.825,270000635,오송역2.3.4,0
2026-10-10T11:26:25,187000003,대전75자9917,36.551681,127.30135,61.014,974019920,오송역2.3.4(미정차),0
2026-10-10T11:26:25,187000003,대전75자9916,36.529157,127.264288,66.491,293014017,"해밀동,산울동",0
2026-10-10T11:26:25,187000003,대전75자9938,36.489257,127.256876,71.213,293062004,다정동,0
2026-10-10T11:26:25,187000003,대전75자9937,36.47511,127.280876,74.733,293064206,"보람동,대평동",0
2026-10-10T11:26:25,187000003,대전75자9915,36.480871,127.307784,77.819,293064218,한국개발연구원(KDI),0
2026-10-10T11:26:25,187000003,대전75자9914,36.454244,127.369563,85.465,186005287,국제과학비즈니스벨트,0
2026-10-10T11:26:25,187000003,대전75자9911,36.405774,127.416713,93.369,187001388,대덕산업단지,0
2026-10-10T11:26:25,187000003,대전75자9910,36.352049,127.411145,100.58,187001390,오정동행정복지센터,0
2026-10-10T11:26:25,187000003,대전75자9110,36.333879,127.431285,103.349,183002355,대전역,0
2026-10-10T11:26:25,187000003,대전75자9941,36.333873,127.437302,104.27,187001395,대전역동광장,0
2026-10-10T11:26:25,271000801,충북70자2074,36.469306,127.273946,0.028,293055002,세종고속시외버스터미널(지상),0
2026-10-10T11:26:25,271000801,충북70자7051,36.51121172,127.2601383,5.468,293062011,정부세종청사 북측,0
2026-10-10T11:26:25,271000801,충북70자6052,36.62706,127.33233,24.871,270054358,오송중학교.청주오스코,0
2026-10-10T11:26:25,271000801,충북70자1063,36.693273,127.414994,38.989,274000032,미래나노텍,0
2026-10-10T11:26:25,271000802,충북70자1044,36.72344064,127.497054,0.383,270051719,청주국제공항,0
2026-10-10T11:26:25,271000802,충북70자5129,36.70213023,127.4236105,9.132,284000348,오창프라자,0
2026-10-10T11:26:25,271000802,충북70자3071,36.6203875,127.3299053,26.422,271000608,오송휴먼시아아파트,0
2026-10-10T11:26:25,271000802,충북70자3070,36.5341,127.27661,41.024,293014026,한별동,0
2026-10-10T11:26:25,293000282,세종70자1752,36.482478,127.256208,12.946,293053007,첫마을1단지,54
2026-10-10T11:26:25,293000282,세종70자1754,36.511879,127.242471,18.876,293064204,"시립도서관,대법원등기정보센터",39
2026-10-10T11:26:25,293000282,세종70자1745,36.580236,127.293099,29.94,293016127,월하리,49
2026-10-10T11:26:25,293000282,세종70자1753,36.618963,127.327143,37.296,270050300,오송3리,21
2026-10-10T11:26:25,293000282,세종70자1749,36.619109,127.326443,37.432,270054837,오송역종점,29
2026-10-10T11:26:25,293000283,세종70자1744,36.608222,127.319442,2.295,271000568,오송2리,68
2026-10-10T11:26:25,293000283,세종70자1750,36.53114699,127.250812,14.586,293900057,연기리,68
2026-10-10T11:26:25,293000283,세종70자1747,36.497894,127.248894,21.039,293064262,"가온마을6,9단지",31
2026-10-10T11:26:25,293000283,세종70자1748,36.470133,127.2716,26.915,293053008,한솔동(첫마을),36
2026-10-10T11:26:25,293000283,세종70자1751,36.387058,127.318103,37.557,186004229,반석역,41
2026-10-10T11:26:25,293000303,세종70자1510,36.500978,127.328446,6.898,293064417,세종공동캠퍼스,33
2026-10-10T11:26:25,293000303,세종70자1507,36.471,127.273861,23.503,293053009,한솔동,18
2026-10-10T11:26:25,293000304,세종70자1506,36.493577,127.256251,3.38,293054003,다정동,50
2026-10-10T11:26:25,293000304,세종70자1305,36.525418,127.328056,13.969,293064493,다솜동,58
2026-10-10T11:26:25,293000304,세종70자1509,36.468128,127.274032,23.301,293055001,세종고속시외버스터미널(지상),29
2026-10-10T11:26:25,293000305,세종70자1354,36.467693,127.27356,0.0,293055002,세종고속시외버스터미널(지상),14
2026-10-10T11:26:25,293000305,세종70자1511,36.46803,127.273508,23.378,293055001,세종고속시외버스터미널(지상),255
2026-10-10T11:26:25,293000311,세종70자1348,36.482034,127.295894,2.589,293064210,"세종시청,시의회,교육청",59
2026-10-10T11:26:25,293000311,세종70자1349,36.50844,127.266606,12.571,293900008,양지고등학교,31
2026-10-10T11:26:25,293000311,세종70자1351,36.487555,127.257158,20.722,293053003,"새롬동,나성동(청소년센터)",2
2026-10-10T11:26:25,293000312,세종70자1345,36.46929,127.273823,0.028,293055002,세종고속시외버스터미널(지상),20
2026-10-10T11:26:25,293000312,세종70자1352,36.483051,127.260761,2.107,293053010,한솔동(첫마을),24
2026-10-10T11:26:25,293000312,세종70자1346,36.503673,127.285489,12.662,293900011,전통문화체험관,57
2026-10-10T11:26:25,293000312,세종70자1350,36.467483,127.273706,23.389,293064251,대평동,13
2026-10-10T11:26:25,271000805,세종73자5642,36.486677,127.301304,3.79,293064254,"법원,검찰청,경찰청",30
2026-10-10T11:26:25,271000805,세종73자5675,36.524295,127.260956,13.636,293064445,세종충남대학교병원,60
2026-10-10T11:26:25,271000805,세종73자5672,36.596938,127.404039,31.728,293064498,다솜동,76
2026-10-10T11:26:25,271000805,세종73자5647,36.641772,127.426845,39.243,270054819,솔밭초등학교.신영지웰시티,14
2026-10-10T11:26:25,271000805,세종73자5646,36.64614,127.423093,41.382,270054822,현대백화점,53
2026-10-10T11:26:25,271000806,충북70자3086,36.60760849,127.4185219,8.211,270054834,가경아이파크5단지,0
2026-10-10T11:26:25,271000806,충북70자2084,36.50250387,127.26034549,30.667,293062014,정부세종청사 북측,0
2026-10-10T11:26:25,271000806,충북70자1055,36.48070657,127.26208309,33.297,293053009,한솔동,0
2026-10-10T11:26:57,293000317,세종70자1703,36.42656199,127.291567,4.913,186005279,반석역,66
2026-10-10T11:26:57,293000317,세종70자1704,36.497883,127.321721,16.056,293064419,집현동,24
2026-10-10T11:26:57,293000317,세종70자1706,36.601797,127.338532,30.736,293900055,용호동,68
2026-10-10T11:26:57,293000318,세종70자1707,36.619337,127.326969,0.064,270000635,오송역2.3.4,14
2026-10-10T11:26:57,293000318,세종70자1702,36.501403,127.328696,16.521,293064416,세종공동캠퍼스,20
2026-10-10T11:26:57,293000318,세종70자1705,36.39568,127.311916,32.441,293055001,세종고속시외버스터미널(지상),59
2026-10-10T11:26:57,293000318,세종70자1701,36.390052,127.31604,32.906,186005278,반석역,67
2026-10-10T11:26:57,187000003,대전75자9929,36.443901,127.384003,16.756,187001387,대덕산업단지,0
2026-10-10T11:26:57,187000003,대전75자9927,36.483202,127.306748,26.142,293064219,한국개발연구원(KDI),0
2026-10-10T11:26:57,187000003,대전75자9926,36.47995,127.262669,31.318,293053011,한솔동,0
2026-10-10T11:26:57,187000003,대전75자9925,36.504528,127.261438,34.275,293062011,정부세종청사 북측,0
2026-10-10T11:26:57,187000003,대전75자9921,36.619442,127.32663,51.825,270000635,오송역2.3.4,0
2026-10-10T11:26:57,187000003,대전75자9917,36.551681,127.30135,61.014,974019920,오송역2.3.4(미정차),0
2026-10-10T11:26:57,187000003,대전75자9916,36.52198,127.259833,67.397,293064446,세종충남대학교병원,0
2026-10-10T11:26:57,187000003,대전75자9938,36.488064,127.257086,71.352,293053004,"새롬동,나성동",0
2026-10-10T11:26:57,187000003,대전75자9937,36.478029,127.287587,75.413,293064210,"세종시청,시의회,교육청",0
2026-10-10T11:26:57,187000003,대전75자9915,36.478369,127.309878,78.161,293064218,한국개발연구원(KDI),0
2026-10-10T11:26:57,187000003,대전75자9914,36.454244,127.369563,85.465,186005287,국제과학비즈니스벨트,0
2026-10-10T11:26:57,187000003,대전75자9911,36.405774,127.416713,93.369,187001388,대덕산업단지,0
2026-10-10T11:26:57,187000003,대전75자9910,36.34989,127.413808,100.919,187001391,한남오거리(BRT),0
2026-10-10T11:26:57,187000003,대전75자9110,36.333,127.431697,103.454,183002355,대전역,0
2026-10-10T11:26:57,187000003,대전75자9941,36.333873,127.437302,104.27,187001395,대전역동광장,0
2026-10-10T11:26:57,271000801,충북70자2074,36.469306,127.273946,0.028,293055002,세종고속시외버스터미널(지상),0
2026-10-10T11:26:57,271000801,충북70자7051,36.51252376,127.2595524,5.623,293062011,정부세종청사 북측,0
2026-10-10T11:26:57,271000801,충북70자6052,36.62706,127.33233,24.871,270054358,오송중학교.청주오스코,0
2026-10-10T11:26:57,271000801,충북70자1063,36.693273,127.414994,38.989,274000032,미래나노텍,0
2026-10-10T11:26:57,271000802,충북70자1044,36.72344064,127.497054,0.383,270051719,청주국제공항,0
2026-10-10T11:26:57,271000802,충북70자5129,36.69849731,127.420532,9.623,284000348,오창프라자,0
2026-10-10T11:26:57,271000802,충북70자3071,36.6189013,127.3272601,26.809,271000608,오송휴먼시아아파트,0
2026-10-10T11:26:57,271000802,충북70자3070,36.5341,127.27661,41.024,293014026,한별동,0
2026-10-10T11:26:57,293000282,세종70자1752,36.481315,127.252245,13.323,293053007,첫마을1단지,57
2026-10-10T11:26:57,293000282,세종70자1754,36.511719,127.24631,19.22,293064204,"시립도서관,대법원등기정보센터",35
2026-10-10T11:26:57,293000282,세종70자1745,36.584876,127.292754,30.047,293016127,월하리,48
2026-10-10T11:26:57,293000282,세종70자1749,36.619109,127.326443,37.432,270054837,오송역종점,29
2026-10-10T11:26:57,293000282,세종70자1753,36.619047,127.327154,37.312,270054837,오송역종점,21
2026-10-10T11:26:57,293000283,세종70자1744,36.606168,127.313396,2.898,271000568,오송2리,66
2026-10-10T11:26:57,293000283,세종70자1750,36.527605,127.248648,15.025,293900057,연기리,68
2026-10-10T11:26:57,293000283,세종70자1747,36.494557,127.248859,21.42,293064264,다정동커뮤니티센터,38
2026-10-10T11:26:57,293000283,세종70자1748,36.469252,127.271363,27.015,293053008,한솔동(첫마을),36
2026-10-10T11:26:57,293000283,세종70자1751,36.384824,127.320224,37.557,186004229,반석역,21
2026-10-10T11:26:57,293000303,세종70자1510,36.501263,127.328589,6.934,293064417,세종공동캠퍼스,21
2026-10-10T11:26:57,293000304,세종70자1506,36.494479,127.256302,3.484,293054003,다정동,36
2026-10-10T11:26:57,293000304,세종70자1305,36.521545,127.330426,14.45,293064493,다솜동,36
2026-10-10T11:26:57,293000304,세종70자1509,36.468128,127.274032,23.301,293055001,세종고속시외버스터미널(지상),29
2026-10-10T11:26:57,293000305,세종70자1354,36.467693,127.27356,0.0,293055002,세종고속시외버스터미널(지상),14
2026-10-10T11:26:57,293000305,세종70자1507,36.472484,127.276592,0.543,293064252,대평동,7
2026-10-10T11:26:57,293000305,세종70자1511,36.46803,127.273508,23.378,293055001,세종고속시외버스터미널(지상),255
2026-10-10T11:26:57,293000311,세종70자1348,36.482496,127.297163,2.717,293064210,"세종시청,시의회,교육청",59
2026-10-10T11:26:57,293000311,세종70자1349,36.508936,127.263121,12.888,293900008,양지고등학교,38
2026-10-10T11:26:57,293000311,세종70자1351,36.486193,127.257862,20.884,293053003,"새롬동,나성동(청소년센터)",27
2026-10-10T11:26:57,293000312,세종70자1345,36.46929,127.273823,0.028,293055002,세종고속시외버스터미널(지상),20
2026-10-10T11:26:57,293000312,세종70자1352,36.484801,127.259338,2.339,293053010,한솔동(첫마을),43
2026-10-10T11:26:57,293000312,세종70자1346,36.501127,127.294631,13.534,293900011,전통문화체험관,7
2026-10-10T11:26:57,293000312,세종70자1350,36.467483,127.273706,23.389,293064251,대평동,13
2026-10-10T11:26:57,271000805,세종73자5642,36.48667,127.301316,3.791,293064254,"법원,검찰청,경찰청",30
2026-10-10T11:26:57,271000805,세종73자5675,36.528203,127.263541,14.129,293014014,"해밀동,산울동",57
2026-10-10T11:26:57,271000805,세종73자5672,36.601178,127.408991,32.39,293064498,다솜동,76
2026-10-10T11:26:57,271000805,세종73자5647,36.641772,127.426845,39.243,270054819,솔밭초등학교.신영지웰시티,14
2026-10-10T11:26:57,271000805,세종73자5646,36.64614,127.423093,41.382,270054822,현대백화점,53
2026-10-10T11:26:57,271000806,충북70자3086,36.60390185,127.4109746,9.043,270054834,가경아이파크5단지,0
2026-10-10T11:26:57,271000806,충북70자2084,36.501765,127.259955,30.757,293062007,정부세종청사 남측,0
2026-10-10T11:26:57,271000806,충북70자1055,36.47925319,127.26311978,33.484,293053009,한솔동,0
2026-10-10T11:27:29,293000317,세종70자1703,36.429576,127.288037,5.374,186005279,반석역,67
2026-10-10T11:27:29,293000317,세종70자1704,36.497999,127.322351,16.115,293064419,집현동,35
2026-10-10T11:27:29,293000317,세종70자1706,36.606609,127.339868,31.364,293900055,용호동,68
2026-10-10T11:27:29,293000318,세종70자1707,36.619711,127.326459,0.129,270000635,오송역2.3.4,18
2026-10-10T11:27:29,293000318,세종70자1702,36.49816899,127.323007,17.161,293064418,집현동,39
2026-10-10T11:27:29,293000318,세종70자1705,36.392531,127.31427,32.85,186005278,반석역,9
2026-10-10T11:27:29,293000318,세종70자1701,36.390052,127.31604,32.906,186005278,반석역,67
2026-10-10T11:27:29,187000003,대전75자9929,36.443901,127.384003,16.756,187001387,대덕산업단지,0
2026-10-10T11:27:29,187000003,대전75자9927,36.486171,127.301492,26.72,293064219,한국개발연구원(KDI),0
2026-10-10T11:27:29,187000003,대전75자9926,36.47995,127.262669,31.318,293053011,한솔동,0
2026-10-10T11:27:29,187000003,대전75자9925,36.513659,127.259282,35.34,293056003,도담동,0
2026-10-10T11:27:29,187000003,대전75자9921,36.619442,127.32663,51.825,270000635,오송역2.3.4,0
2026-10-10T11:27:29,187000003,대전75자9917,36.551681,127.30135,61.014,974019920,오송역2.3.4(미정차),0
2026-10-10T11:27:29,187000003,대전75자9916,36.521146,127.259551,67.493,293064446,세종충남대학교병원,0
2026-10-10T11:27:29,187000003,대전75자9938,36.487269,127.257444,71.446,293053004,"새롬동,나성동",0
2026-10-10T11:27:29,187000003,대전75자9937,36.478029,127.287587,75.413,293064210,"세종시청,시의회,교육청",0
2026-10-10T11:27:29,187000003,대전75자9915,36.478369,127.309878,78.161,293064218,한국개발연구원(KDI),0
2026-10-10T11:27:29,187000003,대전75자9914,36.443803,127.38356,87.449,186005287,국제과학비즈니스벨트,0
2026-10-10T11:27:29,187000003,대전75자9911,36.393218,127.413153,94.816,187001388,대덕산업단지,0
2026-10-10T11:27:29,187000003,대전75자9910,36.34989,127.413808,100.919,187001391,한남오거리(BRT),0
2026-10-10T11:27:29,187000003,대전75자9110,36.333,127.431697,103.454,183002355,대전역,0
2026-10-10T11:27:29,187000003,대전75자9941,36.333873,127.437302,104.27,187001395,대전역동광장,0
2026-10-10T11:27:29,271000801,충북70자7051,36.51615528,127.25894355,6.03,293056003,도담동,0
2026-10-10T11:27:29,271000801,충북70자6052,36.62706,127.33233,24.871,270054358,오송중학교.청주오스코,0
2026-10-10T11:27:29,271000801,충북70자1063,36.69783865,127.4197378,39.708,274000032,미래나노텍,0
2026-10-10T11:27:29,271000802,충북70자1044,36.72344064,127.497054,0.383,270051719,청주국제공항,0
2026-10-10T11:27:29,271000802,충북70자5129,36.69849731,127.420532,9.623,284000348,오창프라자,0
2026-10-10T11:27:29,271000802,충북70자3071,36.619296,127.327214,26.854,270000635,오송역2.3.4,0
2026-10-10T11:27:29,271000802,충북70자3070,36.5341,127.27661,41.024,293014026,한별동,0
2026-10-10T11:27:29,293000282,세종70자1752,36.479955,127.247915,13.739,293064358,새롬중학교(새뜸마을1단지),60
2026-10-10T11:27:29,293000282,세종70자1754,36.511677,127.247403,19.318,293061003,아름동커뮤니티센터,27
2026-10-10T11:27:29,293000282,세종70자1745,36.58763,127.292317,30.77,293001054,번암아파트 후문,4
2026-10-10T11:27:29,293000282,세종70자1749,36.619109,127.326443,37.432,270054837,오송역종점,29
2026-10-10T11:27:29,293000282,세종70자1753,36.619047,127.327154,37.312,270054837,오송역종점,21
2026-10-10T11:27:29,293000283,세종70자1744,36.60518,127.310428,3.185,271000568,오송2리,66
2026-10-10T11:27:29,293000283,세종70자1750,36.521363,127.244506,15.073,293900057,연기리,66
2026-10-10T11:27:29,293000283,세종70자1747,36.493671,127.248913,21.521,293064264,다정동커뮤니티센터,33
2026-10-10T11:27:29,293000283,세종70자1748,36.468825,127.273349,27.272,293055059,세종고속시외버스터미널,6
2026-10-10T11:27:29,293000283,세종70자1751,36.3877,127.318149,37.557,186004229,반석역,31
2026-10-10T11:27:29,293000303,세종70자1510,36.504216,127.329441,7.273,293064417,세종공동캠퍼스,56
2026-10-10T11:27:29,293000304,세종70자1506,36.498455,127.258212,3.958,293054003,다정동,58
2026-10-10T11:27:29,293000304,세종70자1305,36.518904,127.33065,14.745,293064493,다솜동,53
2026-10-10T11:27:29,293000304,세종70자1509,36.468128,127.274032,23.301,293055001,세종고속시외버스터미널(지상),29
2026-10-10T11:27:29,293000305,세종70자1354,36.467693,127.27356,0.0,293055002,세종고속시외버스터미널(지상),14
2026-10-10T11:27:29,293000305,세종70자1507,36.475453,127.280651,1.033,293064206,"보람동,대평동",22
2026-10-10T11:27:29,293000305,세종70자1511,36.46803,127.273508,23.378,293055001,세종고속시외버스터미널(지상),255
2026-10-10T11:27:29,293000311,세종70자1348,36.482726,127.297613,2.764,293064216,소담동(새샘마을),12
2026-10-10T11:27:29,293000311,세종70자1349,36.50886,127.261778,13.064,293900008,양지고등학교,12
2026-10-10T11:27:29,293000311,세종70자1351,36.483184,127.260017,21.27,293053003,"새롬동,나성동(청소년센터)",46
2026-10-10T11:27:29,293000312,세종70자1345,36.46929,127.273823,0.028,293055002,세종고속시외버스터미널(지상),20
2026-10-10T11:27:29,293000312,세종70자1352,36.486788,127.258,2.598,293053006,"새롬동,나성동(청소년센터)",26
2026-10-10T11:27:29,293000312,세종70자1346,36.499646,127.297813,13.866,293900011,전통문화체험관,50
2026-10-10T11:27:29,271000805,세종73자5642,36.48667,127.301316,3.791,293064254,"법원,검찰청,경찰청",30
2026-10-10T11:27:29,271000805,세종73자5675,36.528755,127.264083,14.207,293014014,"해밀동,산울동",57
2026-10-10T11:27:29,271000805,세종73자5672,36.605732,127.412796,33.014,293064498,다솜동,72
2026-10-10T11:27:29,271000805,세종73자5647,36.64177699,127.427349,39.288,270054819,솔밭초등학교.신영지웰시티,14
2026-10-10T11:27:29,271000805,세종73자5646,36.64614,127.423093,41.382,270054822,현대백화점,53
2026-10-10T11:27:29,271000806,충북70자3086,36.6025542,127.4098773,9.225,270054834,가경아이파크5단지,0
2026-10-10T11:27:29,271000806,충북70자2084,36.501765,127.259955,30.757,293062007,정부세종청사 남측,0
2026-10-10T11:27:29,271000806,충북70자1055,36.47925319,127.26311978,33.484,293053009,한솔동,0
2026-10-10T11:28:01,293000317,세종70자1703,36.434209,127.286177,5.926,186005279,반석역,68
2026-10-10T11:28:01,293000317,세종70자1704,36.500806,127.328299,16.753,293064417,세종공동캠퍼스,8
2026-10-10T11:28:01,293000317,세종70자1706,36.610604,127.336038,31.936,293900055,용호동,68
2026-10-10T11:28:01,293000318,세종70자1707,36.619174,127.326243,0.19,270000635,오송역2.3.4,20
2026-10-10T11:28:01,293000318,세종70자1702,36.49806,127.322425,17.214,293064418,집현동,29
2026-10-10T11:28:01,293000318,세종70자1705,36.392513,127.314293,32.853,186005278,반석역,9
2026-10-10T11:28:01,293000318,세종70자1701,36.390052,127.31604,32.906,186005278,반석역,67
2026-10-10T11:28:01,187000003,대전75자9929,36.443901,127.384003,16.756,187001387,대덕산업단지,0
2026-10-10T11:28:01,187000003,대전75자9927,36.482896,127.297927,27.227,293064214,소담동(새샘마을),0
2026-10-10T11:28:01,187000003,대전75자9926,36.480738,127.262109,31.419,293053011,한솔동,0
2026-10-10T11:28:01,187000003,대전75자9925,36.513659,127.259282,35.34,293056003,도담동,0
2026-10-10T11:28:01,187000003,대전75자9921,36.619442,127.32663,51.825,270000635,오송역2.3.4,0
2026-10-10T11:28:01,187000003,대전75자9917,36.537433,127.30436,62.635,974019920,오송역2.3.4(미정차),0
2026-10-10T11:28:01,187000003,대전75자9916,36.515201,127.258949,68.167,293056002,도담동,0
2026-10-10T11:28:01,187000003,대전75자9938,36.482745,127.260622,72.025,293053004,"새롬동,나성동",0
2026-10-10T11:28:01,187000003,대전75자9937,36.478476,127.288622,75.518,293064210,"세종시청,시의회,교육청",0
2026-10-10T11:28:01,187000003,대전75자9915,36.478369,127.309878,78.161,293064218,한국개발연구원(KDI),0
2026-10-10T11:28:01,187000003,대전75자9914,36.443803,127.38356,87.449,186005287,국제과학비즈니스벨트,0
2026-10-10T11:28:01,187000003,대전75자9911,36.393218,127.413153,94.816,187001388,대덕산업단지,0
2026-10-10T11:28:01,187000003,대전75자9910,36.34989,127.413808,100.919,187001391,한남오거리(BRT),0
2026-10-10T11:28:01,187000003,대전75자9110,36.333,127.431697,103.454,183002355,대전역,0
2026-10-10T11:28:01,187000003,대전75자9941,36.333873,127.437302,104.27,187001395,대전역동광장,0
2026-10-10T11:28:01,271000801,충북70자7051,36.52027461,127.25940059,6.489,293056003,도담동,0
2026-10-10T11:28:01,271000801,충북70자6052,36.62706,127.33233,24.871,270054358,오송중학교.청주오스코,0
2026-10-10T11:28:01,271000801,충북70자1063,36.70213023,127.4236105,40.304,274000032,미래나노텍,0
2026-10-10T11:28:01,271000802,충북70자1044,36.72344064,127.497054,0.383,270051719,청주국제공항,0
2026-10-10T11:28:01,271000802,충북70자5129,36.69849731,127.420532,9.623,284000348,오창프라자,0
2026-10-10T11:28:01,271000802,충북70자3071,36.619296,127.327214,26.854,270000635,오송역2.3.4,0
2026-10-10T11:28:01,271000802,충북70자3070,36.5341,127.27661,41.024,293014026,한별동,0
2026-10-10T11:28:01,293000282,세종70자1752,36.480694,127.246282,14.065,293064358,새롬중학교(새뜸마을1단지),47
2026-10-10T11:28:01,293000282,세종70자1754,36.511694,127.247861,19.359,293061003,아름동커뮤니티센터,27
2026-10-10T11:28:01,293000282,세종70자1745,36.58861,127.292151,30.881,293001054,번암아파트 후문,38
2026-10-10T11:28:01,293000282,세종70자1749,36.619109,127.326443,37.432,270054837,오송역종점,29
2026-10-10T11:28:01,293000282,세종70자1753,36.619047,127.327154,37.312,270054837,오송역종점,21
2026-10-10T11:28:01,293000283,세종70자1744,36.604155,127.307414,3.477,271000568,오송2리,42
2026-10-10T11:28:01,293000283,세종70자1750,36.519405,127.242757,16.125,293900057,연기리,27
2026-10-10T11:28:01,293000283,세종70자1747,36.491287,127.24953,21.791,293064370,"가온마을4,7단지",24
2026-10-10T11:28:01,293000283,세종70자1748,36.469011,127.274649,27.389,293055059,세종고속시외버스터미널,15
2026-10-10T11:28:01,293000283,세종70자1751,36.388584,127.317473,37.557,186004229,반석역,38
2026-10-10T11:28:01,293000303,세종70자1510,36.508691,127.329826,7.772,293064417,세종공동캠퍼스,57
2026-10-10T11:28:01,293000304,세종70자1506,36.501331,127.259832,4.311,293062006,정부세종청사 남측,28
2026-10-10T11:28:01,293000304,세종70자1305,36.514808,127.330281,15.202,293064493,다솜동,57
2026-10-10T11:28:01,293000304,세종70자1509,36.468128,127.274032,23.301,293055001,세종고속시외버스터미널(지상),29
2026-10-10T11:28:01,293000305,세종70자1354,36.467693,127.27356,0.0,293055002,세종고속시외버스터미널(지상),14
2026-10-10T11:28:01,293000305,세종70자1507,36.476653,127.284054,1.356,293064206,"보람동,대평동",56
2026-10-10T11:28:01,293000305,세종70자1511,36.46803,127.273508,23.378,293055001,세종고속시외버스터미널(지상),255
2026-10-10T11:28:01,293000311,세종70자1348,36.484143,127.29941,2.996,293064216,소담동(새샘마을),59
2026-10-10T11:28:01,293000311,세종70자1349,36.509651,127.261345,13.158,293056005,성금교차로,34
2026-10-10T11:28:01,293000311,세종70자1351,36.48072899,127.261835,21.588,293053008,한솔동(첫마을),30
2026-10-10T11:28:01,293000312,세종70자1345,36.46929,127.273823,0.028,293055002,세종고속시외버스터미널(지상),20
2026-10-10T11:28:01,293000312,세종70자1352,36.49001599,127.256616,2.985,293064435,한국산업인력공단 세종지사,41
2026-10-10T11:28:01,293000312,세종70자1346,36.497809,127.301751,14.273,293900011,전통문화체험관,51
2026-10-10T11:28:01,271000805,세종73자5642,36.486325,127.301091,3.834,293064254,"법원,검찰청,경찰청",36
2026-10-10T11:28:01,271000805,세종73자5675,36.529766,127.265188,14.357,293014014,"해밀동,산울동",44
2026-10-10T11:28:01,271000805,세종73자5672,36.60754399,127.418629,33.582,293064498,다솜동,44
2026-10-10T11:28:01,271000805,세종73자5647,36.641755,127.429243,39.457,270054819,솔밭초등학교.신영지웰시티,32
2026-10-10T11:28:01,271000805,세종73자5646,36.64614,127.423093,41.382,270054822,현대백화점,53
2026-10-10T11:28:01,271000806,충북70자3086,36.6025542,127.4098773,9.225,270054834,가경아이파크5단지,0
2026-10-10T11:28:01,271000806,충북70자2084,36.501765,127.259955,30.757,293062007,정부세종청사 남측,0
2026-10-10T11:28:01,271000806,충북70자1055,36.47215857,127.26824911,34.398,293053009,한솔동,0
2026-10-10T11:28:33,293000317,세종70자1703,36.439367,127.286089,6.497,186005279,반석역,67
2026-10-10T11:28:33,293000317,세종70자1704,36.500844,127.328327,16.758,293064417,세종공동캠퍼스,8
2026-10-10T11:28:33,293000317,세종70자1706,36.614384,127.331707,32.507,293900055,용호동,69
2026-10-10T11:28:33,293000318,세종70자1707,36.617507,127.328019,0.443,270000635,오송역2.3.4,56
2026-10-10T11:28:33,293000318,세종70자1702,36.497579,127.318159,17.599,293064418,집현동,55
2026-10-10T11:28:33,293000318,세종70자1705,36.392513,127.314293,32.853,186005278,반석역,9
2026-10-10T11:28:33,293000318,세종70자1701,36.390052,127.31604,32.906,186005278,반석역,67
2026-10-10T11:28:33,187000003,대전75자9929,36.443901,127.384003,16.756,187001387,대덕산업단지,0
2026-10-10T11:28:33,187000003,대전75자9927,36.482896,127.297927,27.227,293064214,소담동(새샘마을),0
2026-10-10T11:28:33,187000003,대전75자9926,36.480738,127.262109,31.419,293053011,한솔동,0
2026-10-10T11:28:33,187000003,대전75자9925,36.514565,127.25915,35.44,293056003,도담동,0
2026-10-10T11:28:33,187000003,대전75자9921,36.619442,127.32663,51.825,270000635,오송역2.3.4,0
2026-10-10T11:28:33,187000003,대전75자9917,36.537433,127.30436,62.635,974019920,오송역2.3.4(미정차),0
2026-10-10T11:28:33,187000003,대전75자9918,36.61696,127.328678,52.243,974019920,오송역2.3.4(미정차),0
2026-10-10T11:28:33,187000003,대전75자9916,36.514374,127.259035,68.259,293056002,도담동,0
2026-10-10T11:28:33,187000003,대전75자9938,36.481434,127.261487,72.19,293053009,한솔동,0
2026-10-10T11:28:33,187000003,대전75자9937,36.478476,127.288622,75.518,293064210,"세종시청,시의회,교육청",0
2026-10-10T11:28:33,187000003,대전75자9915,36.474426,127.333658,80.351,293064218,한국개발연구원(KDI),0
2026-10-10T11:28:33,187000003,대전75자9914,36.438258,127.395206,88.733,187001388,대덕산업단지,0
2026-10-10T11:28:33,187000003,대전75자9911,36.382909,127.412561,95.964,187001388,대덕산업단지,0
2026-10-10T11:28:33,187000003,대전75자9910,36.348417,127.415664,101.153,187001391,한남오거리(BRT),0
2026-10-10T11:28:33,187000003,대전75자9110,36.333,127.431697,103.454,183002355,대전역,0
2026-10-10T11:28:33,271000801,충북70자7051,36.52210498,127.25991891,6.697,293064445,세종충남대학교병원,0
2026-10-10T11:28:33,271000801,충북70자6052,36.62998931,127.3336834,25.218,270054358,오송중학교.청주오스코,0
2026-10-10T11:28:33,271000801,충북70자1063,36.70213023,127.4236105,40.304,274000032,미래나노텍,0
2026-10-10T11:28:33,271000802,충북70자1044,36.72344064,127.497054,0.383,270051719,청주국제공항,0
2026-10-10T11:28:33,271000802,충북70자5129,36.69747653,127.4193394,9.779,284000348,오창프라자,0
2026-10-10T11:28:33,271000802,충북70자3071,36.619296,127.327214,26.854,270000635,오송역2.3.4,0
2026-10-10T11:28:33,271000802,충북70자3070,36.529537,127.264719,42.229,293014017,"해밀동,산울동",0
2026-10-10T11:28:33,293000282,세종70자1751,36.391242,127.315586,0.34,186004230,반석역,9
2026-10-10T11:28:33,293000282,세종70자1752,36.482661,127.24615,14.284,293064388,"새뜸마을1,2단지",34
2026-10-10T11:28:33,293000282,세종70자1754,36.511694,127.247861,19.359,293061003,아름동커뮤니티센터,27
2026-10-10T11:28:33,293000282,세종70자1745,36.590783,127.291874,31.127,293001054,번암아파트 후문,36
2026-10-10T11:28:33,293000282,세종70자1749,36.619109,127.326443,37.432,270054837,오송역종점,29
2026-10-10T11:28:33,293000282,세종70자1753,36.619047,127.327154,37.312,270054837,오송역종점,21
2026-10-10T11:28:33,293000283,세종70자1744,36.603402,127.305308,3.683,271000568,오송2리,2
2026-10-10T11:28:33,293000283,세종70자1750,36.518685,127.245765,16.411,293064099,"범지기3,9단지(청소년센터)",47
2026-10-10T11:28:33,293000283,세종70자1747,36.490668,127.249653,21.89,293064370,"가온마을4,7단지",17
2026-10-10T11:28:33,293000283,세종70자1748,36.468315,127.274853,27.538,293055059,세종고속시외버스터미널,15
2026-10-10T11:28:33,293000303,세종70자1510,36.513005,127.330186,8.253,293064417,세종공동캠퍼스,56
2026-10-10T11:28:33,293000304,세종70자1506,36.503771,127.260978,4.601,293062011,정부세종청사 북측,40
2026-10-10T11:28:33,293000304,세종70자1305,36.510409,127.329875,15.692,293064493,다솜동,57
2026-10-10T11:28:33,293000304,세종70자1509,36.468128,127.274032,23.301,293055001,세종고속시외버스터미널(지상),29
2026-10-10T11:28:33,293000305,세종70자1354,36.467693,127.27356,0.0,293055002,세종고속시외버스터미널(지상),14
2026-10-10T11:28:33,293000305,세종70자1507,36.478622,127.288409,1.818,293064210,"세종시청,시의회,교육청",24
2026-10-10T11:28:33,293000305,세종70자1511,36.46803,127.273508,23.378,293055001,세종고속시외버스터미널(지상),255
2026-10-10T11:28:33,293000311,세종70자1348,36.486136,127.30133,3.277,293064216,소담동(새샘마을),9
2026-10-10T11:28:33,293000311,세종70자1349,36.511984,127.259984,13.445,293064110,"도램마을8,10단지",29
2026-10-10T11:28:33,293000311,세종70자1351,36.479489,127.262651,21.744,293053008,한솔동(첫마을),21
2026-10-10T11:28:33,293000312,세종70자1345,36.46929,127.273823,0.028,293055002,세종고속시외버스터미널(지상),20
2026-10-10T11:28:33,293000312,세종70자1352,36.490705,127.256306,3.064,293064435,한국산업인력공단 세종지사,41
2026-10-10T11:28:33,293000312,세종70자1346,36.496254,127.305001,14.613,293900014,세종연구단지(수루배1단지),43
2026-10-10T11:28:33,271000805,세종73자5642,36.482659,127.297439,4.363,293064214,소담동(새샘마을),19
2026-10-10T11:28:33,271000805,세종73자5675,36.531601,127.26793,14.677,293014014,"해밀동,산울동",53
2026-10-10T11:28:33,271000805,세종73자5672,36.608417,127.42148,33.855,293064498,다솜동,42
2026-10-10T11:28:33,271000805,세종73자5647,36.641738,127.43029,39.55,270054819,솔밭초등학교.신영지웰시티,32
2026-10-10T11:28:33,271000805,세종73자5646,36.64614,127.423093,41.382,270054822,현대백화점,53
2026-10-10T11:28:33,271000806,충북70자3086,36.6025542,127.4098773,9.225,270054834,가경아이파크5단지,0
2026-10-10T11:28:33,271000806,충북70자2084,36.49835032,127.25816801,31.169,293062007,정부세종청사 남측,0
2026-10-10T11:28:33,271000806,충북70자1055,36.47064,127.273189,34.89,293064221,세종고속시외버스터미널(지하),0
2026-10-10T11:29:05,293000317,세종70자1703,36.445692,127.285996,7.208,186005279,반석역,66
2026-10-10T11:29:05,293000317,세종70자1705,36.391278,127.315102,0.366,186005279,반석역,31
2026-10-10T11:29:05,293000317,세종70자1704,36.500844,127.328327,16.758,293064417,세종공동캠퍼스,8
2026-10-10T11:29:05,293000317,세종70자1706,36.617734,127.327982,33.007,293900055,용호동,41
2026-10-10T11:29:05,293000318,세종70자1707,36.612444,127.333642,1.197,270000635,오송역2.3.4,68
2026-10-10T11:29:05,293000318,세종70자1702,36.497631,127.316196,17.775,293064418,집현동,60
2026-10-10T11:29:05,293000318,세종70자1701,36.390052,127.31604,32.906,186005278,반석역,67
2026-10-10T11:29:05,187000003,대전75자9929,36.443901,127.384003,16.756,187001387,대덕산업단지,0
2026-10-10T11:29:05,187000003,대전75자9927,36.482306,127.297055,27.328,293064214,소담동(새샘마을),0
2026-10-10T11:29:05,187000003,대전75자9926,36.48653,127.257987,32.161,293053005,"새롬동,나성동",0
2026-10-10T11:29:05,187000003,대전75자9925,36.520132,127.259458,36.06,293064445,세종충남대학교병원,0
2026-10-10T11:29:05,187000003,대전75자9921,36.619442,127.32663,51.825,270000635,오송역2.3.4,0
2026-10-10T11:29:05,187000003,대전75자9917,36.537433,127.30436,62.635,974019920,오송역2.3.4(미정차),0
2026-10-10T11:29:05,187000003,대전75자9918,36.61696,127.328678,52.243,974019920,오송역2.3.4(미정차),0
2026-10-10T11:29:05,187000003,대전75자9916,36.514374,127.259035,68.259,293056002,도담동,0
2026-10-10T11:29:05,187000003,대전75자9938,36.481434,127.261487,72.19,293053009,한솔동,0
2026-10-10T11:29:05,187000003,대전75자9937,36.482341,127.297165,76.397,293064216,소담동(새샘마을),0
2026-10-10T11:29:05,187000003,대전75자9915,36.474426,127.333658,80.351,293064218,한국개발연구원(KDI),0
2026-10-10T11:29:05,187000003,대전75자9914,36.437694,127.396204,88.843,187001388,대덕산업단지,0
2026-10-10T11:29:05,187000003,대전75자9911,36.382909,127.412561,95.964,187001388,대덕산업단지,0
2026-10-10T11:29:05,187000003,대전75자9910,36.346442,127.418123,101.471,187001392,대덕구청,0
2026-10-10T11:29:05,187000003,대전75자9110,36.333,127.431697,103.454,183002355,대전역,0
2026-10-10T11:29:05,271000801,충북70자7051,36.52524921,127.26142338,7.071,293064445,세종충남대학교병원,0
2026-10-10T11:29:05,271000801,충북70자6052,36.62998931,127.3336834,25.218,270054358,오송중학교.청주오스코,0
2026-10-10T11:29:05,271000801,충북70자1063,36.70735567,127.4284514,41.038,274000032,미래나노텍,0
2026-10-10T11:29:05,271000802,충북70자1044,36.72344064,127.497054,0.383,270051719,청주국제공항,0
2026-10-10T11:29:05,271000802,충북70자5129,36.69747653,127.4193394,9.779,284000348,오창프라자,0
2026-10-10T11:29:05,271000802,충북70자3071,36.61959291,127.3264442,26.935,270000635,오송역2.3.4,0
2026-10-10T11:29:05,271000802,충북70자3070,36.52720781,127.26268116,42.547,293014017,"해밀동,산울동",0
2026-10-10T11:29:05,293000282,세종70자1751,36.391278,127.315569,0.344,186004230,반석역,9
2026-10-10T11:29:05,293000282,세종70자1752,36.485345,127.245494,14.588,293064312,"세종기상관측소(새뜸3,4단지)",36
2026-10-10T11:29:05,293000282,세종70자1754,36.511667,127.248077,19.378,293061003,아름동커뮤니티센터,22
2026-10-10T11:29:05,293000282,세종70자1745,36.594358,127.291319,31.528,293064033,신흥사거리,32
2026-10-10T11:29:05,293000282,세종70자1749,36.619109,127.326443,37.432,270054837,오송역종점,29
2026-10-10T11:29:05,293000282,세종70자1753,36.619047,127.327154,37.312,270054837,오송역종점,21
2026-10-10T11:29:05,293000283,세종70자1744,36.603401,127.305299,3.683,271000568,오송2리,3
2026-10-10T11:29:05,293000283,세종70자1750,36.518696,127.246565,16.482,293064099,"범지기3,9단지(청소년센터)",53
2026-10-10T11:29:05,293000283,세종70자1747,36.489817,127.245679,22.259,293064370,"가온마을4,7단지",38
2026-10-10T11:29:05,293000283,세종70자1748,36.468315,127.274853,27.538,293055059,세종고속시외버스터미널,15
2026-10-10T11:29:05,293000303,세종70자1510,36.517466,127.330599,8.75,293064417,세종공동캠퍼스,55
2026-10-10T11:29:05,293000304,세종70자1506,36.504178,127.261174,4.65,293062011,정부세종청사 북측,40
2026-10-10T11:29:05,293000304,세종70자1305,36.505941,127.329523,16.19,293064493,다솜동,63
2026-10-10T11:29:05,293000304,세종70자1509,36.468128,127.274032,23.301,293055001,세종고속시외버스터미널(지상),29
2026-10-10T11:29:05,293000305,세종70자1354,36.467693,127.27356,0.0,293055002,세종고속시외버스터미널(지상),14
2026-10-10T11:29:05,293000305,세종70자1507,36.479291,127.290167,1.991,293064210,"세종시청,시의회,교육청",57
2026-10-10T11:29:05,293000305,세종70자1511,36.46803,127.273508,23.378,293055001,세종고속시외버스터미널(지상),255
2026-10-10T11:29:05,293000311,세종70자1348,36.484845,127.303851,3.546,293064365,새샘마을6단지,50
2026-10-10T11:29:05,293000311,세종70자1349,36.512335,127.25985,13.487,293064110,"도램마을8,10단지",29
2026-10-10T11:29:05,293000311,세종70자1351,36.47946,127.262719,21.749,293053008,한솔동(첫마을),21
2026-10-10T11:29:05,293000312,세종70자1345,36.46929,127.273823,0.028,293055002,세종고속시외버스터미널(지상),20
2026-10-10T11:29:05,293000312,세종70자1352,36.490705,127.256306,3.064,293064435,한국산업인력공단 세종지사,41
2026-10-10T11:29:05,293000312,세종70자1346,36.495682,127.306317,14.747,293900014,세종연구단지(수루배1단지),17
2026-10-10T11:29:05,271000805,세종73자5642,36.48167999,127.295727,4.551,293064214,소담동(새샘마을),64
2026-10-10T11:29:05,271000805,세종73자5675,36.533723,127.27482,15.342,293014025,한별동,61
2026-10-10T11:29:05,271000805,세종73자5672,36.609556,127.423827,34.101,293064498,다솜동,7
2026-10-10T11:29:05,271000805,세종73자5647,36.641738,127.43029,39.55,270054819,솔밭초등학교.신영지웰시티,32
2026-10-10T11:29:05,271000805,세종73자5646,36.64614,127.423093,41.382,270054822,현대백화점,53
2026-10-10T11:29:05,271000806,충북70자3086,36.6025542,127.4098773,9.225,270054834,가경아이파크5단지,0
2026-10-10T11:29:05,271000806,충북70자2084,36.494837,127.256494,31.593,293062004,다정동,0
2026-10-10T11:29:05,271000806,충북70자1055,36.472193,127.276513,35.235,293064252,대평동,0
2026-10-10T11:29:37,293000317,세종70자1703,36.451607,127.28533,7.876,186005279,반석역,65
2026-10-10T11:29:37,293000317,세종70자1705,36.390001,127.316036,0.201,186005279,반석역,38
2026-10-10T11:29:37,293000317,세종70자1704,36.50122,127.328683,16.811,293064417,세종공동캠퍼스,31
2026-10-10T11:29:37,293000317,세종70자1706,36.618202,127.327469,33.076,293900055,용호동,41
2026-10-10T11:29:37,293000318,세종70자1707,36.60902699,127.338027,1.446,270000635,오송역2.3.4,67
2026-10-10T11:29:37,293000318,세종70자1702,36.49772,127.312091,18.143,293064257,반곡동(수루배마을),43
2026-10-10T11:29:37,293000318,세종70자1701,36.390052,127.31604,32.906,186005278,반석역,67
2026-10-10T11:29:37,187000003,대전75자9929,36.453887,127.370048,18.692,187001387,대덕산업단지,0
2026-10-10T11:29:37,187000003,대전75자9927,36.478912,127.289484,28.102,293064211,"세종시청,시의회,교육청",0
2026-10-10T11:29:37,187000003,대전75자9926,36.487324,127.257524,32.259,293053005,"새롬동,나성동",0
2026-10-10T11:29:37,187000003,대전75자9925,36.520974,127.259633,36.161,293064445,세종충남대학교병원,0
2026-10-10T11:29:37,187000003,대전75자9917,36.534572,127.295489,63.524,974019920,오송역2.3.4(미정차),0
2026-10-10T11:29:37,187000003,대전75자9918,36.608513,127.338612,53.535,974019920,오송역2.3.4(미정차),0
2026-10-10T11:29:37,187000003,대전75자9916,36.514374,127.259035,68.259,293056002,도담동,0
2026-10-10T11:29:37,187000003,대전75자9938,36.47931,127.262945,72.459,293053009,한솔동,0
2026-10-10T11:29:37,187000003,대전75자9937,36.482341,127.297165,76.397,293064216,소담동(새샘마을),0
2026-10-10T11:29:37,187000003,대전75자9915,36.474426,127.333658,80.351,293064218,한국개발연구원(KDI),0
2026-10-10T11:29:37,187000003,대전75자9914,36.437694,127.396204,88.843,187001388,대덕산업단지,0
2026-10-10T11:29:37,187000003,대전75자9911,36.374665,127.40383,97.3,187001388,대덕산업단지,0
2026-10-10T11:29:37,187000003,대전75자9910,36.346442,127.418123,101.471,187001392,대덕구청,0
2026-10-10T11:29:37,187000003,대전75자9110,36.331417,127.432441,103.642,183002355,대전역,0
2026-10-10T11:29:37,271000801,충북70자7051,36.52720781,127.26268116,7.316,293064445,세종충남대학교병원,0
2026-10-10T11:29:37,271000801,충북70자6052,36.63399154,127.3363527,25.763,270054358,오송중학교.청주오스코,0
2026-10-10T11:29:37,271000801,충북70자1063,36.70735567,127.4284514,41.038,274000032,미래나노텍,0
2026-10-10T11:29:37,271000802,충북70자1044,36.72344064,127.497054,0.383,270051719,청주국제공항,0
2026-10-10T11:29:37,271000802,충북70자5129,36.692985,127.414914,10.459,274000031,미래나노텍,0
2026-10-10T11:29:37,271000802,충북70자3071,36.61959291,127.3264442,26.935,270000635,오송역2.3.4,0
2026-10-10T11:29:37,271000802,충북70자3070,36.521617,127.259736,43.226,293064446,세종충남대학교병원,0
2026-10-10T11:29:37,293000282,세종70자1751,36.391278,127.315569,0.344,186004230,반석역,9
2026-10-10T11:29:37,293000282,세종70자1752,36.487284,127.244631,14.817,293064312,"세종기상관측소(새뜸3,4단지)",32
2026-10-10T11:29:37,293000282,세종70자1754,36.5116,127.249342,19.492,293061003,아름동커뮤니티센터,22
2026-10-10T11:29:37,293000282,세종70자1745,36.594855,127.291242,31.584,293064033,신흥사거리,27
2026-10-10T11:29:37,293000282,세종70자1749,36.619109,127.326443,37.432,270054837,오송역종점,29
2026-10-10T11:29:37,293000282,세종70자1753,36.619047,127.327154,37.312,270054837,오송역종점,21
2026-10-10T11:29:37,293000283,세종70자1744,36.602462,127.303188,3.899,293001096,조치원버스터미널,24
2026-10-10T11:29:37,293000283,세종70자1750,36.519482,127.25198,16.976,293064101,범지기마을10단지 북측,26
2026-10-10T11:29:37,293000283,세종70자1747,36.489065,127.243333,22.482,293064361,"새뜸마을4단지,가온마을1단지",19
2026-10-10T11:29:37,293000283,세종70자1748,36.4683,127.274854,27.54,293055059,세종고속시외버스터미널,8
2026-10-10T11:29:37,293000303,세종70자1510,36.519796,127.3308,9.01,293064417,세종공동캠퍼스,55
2026-10-10T11:29:37,293000304,세종70자1506,36.506877,127.261925,4.96,293062011,정부세종청사 북측,58
2026-10-10T11:29:37,293000304,세종70자1305,36.501446,127.328659,16.698,293064416,세종공동캠퍼스,12
2026-10-10T11:29:37,293000304,세종70자1509,36.468128,127.274032,23.301,293055001,세종고속시외버스터미널(지상),29
2026-10-10T11:29:37,293000305,세종70자1354,36.467693,127.27356,0.0,293055002,세종고속시외버스터미널(지상),14
2026-10-10T11:29:37,293000305,세종70자1507,36.482021,127.295661,2.57,293064210,"세종시청,시의회,교육청",52
2026-10-10T11:29:37,293000305,세종70자1511,36.46803,127.273508,23.378,293055001,세종고속시외버스터미널(지상),255
2026-10-10T11:29:37,293000311,세종70자1348,36.483426,127.306351,3.819,293064365,새샘마을6단지,63
2026-10-10T11:29:37,293000311,세종70자1349,36.513605,127.259371,13.635,293056004,도담동(도램마을),29
2026-10-10T11:29:37,293000311,세종70자1351,36.479143,127.262904,21.788,293053008,한솔동(첫마을),32
2026-10-10T11:29:37,293000312,세종70자1345,36.46929,127.273823,0.028,293055002,세종고속시외버스터미널(지상),20
2026-10-10T11:29:37,293000312,세종70자1352,36.491155,127.256409,3.113,293064435,한국산업인력공단 세종지사,25
2026-10-10T11:29:37,293000312,세종70자1346,36.495663,127.306307,14.747,293900014,세종연구단지(수루배1단지),17
2026-10-10T11:29:37,271000805,세종73자5642,36.47929,127.290375,5.104,293064214,소담동(새샘마을),65
2026-10-10T11:29:37,271000805,세종73자5675,36.534121,127.277258,15.564,293014025,한별동,58
2026-10-10T11:29:37,271000805,세종73자5672,36.610013,127.424191,34.166,293064498,다솜동,18
2026-10-10T11:29:37,271000805,세종73자5647,36.641716,127.431669,39.674,270054820,대농공원.흥덕보건소임시청사,30
2026-10-10T11:29:37,271000805,세종73자5646,36.64614,127.423093,41.382,270054822,현대백화점,53
2026-10-10T11:29:37,271000806,충북70자3086,36.5843171,127.388535,12.073,270054834,가경아이파크5단지,0
2026-10-10T11:29:37,271000806,충북70자2084,36.49308302,127.2562807,31.79,293062004,다정동,0
2026-10-10T11:29:37,271000806,충북70자1055,36.474965,127.280713,35.721,293064206,"보람동,대평동",0
2026-10-10T11:30:09,293000317,세종70자1703,36.454056,127.284288,8.163,186005279,반석역,64
2026-10-10T11:30:09,293000317,세종70자1705,36.388115,127.317449,0.0,186005279,반석역,14
2026-10-10T11:30:09,293000317,세종70자1704,36.505051,127.329454,17.245,293064417,세종공동캠퍼스,62
2026-10-10T11:30:09,293000317,세종70자1706,36.618202,127.327469,33.076,293900055,용호동,41
2026-10-10T11:30:09,293000318,세종70자1707,36.605864,127.339907,1.446,270000635,오송역2.3.4,68
2026-10-10T11:30:09,293000318,세종70자1702,36.497631,127.311036,18.238,293064257,반곡동(수루배마을),48
2026-10-10T11:30:09,293000318,세종70자1701,36.390052,127.31604,32.906,186005278,반석역,67
2026-10-10T11:30:09,187000003,대전75자9929,36.453887,127.370048,18.692,187001387,대덕산업단지,0
2026-10-10T11:30:09,187000003,대전75자9927,36.478912,127.289484,28.102,293064211,"세종시청,시의회,교육청",0
2026-10-10T11:30:09,187000003,대전75자9926,36.490799,127.256832,32.652,293053005,"새롬동,나성동",0
2026-10-10T11:30:09,187000003,대전75자9925,36.528353,127.263665,37.073,293014014,"해밀동,산울동",0
2026-10-10T11:30:09,187000003,대전75자9918,36.608513,127.338612,53.535,974019920,오송역2.3.4(미정차),0
2026-10-10T11:30:09,187000003,대전75자9917,36.534008,127.292745,63.777,293014058,누리동,0
2026-10-10T11:30:09,187000003,대전75자9916,36.514374,127.259035,68.259,293056002,도담동,0
2026-10-10T11:30:09,187000003,대전75자9938,36.47931,127.262945,72.459,293053009,한솔동,0
2026-10-10T11:30:09,187000003,대전75자9937,36.482936,127.297943,76.496,293064216,소담동(새샘마을),0
2026-10-10T11:30:09,187000003,대전75자9915,36.474426,127.333658,80.351,293064218,한국개발연구원(KDI),0
2026-10-10T11:30:09,187000003,대전75자9914,36.430182,127.405428,90.019,187001388,대덕산업단지,0
2026-10-10T11:30:09,187000003,대전75자9911,36.374665,127.40383,97.3,187001388,대덕산업단지,0
2026-10-10T11:30:09,187000003,대전75자9910,36.344265,127.420976,101.824,187001393,솔랑마을아파트,0
2026-10-10T11:30:09,187000003,대전75자9110,36.331417,127.432441,103.642,183002355,대전역,0
2026-10-10T11:30:09,271000801,충북70자7051,36.528682,127.263939,7.514,293014014,"해밀동,산울동",0
2026-10-10T11:30:09,271000801,충북70자6052,36.63614324,127.3326879,26.213,270054358,오송중학교.청주오스코,0
2026-10-10T11:30:09,271000801,충북70자1063,36.70873187,127.4266107,41.273,274000032,미래나노텍,0
2026-10-10T11:30:09,271000802,충북70자1044,36.72344064,127.497054,0.383,270051719,청주국제공항,0
2026-10-10T11:30:09,271000802,충북70자5129,36.692985,127.414914,10.459,274000031,미래나노텍,0
2026-10-10T11:30:09,271000802,충북70자3071,36.61959291,127.3264442,26.935,270000635,오송역2.3.4,0
2026-10-10T11:30:09,271000802,충북70자3070,36.52027461,127.25940059,43.379,293064446,세종충남대학교병원,0
2026-10-10T11:30:09,293000282,세종70자1751,36.391655,127.315225,0.396,186004230,반석역,23
2026-10-10T11:30:09,293000282,세종70자1752,36.489184,127.24407,15.094,293064360,"새뜸마을4단지,가온마을1단지",26
2026-10-10T11:30:09,293000282,세종70자1754,36.51254999,127.250372,19.679,293064054,"범지기마을8,12단지",33
2026-10-10T11:30:09,293000282,세종70자1745,36.5954,127.293455,31.856,293064147,세종시보건소(대동초),32
2026-10-10T11:30:09,293000282,세종70자1749,36.619109,127.326443,37.432,270054837,오송역종점,29
2026-10-10T11:30:09,293000282,세종70자1753,36.619047,127.327154,37.312,270054837,오송역종점,21
2026-10-10T11:30:09,293000283,세종70자1744,36.601702,127.301085,4.107,293001096,조치원버스터미널,22
2026-10-10T11:30:09,293000283,세종70자1750,36.518071,127.252108,17.185,293061007,범지기마을10단지,46
2026-10-10T11:30:09,293000283,세종70자1747,36.487085,127.244577,22.729,293064361,"새뜸마을4단지,가온마을1단지",36
2026-10-10T11:30:09,293000283,세종70자1748,36.464329,127.27545,27.987,293055059,세종고속시외버스터미널,68
2026-10-10T11:30:09,293000303,세종70자1510,36.520181,127.330809,9.052,293064417,세종공동캠퍼스,36
2026-10-10T11:30:09,293000304,세종70자1506,36.512555,127.259604,5.631,293062011,정부세종청사 북측,58
2026-10-10T11:30:09,293000304,세종70자1305,36.498638,127.324699,17.181,293064416,세종공동캠퍼스,66
2026-10-10T11:30:09,293000304,세종70자1509,36.468128,127.274032,23.301,293055001,세종고속시외버스터미널(지상),29
2026-10-10T11:30:09,293000305,세종70자1354,36.467693,127.27356,0.0,293055002,세종고속시외버스터미널(지상),14
2026-10-10T11:30:09,293000305,세종70자1507,36.482988,127.297711,2.789,293064216,소담동(새샘마을),21
2026-10-10T11:30:09,293000305,세종70자1511,36.46803,127.273508,23.378,293055001,세종고속시외버스터미널(지상),255
2026-10-10T11:30:09,293000311,세종70자1348,36.482396,127.307325,3.961,293064365,새샘마을6단지,63
2026-10-10T11:30:09,293000311,세종70자1349,36.514435,127.258728,13.734,293056004,도담동(도램마을),41
2026-10-10T11:30:09,293000311,세종70자1351,36.477136,127.264505,22.053,293053008,한솔동(첫마을),62
2026-10-10T11:30:09,293000312,세종70자1345,36.46929,127.273823,0.028,293055002,세종고속시외버스터미널(지상),20
2026-10-10T11:30:09,293000312,세종70자1352,36.49593,127.25682,3.65,293053001,다정동(대성고등학교),42
2026-10-10T11:30:09,293000312,세종70자1346,36.495637,127.306318,14.75,293900014,세종연구단지(수루배1단지),17
2026-10-10T11:30:09,271000805,세종73자5642,36.47873,127.289092,5.234,293064211,"세종시청,시의회,교육청",16
2026-10-10T11:30:09,271000805,세종73자5675,36.534357,127.286853,16.427,293014025,한별동,55
2026-10-10T11:30:09,271000805,세종73자5672,36.612473,127.423456,34.447,270054812,가경아이파크5단지,13
2026-10-10T11:30:09,271000805,세종73자5647,36.642169,127.434901,39.966,270054820,대농공원.흥덕보건소임시청사,10
2026-10-10T11:30:09,271000805,세종73자5646,36.64614,127.423093,41.382,270054822,현대백화점,53
2026-10-10T11:30:09,271000806,충북70자3086,36.5843171,127.388535,12.073,270054834,가경아이파크5단지,0
2026-10-10T11:30:09,271000806,충북70자2084,36.48771,127.25729,32.4,293053004,"새롬동,나성동",0
2026-10-10T11:30:09,271000806,충북70자1055,36.474965,127.280713,35.721,293064206,"보람동,대평동",0
2026-10-10T11:30:41,293000317,세종70자1703,36.45959899,127.279626,8.911,186005279,반석역,65
2026-10-10T11:30:41,293000317,세종70자1705,36.388054,127.317492,0.0,186005279,반석역,14
2026-10-10T11:30:41,293000317,세종70자1704,36.509915,127.329883,17.787,293064417,세종공동캠퍼스,60
2026-10-10T11:30:41,293000317,세종70자1706,36.618228,127.327449,33.08,293900055,용호동,8
2026-10-10T11:30:41,293000318,세종70자1707,36.60126,127.337777,2.103,270000635,오송역2.3.4,68
2026-10-10T11:30:41,293000318,세종70자1702,36.49425,127.305971,18.871,293064257,반곡동(수루배마을),68
2026-10-10T11:30:41,293000318,세종70자1701,36.390052,127.31604,32.906,186005278,반석역,67
2026-10-10T11:30:41,187000003,대전75자9929,36.453887,127.370048,18.692,187001387,대덕산업단지,0
2026-10-10T11:30:41,187000003,대전75자9927,36.478473,127.28846,28.206,293064211,"세종시청,시의회,교육청",0
2026-10-10T11:30:41,187000003,대전75자9926,36.493494,127.256498,32.957,293054003,다정동,0
2026-10-10T11:30:41,187000003,대전75자9925,36.529061,127.264381,37.174,293014014,"해밀동,산울동",0
2026-10-10T11:30:41,187000003,대전75자9918,36.608513,127.338612,53.535,974019920,오송역2.3.4(미정차),0
2026-10-10T11:30:41,187000003,대전75자9917,36.534008,127.292745,63.777,293014058,누리동,0
2026-10-10T11:30:41,187000003,대전75자9916,36.514374,127.259035,68.259,293056002,도담동,0
2026-10-10T11:30:41,187000003,대전75자9938,36.47931,127.262945,72.459,293053009,한솔동,0
2026-10-10T11:30:41,187000003,대전75자9937,36.484949,127.300382,76.81,293064216,소담동(새샘마을),0
2026-10-10T11:30:41,187000003,대전75자9915,36.467176,127.364164,83.784,186005287,국제과학비즈니스벨트,0
2026-10-10T11:30:41,187000003,대전75자9914,36.42409,127.413746,91.03,187001388,대덕산업단지,0
2026-10-10T11:30:41,187000003,대전75자9911,36.363205,127.399499,98.944,187001388,대덕산업단지,0
2026-10-10T11:30:41,187000003,대전75자9910,36.344265,127.420976,101.824,187001393,솔랑마을아파트,0
2026-10-10T11:30:41,187000003,대전75자9110,36.331417,127.432441,103.642,183002355,대전역,0
2026-10-10T11:30:41,271000801,충북70자7051,36.528682,127.263939,7.514,293014014,"해밀동,산울동",0
2026-10-10T11:30:41,271000801,충북70자6052,36.63614324,127.3326879,26.213,270054358,오송중학교.청주오스코,0
2026-10-10T11:30:41,271000801,충북70자1063,36.70873187,127.4266107,41.273,274000032,미래나노텍,0
2026-10-10T11:30:41,271000802,충북70자5128,36.72344064,127.497054,0.383,270051719,청주국제공항,0
2026-10-10T11:30:41,271000802,충북70자5129,36.692985,127.414914,10.459,274000031,미래나노텍,0
2026-10-10T11:30:41,271000802,충북70자3071,36.61619611,127.3295943,27.696,270000635,오송역2.3.4,0
2026-10-10T11:30:41,271000802,충북70자3070,36.51528109,127.25899041,43.938,293064446,세종충남대학교병원,0
2026-10-10T11:30:41,293000282,세종70자1751,36.3947,127.312887,0.794,186004230,반석역,38
2026-10-10T11:30:41,293000282,세종70자1752,36.489656,127.245677,15.247,293064360,"새뜸마을4단지,가온마을1단지",25
2026-10-10T11:30:41,293000282,세종70자1754,36.513032,127.250449,19.733,293064054,"범지기마을8,12단지",28
2026-10-10T11:30:41,293000282,세종70자1745,36.595489,127.294133,31.917,293064147,세종시보건소(대동초),27
2026-10-10T11:30:41,293000282,세종70자1749,36.619109,127.326443,37.432,270054837,오송역종점,29
2026-10-10T11:30:41,293000282,세종70자1753,36.619047,127.327154,37.312,270054837,오송역종점,21
2026-10-10T11:30:41,293000283,세종70자1744,36.60156,127.299899,4.214,293064152,조치원전통시장 북측,14
2026-10-10T11:30:41,293000283,세종70자1750,36.516637,127.251418,17.355,293061007,범지기마을10단지,46
2026-10-10T11:30:41,293000283,세종70자1747,36.486336,127.244914,22.818,293064361,"새뜸마을4단지,가온마을1단지",36
2026-10-10T11:30:41,293000283,세종70자1748,36.458548,127.280552,28.786,293055059,세종고속시외버스터미널,67
2026-10-10T11:30:41,293000303,세종70자1510,36.52319,127.329686,9.403,293064417,세종공동캠퍼스,57
2026-10-10T11:30:41,293000304,세종70자1506,36.51368699,127.259288,5.76,293056003,도담동,40
2026-10-10T11:30:41,293000304,세종70자1305,36.498085,127.322433,17.392,293064418,집현동,20
2026-10-10T11:30:41,293000304,세종70자1509,36.468128,127.274032,23.301,293055001,세종고속시외버스터미널(지상),29
2026-10-10T11:30:41,293000305,세종70자1354,36.467693,127.27356,0.0,293055002,세종고속시외버스터미널(지상),14
2026-10-10T11:30:41,293000305,세종70자1507,36.483089,127.297643,2.798,293064216,소담동(새샘마을),3
2026-10-10T11:30:41,293000305,세종70자1511,36.46803,127.273508,23.378,293055001,세종고속시외버스터미널(지상),255
2026-10-10T11:30:41,293000311,세종70자1348,36.482126,127.308866,4.142,293900019,한국개발연구원(KDI),48
2026-10-10T11:30:41,293000311,세종70자1349,36.51555,127.258831,13.855,293056004,도담동(도램마을),45
2026-10-10T11:30:41,293000311,세종70자1351,36.472062,127.268268,22.71,293053008,한솔동(첫마을),59
2026-10-10T11:30:41,293000312,세종70자1345,36.46929,127.273823,0.028,293055002,세종고속시외버스터미널(지상),20
2026-10-10T11:30:41,293000312,세종70자1352,36.496746,127.257218,3.749,293053001,다정동(대성고등학교),11
2026-10-10T11:30:41,293000312,세종70자1346,36.49563,127.306335,14.751,293900014,세종연구단지(수루배1단지),17
2026-10-10T11:30:41,271000805,세종73자5642,36.478461,127.288431,5.3,293064211,"세종시청,시의회,교육청",34
2026-10-10T11:30:41,271000805,세종73자5675,36.533952,127.292739,16.957,293064420,누리동,75
2026-10-10T11:30:41,271000805,세종73자5672,36.613102,127.42334,34.518,270054812,가경아이파크5단지,22
2026-10-10T11:30:41,271000805,세종73자5647,36.642164,127.434921,39.968,270054820,대농공원.흥덕보건소임시청사,10
2026-10-10T11:30:41,271000805,세종73자5646,36.64614,127.423093,41.382,270054822,현대백화점,53
2026-10-10T11:30:41,271000806,충북70자3086,36.5843171,127.388535,12.073,270054834,가경아이파크5단지,0
2026-10-10T11:30:41,271000806,충북70자2084,36.48662514,127.25790223,32.533,293053004,"새롬동,나성동",0
2026-10-10T11:30:41,271000806,충북70자1055,36.478272,127.28806,36.476,293064210,"세종시청,시의회,교육청",0
2026-10-10T11:31:12,293000317,세종70자1703,36.462548,127.276651,9.334,186005279,반석역,66
2026-10-10T11:31:12,293000317,세종70자1705,36.387413,127.317959,0.0,186005279,반석역,14
2026-10-10T11:31:12,293000317,세종70자1704,36.514151,127.330264,18.259,293064417,세종공동캠퍼스,57
2026-10-10T11:31:12,293000317,세종70자1706,36.618976,127.327156,33.16,270054837,오송역종점,16
2026-10-10T11:31:12,293000318,세종70자1707,36.597568,127.333441,2.906,270000635,오송역2.3.4,68
2026-10-10T11:31:12,293000318,세종70자1702,36.491937,127.304299,19.169,293064261,국책연구단지,42
2026-10-10T11:31:12,293000318,세종70자1701,36.390052,127.31604,32.906,186005278,반석역,67
2026-10-10T11:31:12,187000003,대전75자9929,36.466902,127.365262,20.359,186005286,국제과학비즈니스벨트,0
2026-10-10T11:31:12,187000003,대전75자9927,36.478473,127.28846,28.206,293064211,"세종시청,시의회,교육청",0
2026-10-10T11:31:12,187000003,대전75자9926,36.49445,127.256558,33.065,293054003,다정동,0
2026-10-10T11:31:12,187000003,대전75자9925,36.529061,127.264381,37.174,293014014,"해밀동,산울동",0
2026-10-10T11:31:12,187000003,대전75자9918,36.595373,127.331367,48.387,974019920,오송역2.3.4(미정차),0
2026-10-10T11:31:12,187000003,대전75자9917,36.534148,127.277162,65.184,293014026,한별동,0
2026-10-10T11:31:12,187000003,대전75자9916,36.505035,127.261516,69.346,293056002,도담동,0
2026-10-10T11:31:12,187000003,대전75자9938,36.470932,127.270892,73.669,293053009,한솔동,0
2026-10-10T11:31:12,187000003,대전75자9937,36.485976,127.301275,76.969,293064216,소담동(새샘마을),0
2026-10-10T11:31:12,187000003,대전75자9915,36.466777,127.365177,83.884,186005287,국제과학비즈니스벨트,0
2026-10-10T11:31:12,187000003,대전75자9914,36.42409,127.413746,91.03,187001388,대덕산업단지,0
2026-10-10T11:31:12,187000003,대전75자9911,36.358784,127.404171,99.59,187001388,대덕산업단지,0
2026-10-10T11:31:12,187000003,대전75자9910,36.342705,127.423175,102.087,187001393,솔랑마을아파트,0
2026-10-10T11:31:12,187000003,대전75자9110,36.331417,127.432441,103.642,183002355,대전역,0
2026-10-10T11:31:12,271000801,충북70자7051,36.528682,127.263939,7.514,293014014,"해밀동,산울동",0
2026-10-10T11:31:12,271000801,충북70자6052,36.637747,127.328535,26.668,271000641,보건의료행정타운,0
2026-10-10T11:31:12,271000801,충북70자1063,36.71069,127.42826,41.644,270051808,오창프라자,0
2026-10-10T11:31:12,271000802,충북70자5128,36.72423347,127.4963017,0.5,270051719,청주국제공항,0
2026-10-10T11:31:12,271000802,충북70자5129,36.6925684,127.4156815,10.54,274000031,미래나노텍,0
2026-10-10T11:31:12,271000802,충북70자3071,36.61143314,127.3349144,28.408,270000635,오송역2.3.4,0
2026-10-10T11:31:12,271000802,충북70자3070,36.51483,127.25896,43.988,293056002,도담동,0
2026-10-10T11:31:12,293000282,세종70자1751,36.395048,127.312632,0.841,186004230,반석역,38
2026-10-10T11:31:12,293000282,세종70자1752,36.490325,127.248375,15.5,293064360,"새뜸마을4단지,가온마을1단지",48
2026-10-10T11:31:12,293000282,세종70자1754,36.515654,127.251216,20.033,293064055,아름초등학교,37
2026-10-10T11:31:12,293000282,세종70자1745,36.595873,127.296372,32.121,293064147,세종시보건소(대동초),25
2026-10-10T11:31:12,293000282,세종70자1749,36.619109,127.326443,37.432,270054837,오송역종점,29
2026-10-10T11:31:12,293000282,세종70자1753,36.619047,127.327154,37.312,270054837,오송역종점,21
2026-10-10T11:31:12,293000283,세종70자1744,36.60148499,127.299242,4.273,293064152,조치원전통시장 북측,16
2026-10-10T11:31:12,293000283,세종70자1750,36.516637,127.251418,17.355,293061007,범지기마을10단지,46
2026-10-10T11:31:12,293000283,세종70자1747,36.485273,127.245321,22.942,293064313,"세종기상관측소(새뜸3,4단지)",32
2026-10-10T11:31:12,293000283,세종70자1748,36.456117,127.282807,29.124,293055059,세종고속시외버스터미널,67
2026-10-10T11:31:12,293000303,세종70자1510,36.52675,127.326683,9.885,293064417,세종공동캠퍼스,58
2026-10-10T11:31:12,293000304,세종70자1506,36.517959,127.259085,6.237,293056003,도담동,58
2026-10-10T11:31:12,293000304,세종70자1305,36.497744,127.320311,17.586,293064418,집현동,50
2026-10-10T11:31:12,293000304,세종70자1509,36.468128,127.274032,23.301,293055001,세종고속시외버스터미널(지상),29
2026-10-10T11:31:12,293000305,세종70자1354,36.467693,127.27356,0.0,293055002,세종고속시외버스터미널(지상),14
2026-10-10T11:31:12,293000305,세종70자1507,36.487137,127.301696,3.39,293064253,"법원,검찰청,경찰청",34
2026-10-10T11:31:12,293000305,세종70자1511,36.46803,127.273508,23.378,293055001,세종고속시외버스터미널(지상),255
2026-10-10T11:31:12,293000311,세종70자1348,36.482201,127.309476,4.197,293900019,한국개발연구원(KDI),48
2026-10-10T11:31:12,293000311,세종70자1349,36.517726,127.259248,14.097,293056004,도담동(도램마을),24
2026-10-10T11:31:12,293000311,세종70자1351,36.470689,127.273266,23.201,293064221,세종고속시외버스터미널(지하),10
2026-10-10T11:31:12,293000312,세종70자1345,36.46929,127.273823,0.028,293055002,세종고속시외버스터미널(지상),20
2026-10-10T11:31:12,293000312,세종70자1352,36.49681,127.257249,3.757,293053001,다정동(대성고등학교),11
2026-10-10T11:31:12,293000312,세종70자1346,36.496823,127.308368,15.005,293900014,세종연구단지(수루배1단지),46
2026-10-10T11:31:12,271000805,세종73자5642,36.476581,127.283873,5.758,293064211,"세종시청,시의회,교육청",49
2026-10-10T11:31:12,271000805,세종73자5675,36.534571,127.295752,17.236,293064420,누리동,75
2026-10-10T11:31:12,271000805,세종73자5672,36.615085,127.422839,34.743,270054812,가경아이파크5단지,43
2026-10-10T11:31:12,271000805,세종73자5647,36.642164,127.434921,39.968,270054820,대농공원.흥덕보건소임시청사,10
2026-10-10T11:31:12,271000805,세종73자5646,36.64614,127.423093,41.382,270054822,현대백화점,53
2026-10-10T11:31:12,271000806,충북70자3086,36.5843171,127.388535,12.073,270054834,가경아이파크5단지,0
2026-10-10T11:31:12,271000806,충북70자2084,36.481073,127.261769,33.248,293053009,한솔동,0
2026-10-10T11:31:12,271000806,충북70자1055,36.478272,127.28806,36.476,293064210,"세종시청,시의회,교육청",0
2026-10-10T11:31:44,293000317,세종70자1703,36.466435,127.27523,9.797,186005279,반석역,47
2026-10-10T11:31:44,293000317,세종70자1705,36.387413,127.317957,0.0,186005279,반석역,14
2026-10-10T11:31:44,293000317,세종70자1704,36.517721,127.330592,18.657,293064417,세종공동캠퍼스,31
2026-10-10T11:31:44,293000317,세종70자1706,36.619044,127.327161,33.178,270054837,오송역종점,16
2026-10-10T11:31:44,293000318,세종70자1707,36.593452,127.329662,3.843,270000635,오송역2.3.4,68
2026-10-10T11:31:44,293000318,세종70자1702,36.489547,127.302654,19.473,293064261,국책연구단지,67
2026-10-10T11:31:44,293000318,세종70자1701,36.390052,127.31604,32.906,186005278,반석역,67
2026-10-10T11:31:44,187000003,대전75자9929,36.468411,127.360399,20.825,186005286,국제과학비즈니스벨트,0
2026-10-10T11:31:44,187000003,대전75자9927,36.47541,127.281375,28.929,293064209,"보람동,대평동",0
2026-10-10T11:31:44,187000003,대전75자9926,36.497943,127.258037,33.481,293054003,다정동,0
2026-10-10T11:31:44,187000003,대전75자9925,36.529061,127.264381,37.174,293014014,"해밀동,산울동",0
2026-10-10T11:31:44,187000003,대전75자9918,36.588636,127.323641,47.359,974019920,오송역2.3.4(미정차),0
2026-10-10T11:31:44,187000003,대전75자9917,36.534148,127.277162,65.184,293014026,한별동,0
2026-10-10T11:31:44,187000003,대전75자9916,36.502134,127.260154,69.69,293062007,정부세종청사 남측,0
2026-10-10T11:31:44,187000003,대전75자9938,36.470475,127.2727,73.835,293064221,세종고속시외버스터미널(지하),0
2026-10-10T11:31:44,187000003,대전75자9937,36.485976,127.301275,76.969,293064216,소담동(새샘마을),0
2026-10-10T11:31:44,187000003,대전75자9915,36.466777,127.365177,83.884,186005287,국제과학비즈니스벨트,0
2026-10-10T11:31:44,187000003,대전75자9914,36.415628,127.42109,92.19,187001388,대덕산업단지,0
2026-10-10T11:31:44,187000003,대전75자9911,36.358784,127.404171,99.59,187001388,대덕산업단지,0
2026-10-10T11:31:44,187000003,대전75자9910,36.341536,127.424763,102.279,187001394,한밭자이아파트,0
2026-10-10T11:31:44,187000003,대전75자9110,36.331417,127.432441,103.642,183002355,대전역,0
2026-10-10T11:31:44,271000801,충북70자7051,36.53377,127.27527,8.703,293014025,한별동,0
2026-10-10T11:31:44,271000801,충북70자6052,36.6391768,127.324181,27.253,271000641,보건의료행정타운,0
2026-10-10T11:31:44,271000801,충북70자1063,36.71069,127.42826,41.644,270051808,오창프라자,0
2026-10-10T11:31:44,271000802,충북70자5130,36.72248667,127.4956317,0.186,270051719,청주국제공항,0
2026-10-10T11:31:44,271000802,충북70자5128,36.72423347,127.4963017,0.5,270051719,청주국제공항,0
2026-10-10T11:31:44,271000802,충북70자5129,36.69065627,127.4143347,10.843,274000031,미래나노텍,0
2026-10-10T11:31:44,271000802,충북70자3071,36.60637807,127.3398934,29.328,270000635,오송역2.3.4,0
2026-10-10T11:31:44,271000802,충북70자3070,36.51483,127.25896,43.988,293056002,도담동,0
2026-10-10T11:31:44,293000282,세종70자1751,36.39506,127.31262,0.842,186004230,반석역,10
2026-10-10T11:31:44,293000282,세종70자1752,36.49181,127.249608,15.779,293064237,"가온마을4,7단지",32
2026-10-10T11:31:44,293000282,세종70자1754,36.518918,127.252461,20.414,293064056,범지기마을10단지,27
2026-10-10T11:31:44,293000282,세종70자1745,36.596716,127.298983,32.381,293001093,조치원1927아트센터,18
2026-10-10T11:31:44,293000282,세종70자1749,36.619109,127.326443,37.432,270054837,오송역종점,29
2026-10-10T11:31:44,293000282,세종70자1753,36.619047,127.327154,37.312,270054837,오송역종점,21
2026-10-10T11:31:44,293000283,세종70자1744,36.601441,127.298827,4.311,293064152,조치원전통시장 북측,16
2026-10-10T11:31:44,293000283,세종70자1750,36.516637,127.251418,17.355,293061007,범지기마을10단지,46
2026-10-10T11:31:44,293000283,세종70자1747,36.482938,127.24591,23.209,293064389,"새뜸마을1,2단지",9
2026-10-10T11:31:44,293000283,세종70자1748,36.45144,127.285246,29.71,293055059,세종고속시외버스터미널,68
2026-10-10T11:31:44,293000303,세종70자1510,36.532046,127.319989,10.725,293064492,다솜동,57
2026-10-10T11:31:44,293000304,세종70자1506,36.521206,127.259694,6.602,293064445,세종충남대학교병원,31
2026-10-10T11:31:44,293000304,세종70자1305,36.49762599,127.317534,17.835,293064418,집현동,33
2026-10-10T11:31:44,293000304,세종70자1509,36.468128,127.274032,23.301,293055001,세종고속시외버스터미널(지상),29
2026-10-10T11:31:44,293000305,세종70자1354,36.467693,127.27356,0.0,293055002,세종고속시외버스터미널(지상),14
2026-10-10T11:31:44,293000305,세종70자1507,36.489683,127.302856,3.693,293064253,"법원,검찰청,경찰청",57
2026-10-10T11:31:44,293000305,세종70자1511,36.46803,127.273508,23.378,293055001,세종고속시외버스터미널(지상),255
2026-10-10T11:31:44,293000311,세종70자1348,36.483745,127.317198,4.915,293900018,새나루마을1단지 후문,29
2026-10-10T11:31:44,293000311,세종70자1349,36.518518,127.257413,14.283,293056004,도담동(도램마을),33
2026-10-10T11:31:44,293000311,세종70자1351,36.46966299,127.273639,23.352,293055001,세종고속시외버스터미널(지상),31
2026-10-10T11:31:44,293000312,세종70자1345,36.46929,127.273823,0.028,293055002,세종고속시외버스터미널(지상),20
2026-10-10T11:31:44,293000312,세종70자1352,36.496935,127.257403,3.775,293053001,다정동(대성고등학교),17
2026-10-10T11:31:44,293000312,세종70자1346,36.497477,127.311108,15.263,293064400,반곡동(수루배마을),22
2026-10-10T11:31:44,271000805,세종73자5642,36.475731,127.281919,5.957,293064209,"보람동,대평동",23
2026-10-10T11:31:44,271000805,세종73자5675,36.537245,127.305622,18.166,293064420,누리동,77
2026-10-10T11:31:44,271000805,세종73자5672,36.616687,127.422763,34.923,270054812,가경아이파크5단지,14
2026-10-10T11:31:44,271000805,세종73자5647,36.642164,127.434921,39.968,270054820,대농공원.흥덕보건소임시청사,10
2026-10-10T11:31:44,271000805,세종73자5646,36.64614,127.423093,41.382,270054822,현대백화점,53
2026-10-10T11:31:44,271000806,충북70자3086,36.56055796,127.3697608,15.306,270054834,가경아이파크5단지,0
2026-10-10T11:31:44,271000806,충북70자2084,36.481073,127.261769,33.248,293053009,한솔동,0
2026-10-10T11:31:44,271000806,충북70자1055,36.482566,127.297594,37.456,293064216,소담동(새샘마을),0
2026-10-10T11:32:16,293000317,세종70자1703,36.46744799,127.275127,9.91,186005279,반석역,38
2026-10-10T11:32:16,293000317,세종70자1705,36.387413,127.317957,0.0,186005279,반석역,14
2026-10-10T11:32:16,293000317,세종70자1704,36.519375,127.330728,18.842,293064417,세종공동캠퍼스,10
2026-10-10T11:32:16,293000317,세종70자1706,36.61927,127.326894,33.214,270054837,오송역종점,17
2026-10-10T11:32:16,293000318,세종70자1707,36.587711,127.322885,4.611,270000635,오송역2.3.4,68
2026-10-10T11:32:16,293000318,세종70자1702,36.486842,127.301509,19.791,293064254,"법원,검찰청,경찰청",40
2026-10-10T11:32:16,187000003,대전75자9929,36.468411,127.360399,20.825,186005286,국제과학비즈니스벨트,0
2026-10-10T11:32:16,187000003,대전75자9927,36.47541,127.281375,28.929,293064209,"보람동,대평동",0
2026-10-10T11:32:16,187000003,대전75자9926,36.500474,127.259524,33.792,293062006,정부세종청사 남측,0
2026-10-10T11:32:16,187000003,대전75자9925,36.533683,127.274752,38.258,293014025,한별동,0
2026-10-10T11:32:16,187000003,대전75자9920,36.618845,127.327059,51.982,270000635,오송역2.3.4,0
2026-10-10T11:32:16,187000003,대전75자9918,36.588636,127.323641,47.359,974019920,오송역2.3.4(미정차),0
2026-10-10T11:32:16,187000003,대전75자9917,36.534148,127.277162,65.184,293014026,한별동,0
2026-10-10T11:32:16,187000003,대전75자9916,36.502134,127.260154,69.69,293062007,정부세종청사 남측,0
2026-10-10T11:32:16,187000003,대전75자9938,36.472209,127.276108,74.198,293064252,대평동,0
2026-10-10T11:32:16,187000003,대전75자9937,36.483383,127.306258,77.501,293064216,소담동(새샘마을),0
2026-10-10T11:32:16,187000003,대전75자9915,36.454323,127.369631,85.456,186005287,국제과학비즈니스벨트,0
2026-10-10T11:32:16,187000003,대전75자9914,36.405834,127.416712,93.364,187001388,대덕산업단지,0
2026-10-10T11:32:16,187000003,대전75자9911,36.358784,127.404171,99.59,187001388,대덕산업단지,0
2026-10-10T11:32:16,187000003,대전75자9910,36.341536,127.424763,102.279,187001394,한밭자이아파트,0
2026-10-10T11:32:16,187000003,대전75자9110,36.331417,127.432441,103.642,183002355,대전역,0
2026-10-10T11:32:16,271000801,충북70자7051,36.534572,127.27994,9.13,293014025,한별동,0
2026-10-10T11:32:16,271000801,충북70자6052,36.6391768,127.324181,27.253,271000641,보건의료행정타운,0
2026-10-10T11:32:16,271000801,충북70자1063,36.7108014,127.4299633,41.796,270051808,오창프라자,0
2026-10-10T11:32:16,271000802,충북70자5130,36.72248667,127.4956317,0.186,270051719,청주국제공항,0
2026-10-10T11:32:16,271000802,충북70자5128,36.72119948,127.4913063,1.062,284000230,청주공항역,0
2026-10-10T11:32:16,271000802,충북70자5129,36.68921277,127.4126997,11.06,274000031,미래나노텍,0
2026-10-10T11:32:16,271000802,충북70자3071,36.60637807,127.3398934,29.328,270000635,오송역2.3.4,0
2026-10-10T11:32:16,271000802,충북70자3070,36.51252376,127.2595524,44.25,293056002,도담동,0
2026-10-10T11:32:16,293000282,세종70자1751,36.398382,127.310654,1.252,186004230,반석역,68
2026-10-10T11:32:16,293000282,세종70자1752,36.491928,127.249576,15.792,293064237,"가온마을4,7단지",32
2026-10-10T11:32:16,293000282,세종70자1754,36.519257,127.252485,20.452,293064056,범지기마을10단지,27
2026-10-10T11:32:16,293000282,세종70자1745,36.598714,127.298604,32.606,293001090,조치원전통시장,35
2026-10-10T11:32:16,293000282,세종70자1749,36.619109,127.326443,37.432,270054837,오송역종점,29
2026-10-10T11:32:16,293000282,세종70자1753,36.619047,127.327154,37.312,270054837,오송역종점,21
2026-10-10T11:32:16,293000283,세종70자1744,36.60139499,127.298014,4.385,293064152,조치원전통시장 북측,17
2026-10-10T11:32:16,293000283,세종70자1750,36.515095,127.25079,17.536,293061006,아름초등학교,28
2026-10-10T11:32:16,293000283,세종70자1747,36.480584,127.246151,23.472,293064389,"새뜸마을1,2단지",51
2026-10-10T11:32:16,293000283,세종70자1748,36.445535,127.285856,30.371,293055059,세종고속시외버스터미널,67
2026-10-10T11:32:16,293000303,세종70자1510,36.532751,127.319108,10.836,293064492,다솜동,56
2026-10-10T11:32:16,293000304,세종70자1506,36.52534399,127.261545,7.092,293064445,세종충남대학교병원,58
2026-10-10T11:32:16,293000304,세종70자1305,36.49785099,127.312603,18.276,293064257,반곡동(수루배마을),48
2026-10-10T11:32:16,293000304,세종70자1509,36.468128,127.274032,23.301,293055001,세종고속시외버스터미널(지상),29
2026-10-10T11:32:16,293000305,세종70자1354,36.467693,127.27356,0.0,293055002,세종고속시외버스터미널(지상),14
2026-10-10T11:32:16,293000305,세종70자1507,36.491656,127.304182,3.943,293064255,국책연구단지,40
2026-10-10T11:32:16,293000305,세종70자1511,36.46803,127.273508,23.378,293055001,세종고속시외버스터미널(지상),255
2026-10-10T11:32:16,293000311,세종70자1348,36.4852,127.31992,5.212,293900018,새나루마을1단지 후문,27
2026-10-10T11:32:16,293000311,세종70자1349,36.519091,127.255828,14.437,293064051,세종충남대병원,39
2026-10-10T11:32:16,293000311,세종70자1351,36.468011,127.273152,23.426,293055001,세종고속시외버스터미널(지상),24
2026-10-10T11:32:16,293000312,세종70자1345,36.46929,127.273823,0.028,293055002,세종고속시외버스터미널(지상),20
2026-10-10T11:32:16,293000312,세종70자1352,36.49805,127.258051,3.912,293053001,다정동(대성고등학교),17
2026-10-10T11:32:16,293000312,세종70자1346,36.497663,127.312678,15.405,293064400,반곡동(수루배마을),38
2026-10-10T11:32:16,271000805,세종73자5642,36.47528599,127.281139,6.044,293064209,"보람동,대평동",255
2026-10-10T11:32:16,271000805,세종73자5675,36.536397,127.311625,18.711,293900062,용호동,65
2026-10-10T11:32:16,271000805,세종73자5672,36.617009,127.424804,35.122,270054812,가경아이파크5단지,36
2026-10-10T11:32:16,271000805,세종73자5647,36.642237,127.435239,40.002,270054820,대농공원.흥덕보건소임시청사,23
2026-10-10T11:32:16,271000806,충북70자3086,36.56055796,127.3697608,15.306,270054834,가경아이파크5단지,0
2026-10-10T11:32:16,271000806,충북70자2084,36.47925319,127.26311978,33.484,293053009,한솔동,0
2026-10-10T11:32:16,271000806,충북70자1055,36.482566,127.297594,37.456,293064216,소담동(새샘마을),0
2026-10-10T11:32:48,293000317,세종70자1703,36.468773,127.274977,10.058,186005279,반석역,2
2026-10-10T11:32:48,293000317,세종70자1705,36.387413,127.317957,0.0,186005279,반석역,14
2026-10-10T11:32:48,293000317,세종70자1704,36.520206,127.330758,18.934,293064417,세종공동캠퍼스,33
2026-10-10T11:32:48,293000317,세종70자1706,36.619617,127.3265,33.214,270054837,오송역종점,17
2026-10-10T11:32:48,293000318,세종70자1707,36.582552,127.321584,5.318,270000635,오송역2.3.4,68
2026-10-10T11:32:48,293000318,세종70자1702,36.486842,127.301509,19.791,293064254,"법원,검찰청,경찰청",40
2026-10-10T11:32:48,187000003,대전75자9929,36.468411,127.360399,20.825,186005286,국제과학비즈니스벨트,0
2026-10-10T11:32:48,187000003,대전75자9927,36.472473,127.276422,29.482,293064251,대평동,0
2026-10-10T11:32:48,187000003,대전75자9926,36.501269,127.259832,33.885,293062006,정부세종청사 남측,0
2026-10-10T11:32:48,187000003,대전75자9925,36.533868,127.275864,38.36,293014025,한별동,0
2026-10-10T11:32:48,187000003,대전75자9920,36.618845,127.327059,51.982,270000635,오송역2.3.4,0
2026-10-10T11:32:48,187000003,대전75자9918,36.575553,127.319611,45.861,974019920,오송역2.3.4(미정차),0
2026-10-10T11:32:48,187000003,대전75자9917,36.534148,127.277162,65.184,293014026,한별동,0
2026-10-10T11:32:48,187000003,대전75자9916,36.501286,127.25972,69.792,293062007,정부세종청사 남측,0
2026-10-10T11:32:48,187000003,대전75자9938,36.472622,127.276896,74.282,293064252,대평동,0
2026-10-10T11:32:48,187000003,대전75자9937,36.483383,127.306258,77.501,293064216,소담동(새샘마을),0
2026-10-10T11:32:48,187000003,대전75자9915,36.454323,127.369631,85.456,186005287,국제과학비즈니스벨트,0
2026-10-10T11:32:48,187000003,대전75자9914,36.405834,127.416712,93.364,187001388,대덕산업단지,0
2026-10-10T11:32:48,187000003,대전75자9911,36.358784,127.404171,99.59,187001388,대덕산업단지,0
2026-10-10T11:32:48,187000003,대전75자9910,36.335911,127.430406,103.11,187001394,한밭자이아파트,0
2026-10-10T11:32:48,187000003,대전75자9110,36.331417,127.432441,103.642,183002355,대전역,0
2026-10-10T11:32:48,271000801,충북70자7051,36.53440642,127.28671183,9.735,293014025,한별동,0
2026-10-10T11:32:48,271000801,충북70자6052,36.64383297,127.3256669,27.808,271000641,보건의료행정타운,0
2026-10-10T11:32:48,271000801,충북70자1063,36.70752783,127.4368772,42.53,270051808,오창프라자,0
2026-10-10T11:32:48,271000802,충북70자5130,36.72248667,127.4956317,0.186,270051719,청주국제공항,0
2026-10-10T11:32:48,271000802,충북70자5128,36.71834232,127.4886923,1.473,284000230,청주공항역,0
2026-10-10T11:32:48,271000802,충북70자5129,36.68921277,127.4126997,11.06,274000031,미래나노텍,0
2026-10-10T11:32:48,271000802,충북70자3071,36.60637807,127.3398934,29.328,270000635,오송역2.3.4,0
2026-10-10T11:32:48,271000802,충북70자3070,36.50984954,127.2609247,44.573,293056002,도담동,0
2026-10-10T11:32:48,293000282,세종70자1751,36.402804,127.306996,1.841,186004230,반석역,69
2026-10-10T11:32:48,293000282,세종70자1752,36.491928,127.249576,15.792,293064237,"가온마을4,7단지",32
2026-10-10T11:32:48,293000282,세종70자1754,36.519486,127.252356,20.477,293064056,범지기마을10단지,27
2026-10-10T11:32:48,293000282,세종70자1745,36.599606,127.298444,32.706,293001090,조치원전통시장,31
2026-10-10T11:32:48,293000282,세종70자1749,36.619109,127.326443,37.432,270054837,오송역종점,29
2026-10-10T11:32:48,293000282,세종70자1753,36.619047,127.327154,37.312,270054837,오송역종점,21
2026-10-10T11:32:48,293000283,세종70자1744,36.601135,127.296888,4.511,293001084,조치원역,18
2026-10-10T11:32:48,293000283,세종70자1750,36.513079,127.250259,17.765,293061006,아름초등학교,34
2026-10-10T11:32:48,293000283,세종70자1747,36.480319,127.249655,23.954,293064359,새롬중학교(새뜸마을1단지),48
2026-10-10T11:32:48,293000283,세종70자1748,36.437917,127.285958,31.224,293055059,세종고속시외버스터미널,67
2026-10-10T11:32:48,293000303,세종70자1510,36.537061,127.309521,11.827,293900055,용호동,57
2026-10-10T11:32:48,293000304,세종70자1506,36.528245,127.263532,7.461,293014014,"해밀동,산울동",43
2026-10-10T11:32:48,293000304,세종70자1305,36.49740899,127.309128,18.59,293064257,반곡동(수루배마을),53
2026-10-10T11:32:48,293000304,세종70자1509,36.468128,127.274032,23.301,293055001,세종고속시외버스터미널(지상),29
2026-10-10T11:32:48,293000305,세종70자1354,36.467693,127.27356,0.0,293055002,세종고속시외버스터미널(지상),14
2026-10-10T11:32:48,293000305,세종70자1507,36.496651,127.307517,4.569,293064255,국책연구단지,55
2026-10-10T11:32:48,293000305,세종70자1511,36.46803,127.273508,23.378,293055001,세종고속시외버스터미널(지상),255
2026-10-10T11:32:48,293000311,세종70자1348,36.487041,127.32211,5.498,293011066,새나루마을1단지,57
2026-10-10T11:32:48,293000311,세종70자1349,36.519591,127.251558,14.823,293064051,세종충남대병원,53
2026-10-10T11:32:48,293000311,세종70자1351,36.467771,127.273515,23.426,293055001,세종고속시외버스터미널(지상),24
2026-10-10T11:32:48,293000312,세종70자1345,36.46929,127.273823,0.028,293055002,세종고속시외버스터미널(지상),20
2026-10-10T11:32:48,293000312,세종70자1352,36.49805,127.258051,3.912,293053001,다정동(대성고등학교),17
2026-10-10T11:32:48,293000312,세종70자1346,36.49751,127.316986,15.789,293900041,반곡고등학교,31
2026-10-10T11:32:48,271000805,세종73자5642,36.472323,127.276361,6.584,293064251,대평동,13
2026-10-10T11:32:48,271000805,세종73자5675,36.533309,127.318128,19.387,293900062,용호동,50
2026-10-10T11:32:48,271000805,세종73자5672,36.617132,127.42553,35.188,270054812,가경아이파크5단지,36
2026-10-10T11:32:48,271000805,세종73자5647,36.64351,127.435336,40.157,270054820,대농공원.흥덕보건소임시청사,23
2026-10-10T11:32:48,271000806,충북70자3086,36.56055796,127.3697608,15.306,270054834,가경아이파크5단지,0
2026-10-10T11:32:48,271000806,충북70자2084,36.47925319,127.26311978,33.484,293053009,한솔동,0
2026-10-10T11:32:48,271000806,충북70자1055,36.482566,127.297594,37.456,293064216,소담동(새샘마을),0
2026-10-10T11:33:20,293000317,세종70자1703,36.468775,127.274978,10.058,186005279,반석역,2
2026-10-10T11:33:20,293000317,세종70자1705,36.387413,127.317957,0.0,186005279,반석역,14
2026-10-10T11:33:20,293000317,세종70자1704,36.523544,127.329362,19.33,293064417,세종공동캠퍼스,65
2026-10-10T11:33:20,293000317,세종70자1706,36.619617,127.3265,33.214,270054837,오송역종점,17
2026-10-10T11:33:20,293000318,세종70자1707,36.577325,127.32052,5.908,270000635,오송역2.3.4,68
2026-10-10T11:33:20,293000318,세종70자1702,36.486842,127.301509,19.791,293064254,"법원,검찰청,경찰청",40
2026-10-10T11:33:20,187000003,대전75자9929,36.468411,127.360399,20.825,186005286,국제과학비즈니스벨트,0
2026-10-10T11:33:20,187000003,대전75자9927,36.470991,127.273602,29.788,293064220,세종고속시외버스터미널(지하),0
2026-10-10T11:33:20,187000003,대전75자9926,36.501269,127.259832,33.885,293062006,정부세종청사 남측,0
2026-10-10T11:33:20,187000003,대전75자9925,36.533868,127.275864,38.36,293014025,한별동,0
2026-10-10T11:33:20,187000003,대전75자9920,36.618845,127.327059,51.982,270000635,오송역2.3.4,0
2026-10-10T11:33:20,187000003,대전75자9918,36.575553,127.319611,45.861,974019920,오송역2.3.4(미정차),0
2026-10-10T11:33:20,187000003,대전75자9917,36.534148,127.277162,65.184,293014026,한별동,0
2026-10-10T11:33:20,187000003,대전75자9916,36.498421,127.258135,70.147,293062007,정부세종청사 남측,0
2026-10-10T11:33:20,187000003,대전75자9938,36.474795,127.280183,74.662,293064206,"보람동,대평동",0
2026-10-10T11:33:20,187000003,대전75자9937,36.483383,127.306258,77.501,293064216,소담동(새샘마을),0
2026-10-10T11:33:20,187000003,대전75자9915,36.454323,127.369631,85.456,186005287,국제과학비즈니스벨트,0
2026-10-10T11:33:20,187000003,대전75자9914,36.393075,127.413087,94.832,187001388,대덕산업단지,0
2026-10-10T11:33:20,187000003,대전75자9911,36.357,127.405172,99.808,187001388,대덕산업단지,0
2026-10-10T11:33:20,187000003,대전75자9910,36.333858,127.43133,103.353,183002355,대전역,0
2026-10-10T11:33:20,187000003,대전75자9110,36.332901,127.437471,104.154,183002355,대전역,0
2026-10-10T11:33:20,271000801,충북70자7051,36.533978,127.29214,10.223,293064420,누리동,0
2026-10-10T11:33:20,271000801,충북70자6052,36.64409577,127.3307014,28.272,271000641,보건의료행정타운,0
2026-10-10T11:33:20,271000801,충북70자1063,36.70752783,127.4368772,42.53,270051808,오창프라자,0
2026-10-10T11:33:20,271000802,충북70자5130,36.72248667,127.4956317,0.186,270051719,청주국제공항,0
2026-10-10T11:33:20,271000802,충북70자5128,36.71512972,127.4849944,1.96,284000230,청주공항역,0
2026-10-10T11:33:20,271000802,충북70자5129,36.68204577,127.4045865,12.137,274000031,미래나노텍,0
2026-10-10T11:33:20,271000802,충북70자3071,36.60637807,127.3398934,29.328,270000635,오송역2.3.4,0
2026-10-10T11:33:20,271000802,충북70자3070,36.50508,127.261512,45.117,293062014,정부세종청사 북측,0
2026-10-10T11:33:20,293000282,세종70자1751,36.406918,127.303545,2.392,186004230,반석역,69
2026-10-10T11:33:20,293000282,세종70자1752,36.492103,127.249531,15.812,293064237,"가온마을4,7단지",24
2026-10-10T11:33:20,293000282,세종70자1754,36.519376,127.249818,20.719,293064102,범지기마을10단지 북측,33
2026-10-10T11:33:20,293000282,세종70자1745,36.60132999,127.298027,32.905,293001090,조치원전통시장,17
2026-10-10T11:33:20,293000282,세종70자1749,36.619109,127.326443,37.432,270054837,오송역종점,29
2026-10-10T11:33:20,293000282,세종70자1753,36.619047,127.327154,37.312,270054837,오송역종점,21
2026-10-10T11:33:20,293000283,세종70자1744,36.601108,127.297147,4.533,293064152,조치원전통시장 북측,9
2026-10-10T11:33:20,293000283,세종70자1750,36.511661,127.249893,17.959,293061006,아름초등학교,17
2026-10-10T11:33:20,293000283,세종70자1747,36.481535,127.253551,24.328,293064359,새롬중학교(새뜸마을1단지),51
2026-10-10T11:33:20,293000283,세종70자1748,36.436226,127.285978,31.412,293055059,세종고속시외버스터미널,67
2026-10-10T11:33:20,293000303,세종70자1510,36.537061,127.309521,11.827,293900055,용호동,255
2026-10-10T11:33:20,293000304,세종70자1506,36.528833,127.263982,7.537,293014014,"해밀동,산울동",8
2026-10-10T11:33:20,293000304,세종70자1305,36.49412199,127.305944,19.064,293064257,반곡동(수루배마을),64
2026-10-10T11:33:20,293000304,세종70자1509,36.468128,127.274032,23.301,293055001,세종고속시외버스터미널(지상),29
2026-10-10T11:33:20,293000305,세종70자1354,36.467693,127.27356,0.0,293055002,세종고속시외버스터미널(지상),14
2026-10-10T11:33:20,293000305,세종70자1507,36.497748,127.311136,4.906,293064258,반곡동(수루배마을),2
2026-10-10T11:33:20,293000305,세종70자1511,36.46803,127.273508,23.378,293055001,세종고속시외버스터미널(지상),255
2026-10-10T11:33:20,293000311,세종70자1348,36.489428,127.323893,5.82,293011068,새나루마을8단지,29
2026-10-10T11:33:20,293000311,세종70자1349,36.519281,127.249143,15.041,293064051,세종충남대병원,16
2026-10-10T11:33:20,293000311,세종70자1351,36.467771,127.273515,23.426,293055001,세종고속시외버스터미널(지상),24
2026-10-10T11:33:20,293000312,세종70자1345,36.46929,127.273823,0.028,293055002,세종고속시외버스터미널(지상),20
2026-10-10T11:33:20,293000312,세종70자1352,36.49805,127.258051,3.912,293053001,다정동(대성고등학교),17
2026-10-10T11:33:20,293000312,세종70자1346,36.497476,127.317269,15.815,293900041,반곡고등학교,31
2026-10-10T11:33:20,271000805,세종73자5642,36.470794,127.273383,6.904,293064220,세종고속시외버스터미널(지하),13
2026-10-10T11:33:20,271000805,세종73자5675,36.532249,127.31944,19.553,293064498,다솜동,37
2026-10-10T11:33:20,271000805,세종73자5672,36.617261,127.426442,35.272,270054812,가경아이파크5단지,17
2026-10-10T11:33:20,271000805,세종73자5647,36.64441699,127.432688,40.492,270054821,솔밭공원.청소년수련관,51
2026-10-10T11:33:20,271000806,충북70자6075,36.6432856,127.4218048,0.033,270054825,비하종점,0
2026-10-10T11:33:20,271000806,충북70자3086,36.56055796,127.3697608,15.306,270054834,가경아이파크5단지,0
2026-10-10T11:33:20,271000806,충북70자2084,36.47215857,127.26824911,34.398,293053009,한솔동,0
2026-10-10T11:33:20,271000806,충북70자1055,36.482566,127.297594,37.456,293064216,소담동(새샘마을),0
2026-10-10T11:33:52,293000317,세종70자1705,36.387557,127.318225,0.0,186005279,반석역,15
2026-10-10T11:33:52,293000317,세종70자1703,36.469095,127.274081,10.191,293055002,세종고속시외버스터미널(지상),5
2026-10-10T11:33:52,293000317,세종70자1704,36.53025199,127.322147,20.326,293064417,세종공동캠퍼스,63
2026-10-10T11:33:52,293000317,세종70자1706,36.619617,127.3265,33.214,270054837,오송역종점,17
2026-10-10T11:33:52,293000318,세종70자1707,36.572549,127.316841,6.78,270000635,오송역2.3.4,65
2026-10-10T11:33:52,293000318,세종70자1702,36.485905,127.300865,19.91,293064254,"법원,검찰청,경찰청",54
2026-10-10T11:33:52,187000003,대전75자9929,36.474462,127.334203,23.301,186005286,국제과학비즈니스벨트,0
2026-10-10T11:33:52,187000003,대전75자9927,36.470991,127.273602,29.788,293064220,세종고속시외버스터미널(지하),0
2026-10-10T11:33:52,187000003,대전75자9926,36.501269,127.259832,33.885,293062006,정부세종청사 남측,0
2026-10-10T11:33:52,187000003,대전75자9925,36.533934,127.291596,39.77,293064420,누리동,0
2026-10-10T11:33:52,187000003,대전75자9920,36.618845,127.327059,51.982,270000635,오송역2.3.4,0
2026-10-10T11:33:52,187000003,대전75자9918,36.565509,127.309162,59.288,974019920,오송역2.3.4(미정차),0
2026-10-10T11:33:52,187000003,대전75자9917,36.529818,127.265052,66.391,293014017,"해밀동,산울동",0
2026-10-10T11:33:52,187000003,대전75자9916,36.495215,127.256599,70.537,293062004,다정동,0
2026-10-10T11:33:52,187000003,대전75자9938,36.475215,127.280741,74.731,293064206,"보람동,대평동",0
2026-10-10T11:33:52,187000003,대전75자9937,36.481817,127.307421,77.709,293064218,한국개발연구원(KDI),0
2026-10-10T11:33:52,187000003,대전75자9915,36.454323,127.369631,85.456,186005287,국제과학비즈니스벨트,0
2026-10-10T11:33:52,187000003,대전75자9914,36.393075,127.413087,94.832,187001388,대덕산업단지,0
2026-10-10T11:33:52,187000003,대전75자9911,36.355967,127.406249,99.962,187001389,오정농수산오거리,0
2026-10-10T11:33:52,187000003,대전75자9910,36.333858,127.43133,103.353,183002355,대전역,0
2026-10-10T11:33:52,187000003,대전75자9110,36.333878,127.437316,104.27,187001395,대전역동광장,0
2026-10-10T11:33:52,271000801,충북70자7051,36.53430741,127.29453371,10.444,293064420,누리동,0
2026-10-10T11:33:52,271000801,충북70자6052,36.64491324,127.3334928,28.537,271000641,보건의료행정타운,0
2026-10-10T11:33:52,271000801,충북70자1063,36.70502196,127.4502831,43.761,270051808,오창프라자,0
2026-10-10T11:33:52,271000802,충북70자5130,36.72248667,127.4956317,0.186,270051719,청주국제공항,0
2026-10-10T11:33:52,271000802,충북70자5128,36.70911978,127.4818865,2.713,284000230,청주공항역,0
2026-10-10T11:33:52,271000802,충북70자5129,36.67614415,127.39534128,13.199,274000031,미래나노텍,0
2026-10-10T11:33:52,271000802,충북70자3071,36.587685,127.322945,32.041,270000635,오송역2.3.4,0
2026-10-10T11:33:52,271000802,충북70자3070,36.50250387,127.26034549,45.421,293062014,정부세종청사 북측,0
2026-10-10T11:33:52,293000282,세종70자1751,36.41230199,127.300686,3.042,186004230,반석역,68
2026-10-10T11:33:52,293000282,세종70자1752,36.493794,127.249135,16.005,293064237,"가온마을4,7단지",35
2026-10-10T11:33:52,293000282,세종70자1754,36.519231,127.249134,20.783,293064102,범지기마을10단지 북측,33
2026-10-10T11:33:52,293000282,세종70자1745,36.601003,127.29689,33.03,293001090,조치원전통시장,19
2026-10-10T11:33:52,293000282,세종70자1749,36.619109,127.326443,37.432,270054837,오송역종점,29
2026-10-10T11:33:52,293000282,세종70자1753,36.619047,127.327154,37.312,270054837,오송역종점,21
2026-10-10T11:33:52,293000283,세종70자1744,36.601039,127.298071,4.647,293001084,조치원역,4
2026-10-10T11:33:52,293000283,세종70자1750,36.511786,127.247616,18.163,293061002,아름동커뮤니티센터,25
2026-10-10T11:33:52,293000283,세종70자1747,36.482481,127.256354,24.6,293064359,새롬중학교(새뜸마을1단지),50
2026-10-10T11:33:52,293000283,세종70자1748,36.428765,127.288617,32.126,293055059,세종고속시외버스터미널,67
2026-10-10T11:33:52,293000303,세종70자1510,36.535646,127.299095,12.789,293900055,용호동,57
2026-10-10T11:33:52,293000304,세종70자1506,36.530598,127.266067,7.806,293014014,"해밀동,산울동",53
2026-10-10T11:33:52,293000304,세종70자1305,36.491546,127.304018,19.399,293064261,국책연구단지,37
2026-10-10T11:33:52,293000304,세종70자1509,36.468128,127.274032,23.301,293055001,세종고속시외버스터미널(지상),29
2026-10-10T11:33:52,293000305,세종70자1354,36.467693,127.27356,0.0,293055002,세종고속시외버스터미널(지상),14
2026-10-10T11:33:52,293000305,세종70자1507,36.497949,127.311247,4.918,293064258,반곡동(수루배마을),2
2026-10-10T11:33:52,293000305,세종70자1511,36.46803,127.273508,23.378,293055001,세종고속시외버스터미널(지상),255
2026-10-10T11:33:52,293000311,세종70자1348,36.490956,127.324673,6.006,293011070,새나루마을9단지,11
2026-10-10T11:33:52,293000311,세종70자1349,36.519265,127.248988,15.055,293064051,세종충남대병원,16
2026-10-10T11:33:52,293000311,세종70자1351,36.467771,127.273515,23.426,293055001,세종고속시외버스터미널(지상),24
2026-10-10T11:33:52,293000312,세종70자1345,36.46929,127.273823,0.028,293055002,세종고속시외버스터미널(지상),20
2026-10-10T11:33:52,293000312,세종70자1352,36.498493,127.258075,3.969,293053001,다정동(대성고등학교),25
2026-10-10T11:33:52,293000312,세종70자1346,36.497448,127.317274,15.815,293900041,반곡고등학교,31
2026-10-10T11:33:52,271000805,세종73자5642,36.470379,127.272411,6.989,293064220,세종고속시외버스터미널(지하),24
2026-10-10T11:33:52,271000805,세종73자5675,36.52968,127.322779,19.966,293064498,다솜동,38
2026-10-10T11:33:52,271000805,세종73자5672,36.617437,127.427706,35.386,270054813,서현공원,26
2026-10-10T11:33:52,271000805,세종73자5647,36.645375,127.428021,40.918,270054822,현대백화점,9
2026-10-10T11:33:52,271000806,충북70자6075,36.6432856,127.4218048,0.033,270054825,비하종점,0
2026-10-10T11:33:52,271000806,충북70자3086,36.5425228,127.3669915,17.371,270054834,가경아이파크5단지,0
2026-10-10T11:33:52,271000806,충북70자2084,36.47064,127.273189,34.89,293064221,세종고속시외버스터미널(지하),0
2026-10-10T11:33:52,271000806,충북70자1055,36.486971,127.301713,38.076,293064253,"법원,검찰청,경찰청",0
2026-10-10T11:34:23,293000317,세종70자1705,36.387751,127.318105,0.0,186005279,반석역,15
2026-10-10T11:34:23,293000317,세종70자1703,36.470108,127.273745,10.331,293055002,세종고속시외버스터미널(지상),40
2026-10-10T11:34:23,293000317,세종70자1704,36.53228699,127.319549,20.651,293064492,다솜동,66
2026-10-10T11:34:23,293000317,세종70자1706,36.619617,127.3265,33.214,270054837,오송역종점,17
2026-10-10T11:34:23,293000318,세종70자1707,36.571797,127.316024,6.891,270000635,오송역2.3.4,66
2026-10-10T11:34:23,293000318,세종70자1702,36.48263,127.297475,20.388,293064214,소담동(새샘마을),28
2026-10-10T11:34:23,187000003,대전75자9929,36.474462,127.334203,23.301,186005286,국제과학비즈니스벨트,0
2026-10-10T11:34:23,187000003,대전75자9927,36.470773,127.271906,29.951,293064220,세종고속시외버스터미널(지하),0
2026-10-10T11:34:23,187000003,대전75자9926,36.504563,127.261423,34.278,293062011,정부세종청사 북측,0
2026-10-10T11:34:23,187000003,대전75자9925,36.533934,127.291596,39.77,293064420,누리동,0
2026-10-10T11:34:23,187000003,대전75자9920,36.618845,127.327059,51.982,270000635,오송역2.3.4,0
2026-10-10T11:34:23,187000003,대전75자9918,36.565509,127.309162,59.288,974019920,오송역2.3.4(미정차),0
2026-10-10T11:34:23,187000003,대전75자9917,36.529818,127.265052,66.391,293014017,"해밀동,산울동",0
2026-10-10T11:34:23,187000003,대전75자9916,36.495215,127.256599,70.537,293062004,다정동,0
2026-10-10T11:34:23,187000003,대전75자9938,36.475215,127.280741,74.731,293064206,"보람동,대평동",0
2026-10-10T11:34:23,187000003,대전75자9937,36.47833,127.309918,78.166,293064218,한국개발연구원(KDI),0
2026-10-10T11:34:23,187000003,대전75자9915,36.443826,127.383698,87.461,186005287,국제과학비즈니스벨트,0
2026-10-10T11:34:23,187000003,대전75자9914,36.38291,127.412495,95.964,187001388,대덕산업단지,0
2026-10-10T11:34:23,187000003,대전75자9911,36.355385,127.406999,100.055,187001389,오정농수산오거리,0
2026-10-10T11:34:23,187000003,대전75자9910,36.333858,127.43133,103.353,183002355,대전역,0
2026-10-10T11:34:23,187000003,대전75자9110,36.333878,127.437316,104.27,187001395,대전역동광장,0
2026-10-10T11:34:23,187000003,대전75자9935,36.333823,127.437108,104.27,187001395,대전역동광장,0
2026-10-10T11:34:23,271000801,충북70자7051,36.53650166,127.30236762,11.185,293064420,누리동,0
2026-10-10T11:34:23,271000801,충북70자6052,36.64623482,127.3380263,28.969,271000641,보건의료행정타운,0
2026-10-10T11:34:23,271000801,충북70자1063,36.70447977,127.4535147,44.055,270051808,오창프라자,0
2026-10-10T11:34:23,271000802,충북70자5130,36.72248667,127.4956317,0.186,270051719,청주국제공항,0
2026-10-10T11:34:23,271000802,충북70자5128,36.70911978,127.4818865,2.713,284000230,청주공항역,0
2026-10-10T11:34:23,271000802,충북70자5129,36.672104,127.3917648,13.755,270054810,청주소로초등학교,0
2026-10-10T11:34:23,271000802,충북70자3071,36.58034132,127.32136417,32.878,270000635,오송역2.3.4,0
2026-10-10T11:34:23,271000802,충북70자3070,36.49967041,127.2589704,45.759,293062007,정부세종청사 남측,0
2026-10-10T11:34:23,293000282,세종70자1751,36.41664,127.299524,3.514,186004230,반석역,67
2026-10-10T11:34:23,293000282,세종70자1752,36.495189,127.248975,16.163,293064263,다정동커뮤니티센터,14
2026-10-10T11:34:23,293000282,세종70자1754,36.519231,127.249134,20.783,293064102,범지기마을10단지 북측,33
2026-10-10T11:34:23,293000282,세종70자1745,36.601193,127.297754,33.109,293001084,조치원역,20
2026-10-10T11:34:23,293000282,세종70자1749,36.619109,127.326443,37.432,270054837,오송역종점,29
2026-10-10T11:34:23,293000282,세종70자1753,36.619047,127.327154,37.312,270054837,오송역종점,21
2026-10-10T11:34:23,293000283,세종70자1744,36.600249,127.298175,4.735,293001088,조치원전통시장,18
2026-10-10T11:34:23,293000283,세종70자1750,36.511798,127.246553,18.258,293061002,아름동커뮤니티센터,1
2026-10-10T11:34:23,293000283,세종70자1747,36.483789,127.259635,24.927,293064009,첫마을1단지,8
2026-10-10T11:34:23,293000283,세종70자1748,36.42422899,127.294523,32.126,293055059,세종고속시외버스터미널,67
2026-10-10T11:34:23,293000303,세종70자1510,36.534488,127.294961,13.181,293900055,용호동,15
2026-10-10T11:34:23,293000304,세종70자1506,36.532753,127.270488,8.268,293014014,"해밀동,산울동",58
2026-10-10T11:34:23,293000304,세종70자1305,36.487867,127.301839,19.855,293064261,국책연구단지,52
2026-10-10T11:34:23,293000304,세종70자1509,36.468128,127.274032,23.301,293055001,세종고속시외버스터미널(지상),29
2026-10-10T11:34:23,293000305,세종70자1354,36.467693,127.27356,0.0,293055002,세종고속시외버스터미널(지상),14
2026-10-10T11:34:23,293000305,세종70자1507,36.49797,127.311267,4.92,293064258,반곡동(수루배마을),2
2026-10-10T11:34:23,293000305,세종70자1511,36.46803,127.273508,23.378,293055001,세종고속시외버스터미널(지상),255
2026-10-10T11:34:23,293000311,세종70자1348,36.49274,127.325344,6.213,293011070,새나루마을9단지,32
2026-10-10T11:34:23,293000311,세종70자1349,36.519265,127.248988,15.055,293064051,세종충남대병원,16
2026-10-10T11:34:23,293000311,세종70자1351,36.467771,127.273515,23.426,293055001,세종고속시외버스터미널(지상),24
2026-10-10T11:34:23,293000312,세종70자1345,36.46929,127.273823,0.028,293055002,세종고속시외버스터미널(지상),20
2026-10-10T11:34:23,293000312,세종70자1352,36.498798,127.256466,4.121,293053001,다정동(대성고등학교),32
2026-10-10T11:34:23,293000312,세종70자1346,36.49742599,127.317674,15.873,293900041,반곡고등학교,29
2026-10-10T11:34:23,271000805,세종73자5642,36.472278,127.268181,7.418,293064220,세종고속시외버스터미널(지하),52
2026-10-10T11:34:23,271000805,세종73자5675,36.531444,127.326651,20.412,293064498,다솜동,61
2026-10-10T11:34:23,271000805,세종73자5672,36.618208,127.430228,35.626,270054813,서현공원,49
2026-10-10T11:34:23,271000805,세종73자5647,36.645402,127.427996,40.922,270054822,현대백화점,9
2026-10-10T11:34:23,271000806,충북70자6075,36.6432856,127.4218048,0.033,270054825,비하종점,0
2026-10-10T11:34:23,271000806,충북70자3086,36.5425228,127.3669915,17.371,270054834,가경아이파크5단지,0
2026-10-10T11:34:23,271000806,충북70자2084,36.472193,127.276513,35.235,293064252,대평동,0
2026-10-10T11:34:23,271000806,충북70자1055,36.491125,127.303861,38.579,293064255,국책연구단지,0
2026-10-10T11:34:55,293000317,세종70자1705,36.387751,127.318105,0.0,186005279,반석역,15
2026-10-10T11:34:55,293000317,세종70자1703,36.472433,127.276156,10.721,293055002,세종고속시외버스터미널(지상),53
2026-10-10T11:34:55,293000317,세종70자1704,36.536423,127.311938,21.479,293900055,용호동,66
2026-10-10T11:34:55,293000317,세종70자1706,36.619618,127.326505,33.214,270054837,오송역종점,17
2026-10-10T11:34:55,293000318,세종70자1707,36.563953,127.307563,8.045,270000635,오송역2.3.4,67
2026-10-10T11:34:55,293000318,세종70자1702,36.482536,127.297351,20.403,293064214,소담동(새샘마을),28
2026-10-10T11:34:55,187000003,대전75자9929,36.474462,127.334203,23.301,186005286,국제과학비즈니스벨트,0
2026-10-10T11:34:55,187000003,대전75자9927,36.470773,127.271906,29.951,293064220,세종고속시외버스터미널(지하),0
2026-10-10T11:34:55,187000003,대전75자9926,36.504563,127.261423,34.278,293062011,정부세종청사 북측,0
2026-10-10T11:34:55,187000003,대전75자9925,36.533934,127.291596,39.77,293064420,누리동,0
2026-10-10T11:34:55,187000003,대전75자9920,36.61953,127.326745,51.825,270000635,오송역2.3.4,0
2026-10-10T11:34:55,187000003,대전75자9918,36.565509,127.309162,59.288,974019920,오송역2.3.4(미정차),0
2026-10-10T11:34:55,187000003,대전75자9917,36.529165,127.264289,66.49,293014017,"해밀동,산울동",0
2026-10-10T11:34:55,187000003,대전75자9916,36.494365,127.256398,70.634,293062004,다정동,0
2026-10-10T11:34:55,187000003,대전75자9938,36.478048,127.28761,75.416,293064210,"세종시청,시의회,교육청",0
2026-10-10T11:34:55,187000003,대전75자9937,36.47833,127.309918,78.166,293064218,한국개발연구원(KDI),0
2026-10-10T11:34:55,187000003,대전75자9915,36.443826,127.383698,87.461,186005287,국제과학비즈니스벨트,0
2026-10-10T11:34:55,187000003,대전75자9914,36.38291,127.412495,95.964,187001388,대덕산업단지,0
2026-10-10T11:34:55,187000003,대전75자9911,36.355385,127.406999,100.055,187001389,오정농수산오거리,0
2026-10-10T11:34:55,187000003,대전75자9910,36.333031,127.431768,103.452,183002355,대전역,0
2026-10-10T11:34:55,187000003,대전75자9110,36.333878,127.437316,104.27,187001395,대전역동광장,0
2026-10-10T11:34:55,187000003,대전75자9935,36.333351,127.437536,104.211,187001395,대전역동광장,0
2026-10-10T11:34:55,271000801,충북70자7051,36.53710202,127.30454237,11.393,293064420,누리동,0
2026-10-10T11:34:55,271000801,충북70자6052,36.64674433,127.3398015,29.141,271000641,보건의료행정타운,0
2026-10-10T11:34:55,271000801,충북70자1063,36.70328976,127.4639909,45.005,270051808,오창프라자,0
2026-10-10T11:34:55,271000802,충북70자5130,36.72248667,127.4956317,0.186,270051719,청주국제공항,0
2026-10-10T11:34:55,271000802,충북70자5128,36.70911978,127.4818865,2.713,284000230,청주공항역,0
2026-10-10T11:34:55,271000802,충북70자5129,36.672104,127.3917648,13.755,270054810,청주소로초등학교,0
2026-10-10T11:34:55,271000802,충북70자3071,36.58034132,127.32136417,32.878,270000635,오송역2.3.4,0
2026-10-10T11:34:55,271000802,충북70자3070,36.49591871,127.25685599,46.219,293062007,정부세종청사 남측,0
2026-10-10T11:34:55,293000282,세종70자1751,36.422989,127.296352,3.514,186004230,반석역,69
2026-10-10T11:34:55,293000282,세종70자1752,36.49764299,127.249098,16.437,293064307,"가온마을6,9단지",33
2026-10-10T11:34:55,293000282,세종70자1754,36.519161,127.248812,20.812,293064102,범지기마을10단지 북측,32
2026-10-10T11:34:55,293000282,세종70자1745,36.601352,127.299,33.222,293001084,조치원역,16
2026-10-10T11:34:55,293000282,세종70자1749,36.619109,127.326443,37.432,270054837,오송역종점,29
2026-10-10T11:34:55,293000282,세종70자1753,36.619047,127.327154,37.312,270054837,오송역종점,21
2026-10-10T11:34:55,293000283,세종70자1744,36.599667,127.298249,4.8,293001088,조치원전통시장,10
2026-10-10T11:34:55,293000283,세종70자1750,36.511798,127.246552,18.258,293061002,아름동커뮤니티센터,1
2026-10-10T11:34:55,293000283,세종70자1747,36.481496,127.261325,25.268,293053008,한솔동(첫마을),39
2026-10-10T11:34:55,293000283,세종70자1748,36.421388,127.29779,33.461,293055059,세종고속시외버스터미널,68
2026-10-10T11:34:55,293000303,세종70자1510,36.53425,127.294055,13.266,293900055,용호동,39
2026-10-10T11:34:55,293000304,세종70자1505,36.472251,127.268221,0.734,293064220,세종고속시외버스터미널(지하),57
2026-10-10T11:34:55,293000304,세종70자1506,36.5339,127.275808,8.76,293014025,한별동,52
2026-10-10T11:34:55,293000304,세종70자1305,36.48654899,127.301351,20.007,293064254,"법원,검찰청,경찰청",6
2026-10-10T11:34:55,293000304,세종70자1509,36.468128,127.274032,23.301,293055001,세종고속시외버스터미널(지상),29
2026-10-10T11:34:55,293000305,세종70자1354,36.467693,127.27356,0.0,293055002,세종고속시외버스터미널(지상),14
2026-10-10T11:34:55,293000305,세종70자1507,36.497698,127.317721,5.494,293064258,반곡동(수루배마을),57
2026-10-10T11:34:55,293000305,세종70자1511,36.46803,127.273508,23.378,293055001,세종고속시외버스터미널(지상),255
2026-10-10T11:34:55,293000311,세종70자1348,36.49363,127.325571,6.314,293900015,새나루마을10단지,19
2026-10-10T11:34:55,293000311,세종70자1349,36.518875,127.24568,15.358,293064102,범지기마을10단지 북측,38
2026-10-10T11:34:55,293000311,세종70자1351,36.467771,127.273515,23.426,293055001,세종고속시외버스터미널(지상),24
2026-10-10T11:34:55,293000312,세종70자1345,36.46929,127.273823,0.028,293055002,세종고속시외버스터미널(지상),20
2026-10-10T11:34:55,293000312,세종70자1352,36.498578,127.256301,4.134,293053001,다정동(대성고등학교),32
2026-10-10T11:34:55,293000312,세종70자1346,36.497922,127.322452,16.316,293900041,반곡고등학교,37
2026-10-10T11:34:55,271000805,세종73자5642,36.47517,127.266135,7.788,293064220,세종고속시외버스터미널(지하),52
2026-10-10T11:34:55,271000805,세종73자5675,36.532739,127.32899,20.665,293064498,다솜동,61
2026-10-10T11:34:55,271000805,세종73자5672,36.619931,127.433715,35.997,270054814,서현초등학교.가경아이파크아파트,44
2026-10-10T11:34:55,271000805,세종73자5647,36.645594,127.427761,40.95,270054822,현대백화점,9
2026-10-10T11:34:55,271000806,충북70자6075,36.6432856,127.4218048,0.033,270054825,비하종점,0
2026-10-10T11:34:55,271000806,충북70자3086,36.54073053,127.34882556,19.081,270054834,가경아이파크5단지,0
2026-10-10T11:34:55,271000806,충북70자2084,36.472193,127.276513,35.235,293064252,대평동,0
2026-10-10T11:34:55,271000806,충북70자1055,36.4928469,127.3049564,38.794,293064255,국책연구단지,0
2026-10-10T11:35:28,293000317,세종70자1705,36.387751,127.318105,0.0,186005279,반석역,15
2026-10-10T11:35:28,293000317,세종70자1703,36.472498,127.276703,10.764,293064252,대평동,20
2026-10-10T11:35:28,293000317,세종70자1704,36.536701,127.310926,21.574,293900055,용호동,68
2026-10-10T11:35:28,293000317,세종70자1706,36.619618,127.326505,33.214,270054837,오송역종점,17
2026-10-10T11:35:28,293000318,세종70자1707,36.559931,127.304122,8.593,270000635,오송역2.3.4,67
2026-10-10T11:35:28,293000318,세종70자1702,36.481619,127.295768,20.577,293064214,소담동(새샘마을),62
2026-10-10T11:35:28,187000003,대전75자9929,36.478179,127.310396,25.479,186005286,국제과학비즈니스벨트,0
2026-10-10T11:35:28,187000003,대전75자9927,36.479971,127.262628,31.322,293053011,한솔동,0
2026-10-10T11:35:28,187000003,대전75자9926,36.513627,127.259266,35.336,293056003,도담동,0
2026-10-10T11:35:28,187000003,대전75자9925,36.534291,127.294926,40.074,293064420,누리동,0
2026-10-10T11:35:28,187000003,대전75자9920,36.61953,127.326745,51.825,270000635,오송역2.3.4,0
2026-10-10T11:35:28,187000003,대전75자9918,36.551792,127.301281,61.002,974019920,오송역2.3.4(미정차),0
2026-10-10T11:35:28,187000003,대전75자9917,36.521974,127.259837,67.398,293064446,세종충남대학교병원,0
2026-10-10T11:35:28,187000003,대전75자9916,36.488114,127.257122,71.347,293053004,"새롬동,나성동",0
2026-10-10T11:35:28,187000003,대전75자9938,36.478423,127.288608,75.514,293064210,"세종시청,시의회,교육청",0
2026-10-10T11:35:28,187000003,대전75자9937,36.47833,127.309918,78.166,293064218,한국개발연구원(KDI),0
2026-10-10T11:35:28,187000003,대전75자9915,36.438267,127.3952,88.732,187001388,대덕산업단지,0
2026-10-10T11:35:28,187000003,대전75자9914,36.374642,127.403732,97.309,187001388,대덕산업단지,0
2026-10-10T11:35:28,187000003,대전75자9911,36.355385,127.406999,100.055,187001389,오정농수산오거리,0
2026-10-10T11:35:28,187000003,대전75자9910,36.333031,127.431768,103.452,183002355,대전역,0
2026-10-10T11:35:28,187000003,대전75자9110,36.333878,127.437316,104.27,187001395,대전역동광장,0
2026-10-10T11:35:28,187000003,대전75자9935,36.33138,127.432809,103.704,187001395,대전역동광장,0
2026-10-10T11:35:28,271000801,충북70자7051,36.5408879,127.303346,11.838,293064420,누리동,0
2026-10-10T11:35:28,271000801,충북70자6052,36.64793001,127.3462893,29.618,271000641,보건의료행정타운,0
2026-10-10T11:35:28,271000801,충북70자1063,36.70456451,127.4689176,45.471,270051808,오창프라자,0
2026-10-10T11:35:28,271000802,충북70자5130,36.72248667,127.4956317,0.186,270051719,청주국제공항,0
2026-10-10T11:35:28,271000802,충북70자5128,36.70669358,127.4744784,3.427,284000230,청주공항역,0
2026-10-10T11:35:28,271000802,충북70자5129,36.672104,127.3917648,13.755,270054810,청주소로초등학교,0
2026-10-10T11:35:28,271000802,충북70자3071,36.58034132,127.32136417,32.878,270000635,오송역2.3.4,0
2026-10-10T11:35:28,271000802,충북70자3070,36.49372851,127.256326,46.472,293062004,다정동,0
2026-10-10T11:35:28,293000282,세종70자1751,36.426519,127.291638,4.905,186004230,반석역,68
2026-10-10T11:35:28,293000282,세종70자1752,36.498715,127.24923,16.558,293064307,"가온마을6,9단지",33
2026-10-10T11:35:28,293000282,세종70자1754,36.518951,127.244594,21.2,293064100,"범지기3,9단지(청소년센터)",39
2026-10-10T11:35:28,293000282,세종70자1745,36.601518,127.300286,33.338,293064527,조치원전통시장 북측,17
2026-10-10T11:35:28,293000282,세종70자1749,36.619109,127.326443,37.432,270054837,오송역종점,29
2026-10-10T11:35:28,293000282,세종70자1753,36.619047,127.327154,37.312,270054837,오송역종점,21
2026-10-10T11:35:28,293000283,세종70자1744,36.59822,127.298557,4.963,293001088,조치원전통시장,33
2026-10-10T11:35:28,293000283,세종70자1750,36.511798,127.246552,18.258,293061002,아름동커뮤니티센터,1
2026-10-10T11:35:28,293000283,세종70자1747,36.479104,127.263081,25.577,293053008,한솔동(첫마을),53
2026-10-10T11:35:28,293000283,세종70자1748,36.414626,127.299783,34.234,293055059,세종고속시외버스터미널,67
2026-10-10T11:35:28,293000303,세종70자1510,36.534228,127.289395,13.687,293014058,누리동,58
2026-10-10T11:35:28,293000304,세종70자1505,36.475366,127.265988,1.133,293064220,세종고속시외버스터미널(지하),57
2026-10-10T11:35:28,293000304,세종70자1506,36.5339,127.275808,8.76,293014025,한별동,255
2026-10-10T11:35:28,293000304,세종70자1305,36.486408,127.301313,20.02,293064254,"법원,검찰청,경찰청",6
2026-10-10T11:35:28,293000304,세종70자1509,36.468128,127.274032,23.301,293055001,세종고속시외버스터미널(지상),29
2026-10-10T11:35:28,293000305,세종70자1354,36.467693,127.27356,0.0,293055002,세종고속시외버스터미널(지상),14
2026-10-10T11:35:28,293000305,세종70자1507,36.497969,127.321706,5.856,293064419,집현동,35
2026-10-10T11:35:28,293000305,세종70자1511,36.46803,127.273508,23.378,293055001,세종고속시외버스터미널(지상),255
2026-10-10T11:35:28,293000311,세종70자1348,36.494933,127.325668,6.458,293900015,새나루마을10단지,28
2026-10-10T11:35:28,293000311,세종70자1349,36.519048,127.244538,15.468,293064100,"범지기3,9단지(청소년센터)",32
2026-10-10T11:35:28,293000311,세종70자1351,36.467771,127.273515,23.426,293055001,세종고속시외버스터미널(지상),24
2026-10-10T11:35:28,293000312,세종70자1345,36.46929,127.273823,0.028,293055002,세종고속시외버스터미널(지상),20
2026-10-10T11:35:28,293000312,세종70자1352,36.498631,127.255123,4.239,293062003,어진중학교(한뜰마을4단지),22
2026-10-10T11:35:28,293000312,세종70자1346,36.497823,127.325142,16.631,293064479,집현동,33
2026-10-10T11:35:28,271000805,세종73자5642,36.479366,127.26314,8.326,293064220,세종고속시외버스터미널(지하),41
2026-10-10T11:35:28,271000805,세종73자5675,36.532739,127.32899,20.665,293064498,다솜동,61
2026-10-10T11:35:28,271000805,세종73자5672,36.621757,127.433345,36.246,270054815,가로수마을휴먼시아,34
2026-10-10T11:35:28,271000805,세종73자5647,36.645594,127.427761,40.95,270054822,현대백화점,9
2026-10-10T11:35:28,271000806,충북70자6075,36.6448685,127.4228252,0.309,270054826,롯데쇼핑몰.지웰시티,0
2026-10-10T11:35:28,271000806,충북70자3086,36.53730323,127.33752512,20.193,270054834,가경아이파크5단지,0
2026-10-10T11:35:28,271000806,충북70자2084,36.474965,127.280713,35.721,293064206,"보람동,대평동",0
2026-10-10T11:35:28,271000806,충북70자1055,36.497498,127.310881,39.582,293064258,반곡동(수루배마을),0
2026-10-10T11:36:00,293000317,세종70자1705,36.387751,127.318105,0.0,186005279,반석역,15
2026-10-10T11:36:00,293000317,세종70자1703,36.475097,127.280762,11.228,293064206,"보람동,대평동",38
2026-10-10T11:36:00,293000317,세종70자1704,36.540595,127.303463,22.564,293900055,용호동,68
2026-10-10T11:36:00,293000317,세종70자1706,36.619618,127.326505,33.214,270054837,오송역종점,17
2026-10-10T11:36:00,293000318,세종70자1707,36.555065,127.302319,9.16,270000635,오송역2.3.4,67
2026-10-10T11:36:00,293000318,세종70자1702,36.481619,127.295768,20.577,293064214,소담동(새샘마을),255
2026-10-10T11:36:00,187000003,대전75자9929,36.478179,127.310396,25.479,186005286,국제과학비즈니스벨트,0
2026-10-10T11:36:00,187000003,대전75자9927,36.479971,127.262628,31.322,293053011,한솔동,0
2026-10-10T11:36:00,187000003,대전75자9926,36.514596,127.259132,35.444,293056003,도담동,0
2026-10-10T11:36:00,187000003,대전75자9925,36.537044,127.304477,40.981,293064420,누리동,0
2026-10-10T11:36:00,187000003,대전75자9920,36.61953,127.326745,51.825,270000635,오송역2.3.4,0
2026-10-10T11:36:00,187000003,대전75자9918,36.551792,127.301281,61.002,974019920,오송역2.3.4(미정차),0
2026-10-10T11:36:00,187000003,대전75자9917,36.521974,127.259837,67.398,293064446,세종충남대학교병원,0
2026-10-10T11:36:00,187000003,대전75자9916,36.488114,127.257122,71.347,293053004,"새롬동,나성동",0
2026-10-10T11:36:00,187000003,대전75자9938,36.478423,127.288608,75.514,293064210,"세종시청,시의회,교육청",0
2026-10-10T11:36:00,187000003,대전75자9937,36.47833,127.309918,78.166,293064218,한국개발연구원(KDI),0
2026-10-10T11:36:00,187000003,대전75자9915,36.437728,127.396145,88.836,187001388,대덕산업단지,0
2026-10-10T11:36:00,187000003,대전75자9914,36.374642,127.403732,97.309,187001388,대덕산업단지,0
2026-10-10T11:36:00,187000003,대전75자9911,36.355385,127.406999,100.055,187001389,오정농수산오거리,0
2026-10-10T11:36:00,187000003,대전75자9910,36.333031,127.431768,103.452,183002355,대전역,0
2026-10-10T11:36:00,187000003,대전75자9110,36.333878,127.437316,104.27,187001395,대전역동광장,0
2026-10-10T11:36:00,187000003,대전75자9935,36.33138,127.432809,103.704,187001395,대전역동광장,0
2026-10-10T11:36:00,271000801,충북70자7051,36.54753704,127.30138436,12.598,293064420,누리동,0
2026-10-10T11:36:00,271000801,충북70자6052,36.64586039,127.3515956,29.618,271000641,보건의료행정타운,0
2026-10-10T11:36:00,271000801,충북70자1063,36.70669358,127.4744784,46.02,270051808,오창프라자,0
2026-10-10T11:36:00,271000802,충북70자5130,36.72248667,127.4956317,0.186,270051719,청주국제공항,0
2026-10-10T11:36:00,271000802,충북70자5128,36.70328976,127.4639909,4.437,284000230,청주공항역,0
2026-10-10T11:36:00,271000802,충북70자5129,36.672104,127.3917648,13.755,270054810,청주소로초등학교,0
2026-10-10T11:36:00,271000802,충북70자3071,36.58034132,127.32136417,32.878,270000635,오송역2.3.4,0
2026-10-10T11:36:00,271000802,충북70자3070,36.48916347,127.2567558,46.984,293062004,다정동,0
2026-10-10T11:36:00,293000282,세종70자1751,36.432312,127.286533,5.713,186004230,반석역,68
2026-10-10T11:36:00,293000282,세종70자1752,36.498715,127.24923,16.558,293064307,"가온마을6,9단지",33
2026-10-10T11:36:00,293000282,세종70자1754,36.521227,127.24495,21.67,293064100,"범지기3,9단지(청소년센터)",65
2026-10-10T11:36:00,293000282,세종70자1745,36.601555,127.30057,33.364,293064527,조치원전통시장 북측,17
2026-10-10T11:36:00,293000282,세종70자1749,36.619109,127.326443,37.432,270054837,오송역종점,29
2026-10-10T11:36:00,293000282,세종70자1753,36.619047,127.327154,37.312,270054837,오송역종점,21
2026-10-10T11:36:00,293000283,세종70자1744,36.596577,127.298203,5.207,293064035,조치원1927아트센터,47
2026-10-10T11:36:00,293000283,세종70자1750,36.51192799,127.243794,18.505,293061002,아름동커뮤니티센터,38
2026-10-10T11:36:00,293000283,세종70자1747,36.47621,127.265196,25.95,293053008,한솔동(첫마을),68
2026-10-10T11:36:00,293000283,세종70자1748,36.409637,127.301723,34.823,293055059,세종고속시외버스터미널,67
2026-10-10T11:36:00,293000303,세종70자1510,36.534701,127.28405,14.167,293014058,누리동,59
2026-10-10T11:36:00,293000304,세종70자1505,36.479978,127.262681,1.725,293053011,한솔동,29
2026-10-10T11:36:00,293000304,세종70자1506,36.534441,127.286221,9.698,293014025,한별동,58
2026-10-10T11:36:00,293000304,세종70자1305,36.486238,127.301263,20.038,293064254,"법원,검찰청,경찰청",19
2026-10-10T11:36:00,293000304,세종70자1509,36.468128,127.274032,23.301,293055001,세종고속시외버스터미널(지상),29
2026-10-10T11:36:00,293000305,세종70자1354,36.467693,127.27356,0.0,293055002,세종고속시외버스터미널(지상),14
2026-10-10T11:36:00,293000305,세종70자1507,36.498686,127.325087,6.171,293064419,집현동,57
2026-10-10T11:36:00,293000305,세종70자1511,36.46803,127.273508,23.378,293055001,세종고속시외버스터미널(지상),255
2026-10-10T11:36:00,293000311,세종70자1348,36.498043,127.325266,6.805,293900015,새나루마을10단지,38
2026-10-10T11:36:00,293000311,세종70자1349,36.519363,127.243283,15.589,293064100,"범지기3,9단지(청소년센터)",32
2026-10-10T11:36:00,293000311,세종70자1351,36.467771,127.273515,23.426,293055001,세종고속시외버스터미널(지상),24
2026-10-10T11:36:00,293000312,세종70자1345,36.46929,127.273823,0.028,293055002,세종고속시외버스터미널(지상),20
2026-10-10T11:36:00,293000312,세종70자1352,36.498938,127.254246,4.32,293062003,어진중학교(한뜰마을4단지),38
2026-10-10T11:36:00,293000312,세종70자1346,36.49598,127.325408,16.838,293064479,집현동,22
2026-10-10T11:36:00,271000805,세종73자5642,36.480187,127.262517,8.433,293053011,한솔동,20
2026-10-10T11:36:00,271000805,세종73자5675,36.533711,127.330654,20.849,293064498,다솜동,49
2026-10-10T11:36:00,271000805,세종73자5672,36.62328,127.432367,36.436,270054816,하나병원,19
2026-10-10T11:36:00,271000805,세종73자5647,36.645736,127.427206,41.006,270054822,현대백화점,41
2026-10-10T11:36:00,271000806,충북70자6075,36.6448685,127.4228252,0.309,270054826,롯데쇼핑몰.지웰시티,0
2026-10-10T11:36:00,271000806,충북70자3086,36.53584925,127.33461061,20.499,270054834,가경아이파크5단지,0
2026-10-10T11:36:00,271000806,충북70자2084,36.478272,127.28806,36.476,293064210,"세종시청,시의회,교육청",0
2026-10-10T11:36:00,271000806,충북70자1055,36.497498,127.310881,39.582,293064258,반곡동(수루배마을),0
2026-10-10T11:36:32,293000317,세종70자1705,36.387751,127.318105,0.0,186005279,반석역,15
2026-10-10T11:36:32,293000317,세종70자1703,36.475588,127.28187,11.339,293064206,"보람동,대평동",54
2026-10-10T11:36:32,293000317,세종70자1704,36.545558,127.301877,23.134,293900055,용호동,68
2026-10-10T11:36:32,293000317,세종70자1706,36.619618,127.326505,33.214,270054837,오송역종점,17
2026-10-10T11:36:32,293000318,세종70자1707,36.549911,127.30114,9.746,270000635,오송역2.3.4,66
2026-10-10T11:36:32,293000318,세종70자1702,36.478653,127.288963,21.274,293064211,"세종시청,시의회,교육청",17
2026-10-10T11:36:32,187000003,대전75자9929,36.480622,127.307986,25.828,293064219,한국개발연구원(KDI),0
2026-10-10T11:36:32,187000003,대전75자9927,36.480741,127.262092,31.42,293053011,한솔동,0
2026-10-10T11:36:32,187000003,대전75자9926,36.520112,127.259466,36.058,293064445,세종충남대학교병원,0
2026-10-10T11:36:32,187000003,대전75자9925,36.537044,127.304477,40.981,293064420,누리동,0
2026-10-10T11:36:32,187000003,대전75자9920,36.61953,127.326745,51.825,270000635,오송역2.3.4,0
2026-10-10T11:36:32,187000003,대전75자9918,36.551792,127.301281,61.002,974019920,오송역2.3.4(미정차),0
2026-10-10T11:36:32,187000003,대전75자9917,36.521145,127.259538,67.494,293064446,세종충남대학교병원,0
2026-10-10T11:36:32,187000003,대전75자9916,36.487271,127.257492,71.447,293053004,"새롬동,나성동",0
2026-10-10T11:36:32,187000003,대전75자9938,36.482375,127.297145,76.398,293064216,소담동(새샘마을),0
2026-10-10T11:36:32,187000003,대전75자9937,36.474415,127.33377,80.361,293064218,한국개발연구원(KDI),0
2026-10-10T11:36:32,187000003,대전75자9915,36.437728,127.396145,88.836,187001388,대덕산업단지,0
2026-10-10T11:36:32,187000003,대전75자9914,36.358637,127.404263,99.608,187001388,대덕산업단지,0
2026-10-10T11:36:32,187000003,대전75자9911,36.353363,127.409544,100.375,187001389,오정농수산오거리,0
2026-10-10T11:36:32,187000003,대전75자9910,36.333031,127.431768,103.452,183002355,대전역,0
2026-10-10T11:36:32,187000003,대전75자9110,36.333878,127.437316,104.27,187001395,대전역동광장,0
2026-10-10T11:36:32,187000003,대전75자9935,36.332401,127.432196,103.531,187001395,대전역동광장,0
2026-10-10T11:36:32,271000801,충북70자7051,36.54753704,127.30138436,12.598,293064420,누리동,0
2026-10-10T11:36:32,271000801,충북70자6052,36.64586039,127.3515956,29.618,271000641,보건의료행정타운,0
2026-10-10T11:36:32,271000801,충북70자1063,36.70831874,127.4788584,46.45,270051808,오창프라자,0
2026-10-10T11:36:32,271000802,충북70자5130,36.72248667,127.4956317,0.186,270051719,청주국제공항,0
2026-10-10T11:36:32,271000802,충북70자5128,36.70329204,127.4607245,4.729,284000230,청주공항역,0
2026-10-10T11:36:32,271000802,충북70자5129,36.66085716,127.3827951,15.512,270054810,청주소로초등학교,0
2026-10-10T11:36:32,271000802,충북70자3071,36.58034132,127.32136417,32.878,270000635,오송역2.3.4,0
2026-10-10T11:36:32,271000802,충북70자3070,36.48771,127.25729,47.154,293053004,"새롬동,나성동",0
2026-10-10T11:36:32,293000282,세종70자1751,36.436755,127.286122,6.209,186004230,반석역,68
2026-10-10T11:36:32,293000282,세종70자1752,36.498715,127.24923,16.558,293064307,"가온마을6,9단지",33
2026-10-10T11:36:32,293000282,세종70자1754,36.521866,127.24584,21.775,293064100,"범지기3,9단지(청소년센터)",64
2026-10-10T11:36:32,293000282,세종70자1745,36.601635,127.301321,33.431,293064527,조치원전통시장 북측,16
2026-10-10T11:36:32,293000282,세종70자1749,36.619109,127.326443,37.432,270054837,오송역종점,29
2026-10-10T11:36:32,293000282,세종70자1753,36.619047,127.327154,37.312,270054837,오송역종점,21
2026-10-10T11:36:32,293000283,세종70자1744,36.595694,127.294489,5.554,293064035,조치원1927아트센터,39
2026-10-10T11:36:32,293000283,세종70자1750,36.512,127.242527,18.619,293061002,아름동커뮤니티센터,32
2026-10-10T11:36:32,293000283,세종70자1747,36.470671,127.271604,26.841,293053008,한솔동(첫마을),22
2026-10-10T11:36:32,293000283,세종70자1748,36.405173,127.30471,35.384,293055059,세종고속시외버스터미널,68
2026-10-10T11:36:32,293000303,세종70자1510,36.53416099,127.27704,14.798,293014026,한별동,55
2026-10-10T11:36:32,293000304,세종70자1505,36.480228,127.262486,1.758,293053011,한솔동,10
2026-10-10T11:36:32,293000304,세종70자1506,36.533983,127.292825,10.293,293064420,누리동,56
2026-10-10T11:36:32,293000304,세종70자1305,36.482595,127.297527,20.564,293064214,소담동(새샘마을),36
2026-10-10T11:36:32,293000304,세종70자1509,36.468128,127.274032,23.301,293055001,세종고속시외버스터미널(지상),29
2026-10-10T11:36:32,293000305,세종70자1354,36.467693,127.27356,0.0,293055002,세종고속시외버스터미널(지상),14
2026-10-10T11:36:32,293000305,세종70자1507,36.500642,127.328201,6.533,293064417,세종공동캠퍼스,37
2026-10-10T11:36:32,293000305,세종70자1511,36.46803,127.273508,23.378,293055001,세종고속시외버스터미널(지상),255
2026-10-10T11:36:32,293000311,세종70자1348,36.498421,127.325148,6.848,293900015,새나루마을10단지,38
2026-10-10T11:36:32,293000311,세종70자1349,36.519455,127.243143,15.605,293064100,"범지기3,9단지(청소년센터)",22
2026-10-10T11:36:32,293000311,세종70자1351,36.467771,127.273515,23.426,293055001,세종고속시외버스터미널(지상),24
2026-10-10T11:36:32,293000312,세종70자1345,36.46929,127.273823,0.028,293055002,세종고속시외버스터미널(지상),20
2026-10-10T11:36:32,293000312,세종70자1352,36.499238,127.250381,4.667,293062003,어진중학교(한뜰마을4단지),53
2026-10-10T11:36:32,293000312,세종70자1346,36.493996,127.325367,17.059,293900016,새나루마을10단지,22
2026-10-10T11:36:32,271000805,세종73자5642,36.480443,127.262321,8.466,293053011,한솔동,20
2026-10-10T11:36:32,271000805,세종73자5675,36.537349,127.337966,21.621,293064498,다솜동,75
2026-10-10T11:36:32,271000805,세종73자5672,36.623748,127.43204,36.496,270054816,하나병원,15
2026-10-10T11:36:32,271000805,세종73자5647,36.64456899,127.422429,41.612,270054823,롯데쇼핑몰,33
2026-10-10T11:36:32,271000806,충북70자6075,36.6458919,127.4237705,0.514,270054827,지웰시티아파트,0
2026-10-10T11:36:32,271000806,충북70자3086,36.53584925,127.33461061,20.499,270054834,가경아이파크5단지,0
2026-10-10T11:36:32,271000806,충북70자2084,36.478272,127.28806,36.476,293064210,"세종시청,시의회,교육청",0
2026-10-10T11:36:32,271000806,충북70자1055,36.497498,127.310881,39.582,293064258,반곡동(수루배마을),0
2026-10-10T11:37:04,293000317,세종70자1705,36.387751,127.318105,0.0,186005279,반석역,15
2026-10-10T11:37:04,293000317,세종70자1703,36.478157,127.287845,11.948,293064210,"세종시청,시의회,교육청",40
2026-10-10T11:37:04,293000317,세종70자1704,36.550651,127.301309,23.705,293900055,용호동,68
2026-10-10T11:37:04,293000317,세종70자1706,36.619618,127.326505,33.214,270054837,오송역종점,17
2026-10-10T11:37:04,293000318,세종70자1707,36.545024,127.301919,10.3,270000635,오송역2.3.4,65
2026-10-10T11:37:04,293000318,세종70자1702,36.477915,127.287165,21.454,293064211,"세종시청,시의회,교육청",58
2026-10-10T11:37:04,187000003,대전75자9929,36.481529,127.307683,25.932,293064219,한국개발연구원(KDI),0
2026-10-10T11:37:04,187000003,대전75자9927,36.480741,127.262092,31.42,293053011,한솔동,0
2026-10-10T11:37:04,187000003,대전75자9926,36.520995,127.259635,36.163,293064445,세종충남대학교병원,0
2026-10-10T11:37:04,187000003,대전75자9925,36.537044,127.304477,40.981,293064420,누리동,0
2026-10-10T11:37:04,187000003,대전75자9920,36.61953,127.326745,51.825,270000635,오송역2.3.4,0
2026-10-10T11:37:04,187000003,대전75자9918,36.551792,127.301281,61.002,974019920,오송역2.3.4(미정차),0
2026-10-10T11:37:04,187000003,대전75자9917,36.521145,127.259538,67.494,293064446,세종충남대학교병원,0
2026-10-10T11:37:04,187000003,대전75자9916,36.482574,127.260779,72.048,293053004,"새롬동,나성동",0
2026-10-10T11:37:04,187000003,대전75자9938,36.482375,127.297145,76.398,293064216,소담동(새샘마을),0
2026-10-10T11:37:04,187000003,대전75자9937,36.474415,127.33377,80.361,293064218,한국개발연구원(KDI),0
2026-10-10T11:37:04,187000003,대전75자9915,36.430134,127.405476,90.026,187001388,대덕산업단지,0
2026-10-10T11:37:04,187000003,대전75자9914,36.358637,127.404263,99.608,187001388,대덕산업단지,0
2026-10-10T11:37:04,187000003,대전75자9911,36.352682,127.410368,100.481,187001390,오정동행정복지센터,0
2026-10-10T11:37:04,187000003,대전75자9910,36.333031,127.431768,103.452,183002355,대전역,0
2026-10-10T11:37:04,187000003,대전75자9110,36.333878,127.437316,104.27,187001395,대전역동광장,0
2026-10-10T11:37:04,187000003,대전75자9935,36.33331,127.431848,103.425,187001395,대전역동광장,0
2026-10-10T11:37:04,271000801,충북70자7051,36.54753704,127.30138436,12.598,293064420,누리동,0
2026-10-10T11:37:04,271000801,충북70자6052,36.64507785,127.3535489,29.618,271000641,보건의료행정타운,0
2026-10-10T11:37:04,271000801,충북70자1063,36.70938222,127.4823148,46.735,270051808,오창프라자,0
2026-10-10T11:37:04,271000802,충북70자5130,36.72248667,127.4956317,0.186,270051719,청주국제공항,0
2026-10-10T11:37:04,271000802,충북70자5128,36.70502196,127.4502831,4.809,284000230,청주공항역,0
2026-10-10T11:37:04,271000802,충북70자5129,36.66085716,127.3827951,15.512,270054810,청주소로초등학교,0
2026-10-10T11:37:04,271000802,충북70자3071,36.58034132,127.32136417,32.878,270000635,오송역2.3.4,0
2026-10-10T11:37:04,271000802,충북70자3070,36.48771,127.25729,47.154,293053004,"새롬동,나성동",0
2026-10-10T11:37:04,293000282,세종70자1751,36.43898999,127.286093,6.456,186004230,반석역,68
2026-10-10T11:37:04,293000282,세종70자1752,36.499148,127.24912,16.619,293064307,"가온마을6,9단지",28
2026-10-10T11:37:04,293000282,세종70자1754,36.527706,127.24895,22.495,293064100,"범지기3,9단지(청소년센터)",68
2026-10-10T11:37:04,293000282,세종70자1745,36.60273999,127.304152,33.714,293001094,조치원버스터미널,33
2026-10-10T11:37:04,293000282,세종70자1749,36.619109,127.326443,37.432,270054837,오송역종점,29
2026-10-10T11:37:04,293000282,세종70자1753,36.619047,127.327154,37.312,270054837,오송역종점,21
2026-10-10T11:37:04,293000283,세종70자1744,36.595265,127.291127,5.875,293064146,세종시보건소(대동초),30
2026-10-10T11:37:04,293000283,세종70자1750,36.512042,127.241987,18.667,293061002,아름동커뮤니티센터,32
2026-10-10T11:37:04,293000283,세종70자1747,36.468703,127.272057,27.154,293053008,한솔동(첫마을),43
2026-10-10T11:37:04,293000283,세종70자1748,36.401055,127.30841,35.948,293055059,세종고속시외버스터미널,67
2026-10-10T11:37:04,293000303,세종70자1510,36.534031,127.276265,14.871,293014026,한별동,55
2026-10-10T11:37:04,293000304,세종70자1505,36.480358,127.262375,1.776,293053011,한솔동,10
2026-10-10T11:37:04,293000304,세종70자1506,36.534154,127.29412,10.411,293064420,누리동,56
2026-10-10T11:37:04,293000304,세종70자1305,36.481654,127.295713,20.756,293064214,소담동(새샘마을),41
2026-10-10T11:37:04,293000304,세종70자1509,36.468128,127.274032,23.301,293055001,세종고속시외버스터미널(지상),29
2026-10-10T11:37:04,293000305,세종70자1354,36.467693,127.27356,0.0,293055002,세종고속시외버스터미널(지상),14
2026-10-10T11:37:04,293000305,세종70자1507,36.500917,127.328468,6.571,293064417,세종공동캠퍼스,37
2026-10-10T11:37:04,293000305,세종70자1511,36.46803,127.273508,23.378,293055001,세종고속시외버스터미널(지상),255
2026-10-10T11:37:04,293000311,세종70자1348,36.49872,127.324798,6.896,293900015,새나루마을10단지,26
2026-10-10T11:37:04,293000311,세종70자1349,36.51671799,127.241504,15.973,293064471,아름제2중(가락마을20단지),35
2026-10-10T11:37:04,293000311,세종70자1351,36.467771,127.273515,23.426,293055001,세종고속시외버스터미널(지상),24
2026-10-10T11:37:04,293000312,세종70자1345,36.46929,127.273823,0.028,293055002,세종고속시외버스터미널(지상),20
2026-10-10T11:37:04,293000312,세종70자1352,36.499493,127.24712,4.96,293063002,"가재마을5단지,가온마을6단지",31
2026-10-10T11:37:04,293000312,세종70자1346,36.492706,127.325078,17.206,293900016,새나루마을10단지,24
2026-10-10T11:37:04,271000805,세종73자5642,36.480764,127.262136,8.505,293053011,한솔동,30
2026-10-10T11:37:04,271000805,세종73자5675,36.540185,127.344943,22.334,293064498,다솜동,79
2026-10-10T11:37:04,271000805,세종73자5672,36.62414,127.431815,36.543,270054816,하나병원,15
2026-10-10T11:37:04,271000805,세종73자5647,36.64256,127.421784,38.793,270054823,롯데쇼핑몰,13
2026-10-10T11:37:04,271000806,충북70자6075,36.6458919,127.4237705,0.514,270054827,지웰시티아파트,0
2026-10-10T11:37:04,271000806,충북70자3086,36.5293491,127.3233229,21.741,270054834,가경아이파크5단지,0
2026-10-10T11:37:04,271000806,충북70자2084,36.478272,127.28806,36.476,293064210,"세종시청,시의회,교육청",0
2026-10-10T11:37:04,271000806,충북70자1055,36.497498,127.310881,39.582,293064258,반곡동(수루배마을),0
2026-10-10T11:37:37,293000317,세종70자1705,36.387884,127.318013,0.0,186005279,반석역,15
2026-10-10T11:37:37,293000317,세종70자1703,36.478294,127.28817,11.981,293064210,"세종시청,시의회,교육청",40
2026-10-10T11:37:37,293000317,세종70자1704,36.555652,127.30265,24.275,293900055,용호동,68
2026-10-10T11:37:37,293000317,세종70자1706,36.619618,127.326505,33.214,270054837,오송역종점,17
2026-10-10T11:37:37,293000318,세종70자1707,36.542547,127.302698,10.584,270000635,오송역2.3.4,65
2026-10-10T11:37:37,293000318,세종70자1702,36.475493,127.281513,22.034,293064209,"보람동,대평동",33
2026-10-10T11:37:37,187000003,대전75자9929,36.483166,127.306772,26.138,293064219,한국개발연구원(KDI),0
2026-10-10T11:37:37,187000003,대전75자9927,36.480741,127.262092,31.42,293053011,한솔동,0
2026-10-10T11:37:37,187000003,대전75자9926,36.522798,127.260323,36.379,293064445,세종충남대학교병원,0
2026-10-10T11:37:37,187000003,대전75자9925,36.551332,127.301427,42.632,293064420,누리동,0
2026-10-10T11:37:37,187000003,대전75자9920,36.618458,127.327034,52.023,270000635,오송역2.3.4,0
2026-10-10T11:37:37,187000003,대전75자9918,36.534544,127.295396,63.533,974019920,오송역2.3.4(미정차),0
2026-10-10T11:37:37,187000003,대전75자9917,36.515231,127.258912,68.163,293056002,도담동,0
2026-10-10T11:37:37,187000003,대전75자9916,36.481404,127.261546,72.195,293053009,한솔동,0
2026-10-10T11:37:37,187000003,대전75자9938,36.482908,127.298032,76.499,293064216,소담동(새샘마을),0
2026-10-10T11:37:37,187000003,대전75자9937,36.474415,127.33377,80.361,293064218,한국개발연구원(KDI),0
2026-10-10T11:37:37,187000003,대전75자9915,36.430134,127.405476,90.026,187001388,대덕산업단지,0
2026-10-10T11:37:37,187000003,대전75자9914,36.358637,127.404263,99.608,187001388,대덕산업단지,0
2026-10-10T11:37:37,187000003,대전75자9911,36.350485,127.413049,100.824,187001391,한남오거리(BRT),0
2026-10-10T11:37:37,187000003,대전75자9910,36.33142,127.432441,103.641,183002355,대전역,0
2026-10-10T11:37:37,187000003,대전75자9110,36.333878,127.437316,104.27,187001395,대전역동광장,0
2026-10-10T11:37:37,187000003,대전75자9935,36.33331,127.431848,103.425,187001395,대전역동광장,0
2026-10-10T11:37:37,271000801,충북70자7051,36.54753704,127.30138436,12.598,293064420,누리동,0
2026-10-10T11:37:37,271000801,충북70자6052,36.64507785,127.3535489,29.618,271000641,보건의료행정타운,0
2026-10-10T11:37:37,271000801,충북70자1063,36.71834232,127.4886923,47.981,270051808,오창프라자,0
2026-10-10T11:37:37,271000802,충북70자5128,36.70573642,127.4461686,6.055,284000230,청주공항역,0
2026-10-10T11:37:37,271000802,충북70자5129,36.66085716,127.3827951,15.512,270054810,청주소로초등학교,0
2026-10-10T11:37:37,271000802,충북70자3071,36.54660472,127.30158597,37.37,270000635,오송역2.3.4,0
2026-10-10T11:37:37,271000802,충북70자3070,36.48596124,127.2582562,47.368,293053004,"새롬동,나성동",0
2026-10-10T11:37:37,293000282,세종70자1751,36.445679,127.286002,7.206,186004230,반석역,68
2026-10-10T11:37:37,293000282,세종70자1752,36.499539,127.244849,17.008,293064307,"가온마을6,9단지",46
2026-10-10T11:37:37,293000282,세종70자1754,36.534028,127.255834,23.464,293064100,"범지기3,9단지(청소년센터)",69
2026-10-10T11:37:37,293000282,세종70자1745,36.6029,127.304538,33.753,293001094,조치원버스터미널,33
2026-10-10T11:37:37,293000282,세종70자1749,36.619109,127.326443,37.432,270054837,오송역종점,29
2026-10-10T11:37:37,293000282,세종70자1753,36.619047,127.327154,37.312,270054837,오송역종점,21
2026-10-10T11:37:37,293000283,세종70자1744,36.594164,127.291104,5.996,293064034,신흥사거리,36
2026-10-10T11:37:37,293000283,세종70자1750,36.512042,127.241987,18.667,293061002,아름동커뮤니티센터,32
2026-10-10T11:37:37,293000283,세종70자1748,36.396914,127.311198,36.472,293055059,세종고속시외버스터미널,32
2026-10-10T11:37:37,293000283,세종70자1747,36.468879,127.273663,27.3,293055059,세종고속시외버스터미널,18
2026-10-10T11:37:37,293000303,세종70자1510,36.533933,127.275484,14.941,293014026,한별동,38
2026-10-10T11:37:37,293000304,세종70자1505,36.48254399,127.26068,2.062,293053011,한솔동,59
2026-10-10T11:37:37,293000304,세종70자1506,36.53417,127.294112,10.411,293064420,누리동,56
2026-10-10T11:37:37,293000304,세종70자1305,36.479797,127.291566,21.18,293064214,소담동(새샘마을),33
2026-10-10T11:37:37,293000304,세종70자1509,36.468128,127.274032,23.301,293055001,세종고속시외버스터미널(지상),29
2026-10-10T11:37:37,293000305,세종70자1354,36.467693,127.27356,0.0,293055002,세종고속시외버스터미널(지상),14
2026-10-10T11:37:37,293000305,세종70자1507,36.501068,127.328487,6.586,293064417,세종공동캠퍼스,8
2026-10-10T11:37:37,293000305,세종70자1511,36.46803,127.273508,23.378,293055001,세종고속시외버스터미널(지상),255
2026-10-10T11:37:37,293000311,세종70자1348,36.497931,127.32099,7.249,293064480,집현동,39
2026-10-10T11:37:37,293000311,세종70자1349,36.515791,127.241419,16.076,293064471,아름제2중(가락마을20단지),32
2026-10-10T11:37:37,293000311,세종70자1351,36.467771,127.273515,23.426,293055001,세종고속시외버스터미널(지상),24
2026-10-10T11:37:37,293000312,세종70자1345,36.46929,127.273823,0.028,293055002,세종고속시외버스터미널(지상),20
2026-10-10T11:37:37,293000312,세종70자1352,36.49971,127.244721,5.176,293063002,"가재마을5단지,가온마을6단지",47
2026-10-10T11:37:37,293000312,세종70자1346,36.490858,127.324554,17.418,293011069,새나루마을9단지,27
2026-10-10T11:37:37,271000805,세종73자5642,36.482595,127.260782,8.742,293053011,한솔동,48
2026-10-10T11:37:37,271000805,세종73자5675,36.54063399,127.348997,22.711,293064498,다솜동,70
2026-10-10T11:37:37,271000805,세종73자5672,36.62428,127.431699,36.562,270054816,하나병원,15
2026-10-10T11:37:37,271000805,세종73자5647,36.64243,127.421472,38.777,270054823,롯데쇼핑몰,6
2026-10-10T11:37:37,271000806,충북70자6075,36.6458919,127.4237705,0.514,270054827,지웰시티아파트,0
2026-10-10T11:37:37,271000806,충북70자3086,36.53187,127.320414,22.114,293064499,다솜동,0
2026-10-10T11:37:37,271000806,충북70자2084,36.478272,127.28806,36.476,293064210,"세종시청,시의회,교육청",0
2026-10-10T11:37:37,271000806,충북70자1055,36.497498,127.310881,39.582,293064258,반곡동(수루배마을),0
2026-10-10T11:38:10,293000317,세종70자1705,36.387884,127.318013,0.0,186005279,반석역,15
2026-10-10T11:38:10,293000317,세종70자1703,36.478373,127.28842,12.004,293064210,"세종시청,시의회,교육청",30
2026-10-10T11:38:10,293000317,세종70자1704,36.560515,127.304652,24.847,293900055,용호동,68
2026-10-10T11:38:10,293000317,세종70자1706,36.619618,127.326505,33.214,270054837,오송역종점,17
2026-10-10T11:38:10,293000318,세종70자1707,36.539549,127.303656,10.928,270000635,오송역2.3.4,65
2026-10-10T11:38:10,293000318,세종70자1702,36.475275,127.281106,22.069,293064209,"보람동,대평동",37
2026-10-10T11:38:10,187000003,대전75자9929,36.485406,127.300494,26.866,293064219,한국개발연구원(KDI),0
2026-10-10T11:38:10,187000003,대전75자9927,36.486514,127.257974,32.16,293053005,"새롬동,나성동",0
2026-10-10T11:38:10,187000003,대전75자9926,36.528385,127.263651,37.075,293014014,"해밀동,산울동",0
2026-10-10T11:38:10,187000003,대전75자9925,36.551332,127.301427,42.632,293064420,누리동,0
2026-10-10T11:38:10,187000003,대전75자9920,36.616912,127.328716,52.25,974019920,오송역2.3.4(미정차),0
2026-10-10T11:38:10,187000003,대전75자9918,36.534008,127.292666,63.782,293014058,누리동,0
2026-10-10T11:38:10,187000003,대전75자9917,36.515231,127.258912,68.163,293056002,도담동,0
2026-10-10T11:38:10,187000003,대전75자9916,36.480626,127.262089,72.294,293053009,한솔동,0
2026-10-10T11:38:10,187000003,대전75자9938,36.482908,127.298032,76.499,293064216,소담동(새샘마을),0
2026-10-10T11:38:10,187000003,대전75자9937,36.474415,127.33377,80.361,293064218,한국개발연구원(KDI),0
2026-10-10T11:38:10,187000003,대전75자9915,36.424076,127.413774,91.033,187001388,대덕산업단지,0
2026-10-10T11:38:10,187000003,대전75자9914,36.358637,127.404263,99.608,187001388,대덕산업단지,0
2026-10-10T11:38:10,187000003,대전75자9911,36.350485,127.413049,100.824,187001391,한남오거리(BRT),0
2026-10-10T11:38:10,187000003,대전75자9910,36.33142,127.432441,103.641,183002355,대전역,0
2026-10-10T11:38:10,187000003,대전75자9110,36.333878,127.437316,104.27,187001395,대전역동광장,0
2026-10-10T11:38:10,187000003,대전75자9935,36.33331,127.431848,103.425,187001395,대전역동광장,0
2026-10-10T11:38:10,271000801,충북70자7051,36.54753704,127.30138436,12.598,293064420,누리동,0
2026-10-10T11:38:10,271000801,충북70자6052,36.64507785,127.3535489,29.618,271000641,보건의료행정타운,0
2026-10-10T11:38:10,271000801,충북70자1063,36.72014686,127.4897672,48.208,270051808,오창프라자,0
2026-10-10T11:38:10,271000802,충북70자5128,36.70955916,127.4334736,7.287,284000230,청주공항역,0
2026-10-10T11:38:10,271000802,충북70자5129,36.65972511,127.3816225,15.676,270054810,청주소로초등학교,0
2026-10-10T11:38:10,271000802,충북70자3071,36.5396872,127.30377547,38.165,270000635,오송역2.3.4,0
2026-10-10T11:38:10,271000802,충북70자3070,36.481073,127.261769,47.995,293053009,한솔동,0
2026-10-10T11:38:10,293000282,세종70자1751,36.45404,127.284305,8.161,186004230,반석역,68
2026-10-10T11:38:10,293000282,세종70자1752,36.499669,127.242627,17.208,293064144,다빛초등학교(가재마을1단지),30
2026-10-10T11:38:10,293000282,세종70자1754,36.535701,127.261928,23.482,293064100,"범지기3,9단지(청소년센터)",69
2026-10-10T11:38:10,293000282,세종70자1745,36.6029,127.304538,33.753,293001094,조치원버스터미널,33
2026-10-10T11:38:10,293000282,세종70자1749,36.619109,127.326443,37.432,270054837,오송역종점,29
2026-10-10T11:38:10,293000282,세종70자1753,36.619047,127.327154,37.312,270054837,오송역종점,21
2026-10-10T11:38:10,293000283,세종70자1744,36.591354,127.291566,6.312,293001052,자이아파트,32
2026-10-10T11:38:10,293000283,세종70자1750,36.511502,127.24134,18.776,293064203,"시립도서관,대법원등기정보센터",32
2026-10-10T11:38:10,293000283,세종70자1748,36.395228,127.31224,36.682,293055059,세종고속시외버스터미널,46
2026-10-10T11:38:10,293000283,세종70자1747,36.467137,127.274927,27.67,293055059,세종고속시외버스터미널,66
2026-10-10T11:38:10,293000303,세종70자1510,36.532915,127.270731,15.382,293014026,한별동,57
2026-10-10T11:38:10,293000304,세종70자1505,36.486593,127.25796,2.573,293053005,"새롬동,나성동",22
2026-10-10T11:38:10,293000304,세종70자1506,36.536529,127.302363,11.193,293064420,누리동,57
2026-10-10T11:38:10,293000304,세종70자1305,36.478781,127.289146,21.424,293064211,"세종시청,시의회,교육청",32
2026-10-10T11:38:10,293000304,세종70자1509,36.468128,127.274032,23.301,293055001,세종고속시외버스터미널(지상),29
2026-10-10T11:38:10,293000305,세종70자1354,36.467693,127.27356,0.0,293055002,세종고속시외버스터미널(지상),14
2026-10-10T11:38:10,293000305,세종70자1507,36.503044,127.329301,6.821,293064417,세종공동캠퍼스,40
2026-10-10T11:38:10,293000305,세종70자1511,36.46803,127.273508,23.378,293055001,세종고속시외버스터미널(지상),255
2026-10-10T11:38:10,293000311,세종70자1348,36.497766,127.319486,7.385,293064480,집현동,56
2026-10-10T11:38:10,293000311,세종70자1349,36.515316,127.241391,16.129,293064471,아름제2중(가락마을20단지),32
2026-10-10T11:38:10,293000311,세종70자1351,36.467771,127.273515,23.426,293055001,세종고속시외버스터미널(지상),24
2026-10-10T11:38:10,293000312,세종70자1345,36.46929,127.273823,0.028,293055002,세종고속시외버스터미널(지상),20
2026-10-10T11:38:10,293000312,세종70자1352,36.499874,127.24207,5.414,293064144,다빛초등학교(가재마을1단지),11
2026-10-10T11:38:10,293000312,세종70자1346,36.489537,127.323876,17.577,293011067,새나루마을8단지,23
2026-10-10T11:38:10,271000805,세종73자5643,36.49785,127.321329,1.289,293064418,집현동,37
2026-10-10T11:38:10,271000805,세종73자5642,36.486642,127.257938,9.261,293053011,한솔동,19
2026-10-10T11:38:10,271000805,세종73자5675,36.540516,127.354141,23.171,293064498,다솜동,62
2026-10-10T11:38:10,271000805,세종73자5672,36.62428,127.431699,36.562,270054816,하나병원,15
2026-10-10T11:38:10,271000805,세종73자5647,36.642202,127.421357,38.751,270054823,롯데쇼핑몰,6
2026-10-10T11:38:10,271000806,충북70자6075,36.6458919,127.4237705,0.514,270054827,지웰시티아파트,0
2026-10-10T11:38:10,271000806,충북70자3086,36.53187,127.320414,22.114,293064499,다솜동,0
2026-10-10T11:38:10,271000806,충북70자2084,36.482566,127.297594,37.456,293064216,소담동(새샘마을),0
2026-10-10T11:38:10,271000806,충북70자1055,36.49804,127.32304,40.677,293064479,집현동,0
2026-10-10T11:38:44,293000317,세종70자1705,36.387884,127.318013,0.0,186005279,반석역,15
2026-10-10T11:38:44,293000317,세종70자1703,36.481983,127.295808,12.764,293064210,"세종시청,시의회,교육청",67
2026-10-10T11:38:44,293000317,세종70자1704,36.564597,127.308501,25.42,293900055,용호동,68
2026-10-10T11:38:44,293000317,세종70자1706,36.619618,127.326505,33.214,270054837,오송역종점,17
2026-10-10T11:38:44,293000318,세종70자1707,36.53741,127.304391,11.175,270000635,오송역2.3.4,11
2026-10-10T11:38:44,293000318,세종70자1702,36.472344,127.276289,22.621,293064251,대평동,15
2026-10-10T11:38:44,187000003,대전75자9929,36.482869,127.297919,27.229,293064214,소담동(새샘마을),0
2026-10-10T11:38:44,187000003,대전75자9927,36.487324,127.257568,32.257,293053005,"새롬동,나성동",0
2026-10-10T11:38:44,187000003,대전75자9926,36.529067,127.264365,37.174,293014014,"해밀동,산울동",0
2026-10-10T11:38:44,187000003,대전75자9925,36.565174,127.309123,44.355,293064420,누리동,0
2026-10-10T11:38:44,187000003,대전75자9920,36.608535,127.338592,53.532,974019920,오송역2.3.4(미정차),0
2026-10-10T11:38:44,187000003,대전75자9918,36.534008,127.292666,63.782,293014058,누리동,0
2026-10-10T11:38:44,187000003,대전75자9917,36.514329000000004,127.259022,68.264,293056002,도담동,0
2026-10-10T11:38:44,187000003,대전75자9916,36.480626,127.262089,72.294,293053009,한솔동,0
2026-10-10T11:38:44,187000003,대전75자9938,36.485974,127.301328,76.973,293064216,소담동(새샘마을),0
2026-10-10T11:38:44,187000003,대전75자9937,36.468552,127.359769,83.363,293064218,한국개발연구원(KDI),0
2026-10-10T11:38:44,187000003,대전75자9915,36.415598,127.421105,92.193,187001388,대덕산업단지,0
2026-10-10T11:38:44,187000003,대전75자9914,36.355947,127.406228,99.962,187001389,오정농수산오거리,0
2026-10-10T11:38:44,187000003,대전75자9911,36.350485,127.413049,100.824,187001391,한남오거리(BRT),0
2026-10-10T11:38:44,187000003,대전75자9910,36.333834,127.437304,104.266,187001395,대전역동광장,0
2026-10-10T11:38:44,187000003,대전75자9110,36.333878,127.437316,104.27,187001395,대전역동광장,0
2026-10-10T11:38:44,187000003,대전75자9935,36.337966,127.429716,102.874,187001395,대전역동광장,0
2026-10-10T11:38:44,271000801,충북70자7051,36.54753704,127.30138436,12.598,293064420,누리동,0
2026-10-10T11:38:44,271000801,충북70자6052,36.64507785,127.3535489,29.618,271000641,보건의료행정타운,0
2026-10-10T11:38:44,271000801,충북70자1063,36.72151064,127.4937872,48.683,270051808,오창프라자,0
2026-10-10T11:38:44,271000802,충북70자5128,36.70955916,127.4334736,7.287,284000230,청주공항역,0
2026-10-10T11:38:44,271000802,충북70자5129,36.65185624,127.3724538,17.297,270054810,청주소로초등학교,0
2026-10-10T11:38:44,271000802,충북70자3071,36.53710202,127.30454237,38.462,270000635,오송역2.3.4,0
2026-10-10T11:38:44,271000802,충북70자3070,36.48070657,127.26208309,48.045,293053009,한솔동,0
2026-10-10T11:38:44,293000282,세종70자1751,36.458775,127.280472,8.792,186004230,반석역,68
2026-10-10T11:38:44,293000282,세종70자1752,36.499889,127.240781,17.374,293064144,다빛초등학교(가재마을1단지),19
2026-10-10T11:38:44,293000282,세종70자1754,36.537883,127.267734,24.617,293064100,"범지기3,9단지(청소년센터)",69
2026-10-10T11:38:44,293000282,세종70자1745,36.603313,127.305579,33.857,293001094,조치원버스터미널,43
2026-10-10T11:38:44,293000282,세종70자1749,36.619109,127.326443,37.432,270054837,오송역종점,29
2026-10-10T11:38:44,293000282,세종70자1753,36.619047,127.327154,37.312,270054837,오송역종점,21
2026-10-10T11:38:44,293000283,세종70자1744,36.59021099,127.291739,6.44,293001052,자이아파트,54
2026-10-10T11:38:44,293000283,세종70자1750,36.507343,127.241298,19.238,293064472,"가락마을8단지,가재마을4단지",58
2026-10-10T11:38:44,293000283,세종70자1747,36.462398,127.276612,28.231,293055059,세종고속시외버스터미널,68
2026-10-10T11:38:44,293000283,세종70자1748,36.391918,127.314533,37.104,186004229,반석역,41
2026-10-10T11:38:44,293000303,세종70자1510,36.531053,127.26677,15.794,293014026,한별동,16
2026-10-10T11:38:44,293000304,세종70자1505,36.486768,127.257748,2.605,293053005,"새롬동,나성동",22
2026-10-10T11:38:44,293000304,세종70자1506,36.537272,127.307766,11.684,293064420,누리동,58
2026-10-10T11:38:44,293000304,세종70자1305,36.478335,127.288595,21.491,293064211,"세종시청,시의회,교육청",19
2026-10-10T11:38:44,293000304,세종70자1509,36.468128,127.274032,23.301,293055001,세종고속시외버스터미널(지상),29
2026-10-10T11:38:44,293000305,세종70자1354,36.467693,127.27356,0.0,293055002,세종고속시외버스터미널(지상),14
2026-10-10T11:38:44,293000305,세종70자1507,36.506471,127.329473,7.202,293064417,세종공동캠퍼스,39
2026-10-10T11:38:44,293000305,세종70자1511,36.46803,127.273508,23.378,293055001,세종고속시외버스터미널(지상),255
2026-10-10T11:38:44,293000311,세종70자1348,36.497719,127.31808,7.512,293064480,집현동,56
2026-10-10T11:38:44,293000311,세종70자1349,36.515316,127.241391,16.129,293064471,아름제2중(가락마을20단지),32
2026-10-10T11:38:44,293000311,세종70자1351,36.467771,127.273515,23.426,293055001,세종고속시외버스터미널(지상),24
2026-10-10T11:38:44,293000312,세종70자1345,36.46929,127.273823,0.028,293055002,세종고속시외버스터미널(지상),20
2026-10-10T11:38:44,293000312,세종70자1352,36.499964,127.240755,5.594,293064144,다빛초등학교(가재마을1단지),11
2026-10-10T11:38:44,293000312,세종70자1346,36.488144,127.322852,17.76,293011067,새나루마을8단지,27
2026-10-10T11:38:44,271000805,세종73자5643,36.497551,127.318311,1.56,293064418,집현동,16
2026-10-10T11:38:44,271000805,세종73자5642,36.486716,127.257887,9.275,293053011,한솔동,19
2026-10-10T11:38:44,271000805,세종73자5675,36.54018,127.360027,23.698,293064498,다솜동,65
2026-10-10T11:38:44,271000805,세종73자5672,36.626305,127.430206,36.824,270054311,고속버스터미널,24
2026-10-10T11:38:44,271000805,세종73자5647,36.642202,127.421357,38.751,270054823,롯데쇼핑몰,6
2026-10-10T11:38:44,271000806,충북70자6075,36.645192,127.4281002,0.914,270054835,현대백화점,0
2026-10-10T11:38:44,271000806,충북70자3086,36.53187,127.320414,22.114,293064499,다솜동,0
2026-10-10T11:38:44,271000806,충북70자2084,36.486971,127.301713,38.076,293064253,"법원,검찰청,경찰청",0
2026-10-10T11:38:44,271000806,충북70자1055,36.49804,127.32304,40.677,293064479,집현동,0
2026-10-10T11:39:17,293000317,세종70자1705,36.387884,127.318013,0.0,186005279,반석역,15
2026-10-10T11:39:17,293000317,세종70자1703,36.482832,127.297861,12.99,293064216,소담동(새샘마을),28
2026-10-10T11:39:17,293000317,세종70자1704,36.568599,127.312799,26.007,293900055,용호동,67
2026-10-10T11:39:17,293000317,세종70자1706,36.619618,127.326505,33.214,270054837,오송역종점,17
2026-10-10T11:39:17,293000318,세종70자1707,36.537044,127.305116,11.268,270000635,오송역2.3.4,39
2026-10-10T11:39:17,293000318,세종70자1702,36.472019,127.276284,22.644,293064251,대평동,255
2026-10-10T11:39:17,187000003,대전75자9935,36.340477,127.426344,1.789,187001380,한밭자이아파트,0
2026-10-10T11:39:17,187000003,대전75자9929,36.482301,127.297041,27.329,293064214,소담동(새샘마을),0
2026-10-10T11:39:17,187000003,대전75자9927,36.492478,127.255813,32.844,293053005,"새롬동,나성동",0
2026-10-10T11:39:17,187000003,대전75자9926,36.529067,127.264365,37.174,293014014,"해밀동,산울동",0
2026-10-10T11:39:17,187000003,대전75자9925,36.565174,127.309123,44.355,293064420,누리동,0
2026-10-10T11:39:17,187000003,대전75자9920,36.608535,127.338592,53.532,974019920,오송역2.3.4(미정차),0
2026-10-10T11:39:17,187000003,대전75자9918,36.534153,127.277117,65.187,293014026,한별동,0
2026-10-10T11:39:17,187000003,대전75자9917,36.505475,127.261664,69.295,293062014,정부세종청사 북측,0
2026-10-10T11:39:17,187000003,대전75자9916,36.470941,127.270938,73.673,293053009,한솔동,0
2026-10-10T11:39:17,187000003,대전75자9938,36.485974,127.301328,76.973,293064216,소담동(새샘마을),0
2026-10-10T11:39:17,187000003,대전75자9937,36.467188,127.364113,83.779,186005287,국제과학비즈니스벨트,0
2026-10-10T11:39:17,187000003,대전75자9915,36.415598,127.421105,92.193,187001388,대덕산업단지,0
2026-10-10T11:39:17,187000003,대전75자9914,36.355947,127.406228,99.962,187001389,오정농수산오거리,0
2026-10-10T11:39:17,187000003,대전75자9911,36.346904,127.417483,101.394,187001392,대덕구청,0
2026-10-10T11:39:17,187000003,대전75자9910,36.333834,127.437304,104.266,187001395,대전역동광장,0
2026-10-10T11:39:17,271000801,충북70자7051,36.58259606,127.32166849,17.004,293064420,누리동,0
2026-10-10T11:39:17,271000801,충북70자6052,36.65318138,127.3739045,32.763,271000641,보건의료행정타운,0
2026-10-10T11:39:17,271000801,충북70자1063,36.722444,127.495642,48.887,284000229,청주국제공항,0
2026-10-10T11:39:17,271000802,충북70자5128,36.70955916,127.4334736,7.287,284000230,청주공항역,0
2026-10-10T11:39:17,271000802,충북70자5129,36.65185624,127.3724538,17.297,270054810,청주소로초등학교,0
2026-10-10T11:39:17,271000802,충북70자3071,36.53627642,127.30151995,38.748,270000635,오송역2.3.4,0
2026-10-10T11:39:17,271000802,충북70자3070,36.48070657,127.26208309,48.045,293053009,한솔동,0
2026-10-10T11:39:17,293000282,세종70자1751,36.462609,127.276578,9.343,186004230,반석역,68
2026-10-10T11:39:17,293000282,세종70자1752,36.50364299,127.241223,17.85,293064474,종촌초등학교(가재마을3단지),4
2026-10-10T11:39:17,293000282,세종70자1754,36.543231,127.271642,25.315,293064100,"범지기3,9단지(청소년센터)",68
2026-10-10T11:39:17,293000282,세종70자1745,36.60377,127.306824,33.989,293001094,조치원버스터미널,29
2026-10-10T11:39:17,293000282,세종70자1753,36.619047,127.327154,37.312,270054837,오송역종점,21
2026-10-10T11:39:17,293000283,세종70자1749,36.619092,127.326472,0.21,270054839,오송역7,7
2026-10-10T11:39:17,293000283,세종70자1744,36.588801,127.291935,6.597,293001052,자이아파트,54
2026-10-10T11:39:17,293000283,세종70자1750,36.503641,127.241022,19.651,293064473,"종촌초등학교(가락마을6,7단지)",38
2026-10-10T11:39:17,293000283,세종70자1747,36.458272,127.28082,28.825,293055059,세종고속시외버스터미널,68
2026-10-10T11:39:17,293000283,세종70자1748,36.39137199,127.314878,37.172,186004229,반석역,16
2026-10-10T11:39:17,293000303,세종70자1510,36.52991,127.26512,15.989,293014017,"해밀동,산울동",40
2026-10-10T11:39:17,293000304,세종70자1505,36.486928,127.257451,2.631,293053005,"새롬동,나성동",22
2026-10-10T11:39:17,293000304,세종70자1506,36.536117,127.312894,12.158,293900054,용호동,57
2026-10-10T11:39:17,293000304,세종70자1305,36.477887,127.287452,21.605,293064211,"세종시청,시의회,교육청",31
2026-10-10T11:39:17,293000304,세종70자1509,36.468128,127.274032,23.301,293055001,세종고속시외버스터미널(지상),29
2026-10-10T11:39:17,293000305,세종70자1354,36.467693,127.27356,0.0,293055002,세종고속시외버스터미널(지상),14
2026-10-10T11:39:17,293000305,세종70자1507,36.510189,127.32991,7.617,293064417,세종공동캠퍼스,42
2026-10-10T11:39:17,293000305,세종70자1511,36.46803,127.273508,23.378,293055001,세종고속시외버스터미널(지상),255
2026-10-10T11:39:17,293000311,세종70자1348,36.497719,127.31808,7.512,293064480,집현동,56
2026-10-10T11:39:17,293000311,세종70자1349,36.512641,127.241383,16.426,293064471,아름제2중(가락마을20단지),52
2026-10-10T11:39:17,293000311,세종70자1351,36.467771,127.273515,23.426,293055001,세종고속시외버스터미널(지상),24
2026-10-10T11:39:17,293000312,세종70자1345,36.46929,127.273823,0.028,293055002,세종고속시외버스터미널(지상),20
2026-10-10T11:39:17,293000312,세종70자1352,36.503645,127.241203,6.005,293064474,종촌초등학교(가재마을3단지),36
2026-10-10T11:39:17,293000312,세종70자1346,36.486193,127.321148,18.024,293011064,새나루마을1단지,31
2026-10-10T11:39:17,271000805,세종73자5643,36.497547,127.318102,1.578,293064418,집현동,16
2026-10-10T11:39:17,271000805,세종73자5642,36.489221,127.25685,9.57,293053005,"새롬동,나성동",255
2026-10-10T11:39:17,271000805,세종73자5675,36.542722,127.367324,24.467,293064498,다솜동,79
2026-10-10T11:39:17,271000805,세종73자5672,36.627276,127.429544,36.947,270054311,고속버스터미널,39
2026-10-10T11:39:17,271000805,세종73자5647,36.642202,127.421357,38.751,270054823,롯데쇼핑몰,6
2026-10-10T11:39:17,271000806,충북70자6075,36.645192,127.4281002,0.914,270054835,현대백화점,0
2026-10-10T11:39:17,271000806,충북70자3086,36.5365242,127.3123125,23.005,293900063,용호동,0
2026-10-10T11:39:17,271000806,충북70자2084,36.486971,127.301713,38.076,293064253,"법원,검찰청,경찰청",0
2026-10-10T11:39:17,271000806,충북70자1055,36.49804,127.32304,40.677,293064479,집현동,0
2026-10-10T11:39:49,293000317,세종70자1705,36.387884,127.318013,0.0,186005279,반석역,15
2026-10-10T11:39:49,293000317,세종70자1703,36.484114,127.299452,13.196,293064216,소담동(새샘마을),44
2026-10-10T11:39:49,293000317,세종70자1704,36.572594,127.31715,26.6,293900055,용호동,69
2026-10-10T11:39:49,293000317,세종70자1706,36.619618,127.326505,33.214,270054837,오송역종점,17
2026-10-10T11:39:49,293000318,세종70자1707,36.536457,127.311813,11.876,293900054,용호동,67
2026-10-10T11:39:49,293000318,세종70자1702,36.469252,127.273797,23.107,293055001,세종고속시외버스터미널(지상),32
2026-10-10T11:39:49,187000003,대전75자9935,36.34095,127.425692,1.868,187001380,한밭자이아파트,0
2026-10-10T11:39:49,187000003,대전75자9929,36.482301,127.297041,27.329,293064214,소담동(새샘마을),0
2026-10-10T11:39:49,187000003,대전75자9927,36.493542,127.256361,32.962,293054003,다정동,0
2026-10-10T11:39:49,187000003,대전75자9926,36.529067,127.264365,37.174,293014014,"해밀동,산울동",0
2026-10-10T11:39:49,187000003,대전75자9925,36.575208,127.319544,45.811,293064420,누리동,0
2026-10-10T11:39:49,187000003,대전75자9920,36.608535,127.338592,53.532,974019920,오송역2.3.4(미정차),0
2026-10-10T11:39:49,187000003,대전75자9918,36.534153,127.277117,65.187,293014026,한별동,0
2026-10-10T11:39:49,187000003,대전75자9917,36.50505,127.261536,69.344,293062014,정부세종청사 북측,0
2026-10-10T11:39:49,187000003,대전75자9916,36.47075,127.27292,73.856,293064221,세종고속시외버스터미널(지하),0
2026-10-10T11:39:49,187000003,대전75자9938,36.485974,127.301328,76.973,293064216,소담동(새샘마을),0
2026-10-10T11:39:49,187000003,대전75자9937,36.466818,127.365078,83.875,186005287,국제과학비즈니스벨트,0
2026-10-10T11:39:49,187000003,대전75자9915,36.40577,127.41669,93.371,187001388,대덕산업단지,0
2026-10-10T11:39:49,187000003,대전75자9914,36.35536,127.406988,100.056,187001389,오정농수산오거리,0
2026-10-10T11:39:49,187000003,대전75자9911,36.346414,127.41812,101.473,187001392,대덕구청,0
2026-10-10T11:39:49,187000003,대전75자9910,36.333834,127.437304,104.266,187001395,대전역동광장,0
2026-10-10T11:39:49,271000801,충북70자7051,36.587685,127.322945,18.014,293064420,누리동,0
2026-10-10T11:39:49,271000801,충북70자6052,36.65972511,127.3816225,33.768,271000641,보건의료행정타운,0
2026-10-10T11:39:49,271000802,충북70자1063,36.72248667,127.4956317,0.186,270051719,청주국제공항,0
2026-10-10T11:39:49,271000802,충북70자5128,36.7108014,127.4299633,7.648,284000230,청주공항역,0
2026-10-10T11:39:49,271000802,충북70자5129,36.65185624,127.3724538,17.297,270054810,청주소로초등학교,0
2026-10-10T11:39:49,271000802,충북70자3071,36.53627642,127.30151995,38.748,270000635,오송역2.3.4,0
2026-10-10T11:39:49,271000802,충북70자3070,36.48070657,127.26208309,48.045,293053009,한솔동,0
2026-10-10T11:39:49,293000282,세종70자1751,36.466899,127.275183,9.849,186004230,반석역,28
2026-10-10T11:39:49,293000282,세종70자1752,36.505211,127.241383,18.025,293064474,종촌초등학교(가재마을3단지),42
2026-10-10T11:39:49,293000282,세종70자1754,36.546921,127.273843,25.77,293064100,"범지기3,9단지(청소년센터)",68
2026-10-10T11:39:49,293000282,세종70자1745,36.60391,127.307234,34.028,293001094,조치원버스터미널,29
2026-10-10T11:39:49,293000282,세종70자1753,36.619047,127.327154,37.312,270054837,오송역종점,21
2026-10-10T11:39:49,293000283,세종70자1749,36.618897,127.327022,0.257,270054839,오송역7,15
2026-10-10T11:39:49,293000283,세종70자1744,36.587654,127.29211,6.728,293064083,번암아파트 후문,52
2026-10-10T11:39:49,293000283,세종70자1750,36.499775,127.240551,20.083,293064473,"종촌초등학교(가락마을6,7단지)",33
2026-10-10T11:39:49,293000283,세종70자1747,36.451319,127.285272,29.723,293055059,세종고속시외버스터미널,69
2026-10-10T11:39:49,293000283,세종70자1748,36.390316,127.315686,37.309,186004229,반석역,32
2026-10-10T11:39:49,293000303,세종70자1510,36.526213,127.262083,16.485,293014017,"해밀동,산울동",55
2026-10-10T11:39:49,293000304,세종70자1505,36.486928,127.257451,2.631,293053005,"새롬동,나성동",22
2026-10-10T11:39:49,293000304,세종70자1506,36.534022,127.317328,12.616,293900054,용호동,57
2026-10-10T11:39:49,293000304,세종70자1305,36.475616,127.281772,22.172,293064209,"보람동,대평동",22
2026-10-10T11:39:49,293000304,세종70자1509,36.468128,127.274032,23.301,293055001,세종고속시외버스터미널(지상),29
2026-10-10T11:39:49,293000305,세종70자1354,36.467693,127.27356,0.0,293055002,세종고속시외버스터미널(지상),14
2026-10-10T11:39:49,293000305,세종70자1507,36.513399,127.330202,7.975,293064417,세종공동캠퍼스,43
2026-10-10T11:39:49,293000305,세종70자1511,36.46803,127.273508,23.378,293055001,세종고속시외버스터미널(지상),255
2026-10-10T11:39:49,293000311,세종70자1348,36.497898,127.316425,7.669,293064511,반곡고등학교,28
2026-10-10T11:39:49,293000311,세종70자1349,36.510926,127.241293,16.617,293064203,"시립도서관,대법원등기정보센터",34
2026-10-10T11:39:49,293000311,세종70자1351,36.467771,127.273515,23.426,293055001,세종고속시외버스터미널(지상),24
2026-10-10T11:39:49,293000312,세종70자1345,36.46929,127.273823,0.028,293055002,세종고속시외버스터미널(지상),20
2026-10-10T11:39:49,293000312,세종70자1352,36.507513,127.24153,6.436,293064475,"가락마을8단지,가재마을4단지",26
2026-10-10T11:39:49,293000312,세종70자1346,36.485436,127.32015,18.146,293011064,새나루마을1단지,27
2026-10-10T11:39:49,271000805,세종73자5643,36.497551,127.317533,1.629,293064418,집현동,30
2026-10-10T11:39:49,271000805,세종73자5642,36.493513,127.256431,10.051,293054003,다정동,23
2026-10-10T11:39:49,271000805,세종73자5675,36.55297,127.370071,25.635,293064498,다솜동,79
2026-10-10T11:39:49,271000805,세종73자5672,36.627883,127.429102,37.025,270054311,고속버스터미널,39
2026-10-10T11:39:49,271000805,세종73자5647,36.642202,127.421357,38.751,270054823,롯데쇼핑몰,6
2026-10-10T11:39:49,271000806,충북70자6075,36.645192,127.4281002,0.914,270054835,현대백화점,0
2026-10-10T11:39:49,271000806,충북70자3086,36.53710202,127.30454237,23.707,293900063,용호동,0
2026-10-10T11:39:49,271000806,충북70자2084,36.491125,127.303861,38.579,293064255,국책연구단지,0
2026-10-10T11:39:49,271000806,충북70자1055,36.49804,127.32304,40.677,293064479,집현동,0
2026-10-10T11:40:21,293000317,세종70자1705,36.387884,127.318013,0.0,186005279,반석역,15
2026-10-10T11:40:21,293000317,세종70자1703,36.486009,127.301056,13.451,293064216,소담동(새샘마을),44
2026-10-10T11:40:21,293000317,세종70자1704,36.580452,127.321485,27.475,293900055,용호동,68
2026-10-10T11:40:21,293000317,세종70자1706,36.619618,127.326505,33.214,270054837,오송역종점,17
2026-10-10T11:40:21,293000318,세종70자1707,36.531702,127.320246,12.801,293064493,다솜동,68
2026-10-10T11:40:21,293000318,세종70자1702,36.469248,127.273797,23.108,293055001,세종고속시외버스터미널(지상),32
2026-10-10T11:40:21,187000003,대전75자9935,36.34095,127.425692,1.868,187001380,한밭자이아파트,0
2026-10-10T11:40:21,187000003,대전75자9929,36.47891,127.289487,28.102,293064211,"세종시청,시의회,교육청",0
2026-10-10T11:40:21,187000003,대전75자9927,36.494379,127.256474,33.056,293054003,다정동,0
2026-10-10T11:40:21,187000003,대전75자9926,36.533737,127.274844,38.267,293014025,한별동,0
2026-10-10T11:40:21,187000003,대전75자9925,36.575208,127.319544,45.811,293064420,누리동,0
2026-10-10T11:40:21,187000003,대전75자9920,36.595395,127.331376,48.389,974019920,오송역2.3.4(미정차),0
2026-10-10T11:40:21,187000003,대전75자9918,36.534153,127.277117,65.187,293014026,한별동,0
2026-10-10T11:40:21,187000003,대전75자9917,36.502103,127.260163,69.693,293062007,정부세종청사 남측,0
2026-10-10T11:40:21,187000003,대전75자9916,36.470946,127.273679,73.932,293064221,세종고속시외버스터미널(지하),0
2026-10-10T11:40:21,187000003,대전75자9938,36.48336,127.306338,77.508,293064216,소담동(새샘마을),0
2026-10-10T11:40:21,187000003,대전75자9937,36.466818,127.365078,83.875,186005287,국제과학비즈니스벨트,0
2026-10-10T11:40:21,187000003,대전75자9915,36.40577,127.41669,93.371,187001388,대덕산업단지,0
2026-10-10T11:40:21,187000003,대전75자9914,36.35536,127.406988,100.056,187001389,오정농수산오거리,0
2026-10-10T11:40:21,187000003,대전75자9911,36.344265,127.420996,101.825,187001393,솔랑마을아파트,0
2026-10-10T11:40:21,187000003,대전75자9910,36.333834,127.437304,104.266,187001395,대전역동광장,0
2026-10-10T11:40:21,271000801,충북70자7051,36.587685,127.322945,18.014,293064420,누리동,0
2026-10-10T11:40:21,271000801,충북70자6052,36.66085716,127.3827951,33.932,271000641,보건의료행정타운,0
2026-10-10T11:40:21,271000802,충북70자1063,36.72344064,127.497054,0.383,270051719,청주국제공항,0
2026-10-10T11:40:21,271000802,충북70자5128,36.7109,127.428299,7.795,284000348,오창프라자,0
2026-10-10T11:40:21,271000802,충북70자5129,36.65185624,127.3724538,17.297,270054810,청주소로초등학교,0
2026-10-10T11:40:21,271000802,충북70자3071,36.534046,127.292199,39.621,293014058,누리동,0
2026-10-10T11:40:21,271000802,충북70자3070,36.47925319,127.26311978,48.231,293053009,한솔동,0
2026-10-10T11:40:21,293000282,세종70자1751,36.468082,127.27505,9.981,186004230,반석역,47
2026-10-10T11:40:21,293000282,세종70자1752,36.507417,127.241482,18.27,293064475,"가락마을8단지,가재마을4단지",16
2026-10-10T11:40:21,293000282,세종70자1754,36.55222,127.277552,26.446,293900056,연기리,40
2026-10-10T11:40:21,293000282,세종70자1745,36.60391,127.307234,34.028,293001094,조치원버스터미널,29
2026-10-10T11:40:21,293000282,세종70자1753,36.619047,127.327154,37.312,270054837,오송역종점,21
2026-10-10T11:40:21,293000283,세종70자1749,36.619456,127.32679,0.084,270054839,오송역7,15
2026-10-10T11:40:21,293000283,세종70자1744,36.584209,127.292675,7.114,293900004,번암안동네,49
2026-10-10T11:40:21,293000283,세종70자1750,36.499462,127.243092,20.334,293064145,다빛초등학교(가온마을3단지),16
2026-10-10T11:40:21,293000283,세종70자1747,36.446886,127.285845,30.22,293055059,세종고속시외버스터미널,68
2026-10-10T11:40:21,293000283,세종70자1748,36.388138,127.3173,37.557,186004229,반석역,20
2026-10-10T11:40:21,293000303,세종70자1510,36.52191599,127.259821,17.006,293064446,세종충남대학교병원,52
2026-10-10T11:40:21,293000304,세종70자1505,36.489431,127.256563,2.922,293053005,"새롬동,나성동",58
2026-10-10T11:40:21,293000304,세종70자1506,36.530893,127.32137,13.116,293064493,다솜동,58
2026-10-10T11:40:21,293000304,세종70자1305,36.475464,127.281564,22.201,293064209,"보람동,대평동",18
2026-10-10T11:40:21,293000304,세종70자1509,36.468128,127.274032,23.301,293055001,세종고속시외버스터미널(지상),29
2026-10-10T11:40:21,293000305,세종70자1354,36.467693,127.27356,0.0,293055002,세종고속시외버스터미널(지상),14
2026-10-10T11:40:21,293000305,세종70자1507,36.516601,127.330501,8.332,293064417,세종공동캠퍼스,40
2026-10-10T11:40:21,293000305,세종70자1511,36.46803,127.273508,23.378,293055001,세종고속시외버스터미널(지상),255
2026-10-10T11:40:21,293000311,세종70자1348,36.498023,127.312526,8.015,293064401,반곡동(수루배마을),42
2026-10-10T11:40:21,293000311,세종70자1349,36.509213,127.241255,16.808,293064203,"시립도서관,대법원등기정보센터",34
2026-10-10T11:40:21,293000312,세종70자1345,36.467745,127.2738,0.0,293055002,세종고속시외버스터미널(지상),20
2026-10-10T11:40:21,293000312,세종70자1352,36.507696,127.241508,6.456,293064475,"가락마을8단지,가재마을4단지",38
2026-10-10T11:40:21,293000312,세종70자1346,36.483765,127.317165,18.471,293900017,새나루마을1단지 후문,25
2026-10-10T11:40:21,271000805,세종73자5643,36.497736,127.312572,2.075,293064257,반곡동(수루배마을),36
2026-10-10T11:40:21,271000805,세종73자5642,36.493977,127.256322,10.101,293054003,다정동,23
2026-10-10T11:40:21,271000805,세종73자5675,36.558832,127.36919,26.051,293064498,다솜동,78
2026-10-10T11:40:21,271000805,세종73자5672,36.629536,127.427911,37.238,270054311,고속버스터미널,19
2026-10-10T11:40:21,271000805,세종73자5647,36.642202,127.421357,38.751,270054823,롯데쇼핑몰,6
2026-10-10T11:40:21,271000806,충북70자6075,36.645192,127.4281002,0.914,270054835,현대백화점,0
2026-10-10T11:40:21,271000806,충북70자3086,36.53650166,127.30236762,23.912,293900063,용호동,0
2026-10-10T11:40:21,271000806,충북70자2084,36.4954913,127.3067251,39.129,293064255,국책연구단지,0
2026-10-10T11:40:21,271000806,충북70자1055,36.49804,127.32304,40.677,293064479,집현동,0
2026-10-10T11:40:54,293000317,세종70자1705,36.387886,127.318006,0.0,186005279,반석역,4
2026-10-10T11:40:54,293000317,세종70자1703,36.486009,127.301056,13.451,293064216,소담동(새샘마을),44
2026-10-10T11:40:54,293000317,세종70자1704,36.58266299,127.321812,27.475,293900055,용호동,68
2026-10-10T11:40:54,293000317,세종70자1706,36.619618,127.326505,33.214,270054837,오송역종점,17
2026-10-10T11:40:54,293000318,세종70자1707,36.528761,127.323951,13.267,293064493,다솜동,62
2026-10-10T11:40:54,293000318,세종70자1702,36.469248,127.273797,23.108,293055001,세종고속시외버스터미널(지상),32
2026-10-10T11:40:54,187000003,대전75자9935,36.34095,127.425692,1.868,187001380,한밭자이아파트,0
2026-10-10T11:40:54,187000003,대전75자9929,36.47891,127.289487,28.102,293064211,"세종시청,시의회,교육청",0
2026-10-10T11:40:54,187000003,대전75자9927,36.498027,127.25803,33.489,293054003,다정동,0
2026-10-10T11:40:54,187000003,대전75자9926,36.533737,127.274844,38.267,293014025,한별동,0
2026-10-10T11:40:54,187000003,대전75자9925,36.575208,127.319544,45.811,293064420,누리동,0
2026-10-10T11:40:54,187000003,대전75자9920,36.595395,127.331376,48.389,974019920,오송역2.3.4(미정차),0
2026-10-10T11:40:54,187000003,대전75자9918,36.534153,127.277117,65.187,293014026,한별동,0
2026-10-10T11:40:54,187000003,대전75자9917,36.502103,127.260163,69.693,293062007,정부세종청사 남측,0
2026-10-10T11:40:54,187000003,대전75자9916,36.47225,127.276399,74.221,293064252,대평동,0
2026-10-10T11:40:54,187000003,대전75자9938,36.48336,127.306338,77.508,293064216,소담동(새샘마을),0
2026-10-10T11:40:54,187000003,대전75자9937,36.466818,127.365078,83.875,186005287,국제과학비즈니스벨트,0
2026-10-10T11:40:54,187000003,대전75자9915,36.40577,127.41669,93.371,187001388,대덕산업단지,0
2026-10-10T11:40:54,187000003,대전75자9914,36.35536,127.406988,100.056,187001389,오정농수산오거리,0
2026-10-10T11:40:54,187000003,대전75자9911,36.343707,127.421776,101.919,187001393,솔랑마을아파트,0
2026-10-10T11:40:54,187000003,대전75자9910,36.333834,127.437304,104.266,187001395,대전역동광장,0
2026-10-10T11:40:54,271000801,충북70자7051,36.587685,127.322945,18.014,293064420,누리동,0
2026-10-10T11:40:54,271000801,충북70자6052,36.66085716,127.3827951,33.932,271000641,보건의료행정타운,0
2026-10-10T11:40:54,271000802,충북70자1063,36.72344064,127.497054,0.383,270051719,청주국제공항,0
2026-10-10T11:40:54,271000802,충북70자5128,36.7109,127.428299,7.795,284000348,오창프라자,0
2026-10-10T11:40:54,271000802,충북70자5129,36.64702038,127.3487212,19.075,270054810,청주소로초등학교,0
2026-10-10T11:40:54,271000802,충북70자3071,36.53440642,127.28671183,40.114,293014058,누리동,0
2026-10-10T11:40:54,271000802,충북70자3070,36.47925319,127.26311978,48.231,293053009,한솔동,0
2026-10-10T11:40:54,293000282,세종70자1751,36.468965,127.27495,10.08,186004230,반석역,47
2026-10-10T11:40:54,293000282,세종70자1752,36.507595,127.241481,18.29,293064475,"가락마을8단지,가재마을4단지",16
2026-10-10T11:40:54,293000282,세종70자1754,36.555932,127.279717,26.903,293900056,연기리,68
2026-10-10T11:40:54,293000282,세종70자1745,36.605073,127.310697,34.365,293001094,조치원버스터미널,64
2026-10-10T11:40:54,293000282,세종70자1753,36.619047,127.327154,37.312,270054837,오송역종점,21
2026-10-10T11:40:54,293000283,세종70자1749,36.619278,127.32614,0.175,270054839,오송역7,25
2026-10-10T11:40:54,293000283,세종70자1744,36.578175,127.292426,7.802,293016126,월하리,47
2026-10-10T11:40:54,293000283,세종70자1750,36.499405,127.244333,20.445,293064145,다빛초등학교(가온마을3단지),19
2026-10-10T11:40:54,293000283,세종70자1747,36.443797,127.285888,30.564,293055059,세종고속시외버스터미널,68
2026-10-10T11:40:54,293000283,세종70자1748,36.387618,127.317679,37.557,186004229,반석역,20
2026-10-10T11:40:54,293000303,세종70자1510,36.518868,127.259126,17.352,293064446,세종충남대학교병원,53
2026-10-10T11:40:54,293000304,세종70자1505,36.493418,127.256166,3.362,293054003,다정동,48
2026-10-10T11:40:54,293000304,세종70자1506,36.527919,127.325113,13.586,293064493,다솜동,51
2026-10-10T11:40:54,293000304,세종70자1305,36.474999,127.280718,22.294,293064209,"보람동,대평동",33
2026-10-10T11:40:54,293000304,세종70자1509,36.468128,127.274032,23.301,293055001,세종고속시외버스터미널(지상),29
2026-10-10T11:40:54,293000305,세종70자1354,36.467693,127.27356,0.0,293055002,세종고속시외버스터미널(지상),14
2026-10-10T11:40:54,293000305,세종70자1507,36.520216,127.330791,8.735,293064417,세종공동캠퍼스,51
2026-10-10T11:40:54,293000305,세종70자1511,36.46803,127.273508,23.378,293055001,세종고속시외버스터미널(지상),255
2026-10-10T11:40:54,293000311,세종70자1348,36.497928,127.311711,8.089,293064401,반곡동(수루배마을),28
2026-10-10T11:40:54,293000311,세종70자1349,36.509213,127.241255,16.808,293064203,"시립도서관,대법원등기정보센터",34
2026-10-10T11:40:54,293000312,세종70자1345,36.467778,127.273794,0.0,293055002,세종고속시외버스터미널(지상),20
2026-10-10T11:40:54,293000312,세종70자1352,36.507696,127.241508,6.456,293064475,"가락마을8단지,가재마을4단지",38
2026-10-10T11:40:54,293000312,세종70자1346,36.4835,127.316465,18.541,293900017,새나루마을1단지 후문,28
2026-10-10T11:40:54,271000805,세종73자5643,36.497681,127.312033,2.123,293064257,반곡동(수루배마을),36
2026-10-10T11:40:54,271000805,세종73자5642,36.496414,127.257115,10.383,293054003,다정동,50
2026-10-10T11:40:54,271000805,세종73자5675,36.56355,127.373221,26.051,293064498,다솜동,78
2026-10-10T11:40:54,271000805,세종73자5672,36.630052,127.427522,37.305,270054311,고속버스터미널,19
2026-10-10T11:40:54,271000805,세종73자5647,36.642202,127.421357,38.751,270054823,롯데쇼핑몰,6
2026-10-10T11:40:54,271000806,충북70자6075,36.6420032,127.43168,2.067,270054836,대농공원.흥덕보건소임시청사,0
2026-10-10T11:40:54,271000806,충북70자3086,36.534046,127.292199,24.865,293014058,누리동,0
2026-10-10T11:40:54,271000806,충북70자2084,36.497498,127.310881,39.582,293064258,반곡동(수루배마을),0
2026-10-10T11:40:54,271000806,충북70자1055,36.49804,127.32304,40.677,293064479,집현동,0
2026-10-10T11:41:26,293000317,세종70자1705,36.389186,127.316895,0.084,186005279,반석역,35
2026-10-10T11:41:26,293000317,세종70자1703,36.48703,127.301759,13.582,293064253,"법원,검찰청,경찰청",1
2026-10-10T11:41:26,293000317,세종70자1704,36.58769,127.323071,27.475,293900055,용호동,68
2026-10-10T11:41:26,293000317,세종70자1706,36.619618,127.326505,33.214,270054837,오송역종점,17
2026-10-10T11:41:26,293000318,세종70자1707,36.524155,127.328949,13.951,293064493,다솜동,63
2026-10-10T11:41:26,293000318,세종70자1702,36.469248,127.273797,23.108,293055001,세종고속시외버스터미널(지상),32
2026-10-10T11:41:26,187000003,대전75자9935,36.34095,127.425692,1.868,187001380,한밭자이아파트,0
2026-10-10T11:41:26,187000003,대전75자9929,36.478448,127.288554,28.2,293064211,"세종시청,시의회,교육청",0
2026-10-10T11:41:26,187000003,대전75자9927,36.50044,127.259462,33.787,293062006,정부세종청사 남측,0
2026-10-10T11:41:26,187000003,대전75자9926,36.533737,127.274844,38.267,293014025,한별동,0
2026-10-10T11:41:26,187000003,대전75자9925,36.588381,127.323521,47.331,293064420,누리동,0
2026-10-10T11:41:26,187000003,대전75자9920,36.595395,127.331376,48.389,974019920,오송역2.3.4(미정차),0
2026-10-10T11:41:26,187000003,대전75자9918,36.534153,127.277117,65.187,293014026,한별동,0
2026-10-10T11:41:26,187000003,대전75자9917,36.501324,127.259761,69.787,293062007,정부세종청사 남측,0
2026-10-10T11:41:26,187000003,대전75자9916,36.474774,127.280285,74.668,293064206,"보람동,대평동",0
2026-10-10T11:41:26,187000003,대전75자9938,36.48336,127.306338,77.508,293064216,소담동(새샘마을),0
2026-10-10T11:41:26,187000003,대전75자9937,36.454258,127.369617,85.463,186005287,국제과학비즈니스벨트,0
2026-10-10T11:41:26,187000003,대전75자9915,36.393162,127.413096,94.822,187001388,대덕산업단지,0
2026-10-10T11:41:26,187000003,대전75자9914,36.35536,127.406988,100.056,187001389,오정농수산오거리,0
2026-10-10T11:41:26,187000003,대전75자9911,36.343707,127.421776,101.919,187001393,솔랑마을아파트,0
2026-10-10T11:41:26,187000003,대전75자9910,36.333834,127.437304,104.266,187001395,대전역동광장,0
2026-10-10T11:41:26,271000801,충북70자2008,36.469306,127.273946,0.028,293055002,세종고속시외버스터미널(지상),0
2026-10-10T11:41:26,271000801,충북70자7051,36.587685,127.322945,18.014,293064420,누리동,0
2026-10-10T11:41:26,271000801,충북70자6052,36.6698978,127.3906728,35.161,270054811,청주소로초등학교,0
2026-10-10T11:41:26,271000802,충북70자1063,36.72344064,127.497054,0.383,270051719,청주국제공항,0
2026-10-10T11:41:26,271000802,충북70자5128,36.7109,127.428299,7.795,284000348,오창프라자,0
2026-10-10T11:41:26,271000802,충북70자5129,36.64674433,127.3398015,20.346,270054810,청주소로초등학교,0
2026-10-10T11:41:26,271000802,충북70자3071,36.5341,127.27661,41.024,293014026,한별동,0
2026-10-10T11:41:26,271000802,충북70자3070,36.47134816,127.2694115,49.285,293053009,한솔동,0
2026-10-10T11:41:26,293000282,세종70자1751,36.469166,127.274797,10.127,186004230,반석역,25
2026-10-10T11:41:26,293000282,세종70자1752,36.510546,127.241531,18.618,293064475,"가락마을8단지,가재마을4단지",50
2026-10-10T11:41:26,293000282,세종70자1754,36.560923,127.283997,27.587,293064249,봉암리,56
2026-10-10T11:41:26,293000282,세종70자1745,36.609147,127.322763,35.533,270050300,오송3리,57
2026-10-10T11:41:26,293000282,세종70자1753,36.619047,127.327154,37.312,270054837,오송역종점,21
2026-10-10T11:41:26,293000283,세종70자1749,36.618574,127.326906,0.279,270054839,오송역7,25
2026-10-10T11:41:26,293000283,세종70자1744,36.575206,127.291545,8.143,293016126,월하리,52
2026-10-10T11:41:26,293000283,세종70자1750,36.49933,127.245366,20.538,293064145,다빛초등학교(가온마을3단지),38
2026-10-10T11:41:26,293000283,세종70자1747,36.436436,127.285987,31.389,293055059,세종고속시외버스터미널,67
2026-10-10T11:41:26,293000283,세종70자1748,36.387618,127.317679,37.557,186004229,반석역,20
2026-10-10T11:41:26,293000303,세종70자1510,36.514656,127.259036,17.822,293056002,도담동,21
2026-10-10T11:41:26,293000304,세종70자1505,36.495928,127.256816,3.65,293054003,다정동,55
2026-10-10T11:41:26,293000304,세종70자1506,36.524865,127.328557,14.045,293064493,다솜동,57
2026-10-10T11:41:26,293000304,세종70자1305,36.474999,127.280718,22.294,293064209,"보람동,대평동",255
2026-10-10T11:41:26,293000304,세종70자1509,36.468128,127.274032,23.301,293055001,세종고속시외버스터미널(지상),29
2026-10-10T11:41:26,293000305,세종70자1354,36.467693,127.27356,0.0,293055002,세종고속시외버스터미널(지상),14
2026-10-10T11:41:26,293000305,세종70자1507,36.523483,127.329482,9.119,293064417,세종공동캠퍼스,51
2026-10-10T11:41:26,293000305,세종70자1511,36.46803,127.273508,23.378,293055001,세종고속시외버스터미널(지상),255
2026-10-10T11:41:26,293000311,세종70자1348,36.495811,127.306741,8.672,293064401,반곡동(수루배마을),17
2026-10-10T11:41:26,293000311,세종70자1349,36.505211,127.239685,17.262,293064472,"가락마을8단지,가재마을4단지",53
2026-10-10T11:41:26,293000312,세종70자1345,36.467771,127.27411,0.0,293055002,세종고속시외버스터미널(지상),17
2026-10-10T11:41:26,293000312,세종70자1352,36.510065,127.2415,6.72,293064475,"가락마을8단지,가재마을4단지",57
2026-10-10T11:41:26,293000312,세종70자1346,36.482448,127.310525,19.085,293900017,새나루마을1단지 후문,30
2026-10-10T11:41:26,271000805,세종73자5643,36.497694,127.311827,2.141,293064257,반곡동(수루배마을),6
2026-10-10T11:41:26,271000805,세종73자5642,36.500468,127.259431,10.88,293062006,정부세종청사 남측,25
2026-10-10T11:41:26,271000805,세종73자5675,36.567344,127.379187,27.624,293064498,다솜동,79
2026-10-10T11:41:26,271000805,세종73자5672,36.630057,127.42752,37.305,270054311,고속버스터미널,8
2026-10-10T11:41:26,271000805,세종73자5647,36.642202,127.421357,38.751,270054823,롯데쇼핑몰,6
2026-10-10T11:41:26,271000806,충북70자6075,36.6420032,127.43168,2.067,270054836,대농공원.흥덕보건소임시청사,0
2026-10-10T11:41:26,271000806,충북70자3086,36.53440642,127.28671183,25.357,293014058,누리동,0
2026-10-10T11:41:26,271000806,충북70자2084,36.497498,127.310881,39.582,293064258,반곡동(수루배마을),0
2026-10-10T11:41:26,271000806,충북70자1055,36.49804,127.32304,40.677,293064479,집현동,0
2026-10-10T11:42:00,293000317,세종70자1705,36.391515,127.315085,0.389,186005279,반석역,35
2026-10-10T11:42:00,293000317,세종70자1703,36.489678,127.302881,13.894,293064253,"법원,검찰청,경찰청",44
2026-10-10T11:42:00,293000317,세종70자1704,36.594504,127.330758,28.844,293900055,용호동,68
2026-10-10T11:42:00,293000317,세종70자1706,36.619622,127.326503,33.214,270054837,오송역종점,17
2026-10-10T11:42:00,293000318,세종70자1707,36.519602,127.330649,14.488,293064493,다솜동,62
2026-10-10T11:42:00,293000318,세종70자1702,36.469248,127.273797,23.108,293055001,세종고속시외버스터미널(지상),32
2026-10-10T11:42:00,187000003,대전75자9935,36.342401,127.423691,2.109,187001380,한밭자이아파트,0
2026-10-10T11:42:00,187000003,대전75자9929,36.475392,127.281366,28.931,293064209,"보람동,대평동",0
2026-10-10T11:42:00,187000003,대전75자9927,36.501276,127.259869,33.887,293062006,정부세종청사 남측,0
2026-10-10T11:42:00,187000003,대전75자9925,36.595083,127.331225,48.353,293064420,누리동,0
2026-10-10T11:42:00,187000003,대전75자9926,36.533951,127.29271,39.871,293064420,누리동,0
2026-10-10T11:42:00,187000003,대전75자9920,36.595395,127.331376,48.389,974019920,오송역2.3.4(미정차),0
2026-10-10T11:42:00,187000003,대전75자9918,36.529812,127.265065,66.391,293014017,"해밀동,산울동",0
2026-10-10T11:42:00,187000003,대전75자9917,36.498409,127.258166,70.147,293062007,정부세종청사 남측,0
2026-10-10T11:42:00,187000003,대전75자9916,36.475144,127.280856,74.734,293064206,"보람동,대평동",0
2026-10-10T11:42:00,187000003,대전75자9938,36.480938,127.307741,77.811,293064218,한국개발연구원(KDI),0
2026-10-10T11:42:00,187000003,대전75자9937,36.454258,127.369617,85.463,186005287,국제과학비즈니스벨트,0
2026-10-10T11:42:00,187000003,대전75자9915,36.382887,127.412501,95.967,187001388,대덕산업단지,0
2026-10-10T11:42:00,187000003,대전75자9914,36.352613,127.410367,100.486,187001390,오정동행정복지센터,0
2026-10-10T11:42:00,187000003,대전75자9911,36.342693,127.423203,102.09,187001393,솔랑마을아파트,0
2026-10-10T11:42:00,187000003,대전75자9910,36.333834,127.437304,104.266,187001395,대전역동광장,0
2026-10-10T11:42:00,271000801,충북70자2008,36.470816,127.273172,0.251,293064220,세종고속시외버스터미널(지하),0
2026-10-10T11:42:00,271000801,충북70자7051,36.60637807,127.3398934,20.665,293064420,누리동,0
2026-10-10T11:42:00,271000801,충북70자6052,36.6698978,127.3906728,35.161,270054811,청주소로초등학교,0
2026-10-10T11:42:00,271000802,충북70자1063,36.72344064,127.497054,0.383,270051719,청주국제공항,0
2026-10-10T11:42:00,271000802,충북70자5128,36.7109,127.428299,7.795,284000348,오창프라자,0
2026-10-10T11:42:00,271000802,충북70자5129,36.64558819,127.335884,21.403,270054810,청주소로초등학교,0
2026-10-10T11:42:00,271000802,충북70자3071,36.5341,127.27661,41.024,293014026,한별동,0
2026-10-10T11:42:00,271000802,충북70자3070,36.47064,127.273189,49.637,293064221,세종고속시외버스터미널(지하),0
2026-10-10T11:42:00,293000282,세종70자1751,36.468818,127.272499,10.335,293055058,세종고속시외버스터미널,46
2026-10-10T11:42:00,293000282,세종70자1752,36.511876,127.241718,18.809,293064204,"시립도서관,대법원등기정보센터",23
2026-10-10T11:42:00,293000282,세종70자1754,36.561614,127.284977,27.703,293064249,봉암리,44
2026-10-10T11:42:00,293000282,세종70자1745,36.610293,127.326141,35.862,293001094,조치원버스터미널,2
2026-10-10T11:42:00,293000282,세종70자1753,36.619047,127.327154,37.312,270054837,오송역종점,21
2026-10-10T11:42:00,293000283,세종70자1749,36.617707,127.327737,0.41,270054839,오송역7,53
2026-10-10T11:42:00,293000283,세종70자1744,36.568826,127.289667,8.872,293016126,월하리,69
2026-10-10T11:42:00,293000283,세종70자1750,36.498579,127.248969,20.963,293064262,"가온마을6,9단지",35
2026-10-10T11:42:00,293000283,세종70자1747,36.432015,127.286484,31.883,293055059,세종고속시외버스터미널,68
2026-10-10T11:42:00,293000283,세종70자1748,36.385175,127.320174,37.557,186004229,반석역,37
2026-10-10T11:42:00,293000303,세종70자1510,36.514573,127.259083,17.832,293056002,도담동,21
2026-10-10T11:42:00,293000304,세종70자1505,36.50050499,127.259508,4.215,293062006,정부세종청사 남측,35
2026-10-10T11:42:00,293000304,세종70자1506,36.520014,127.330708,14.621,293064493,다솜동,57
2026-10-10T11:42:00,293000304,세종70자1305,36.472092,127.276375,22.801,293064209,"보람동,대평동",2
2026-10-10T11:42:00,293000304,세종70자1509,36.468128,127.274032,23.301,293055001,세종고속시외버스터미널(지상),29
2026-10-10T11:42:00,293000305,세종70자1354,36.467693,127.27356,0.0,293055002,세종고속시외버스터미널(지상),14
2026-10-10T11:42:00,293000305,세종70자1507,36.526421,127.327053,9.514,293064417,세종공동캠퍼스,44
2026-10-10T11:42:00,293000305,세종70자1511,36.46803,127.273508,23.378,293055001,세종고속시외버스터미널(지상),255
2026-10-10T11:42:00,293000311,세종70자1348,36.496443,127.305174,8.828,293900013,세종연구단지(수루배1단지),30
2026-10-10T11:42:00,293000311,세종70자1349,36.503164,127.240518,17.486,293064473,"종촌초등학교(가락마을6,7단지)",12
2026-10-10T11:42:00,293000312,세종70자1345,36.468395,127.274127,0.0,293055002,세종고속시외버스터미널(지상),17
2026-10-10T11:42:00,293000312,세종70자1352,36.511788,127.241525,6.911,293064204,"시립도서관,대법원등기정보센터",38
2026-10-10T11:42:00,293000312,세종70자1346,36.482352,127.309847,19.146,293900017,새나루마을1단지 후문,30
2026-10-10T11:42:00,271000805,세종73자5643,36.497694,127.311827,2.141,293064257,반곡동(수루배마을),6
2026-10-10T11:42:00,271000805,세종73자5642,36.500887,127.259608,10.93,293062006,정부세종청사 남측,7
2026-10-10T11:42:00,271000805,세종73자5675,36.572222,127.382856,28.261,293064498,다솜동,79
2026-10-10T11:42:00,271000805,세종73자5672,36.632429,127.425818,37.61,971007260,충북선거관리위원회,38
2026-10-10T11:42:00,271000805,세종73자5647,36.642202,127.421357,38.751,270054823,롯데쇼핑몰,6
2026-10-10T11:42:00,271000806,충북70자6075,36.6420032,127.43168,2.067,270054836,대농공원.흥덕보건소임시청사,0
2026-10-10T11:42:00,271000806,충북70자3086,36.5341,127.27661,26.269,293014026,한별동,0
2026-10-10T11:42:00,271000806,충북70자2084,36.497498,127.310881,39.582,293064258,반곡동(수루배마을),0
2026-10-10T11:42:00,271000806,충북70자1055,36.49804,127.32304,40.677,293064479,집현동,0
2026-10-10T11:42:32,293000317,세종70자1705,36.393129,127.313929,0.596,186005279,반석역,59
2026-10-10T11:42:32,293000317,세종70자1703,36.49096,127.303745,14.057,293064255,국책연구단지,38
2026-10-10T11:42:32,293000317,세종70자1704,36.598564,127.334689,29.638,293900055,용호동,68
2026-10-10T11:42:32,293000317,세종70자1706,36.619622,127.326503,33.214,270054837,오송역종점,17
2026-10-10T11:42:32,293000318,세종70자1707,36.515335,127.330243,14.963,293064493,다솜동,57
2026-10-10T11:42:32,293000318,세종70자1702,36.468902,127.274679,23.289,293055001,세종고속시외버스터미널(지상),20
2026-10-10T11:42:32,187000003,대전75자9935,36.343119,127.42273,2.227,187001381,솔랑마을아파트,0
2026-10-10T11:42:32,187000003,대전75자9929,36.472346,127.276563,29.481,293064251,대평동,0
2026-10-10T11:42:32,187000003,대전75자9927,36.504577,127.261434,34.28,293062011,정부세종청사 북측,0
2026-10-10T11:42:32,187000003,대전75자9925,36.595083,127.331225,48.353,293064420,누리동,0
2026-10-10T11:42:32,187000003,대전75자9926,36.533951,127.29271,39.871,293064420,누리동,0
2026-10-10T11:42:32,187000003,대전75자9920,36.575556,127.319603,45.861,974019920,오송역2.3.4(미정차),0
2026-10-10T11:42:32,187000003,대전75자9918,36.529157,127.264329,66.489,293014017,"해밀동,산울동",0
2026-10-10T11:42:32,187000003,대전75자9917,36.495209,127.256609,70.538,293062004,다정동,0
2026-10-10T11:42:32,187000003,대전75자9916,36.475144,127.280856,74.734,293064206,"보람동,대평동",0
2026-10-10T11:42:32,187000003,대전75자9938,36.478313,127.309945,78.169,293064218,한국개발연구원(KDI),0
2026-10-10T11:42:32,187000003,대전75자9937,36.454258,127.369617,85.463,186005287,국제과학비즈니스벨트,0
2026-10-10T11:42:32,187000003,대전75자9915,36.382887,127.412501,95.967,187001388,대덕산업단지,0
2026-10-10T11:42:32,187000003,대전75자9914,36.352022,127.411115,100.58,187001390,오정동행정복지센터,0
2026-10-10T11:42:32,187000003,대전75자9911,36.340953999999996,127.425588,102.378,187001394,한밭자이아파트,0
2026-10-10T11:42:32,187000003,대전75자9910,36.333834,127.437304,104.266,187001395,대전역동광장,0
2026-10-10T11:42:32,271000801,충북70자2008,36.47215857,127.26824911,0.733,293064220,세종고속시외버스터미널(지하),0
2026-10-10T11:42:32,271000801,충북70자7051,36.61143314,127.3349144,21.679,293064420,누리동,0
2026-10-10T11:42:32,271000801,충북70자6052,36.6698978,127.3906728,35.161,270054811,청주소로초등학교,0
2026-10-10T11:42:32,271000802,충북70자1063,36.72344064,127.497054,0.383,270051719,청주국제공항,0
2026-10-10T11:42:32,271000802,충북70자5128,36.7106972,127.4268312,7.932,284000348,오창프라자,0
2026-10-10T11:42:32,271000802,충북70자5129,36.64409577,127.3307014,21.894,270054810,청주소로초등학교,0
2026-10-10T11:42:32,271000802,충북70자3071,36.5341,127.27661,41.024,293014026,한별동,0
2026-10-10T11:42:32,271000802,충북70자3070,36.469289,127.273836,49.836,293055001,세종고속시외버스터미널(지상),0
2026-10-10T11:42:32,293000282,세종70자1751,36.468889,127.271387,10.476,293055058,세종고속시외버스터미널,11
2026-10-10T11:42:32,293000282,세종70자1752,36.511791,127.243898,19.004,293064204,"시립도서관,대법원등기정보센터",45
2026-10-10T11:42:32,293000282,세종70자1754,36.564496,127.288075,28.127,293064249,봉암리,69
2026-10-10T11:42:32,293000282,세종70자1745,36.61029,127.326147,35.862,293001094,조치원버스터미널,2
2026-10-10T11:42:32,293000282,세종70자1753,36.619047,127.327154,37.312,270054837,오송역종점,21
2026-10-10T11:42:32,293000283,세종70자1749,36.614287,127.3314,0.912,270054839,오송역7,55
2026-10-10T11:42:32,293000283,세종70자1744,36.565348,127.28849,9.272,293016126,월하리,67
2026-10-10T11:42:32,293000283,세종70자1750,36.497957,127.248899,21.032,293064262,"가온마을6,9단지",17
2026-10-10T11:42:32,293000283,세종70자1747,36.42634,127.291693,32.126,293055059,세종고속시외버스터미널,68
2026-10-10T11:42:32,293000283,세종70자1748,36.385175,127.320174,37.557,186004229,반석역,37
2026-10-10T11:42:32,293000303,세종70자1510,36.514379,127.2591,17.854,293056002,도담동,21
2026-10-10T11:42:32,293000304,세종70자1505,36.500814,127.259643,4.251,293062006,정부세종청사 남측,35
2026-10-10T11:42:32,293000304,세종70자1506,36.516575,127.330417,15.005,293064493,다솜동,57
2026-10-10T11:42:32,293000304,세종70자1305,36.47226,127.276422,22.786,293064209,"보람동,대평동",6
2026-10-10T11:42:32,293000304,세종70자1509,36.468128,127.274032,23.301,293055001,세종고속시외버스터미널(지상),29
2026-10-10T11:42:32,293000305,세종70자1354,36.467693,127.27356,0.0,293055002,세종고속시외버스터미널(지상),14
2026-10-10T11:42:32,293000305,세종70자1507,36.530448,127.321732,10.168,293064417,세종공동캠퍼스,35
2026-10-10T11:42:32,293000305,세종70자1511,36.46803,127.273508,23.378,293055001,세종고속시외버스터미널(지상),255
2026-10-10T11:42:32,293000311,세종70자1348,36.49662,127.304664,8.878,293900013,세종연구단지(수루배1단지),30
2026-10-10T11:42:32,293000311,세종70자1349,36.502089,127.240685,17.604,293064473,"종촌초등학교(가락마을6,7단지)",49
2026-10-10T11:42:32,293000312,세종70자1345,36.468396,127.274114,0.0,293055002,세종고속시외버스터미널(지상),17
2026-10-10T11:42:32,293000312,세종70자1352,36.517403,127.241771,7.536,293064476,아름제2중(가락마을20단지),56
2026-10-10T11:42:32,293000312,세종70자1346,36.482176,127.307591,19.348,293060004,한국개발연구원(KDI),18
2026-10-10T11:42:32,271000805,세종73자5643,36.497344,127.309256,2.376,293064257,반곡동(수루배마을),51
2026-10-10T11:42:32,271000805,세종73자5642,36.501342,127.25987,10.985,293062006,정부세종청사 남측,40
2026-10-10T11:42:32,271000805,세종73자5675,36.577456,127.386311,28.92,293064498,다솜동,78
2026-10-10T11:42:32,271000805,세종73자5672,36.635266,127.423792,37.973,270054817,하복대벽산.서청주파크자이아파트,9
2026-10-10T11:42:32,271000805,세종73자5647,36.642202,127.421357,38.751,270054823,롯데쇼핑몰,6
2026-10-10T11:42:32,271000806,충북70자6075,36.642163,127.4261725,2.561,270054828,솔밭초등학교.신영지웰시티,0
2026-10-10T11:42:32,271000806,충북70자3086,36.5341,127.27661,26.269,293014026,한별동,0
2026-10-10T11:42:32,271000806,충북70자2084,36.497498,127.310881,39.582,293064258,반곡동(수루배마을),0
2026-10-10T11:42:32,271000806,충북70자1055,36.49804,127.32304,40.677,293064479,집현동,0
2026-10-10T11:43:05,293000317,세종70자1705,36.395389,127.312248,0.89,186005279,반석역,59
2026-10-10T11:43:05,293000317,세종70자1703,36.493378,127.305392,14.365,293064255,국책연구단지,48
2026-10-10T11:43:05,293000317,세종70자1704,36.602328,127.33906,30.736,293900055,용호동,68
2026-10-10T11:43:05,293000317,세종70자1706,36.619622,127.326503,33.214,270054837,오송역종점,17
2026-10-10T11:43:05,293000318,세종70자1707,36.511268,127.329868,15.417,293064493,다솜동,56
2026-10-10T11:43:05,293000318,세종70자1702,36.465949,127.275081,23.619,293055001,세종고속시외버스터미널(지상),65
2026-10-10T11:43:05,187000003,대전75자9935,36.345762,127.419057,2.668,187001382,대덕구청,0
2026-10-10T11:43:05,187000003,대전75자9929,36.472346,127.276563,29.481,293064251,대평동,0
2026-10-10T11:43:05,187000003,대전75자9927,36.504577,127.261434,34.28,293062011,정부세종청사 북측,0
2026-10-10T11:43:05,187000003,대전75자9925,36.608309,127.338921,49.396,293064420,누리동,0
2026-10-10T11:43:05,187000003,대전75자9926,36.534358,127.294956,40.079,293064420,누리동,0
2026-10-10T11:43:05,187000003,대전75자9920,36.575556,127.319603,45.861,974019920,오송역2.3.4(미정차),0
2026-10-10T11:43:05,187000003,대전75자9918,36.521933,127.259834,67.402,293064446,세종충남대학교병원,0
2026-10-10T11:43:05,187000003,대전75자9917,36.495209,127.256609,70.538,293062004,다정동,0
2026-10-10T11:43:05,187000003,대전75자9916,36.478084,127.287656,75.421,293064210,"세종시청,시의회,교육청",0
2026-10-10T11:43:05,187000003,대전75자9938,36.478313,127.309945,78.169,293064218,한국개발연구원(KDI),0
2026-10-10T11:43:05,187000003,대전75자9937,36.443816,127.383505,87.444,186005287,국제과학비즈니스벨트,0
2026-10-10T11:43:05,187000003,대전75자9915,36.374616,127.403756,97.308,187001388,대덕산업단지,0
2026-10-10T11:43:05,187000003,대전75자9914,36.350529,127.412981,100.816,187001391,한남오거리(BRT),0
2026-10-10T11:43:05,187000003,대전75자9911,36.340953999999996,127.425588,102.378,187001394,한밭자이아파트,0
2026-10-10T11:43:05,187000003,대전75자9910,36.333834,127.437304,104.266,187001395,대전역동광장,0
2026-10-10T11:43:05,271000801,충북70자3070,36.469306,127.273946,0.028,293055002,세종고속시외버스터미널(지상),0
2026-10-10T11:43:05,271000801,충북70자2008,36.47925319,127.26311978,1.645,293064220,세종고속시외버스터미널(지하),0
2026-10-10T11:43:05,271000801,충북70자7051,36.61619611,127.3295943,22.686,293064420,누리동,0
2026-10-10T11:43:05,271000801,충북70자6052,36.67830432,127.3983792,36.601,270054811,청주소로초등학교,0
2026-10-10T11:43:05,271000802,충북70자1063,36.72344064,127.497054,0.383,270051719,청주국제공항,0
2026-10-10T11:43:05,271000802,충북70자5128,36.70873187,127.4266107,8.159,284000348,오창프라자,0
2026-10-10T11:43:05,271000802,충북70자5129,36.64383297,127.3256669,22.35,270054810,청주소로초등학교,0
2026-10-10T11:43:05,271000802,충북70자3071,36.529537,127.264719,42.229,293014017,"해밀동,산울동",0
2026-10-10T11:43:05,293000282,세종70자1751,36.470826,127.271775,10.697,293055058,세종고속시외버스터미널,28
2026-10-10T11:43:05,293000282,세종70자1752,36.511659,127.246889,19.272,293061003,아름동커뮤니티센터,25
2026-10-10T11:43:05,293000282,세종70자1754,36.570606,127.290308,28.836,293064249,봉암리,69
2026-10-10T11:43:05,293000282,세종70자1745,36.610473,127.326676,35.914,270050300,오송3리,39
2026-10-10T11:43:05,293000282,세종70자1753,36.619047,127.327154,37.312,270054837,오송역종점,21
2026-10-10T11:43:05,293000283,세종70자1749,36.611716,127.328738,1.375,270054839,오송역7,49
2026-10-10T11:43:05,293000283,세종70자1744,36.562008,127.285361,9.738,293064250,봉암리,17
2026-10-10T11:43:05,293000283,세종70자1750,36.49591499,127.248778,21.26,293064262,"가온마을6,9단지",17
2026-10-10T11:43:05,293000283,세종70자1747,36.421664,127.297557,33.424,293055059,세종고속시외버스터미널,68
2026-10-10T11:43:05,293000283,세종70자1748,36.385175,127.320174,37.557,186004229,반석역,37
2026-10-10T11:43:05,293000303,세종70자1510,36.51119099,127.26016,18.224,293056002,도담동,56
2026-10-10T11:43:05,293000304,세종70자1505,36.5038,127.261013,4.605,293062011,정부세종청사 북측,40
2026-10-10T11:43:05,293000304,세종70자1506,36.512262,127.330039,15.486,293064493,다솜동,57
2026-10-10T11:43:05,293000304,세종70자1305,36.470654,127.273024,23.108,293064209,"보람동,대평동",8
2026-10-10T11:43:05,293000304,세종70자1509,36.468128,127.274032,23.301,293055001,세종고속시외버스터미널(지상),29
2026-10-10T11:43:05,293000305,세종70자1354,36.467693,127.27356,0.0,293055002,세종고속시외버스터미널(지상),14
2026-10-10T11:43:05,293000305,세종70자1507,36.53164799,127.320516,10.338,293064492,다솜동,30
2026-10-10T11:43:05,293000305,세종70자1511,36.46803,127.273508,23.378,293055001,세종고속시외버스터미널(지상),255
2026-10-10T11:43:05,293000311,세종70자1348,36.49662,127.304664,8.878,293900013,세종연구단지(수루배1단지),30
2026-10-10T11:43:05,293000311,세종70자1349,36.499931,127.240398,17.845,293064473,"종촌초등학교(가락마을6,7단지)",1
2026-10-10T11:43:05,293000312,세종70자1345,36.468381,127.274109,0.0,293055002,세종고속시외버스터미널(지상),17
2026-10-10T11:43:05,293000312,세종70자1352,36.51896,127.244278,7.937,293064099,"범지기3,9단지(청소년센터)",39
2026-10-10T11:43:05,293000312,세종70자1346,36.482997,127.307062,19.474,293060004,한국개발연구원(KDI),28
2026-10-10T11:43:05,271000805,세종73자5643,36.49437,127.305754,2.843,293064257,반곡동(수루배마을),65
2026-10-10T11:43:05,271000805,세종73자5642,36.504075,127.261134,11.31,293062011,정부세종청사 북측,33
2026-10-10T11:43:05,271000805,세종73자5675,36.58458499,127.388762,29.746,293064498,다솜동,79
2026-10-10T11:43:05,271000805,세종73자5672,36.635822,127.423536,38.039,270054817,하복대벽산.서청주파크자이아파트,11
2026-10-10T11:43:05,271000805,세종73자5647,36.642202,127.421357,38.751,270054823,롯데쇼핑몰,6
2026-10-10T11:43:05,271000806,충북70자6075,36.642163,127.4261725,2.561,270054828,솔밭초등학교.신영지웰시티,0
2026-10-10T11:43:05,271000806,충북70자3086,36.5341,127.27661,26.269,293014026,한별동,0
2026-10-10T11:43:05,271000806,충북70자2084,36.497498,127.310881,39.582,293064258,반곡동(수루배마을),0
2026-10-10T11:43:05,271000806,충북70자1055,36.49804,127.32304,40.677,293064479,집현동,0
2026-10-10T11:43:36,293000317,세종70자1705,36.395389,127.312248,0.89,186005279,반석역,59
2026-10-10T11:43:36,293000317,세종70자1703,36.496887,127.308244,14.832,293064255,국책연구단지,48
2026-10-10T11:43:36,293000317,세종70자1704,36.60844,127.338779,31.423,293900055,용호동,69
2026-10-10T11:43:36,293000317,세종70자1706,36.619622,127.326503,33.214,270054837,오송역종점,17
2026-10-10T11:43:36,293000318,세종70자1707,36.507012,127.329476,15.891,293064493,다솜동,57
2026-10-10T11:43:36,293000318,세종70자1702,36.461336,127.277584,24.194,293055001,세종고속시외버스터미널(지상),68
2026-10-10T11:43:36,187000003,대전75자9935,36.345762,127.419057,2.668,187001382,대덕구청,0
2026-10-10T11:43:36,187000003,대전75자9929,36.47108,127.273645,29.781,293064220,세종고속시외버스터미널(지하),0
2026-10-10T11:43:36,187000003,대전75자9927,36.504577,127.261434,34.28,293062011,정부세종청사 북측,0
2026-10-10T11:43:36,187000003,대전75자9925,36.608309,127.338921,49.396,293064420,누리동,0
2026-10-10T11:43:36,187000003,대전75자9926,36.534358,127.294956,40.079,293064420,누리동,0
2026-10-10T11:43:36,187000003,대전75자9920,36.565541,127.309358,44.399,974019920,오송역2.3.4(미정차),0
2026-10-10T11:43:36,187000003,대전75자9918,36.521133,127.259541,67.495,293064446,세종충남대학교병원,0
2026-10-10T11:43:36,187000003,대전75자9917,36.494367,127.256384,70.634,293062004,다정동,0
2026-10-10T11:43:36,187000003,대전75자9916,36.478084,127.287656,75.421,293064210,"세종시청,시의회,교육청",0
2026-10-10T11:43:36,187000003,대전75자9938,36.478313,127.309945,78.169,293064218,한국개발연구원(KDI),0
2026-10-10T11:43:36,187000003,대전75자9937,36.443816,127.383505,87.444,186005287,국제과학비즈니스벨트,0
2026-10-10T11:43:36,187000003,대전75자9915,36.374616,127.403756,97.308,187001388,대덕산업단지,0
2026-10-10T11:43:36,187000003,대전75자9914,36.349884,127.413757,100.916,187001391,한남오거리(BRT),0
2026-10-10T11:43:36,187000003,대전75자9911,36.338252,127.429284,102.825,187001394,한밭자이아파트,0
2026-10-10T11:43:36,187000003,대전75자9910,36.333834,127.437304,104.266,187001395,대전역동광장,0
2026-10-10T11:43:36,271000801,충북70자3070,36.469306,127.273946,0.028,293055002,세종고속시외버스터미널(지상),0
2026-10-10T11:43:36,271000801,충북70자2008,36.48070657,127.26208309,1.831,293053011,한솔동,0
2026-10-10T11:43:36,271000801,충북70자7051,36.61619611,127.3295943,22.686,293064420,누리동,0
2026-10-10T11:43:36,271000801,충북70자6052,36.67830432,127.3983792,36.601,270054811,청주소로초등학교,0
2026-10-10T11:43:36,271000802,충북70자1063,36.72344064,127.497054,0.383,270051719,청주국제공항,0
2026-10-10T11:43:36,271000802,충북70자5128,36.70735567,127.4284514,8.394,284000348,오창프라자,0
2026-10-10T11:43:36,271000802,충북70자5129,36.64383297,127.3256669,22.35,270054810,청주소로초등학교,0
2026-10-10T11:43:36,271000802,충북70자3071,36.529537,127.264719,42.229,293014017,"해밀동,산울동",0
2026-10-10T11:43:36,293000282,세종70자1751,36.472306,127.268256,11.073,293055058,세종고속시외버스터미널,61
2026-10-10T11:43:36,293000282,세종70자1752,36.511629,127.247754,19.35,293061003,아름동커뮤니티센터,10
2026-10-10T11:43:36,293000282,세종70자1754,36.57453,127.291468,29.285,293064249,봉암리,42
2026-10-10T11:43:36,293000282,세종70자1745,36.613258,127.331493,36.45,270050300,오송3리,38
2026-10-10T11:43:36,293000282,세종70자1753,36.619047,127.327154,37.312,270054837,오송역종점,21
2026-10-10T11:43:36,293000283,세종70자1749,36.61036699,127.325716,1.686,271000568,오송2리,40
2026-10-10T11:43:36,293000283,세종70자1744,36.561948,127.285277,9.748,293064250,봉암리,17
2026-10-10T11:43:36,293000283,세종70자1750,36.494504,127.248859,21.426,293064264,다정동커뮤니티센터,19
2026-10-10T11:43:36,293000283,세종70자1747,36.416729,127.299342,33.995,293055059,세종고속시외버스터미널,68
2026-10-10T11:43:36,293000283,세종70자1748,36.385175,127.320174,37.557,186004229,반석역,37
2026-10-10T11:43:36,293000303,세종70자1510,36.50644,127.262015,18.778,293056002,도담동,29
2026-10-10T11:43:36,293000304,세종70자1505,36.504153,127.261159,4.646,293062011,정부세종청사 북측,40
2026-10-10T11:43:36,293000304,세종70자1506,36.507815,127.329638,15.981,293064493,다솜동,57
2026-10-10T11:43:36,293000304,세종70자1509,36.468128,127.274032,23.301,293055001,세종고속시외버스터미널(지상),29
2026-10-10T11:43:36,293000305,세종70자1354,36.467693,127.27356,0.0,293055002,세종고속시외버스터미널(지상),14
2026-10-10T11:43:36,293000305,세종70자1507,36.532154,127.319876,10.419,293064492,다솜동,19
2026-10-10T11:43:36,293000305,세종70자1511,36.46803,127.273508,23.378,293055001,세종고속시외버스터미널(지상),255
2026-10-10T11:43:36,293000311,세종70자1348,36.496733,127.304241,8.917,293900013,세종연구단지(수루배1단지),32
2026-10-10T11:43:36,293000311,세종70자1349,36.499935,127.240406,17.844,293064473,"종촌초등학교(가락마을6,7단지)",1
2026-10-10T11:43:36,293000312,세종70자1345,36.468764,127.274085,0.0,293055002,세종고속시외버스터미널(지상),6
2026-10-10T11:43:36,293000312,세종70자1352,36.51882,127.244871,7.993,293064099,"범지기3,9단지(청소년센터)",19
2026-10-10T11:43:36,293000312,세종70자1346,36.485051,127.303743,19.851,293064364,새샘마을6단지,33
2026-10-10T11:43:36,271000805,세종73자5643,36.491984,127.304308,3.139,293064261,국책연구단지,38
2026-10-10T11:43:36,271000805,세종73자5642,36.50432,127.261247,11.339,293062011,정부세종청사 북측,33
2026-10-10T11:43:36,271000805,세종73자5675,36.58716,127.392812,30.206,293064498,다솜동,79
2026-10-10T11:43:36,271000805,세종73자5672,36.635825,127.423537,38.039,270054817,하복대벽산.서청주파크자이아파트,11
2026-10-10T11:43:36,271000805,세종73자5647,36.642202,127.421357,38.751,270054823,롯데쇼핑몰,6
2026-10-10T11:43:36,271000806,충북70자6075,36.642163,127.4261725,2.561,270054828,솔밭초등학교.신영지웰시티,0
2026-10-10T11:43:36,271000806,충북70자3086,36.5341,127.27661,26.269,293014026,한별동,0
2026-10-10T11:43:36,271000806,충북70자1055,36.49804,127.32304,40.677,293064479,집현동,0
2026-10-10T11:43:36,271000806,충북70자2084,36.49804,127.32304,40.677,293064479,집현동,0
2026-10-10T11:44:09,293000317,세종70자1705,36.396554,127.311568,1.033,186005279,반석역,54
2026-10-10T11:44:09,293000317,세종70자1703,36.497552,127.311062,15.097,293064258,반곡동(수루배마을),38
2026-10-10T11:44:09,293000317,세종70자1704,36.611069,127.335402,32.013,293900055,용호동,68
2026-10-10T11:44:09,293000317,세종70자1706,36.619622,127.326503,33.214,270054837,오송역종점,17
2026-10-10T11:44:09,293000318,세종70자1707,36.501955,127.328871,16.458,293064416,세종공동캠퍼스,52
2026-10-10T11:44:09,293000318,세종70자1702,36.457516,127.281541,24.748,293055001,세종고속시외버스터미널(지상),67
2026-10-10T11:44:09,187000003,대전75자9935,36.34691,127.417611,2.851,187001382,대덕구청,0
2026-10-10T11:44:09,187000003,대전75자9929,36.47108,127.273645,29.781,293064220,세종고속시외버스터미널(지하),0
2026-10-10T11:44:09,187000003,대전75자9927,36.513604,127.25926,35.334,293056003,도담동,0
2026-10-10T11:44:09,187000003,대전75자9925,36.608309,127.338921,49.396,293064420,누리동,0
2026-10-10T11:44:09,187000003,대전75자9926,36.537055,127.304447,40.979,293064420,누리동,0
2026-10-10T11:44:09,187000003,대전75자9920,36.565541,127.309358,44.399,974019920,오송역2.3.4(미정차),0
2026-10-10T11:44:09,187000003,대전75자9918,36.515165,127.258935,68.171,293056002,도담동,0
2026-10-10T11:44:09,187000003,대전75자9917,36.48807,127.257109,71.352,293053004,"새롬동,나성동",0
2026-10-10T11:44:09,187000003,대전75자9916,36.478484,127.288626,75.519,293064210,"세종시청,시의회,교육청",0
2026-10-10T11:44:09,187000003,대전75자9938,36.478313,127.309945,78.169,293064218,한국개발연구원(KDI),0
2026-10-10T11:44:09,187000003,대전75자9915,36.374616,127.403756,97.308,187001388,대덕산업단지,0
2026-10-10T11:44:09,187000003,대전75자9937,36.438232,127.395237,88.737,187001388,대덕산업단지,0
2026-10-10T11:44:09,187000003,대전75자9914,36.349884,127.413757,100.916,187001391,한남오거리(BRT),0
2026-10-10T11:44:09,187000003,대전75자9911,36.335954,127.430471,103.107,187001394,한밭자이아파트,0
2026-10-10T11:44:09,187000003,대전75자9910,36.333834,127.437304,104.266,187001395,대전역동광장,0
2026-10-10T11:44:09,271000801,충북70자3070,36.469306,127.273946,0.028,293055002,세종고속시외버스터미널(지상),0
2026-10-10T11:44:09,271000801,충북70자2008,36.48257304,127.26075174,2.07,293053011,한솔동,0
2026-10-10T11:44:09,271000801,충북70자7051,36.61619611,127.3295943,22.686,293064420,누리동,0
2026-10-10T11:44:09,271000801,충북70자6052,36.68204577,127.4045865,37.294,270054811,청주소로초등학교,0
2026-10-10T11:44:09,271000802,충북70자1063,36.72344064,127.497054,0.383,270051719,청주국제공항,0
2026-10-10T11:44:09,271000802,충북70자5128,36.70735567,127.4284514,8.394,284000348,오창프라자,0
2026-10-10T11:44:09,271000802,충북70자5129,36.64383297,127.3256669,22.35,270054810,청주소로초등학교,0
2026-10-10T11:44:09,271000802,충북70자3071,36.52524921,127.26142338,42.794,293014017,"해밀동,산울동",0
2026-10-10T11:44:09,293000282,세종70자1751,36.475521,127.265954,11.485,293055058,세종고속시외버스터미널,68
2026-10-10T11:44:09,293000282,세종70자1752,36.511587,127.247826,19.356,293061003,아름동커뮤니티센터,10
2026-10-10T11:44:09,293000282,세종70자1754,36.577258,127.292352,29.459,293064249,봉암리,48
2026-10-10T11:44:09,293000282,세종70자1745,36.613514,127.331924,36.498,270050300,오송3리,38
2026-10-10T11:44:09,293000282,세종70자1753,36.619047,127.327154,37.312,270054837,오송역종점,21
2026-10-10T11:44:09,293000283,세종70자1749,36.6093,127.322558,1.992,271000568,오송2리,53
2026-10-10T11:44:09,293000283,세종70자1744,36.561948,127.285277,9.748,293064250,봉암리,17
2026-10-10T11:44:09,293000283,세종70자1750,36.494059,127.248849,21.475,293064264,다정동커뮤니티센터,10
2026-10-10T11:44:09,293000283,세종70자1747,36.411087,127.301026,34.65,293055059,세종고속시외버스터미널,68
2026-10-10T11:44:09,293000283,세종70자1748,36.385175,127.320174,37.557,186004229,반석역,37
2026-10-10T11:44:09,293000303,세종70자1510,36.505073,127.261615,18.931,293062014,정부세종청사 북측,32
2026-10-10T11:44:09,293000304,세종70자1505,36.504748,127.26144,4.717,293062011,정부세종청사 북측,42
2026-10-10T11:44:09,293000304,세종70자1506,36.501923,127.32892,16.64,293064416,세종공동캠퍼스,31
2026-10-10T11:44:09,293000304,세종70자1509,36.468128,127.274032,23.301,293055001,세종고속시외버스터미널(지상),29
2026-10-10T11:44:09,293000305,세종70자1354,36.467693,127.27356,0.0,293055002,세종고속시외버스터미널(지상),14
2026-10-10T11:44:09,293000305,세종70자1507,36.532143,127.319874,10.418,293064492,다솜동,19
2026-10-10T11:44:09,293000305,세종70자1511,36.46803,127.273508,23.378,293055001,세종고속시외버스터미널(지상),255
2026-10-10T11:44:09,293000311,세종70자1348,36.497496,127.3027,9.078,293900013,세종연구단지(수루배1단지),54
2026-10-10T11:44:09,293000311,세종70자1349,36.499935,127.240406,17.844,293064473,"종촌초등학교(가락마을6,7단지)",1
2026-10-10T11:44:09,293000312,세종70자1345,36.468842,127.274068,0.0,293055002,세종고속시외버스터미널(지상),6
2026-10-10T11:44:09,293000312,세종70자1352,36.51872,127.245438,8.045,293064099,"범지기3,9단지(청소년센터)",19
2026-10-10T11:44:09,293000312,세종70자1346,36.485546,127.302592,19.967,293064364,새샘마을6단지,5
2026-10-10T11:44:09,271000805,세종73자5643,36.489457,127.302625,3.458,293064261,국책연구단지,50
2026-10-10T11:44:09,271000805,세종73자5642,36.50462799,127.261457,11.377,293062011,정부세종청사 북측,35
2026-10-10T11:44:09,271000805,세종73자5675,36.59241,127.396579,30.882,293064498,다솜동,78
2026-10-10T11:44:09,271000805,세종73자5672,36.635825,127.423537,38.039,270054817,하복대벽산.서청주파크자이아파트,11
2026-10-10T11:44:09,271000805,세종73자5647,36.642202,127.421357,38.751,270054823,롯데쇼핑몰,6
2026-10-10T11:44:09,271000806,충북70자6075,36.642163,127.4261725,2.561,270054828,솔밭초등학교.신영지웰시티,0
2026-10-10T11:44:09,271000806,충북70자3086,36.5341,127.27661,26.269,293014026,한별동,0
2026-10-10T11:44:09,271000806,충북70자1055,36.49804,127.32304,40.677,293064479,집현동,0
2026-10-10T11:44:09,271000806,충북70자2084,36.49804,127.32304,40.677,293064479,집현동,0
2026-10-10T11:44:40,293000317,세종70자1705,36.40092,127.308657,1.585,186005279,반석역,68
2026-10-10T11:44:40,293000317,세종70자1703,36.497557,127.311063,15.098,293064258,반곡동(수루배마을),38
2026-10-10T11:44:40,293000317,세종70자1704,36.614872,127.3311,32.584,293900055,용호동,69
2026-10-10T11:44:40,293000317,세종70자1708,36.618858,127.326911,33.151,270054837,오송역종점,255
2026-10-10T11:44:40,293000317,세종70자1706,36.619622,127.326503,33.214,270054837,오송역종점,17
2026-10-10T11:44:40,293000318,세종70자1707,36.501401,127.328685,16.522,293064416,세종공동캠퍼스,9
2026-10-10T11:44:40,293000318,세종70자1702,36.451559,127.285175,25.491,293055001,세종고속시외버스터미널(지상),68
2026-10-10T11:44:40,187000003,대전75자9935,36.349334,127.414608,3.235,187001383,한남오거리(BRT),0
2026-10-10T11:44:40,187000003,대전75자9929,36.470554,127.271635,29.968,293064220,세종고속시외버스터미널(지하),0
2026-10-10T11:44:40,187000003,대전75자9927,36.514571,127.259107,35.442,293056003,도담동,0
2026-10-10T11:44:40,187000003,대전75자9926,36.537055,127.304447,40.979,293064420,누리동,0
2026-10-10T11:44:40,187000003,대전75자9925,36.617228,127.328538,51.503,293064420,누리동,0
2026-10-10T11:44:40,187000003,대전75자9921,36.618425,127.327019,52.026,270000635,오송역2.3.4,0
2026-10-10T11:44:40,187000003,대전75자9920,36.565541,127.309358,44.399,974019920,오송역2.3.4(미정차),0
2026-10-10T11:44:40,187000003,대전75자9918,36.51436,127.259022,68.26,293056002,도담동,0
2026-10-10T11:44:40,187000003,대전75자9917,36.48807,127.257109,71.352,293053004,"새롬동,나성동",0
2026-10-10T11:44:40,187000003,대전75자9916,36.478484,127.288626,75.519,293064210,"세종시청,시의회,교육청",0
2026-10-10T11:44:40,187000003,대전75자9938,36.474426,127.33369,80.354,293064218,한국개발연구원(KDI),0
2026-10-10T11:44:40,187000003,대전75자9915,36.359972,127.40305,99.424,187001388,대덕산업단지,0
2026-10-10T11:44:40,187000003,대전75자9937,36.438232,127.395237,88.737,187001388,대덕산업단지,0
2026-10-10T11:44:40,187000003,대전75자9914,36.346881,127.417471,101.395,187001392,대덕구청,0
2026-10-10T11:44:40,187000003,대전75자9911,36.333897,127.431368,103.35,183002355,대전역,0
2026-10-10T11:44:40,271000801,충북70자3070,36.469306,127.273946,0.028,293055002,세종고속시외버스터미널(지상),0
2026-10-10T11:44:40,271000801,충북70자2008,36.48662514,127.25790223,2.588,293053011,한솔동,0
2026-10-10T11:44:40,271000801,충북70자7051,36.617351,127.328306,22.858,293064420,누리동,0
2026-10-10T11:44:40,271000801,충북70자6052,36.68921277,127.4126997,38.372,270054811,청주소로초등학교,0
2026-10-10T11:44:40,271000802,충북70자1063,36.72344064,127.497054,0.383,270051719,청주국제공항,0
2026-10-10T11:44:40,271000802,충북70자5128,36.7054502,127.4263229,8.684,284000348,오창프라자,0
2026-10-10T11:44:40,271000802,충북70자5129,36.6391768,127.324181,22.899,270054810,청주소로초등학교,0
2026-10-10T11:44:40,271000802,충북70자3071,36.521617,127.259736,43.226,293064446,세종충남대학교병원,0
2026-10-10T11:44:40,293000282,세종70자1751,36.479034,127.263444,11.936,293055058,세종고속시외버스터미널,16
2026-10-10T11:44:40,293000282,세종70자1752,36.511587,127.247826,19.356,293061003,아름동커뮤니티센터,10
2026-10-10T11:44:40,293000282,세종70자1754,36.580933,127.293153,30.017,293016127,월하리,52
2026-10-10T11:44:40,293000282,세종70자1745,36.614589,127.331607,36.655,270050300,오송3리,49
2026-10-10T11:44:40,293000282,세종70자1753,36.619047,127.327154,37.312,270054837,오송역종점,21
2026-10-10T11:44:40,293000283,세종70자1749,36.607172,127.316278,2.609,271000568,오송2리,33
2026-10-10T11:44:40,293000283,세종70자1744,36.561084,127.284045,9.895,293064250,봉암리,56
2026-10-10T11:44:40,293000283,세종70자1750,36.494059,127.248849,21.475,293064264,다정동커뮤니티센터,10
2026-10-10T11:44:40,293000283,세종70자1747,36.406611,127.303617,35.198,293055059,세종고속시외버스터미널,68
2026-10-10T11:44:40,293000283,세종70자1748,36.385175,127.320174,37.557,186004229,반석역,37
2026-10-10T11:44:40,293000303,세종70자1510,36.502106,127.260166,19.284,293062007,정부세종청사 남측,49
2026-10-10T11:44:40,293000304,세종70자1505,36.506953,127.261896,4.969,293062011,정부세종청사 북측,255
2026-10-10T11:44:40,293000304,세종70자1506,36.501677,127.328823,16.669,293064416,세종공동캠퍼스,31
2026-10-10T11:44:40,293000304,세종70자1509,36.468128,127.274032,23.301,293055001,세종고속시외버스터미널(지상),29
2026-10-10T11:44:40,293000305,세종70자1354,36.467693,127.27356,0.0,293055002,세종고속시외버스터미널(지상),14
2026-10-10T11:44:40,293000305,세종70자1507,36.535788,127.313813,11.097,293064492,다솜동,54
2026-10-10T11:44:40,293000305,세종70자1511,36.46803,127.273508,23.378,293055001,세종고속시외버스터미널(지상),255
2026-10-10T11:44:40,293000311,세종70자1348,36.499933,127.297436,9.621,293900013,세종연구단지(수루배1단지),55
2026-10-10T11:44:40,293000311,세종70자1349,36.499678,127.24056,17.884,293064473,"종촌초등학교(가락마을6,7단지)",28
2026-10-10T11:44:40,293000312,세종70자1345,36.469071,127.274007,0.001,293055002,세종고속시외버스터미널(지상),21
2026-10-10T11:44:40,293000312,세종70자1352,36.518653,127.245693,8.07,293064099,"범지기3,9단지(청소년센터)",25
2026-10-10T11:44:40,293000312,세종70자1346,36.485511,127.302564,19.966,293064364,새샘마을6단지,5
2026-10-10T11:44:40,271000805,세종73자5643,36.486886,127.301563,3.759,293064254,"법원,검찰청,경찰청",24
2026-10-10T11:44:40,271000805,세종73자5642,36.511349,127.260106,12.162,293062011,정부세종청사 북측,64
2026-10-10T11:44:40,271000805,세종73자5675,36.596281,127.402388,31.564,293064498,다솜동,79
2026-10-10T11:44:40,271000805,세종73자5672,36.636311,127.423408,38.095,270054817,하복대벽산.서청주파크자이아파트,33
2026-10-10T11:44:40,271000805,세종73자5647,36.642202,127.421357,38.751,270054823,롯데쇼핑몰,6
2026-10-10T11:44:40,271000806,충북70자6075,36.642163,127.4261725,2.561,270054828,솔밭초등학교.신영지웰시티,0
2026-10-10T11:44:40,271000806,충북70자3086,36.529537,127.264719,27.474,293014017,"해밀동,산울동",0
2026-10-10T11:44:40,271000806,충북70자2084,36.49804,127.32304,40.677,293064479,집현동,0
2026-10-10T11:45:13,293000317,세종70자1705,36.406841,127.303531,2.386,186005279,반석역,68
2026-10-10T11:45:13,293000317,세종70자1703,36.497694,127.31377,15.341,293064258,반곡동(수루배마을),50
2026-10-10T11:45:13,293000317,세종70자1704,36.618219,127.327384,33.082,293900055,용호동,18
2026-10-10T11:45:13,293000317,세종70자1708,36.618858,127.326911,33.151,270054837,오송역종점,255
2026-10-10T11:45:13,293000317,세종70자1706,36.619622,127.326503,33.214,270054837,오송역종점,17
2026-10-10T11:45:13,293000318,세종70자1707,36.501401,127.328685,16.522,293064416,세종공동캠퍼스,9
2026-10-10T11:45:13,293000318,세종70자1702,36.447817,127.285789,25.933,293055001,세종고속시외버스터미널(지상),68
2026-10-10T11:45:13,187000003,대전75자9935,36.351426000000004,127.411998,3.565,187001384,오정동행정복지센터,0
2026-10-10T11:45:13,187000003,대전75자9929,36.470554,127.271635,29.968,293064220,세종고속시외버스터미널(지하),0
2026-10-10T11:45:13,187000003,대전75자9927,36.520149,127.259437,36.061,293064445,세종충남대학교병원,0
2026-10-10T11:45:13,187000003,대전75자9926,36.55129,127.301391,42.627,293064420,누리동,0
2026-10-10T11:45:13,187000003,대전75자9925,36.618648,127.326968,51.994,270000635,오송역2.3.4,0
2026-10-10T11:45:13,187000003,대전75자9921,36.616227,127.329442,52.349,974019920,오송역2.3.4(미정차),0
2026-10-10T11:45:13,187000003,대전75자9920,36.565541,127.309358,44.399,974019920,오송역2.3.4(미정차),0
2026-10-10T11:45:13,187000003,대전75자9918,36.51436,127.259022,68.26,293056002,도담동,0
2026-10-10T11:45:13,187000003,대전75자9917,36.48807,127.257109,71.352,293053004,"새롬동,나성동",0
2026-10-10T11:45:13,187000003,대전75자9916,36.482292,127.297178,76.395,293064216,소담동(새샘마을),0
2026-10-10T11:45:13,187000003,대전75자9938,36.474426,127.33369,80.354,293064218,한국개발연구원(KDI),0
2026-10-10T11:45:13,187000003,대전75자9915,36.358686,127.404229,99.601,187001388,대덕산업단지,0
2026-10-10T11:45:13,187000003,대전75자9937,36.437713,127.396155,88.838,187001388,대덕산업단지,0
2026-10-10T11:45:13,187000003,대전75자9914,36.346401,127.418084,101.471,187001392,대덕구청,0
2026-10-10T11:45:13,187000003,대전75자9911,36.333897,127.431368,103.35,183002355,대전역,0
2026-10-10T11:45:13,187000003,대전75자9936,36.333807,127.437109,104.27,187001395,대전역동광장,0
2026-10-10T11:45:13,271000801,충북70자3070,36.469306,127.273946,0.028,293055002,세종고속시외버스터미널(지상),0
2026-10-10T11:45:13,271000801,충북70자2008,36.486884,127.257789,2.619,293053005,"새롬동,나성동",0
2026-10-10T11:45:13,271000801,충북70자7051,36.6195554,127.3269306,23.148,270054838,오송역6,0
2026-10-10T11:45:13,271000801,충북70자6052,36.69065627,127.4143347,38.589,270054811,청주소로초등학교,0
2026-10-10T11:45:13,271000802,충북70자5128,36.70213023,127.4236105,9.132,284000348,오창프라자,0
2026-10-10T11:45:13,271000802,충북70자5129,36.637488,127.328624,23.417,271000627,보건의료행정타운,0
2026-10-10T11:45:13,271000802,충북70자3071,36.52027461,127.25940059,43.379,293064446,세종충남대학교병원,0
2026-10-10T11:45:13,293000282,세종70자1751,36.479034,127.263444,11.936,293055058,세종고속시외버스터미널,16
2026-10-10T11:45:13,293000282,세종70자1752,36.511518,127.249074,19.468,293061003,아름동커뮤니티센터,26
2026-10-10T11:45:13,293000282,세종70자1754,36.582654,127.293077,30.047,293016127,월하리,41
2026-10-10T11:45:13,293000282,세종70자1745,36.618477,127.327148,37.242,270050300,오송3리,19
2026-10-10T11:45:13,293000282,세종70자1753,36.619047,127.327154,37.312,270054837,오송역종점,21
2026-10-10T11:45:13,293000283,세종70자1749,36.607017,127.315775,2.657,271000568,오송2리,33
2026-10-10T11:45:13,293000283,세종70자1744,36.55290699,127.277982,10.97,293900057,연기리,53
2026-10-10T11:45:13,293000283,세종70자1750,36.492518,127.249189,21.651,293064264,다정동커뮤니티센터,28
2026-10-10T11:45:13,293000283,세종70자1747,36.402767,127.306864,35.713,293055059,세종고속시외버스터미널,68
2026-10-10T11:45:13,293000283,세종70자1748,36.385175,127.320174,37.557,186004229,반석역,37
2026-10-10T11:45:13,293000303,세종70자1510,36.501251,127.259821,19.384,293062007,정부세종청사 남측,34
2026-10-10T11:45:13,293000304,세종70자1505,36.512196,127.259705,5.591,293062011,정부세종청사 북측,6
2026-10-10T11:45:13,293000304,세종70자1506,36.501517,127.328739,16.688,293064416,세종공동캠퍼스,31
2026-10-10T11:45:13,293000304,세종70자1509,36.468128,127.274032,23.301,293055001,세종고속시외버스터미널(지상),29
2026-10-10T11:45:13,293000305,세종70자1354,36.467693,127.27356,0.0,293055002,세종고속시외버스터미널(지상),14
2026-10-10T11:45:13,293000305,세종70자1507,36.537169,127.308776,11.572,293900055,용호동,57
2026-10-10T11:45:13,293000305,세종70자1511,36.46803,127.273508,23.378,293055001,세종고속시외버스터미널(지상),255
2026-10-10T11:45:13,293000311,세종70자1348,36.502181,127.292761,10.108,293900013,세종연구단지(수루배1단지),69
2026-10-10T11:45:13,293000311,세종70자1349,36.499453,127.243208,18.122,293064145,다빛초등학교(가온마을3단지),30
2026-10-10T11:45:13,293000311,세종70자1344,36.468178,127.274116,23.426,293055001,세종고속시외버스터미널(지상),9
2026-10-10T11:45:13,293000312,세종70자1345,36.46978699,127.273813,0.082,293055002,세종고속시외버스터미널(지상),26
2026-10-10T11:45:13,293000312,세종70자1352,36.519211,127.249228,8.395,293064101,범지기마을10단지 북측,26
2026-10-10T11:45:13,293000312,세종70자1346,36.486012,127.30165,20.065,293064364,새샘마을6단지,13
2026-10-10T11:45:13,271000805,세종73자5643,36.486885,127.301567,3.759,293064254,"법원,검찰청,경찰청",24
2026-10-10T11:45:13,271000805,세종73자5642,36.512597,127.259574,12.309,293062011,정부세종청사 북측,37
2026-10-10T11:45:13,271000805,세종73자5675,36.600651,127.40863,32.323,293064498,다솜동,69
2026-10-10T11:45:13,271000805,세종73자5672,36.63906699,127.422766,38.406,971009060,부모산.연화사입구,31
2026-10-10T11:45:13,271000805,세종73자5647,36.642202,127.421357,38.751,270054823,롯데쇼핑몰,6
2026-10-10T11:45:13,271000806,충북70자6075,36.642163,127.4261725,2.561,270054828,솔밭초등학교.신영지웰시티,0
2026-10-10T11:45:13,271000806,충북70자3086,36.52524921,127.26142338,28.038,293014017,"해밀동,산울동",0
2026-10-10T11:45:13,271000806,충북70자2084,36.49804,127.32304,40.677,293064479,집현동,0
2026-10-10T11:45:47,293000317,세종70자1705,36.41223699,127.300669,3.036,186005279,반석역,68
2026-10-10T11:45:47,293000317,세종70자1703,36.49749099,127.317734,15.696,293064258,반곡동(수루배마을),48
2026-10-10T11:45:47,293000317,세종70자1704,36.618858,127.327143,33.154,293900055,용호동,18
2026-10-10T11:45:47,293000317,세종70자1708,36.618858,127.326911,33.151,270054837,오송역종점,255
2026-10-10T11:45:47,293000317,세종70자1706,36.619622,127.326503,33.214,270054837,오송역종점,17
2026-10-10T11:45:47,293000318,세종70자1707,36.499585,127.32691,16.777,293064416,세종공동캠퍼스,67
2026-10-10T11:45:47,293000318,세종70자1702,36.44267,127.285845,26.504,293055001,세종고속시외버스터미널(지상),68
2026-10-10T11:45:47,187000003,대전75자9935,36.352016,127.411269,3.658,187001384,오정동행정복지센터,0
2026-10-10T11:45:47,187000003,대전75자9929,36.478993,127.263346,31.196,293064220,세종고속시외버스터미널(지하),0
2026-10-10T11:45:47,187000003,대전75자9927,36.522825,127.260278,36.38,293064445,세종충남대학교병원,0
2026-10-10T11:45:47,187000003,대전75자9926,36.55129,127.301391,42.627,293064420,누리동,0
2026-10-10T11:45:47,187000003,대전75자9925,36.618648,127.326968,51.994,270000635,오송역2.3.4,0
2026-10-10T11:45:47,187000003,대전75자9921,36.608499,127.338582,53.534,974019920,오송역2.3.4(미정차),0
2026-10-10T11:45:47,187000003,대전75자9920,36.565541,127.309358,44.399,974019920,오송역2.3.4(미정차),0
2026-10-10T11:45:47,187000003,대전75자9918,36.51436,127.259022,68.26,293056002,도담동,0
2026-10-10T11:45:47,187000003,대전75자9917,36.487257,127.257436,71.447,293053004,"새롬동,나성동",0
2026-10-10T11:45:47,187000003,대전75자9916,36.482292,127.297178,76.395,293064216,소담동(새샘마을),0
2026-10-10T11:45:47,187000003,대전75자9938,36.474426,127.33369,80.354,293064218,한국개발연구원(KDI),0
2026-10-10T11:45:47,187000003,대전75자9915,36.358686,127.404229,99.601,187001388,대덕산업단지,0
2026-10-10T11:45:47,187000003,대전75자9937,36.430237,127.405366,90.011,187001388,대덕산업단지,0
2026-10-10T11:45:47,187000003,대전75자9914,36.344263,127.420969,101.824,187001393,솔랑마을아파트,0
2026-10-10T11:45:47,187000003,대전75자9911,36.333897,127.431368,103.35,183002355,대전역,0
2026-10-10T11:45:47,187000003,대전75자9936,36.333379,127.43753,104.214,187001395,대전역동광장,0
2026-10-10T11:45:47,271000801,충북70자3070,36.469306,127.273946,0.028,293055002,세종고속시외버스터미널(지상),0
2026-10-10T11:45:47,271000801,충북70자2008,36.48916347,127.2567558,2.888,293053005,"새롬동,나성동",0
2026-10-10T11:45:47,271000801,충북70자7051,36.6195554,127.3269306,23.148,270054838,오송역6,0
2026-10-10T11:45:47,271000801,충북70자6052,36.69065627,127.4143347,38.589,270054811,청주소로초등학교,0
2026-10-10T11:45:47,271000802,충북70자5128,36.69849731,127.420532,9.623,284000348,오창프라자,0
2026-10-10T11:45:47,271000802,충북70자5129,36.637488,127.328624,23.417,271000627,보건의료행정타운,0
2026-10-10T11:45:47,271000802,충북70자3071,36.51528109,127.25899041,43.938,293064446,세종충남대학교병원,0
2026-10-10T11:45:47,293000282,세종70자1751,36.481018,127.262022,12.191,293053010,한솔동(첫마을),35
2026-10-10T11:45:47,293000282,세종70자1752,36.511486,127.249582,19.514,293061003,아름동커뮤니티센터,26
2026-10-10T11:45:47,293000282,세종70자1754,36.58568,127.292626,30.047,293016127,월하리,48
2026-10-10T11:45:47,293000282,세종70자1753,36.619047,127.327154,37.312,270054837,오송역종점,21
2026-10-10T11:45:47,293000282,세종70자1745,36.619258,127.326807,37.365,270054837,오송역종점,27
2026-10-10T11:45:47,293000283,세종70자1749,36.606353,127.313862,2.851,271000568,오송2리,61
2026-10-10T11:45:47,293000283,세종70자1744,36.552564,127.277704,11.015,293900057,연기리,56
2026-10-10T11:45:47,293000283,세종70자1750,36.491249,127.249544,21.795,293064370,"가온마을4,7단지",27
2026-10-10T11:45:47,293000283,세종70자1747,36.39844,127.310339,36.286,293055059,세종고속시외버스터미널,69
2026-10-10T11:45:47,293000283,세종70자1748,36.385175,127.320174,37.557,186004229,반석역,37
2026-10-10T11:45:47,293000303,세종70자1510,36.495235,127.256593,20.118,293062004,다정동,48
2026-10-10T11:45:47,293000304,세종70자1505,36.514008,127.259253,5.796,293056003,도담동,36
2026-10-10T11:45:47,293000304,세종70자1506,36.500179,127.327679,16.863,293064416,세종공동캠퍼스,57
2026-10-10T11:45:47,293000304,세종70자1509,36.468128,127.274032,23.301,293055001,세종고속시외버스터미널(지상),29
2026-10-10T11:45:47,293000305,세종70자1354,36.467693,127.27356,0.0,293055002,세종고속시외버스터미널(지상),14
2026-10-10T11:45:47,293000305,세종70자1507,36.536945,127.303753,12.027,293900055,용호동,50
2026-10-10T11:45:47,293000305,세종70자1511,36.46803,127.273508,23.378,293055001,세종고속시외버스터미널(지상),255
2026-10-10T11:45:47,293000311,세종70자1348,36.503656,127.286711,10.676,293900013,세종연구단지(수루배1단지),56
2026-10-10T11:45:47,293000311,세종70자1349,36.499405,127.244511,18.239,293064145,다빛초등학교(가온마을3단지),30
2026-10-10T11:45:47,293000311,세종70자1344,36.468305,127.274124,23.426,293055001,세종고속시외버스터미널(지상),9
2026-10-10T11:45:47,293000312,세종70자1345,36.471155,127.271707,0.385,293064220,세종고속시외버스터미널(지하),54
2026-10-10T11:45:47,293000312,세종70자1352,36.519246,127.249465,8.417,293064101,범지기마을10단지 북측,26
2026-10-10T11:45:47,293000312,세종70자1346,36.486156,127.301091,20.134,293064364,새샘마을6단지,29
2026-10-10T11:45:47,271000805,세종73자5643,36.486885,127.301567,3.759,293064254,"법원,검찰청,경찰청",24
2026-10-10T11:45:47,271000805,세종73자5642,36.514117,127.259114,12.482,293056003,도담동,45
2026-10-10T11:45:47,271000805,세종73자5675,36.605814,127.412916,33.028,293064498,다솜동,74
2026-10-10T11:45:47,271000805,세종73자5672,36.64129,127.422476,38.656,971008280,효성아파트,31
2026-10-10T11:45:47,271000805,세종73자5647,36.642202,127.421357,38.751,270054823,롯데쇼핑몰,6
2026-10-10T11:45:47,271000806,충북70자6075,36.642163,127.4261725,2.561,270054828,솔밭초등학교.신영지웰시티,0
2026-10-10T11:45:47,271000806,충북70자3086,36.521617,127.259736,28.47,293064446,세종충남대학교병원,0
2026-10-10T11:45:47,271000806,충북70자2084,36.49804,127.32304,40.677,293064479,집현동,0
2026-10-10T11:46:18,293000317,세종70자1705,36.414569,127.299923,3.311,186005279,반석역,68
2026-10-10T11:46:18,293000317,세종70자1703,36.497861,127.321723,16.056,293064419,집현동,17
2026-10-10T11:46:18,293000317,세종70자1706,36.619622,127.326503,33.214,270054837,오송역종점,17
2026-10-10T11:46:18,293000317,세종70자1704,36.61902099,127.327022,33.175,270054837,오송역종점,16
2026-10-10T11:46:18,293000318,세종70자1708,36.618745,127.32696,0.267,270000635,오송역2.3.4,8
2026-10-10T11:46:18,293000318,세종70자1707,36.498239,127.323087,17.152,293064418,집현동,46
2026-10-10T11:46:18,293000318,세종70자1702,36.436529,127.285933,27.195,293055001,세종고속시외버스터미널(지상),67
2026-10-10T11:46:18,187000003,대전75자9935,36.352016,127.411269,3.658,187001384,오정동행정복지센터,0
2026-10-10T11:46:18,187000003,대전75자9929,36.479973,127.262645,31.321,293053011,한솔동,0
2026-10-10T11:46:18,187000003,대전75자9927,36.522825,127.260278,36.38,293064445,세종충남대학교병원,0
2026-10-10T11:46:18,187000003,대전75자9926,36.55129,127.301391,42.627,293064420,누리동,0
2026-10-10T11:46:18,187000003,대전75자9925,36.619429,127.326653,51.822,270000635,오송역2.3.4,0
2026-10-10T11:46:18,187000003,대전75자9921,36.608499,127.338582,53.534,974019920,오송역2.3.4(미정차),0
2026-10-10T11:46:18,187000003,대전75자9920,36.565541,127.309358,44.399,974019920,오송역2.3.4(미정차),0
2026-10-10T11:46:18,187000003,대전75자9918,36.505453,127.261654,69.298,293062014,정부세종청사 북측,0
2026-10-10T11:46:18,187000003,대전75자9917,36.482762,127.260669,72.025,293053004,"새롬동,나성동",0
2026-10-10T11:46:18,187000003,대전75자9916,36.482878,127.298097,76.501,293064216,소담동(새샘마을),0
2026-10-10T11:46:18,187000003,대전75자9938,36.468534,127.35983,83.369,293064218,한국개발연구원(KDI),0
2026-10-10T11:46:18,187000003,대전75자9915,36.358686,127.404229,99.601,187001388,대덕산업단지,0
2026-10-10T11:46:18,187000003,대전75자9937,36.430237,127.405366,90.011,187001388,대덕산업단지,0
2026-10-10T11:46:18,187000003,대전75자9914,36.343663,127.421793,101.923,187001393,솔랑마을아파트,0
2026-10-10T11:46:18,187000003,대전75자9911,36.333897,127.431368,103.35,183002355,대전역,0
2026-10-10T11:46:18,187000003,대전75자9936,36.333379,127.43753,104.214,187001395,대전역동광장,0
2026-10-10T11:46:18,271000801,충북70자3070,36.469306,127.273946,0.028,293055002,세종고속시외버스터미널(지상),0
2026-10-10T11:46:18,271000801,충북70자2008,36.493926,127.25641,3.419,293054003,다정동,0
2026-10-10T11:46:18,271000801,충북70자7051,36.6195554,127.3269306,23.148,270054838,오송역6,0
2026-10-10T11:46:18,271000801,충북70자6052,36.693273,127.414994,38.989,274000032,미래나노텍,0
2026-10-10T11:46:18,271000802,충북70자5128,36.69849731,127.420532,9.623,284000348,오창프라자,0
2026-10-10T11:46:18,271000802,충북70자5129,36.63614324,127.3326879,24.222,271000627,보건의료행정타운,0
2026-10-10T11:46:18,271000802,충북70자3071,36.51483,127.25896,43.988,293056002,도담동,0
2026-10-10T11:46:18,293000282,세종70자1751,36.481987,127.261275,12.317,293053010,한솔동(첫마을),40
2026-10-10T11:46:18,293000282,세종70자1752,36.513063,127.250442,19.736,293064054,"범지기마을8,12단지",23
2026-10-10T11:46:18,293000282,세종70자1754,36.588048,127.29224,30.817,293001054,번암아파트 후문,18
2026-10-10T11:46:18,293000282,세종70자1745,36.618954,127.326897,37.293,270050300,오송3리,18
2026-10-10T11:46:18,293000282,세종70자1753,36.619047,127.327154,37.312,270054837,오송역종점,21
2026-10-10T11:46:18,293000283,세종70자1749,36.60345499,127.305408,3.672,271000568,오송2리,47
2026-10-10T11:46:18,293000283,세종70자1744,36.543777,127.271811,12.125,293900057,연기리,65
2026-10-10T11:46:18,293000283,세종70자1750,36.490531,127.24867,21.979,293064370,"가온마을4,7단지",29
2026-10-10T11:46:18,293000283,세종70자1747,36.396207,127.311621,36.56,293055059,세종고속시외버스터미널,69
2026-10-10T11:46:18,293000283,세종70자1748,36.385175,127.320174,37.557,186004229,반석역,37
2026-10-10T11:46:18,293000303,세종70자1510,36.494156,127.256418,20.24,293062004,다정동,35
2026-10-10T11:46:18,293000304,세종70자1505,36.515405,127.259139,5.952,293056003,도담동,55
2026-10-10T11:46:18,293000304,세종70자1506,36.498223,127.323029,17.337,293064418,집현동,31
2026-10-10T11:46:18,293000304,세종70자1509,36.468128,127.274032,23.301,293055001,세종고속시외버스터미널(지상),29
2026-10-10T11:46:18,293000305,세종70자1354,36.467693,127.27356,0.0,293055002,세종고속시외버스터미널(지상),14
2026-10-10T11:46:18,293000305,세종70자1507,36.535585,127.299074,12.472,293900055,용호동,57
2026-10-10T11:46:18,293000305,세종70자1511,36.46803,127.273508,23.378,293055001,세종고속시외버스터미널(지상),255
2026-10-10T11:46:18,293000311,세종70자1348,36.503888,127.285049,10.828,293900012,전통문화체험관,33
2026-10-10T11:46:18,293000311,세종70자1349,36.499405,127.244511,18.239,293064145,다빛초등학교(가온마을3단지),30
2026-10-10T11:46:18,293000311,세종70자1344,36.468305,127.274124,23.426,293055001,세종고속시외버스터미널(지상),9
2026-10-10T11:46:18,293000312,세종70자1345,36.47305,127.267648,0.836,293064220,세종고속시외버스터미널(지하),68
2026-10-10T11:46:18,293000312,세종70자1352,36.519481,127.252411,8.702,293064101,범지기마을10단지 북측,54
2026-10-10T11:46:18,293000312,세종70자1346,36.483857,127.299179,20.45,293064364,새샘마을6단지,46
2026-10-10T11:46:18,271000805,세종73자5643,36.486885,127.301567,3.759,293064254,"법원,검찰청,경찰청",24
2026-10-10T11:46:18,271000805,세종73자5642,36.51796499,127.259072,12.909,293056003,도담동,60
2026-10-10T11:46:18,271000805,세종73자5675,36.607546,127.418639,33.583,293064498,다솜동,40
2026-10-10T11:46:18,271000805,세종73자5672,36.642954,127.422773,38.853,971008280,효성아파트,13
2026-10-10T11:46:18,271000805,세종73자5647,36.642202,127.421357,38.751,270054823,롯데쇼핑몰,6
2026-10-10T11:46:18,271000806,충북70자6075,36.642163,127.4261725,2.561,270054828,솔밭초등학교.신영지웰시티,0
2026-10-10T11:46:18,271000806,충북70자3086,36.51615528,127.25894355,29.085,293064446,세종충남대학교병원,0
2026-10-10T11:46:18,271000806,충북70자2084,36.49804,127.32304,40.677,293064479,집현동,0
2026-10-10T11:46:50,293000317,세종70자1705,36.422941,127.296348,3.537,186005279,반석역,69
2026-10-10T11:46:50,293000317,세종70자1703,36.49799999,127.322412,16.12,293064419,집현동,36
2026-10-10T11:46:50,293000317,세종70자1706,36.619622,127.326503,33.214,270054837,오송역종점,17
2026-10-10T11:46:50,293000317,세종70자1704,36.619166,127.326376,33.214,270054837,오송역종점,13
2026-10-10T11:46:50,293000318,세종70자1708,36.619233,127.326946,0.056,270000635,오송역2.3.4,8
2026-10-10T11:46:50,293000318,세종70자1707,36.498066,127.322396,17.216,293064418,집현동,29
2026-10-10T11:46:50,293000318,세종70자1702,36.43210899,127.28639,27.688,293055001,세종고속시외버스터미널(지상),68
2026-10-10T11:46:50,187000003,대전75자9935,36.352016,127.411269,3.658,187001384,오정동행정복지센터,0
2026-10-10T11:46:50,187000003,대전75자9929,36.479973,127.262645,31.321,293053011,한솔동,0
2026-10-10T11:46:50,187000003,대전75자9927,36.528385,127.263659,37.075,293014014,"해밀동,산울동",0
2026-10-10T11:46:50,187000003,대전75자9926,36.565206,127.309063,44.354,293064420,누리동,0
2026-10-10T11:46:50,187000003,대전75자9925,36.619429,127.326653,51.822,270000635,오송역2.3.4,0
2026-10-10T11:46:50,187000003,대전75자9921,36.608499,127.338582,53.534,974019920,오송역2.3.4(미정차),0
2026-10-10T11:46:50,187000003,대전75자9920,36.537392,127.304287,62.638,974019920,오송역2.3.4(미정차),0
2026-10-10T11:46:50,187000003,대전75자9918,36.505054,127.261524,69.344,293062014,정부세종청사 북측,0
2026-10-10T11:46:50,187000003,대전75자9917,36.481457,127.261499,72.188,293053009,한솔동,0
2026-10-10T11:46:50,187000003,대전75자9916,36.485991,127.30126,76.95,293064216,소담동(새샘마을),0
2026-10-10T11:46:50,187000003,대전75자9938,36.467179,127.364123,83.78,186005287,국제과학비즈니스벨트,0
2026-10-10T11:46:50,187000003,대전75자9937,36.424114,127.41374,91.028,187001388,대덕산업단지,0
2026-10-10T11:46:50,187000003,대전75자9915,36.355952,127.406239,99.962,187001389,오정농수산오거리,0
2026-10-10T11:46:50,187000003,대전75자9914,36.343663,127.421793,101.923,187001393,솔랑마을아파트,0
2026-10-10T11:46:50,187000003,대전75자9911,36.333897,127.431368,103.35,183002355,대전역,0
2026-10-10T11:46:50,187000003,대전75자9936,36.331402,127.432782,103.703,187001395,대전역동광장,0
2026-10-10T11:46:50,271000801,충북70자3070,36.469306,127.273946,0.028,293055002,세종고속시외버스터미널(지상),0
2026-10-10T11:46:50,271000801,충북70자2008,36.493926,127.25641,3.419,293054003,다정동,0
2026-10-10T11:46:50,271000801,충북70자7051,36.6183991,127.327211,23.659,270054838,오송역6,0
2026-10-10T11:46:50,271000801,충북70자6052,36.693273,127.414994,38.989,274000032,미래나노텍,0
2026-10-10T11:46:50,271000802,충북70자5128,36.69849731,127.420532,9.623,284000348,오창프라자,0
2026-10-10T11:46:50,271000802,충북70자5129,36.63399154,127.3363527,24.695,271000627,보건의료행정타운,0
2026-10-10T11:46:50,271000802,충북70자3071,36.51044571,127.2605443,44.499,293056002,도담동,0
2026-10-10T11:46:50,293000282,세종70자1751,36.483895,127.259412,12.62,293053007,첫마을1단지,17
2026-10-10T11:46:50,293000282,세종70자1752,36.515078,127.251022,19.967,293064055,아름초등학교,24
2026-10-10T11:46:50,293000282,세종70자1754,36.590411,127.291909,31.086,293001053,자이아파트,43
2026-10-10T11:46:50,293000282,세종70자1745,36.618954,127.326897,37.293,270050300,오송3리,18
2026-10-10T11:46:50,293000282,세종70자1753,36.619047,127.327154,37.312,270054837,오송역종점,21
2026-10-10T11:46:50,293000283,세종70자1749,36.602233,127.302587,3.958,293001096,조치원버스터미널,20
2026-10-10T11:46:50,293000283,세종70자1744,36.539301,127.26896,12.686,293900057,연기리,67
2026-10-10T11:46:50,293000283,세종70자1750,36.490003,127.246362,22.194,293064370,"가온마을4,7단지",24
2026-10-10T11:46:50,293000283,세종70자1747,36.39579599,127.311882,36.611,293055059,세종고속시외버스터미널,43
2026-10-10T11:46:50,293000283,세종70자1748,36.385175,127.320174,37.557,186004229,반석역,37
2026-10-10T11:46:50,293000303,세종70자1510,36.494156,127.256418,20.24,293062004,다정동,255
2026-10-10T11:46:50,293000304,세종70자1505,36.520346,127.259533,6.505,293056003,도담동,49
2026-10-10T11:46:50,293000304,세종70자1506,36.497934,127.321543,17.474,293064418,집현동,45
2026-10-10T11:46:50,293000304,세종70자1509,36.468128,127.274032,23.301,293055001,세종고속시외버스터미널(지상),29
2026-10-10T11:46:50,293000305,세종70자1354,36.467693,127.27356,0.0,293055002,세종고속시외버스터미널(지상),14
2026-10-10T11:46:50,293000305,세종70자1507,36.534209,127.294011,12.949,293900055,용호동,52
2026-10-10T11:46:50,293000305,세종70자1511,36.46803,127.273508,23.378,293055001,세종고속시외버스터미널(지상),255
2026-10-10T11:46:50,293000311,세종70자1348,36.504626,127.28034,11.258,293900012,전통문화체험관,53
2026-10-10T11:46:50,293000311,세종70자1349,36.499255,127.247225,18.482,293063001,"가재마을5단지,가온마을6단지",29
2026-10-10T11:46:50,293000311,세종70자1344,36.468305,127.274124,23.426,293055001,세종고속시외버스터미널(지상),9
2026-10-10T11:46:50,293000312,세종70자1345,36.477519,127.26443,1.41,293064220,세종고속시외버스터미널(지하),59
2026-10-10T11:46:50,293000312,세종70자1352,36.51788,127.258791,9.303,293064052,세종충남대병원,8
2026-10-10T11:46:50,293000312,세종70자1346,36.482568,127.297516,20.655,293064214,소담동(새샘마을),10
2026-10-10T11:46:50,271000805,세종73자5643,36.486131,127.301012,3.856,293064254,"법원,검찰청,경찰청",36
2026-10-10T11:46:50,271000805,세종73자5642,36.52093,127.259532,13.241,293064445,세종충남대학교병원,61
2026-10-10T11:46:50,271000805,세종73자5675,36.609124,127.422772,33.995,293064498,다솜동,23
2026-10-10T11:46:50,271000805,세종73자5672,36.642108,127.425287,39.098,971008280,효성아파트,35
2026-10-10T11:46:50,271000805,세종73자5647,36.642202,127.421357,38.751,270054823,롯데쇼핑몰,6
2026-10-10T11:46:50,271000806,충북70자6075,36.642163,127.4261725,2.561,270054828,솔밭초등학교.신영지웰시티,0
2026-10-10T11:46:50,271000806,충북70자3086,36.51483,127.25896,29.232,293056002,도담동,0
2026-10-10T11:46:50,271000806,충북70자2084,36.49804,127.32304,40.677,293064479,집현동,0
2026-10-10T11:47:22,293000317,세종70자1705,36.427268,127.290531,5.034,186005279,반석역,69
2026-10-10T11:47:22,293000317,세종70자1703,36.498519,127.324496,16.315,293064419,집현동,36
2026-10-10T11:47:22,293000317,세종70자1706,36.619622,127.326503,33.214,270054837,오송역종점,17
2026-10-10T11:47:22,293000317,세종70자1704,36.61902,127.326495,33.214,270054837,오송역종점,13
2026-10-10T11:47:22,293000318,세종70자1708,36.619233,127.326946,0.056,270000635,오송역2.3.4,8
2026-10-10T11:47:22,293000318,세종70자1707,36.497641,127.31943,17.485,293064418,집현동,51
2026-10-10T11:47:22,293000318,세종70자1702,36.426295,127.291681,27.943,293055001,세종고속시외버스터미널(지상),68
2026-10-10T11:47:22,187000003,대전75자9935,36.353018,127.40999,3.818,187001384,오정동행정복지센터,0
2026-10-10T11:47:22,187000003,대전75자9929,36.479973,127.262645,31.321,293053011,한솔동,0
2026-10-10T11:47:22,187000003,대전75자9927,36.529062,127.264329,37.171,293014014,"해밀동,산울동",0
2026-10-10T11:47:22,187000003,대전75자9926,36.565206,127.309063,44.354,293064420,누리동,0
2026-10-10T11:47:22,187000003,대전75자9925,36.619429,127.326653,51.822,270000635,오송역2.3.4,0
2026-10-10T11:47:22,187000003,대전75자9921,36.595429,127.331437,48.395,974019920,오송역2.3.4(미정차),0
2026-10-10T11:47:22,187000003,대전75자9920,36.537392,127.304287,62.638,974019920,오송역2.3.4(미정차),0
2026-10-10T11:47:22,187000003,대전75자9918,36.5021,127.260151,69.694,293062007,정부세종청사 남측,0
2026-10-10T11:47:22,187000003,대전75자9917,36.481457,127.261499,72.188,293053009,한솔동,0
2026-10-10T11:47:22,187000003,대전75자9916,36.485991,127.30126,76.95,293064216,소담동(새샘마을),0
2026-10-10T11:47:22,187000003,대전75자9938,36.467179,127.364123,83.78,186005287,국제과학비즈니스벨트,0
2026-10-10T11:47:22,187000003,대전75자9937,36.424114,127.41374,91.028,187001388,대덕산업단지,0
2026-10-10T11:47:22,187000003,대전75자9915,36.35535,127.406989,100.057,187001389,오정농수산오거리,0
2026-10-10T11:47:22,187000003,대전75자9914,36.342693,127.42315,102.086,187001393,솔랑마을아파트,0
2026-10-10T11:47:22,187000003,대전75자9911,36.333054,127.431792,103.451,183002355,대전역,0
2026-10-10T11:47:22,187000003,대전75자9936,36.331402,127.432782,103.703,187001395,대전역동광장,0
2026-10-10T11:47:22,271000801,충북70자3070,36.469306,127.273946,0.028,293055002,세종고속시외버스터미널(지상),0
2026-10-10T11:47:22,271000801,충북70자2008,36.49835032,127.25816801,3.942,293054003,다정동,0
2026-10-10T11:47:22,271000801,충북70자7051,36.6183991,127.327211,23.659,270054838,오송역6,0
2026-10-10T11:47:22,271000801,충북70자6052,36.693273,127.414994,38.989,274000032,미래나노텍,0
2026-10-10T11:47:22,271000802,충북70자5128,36.69747653,127.4193394,9.779,284000348,오창프라자,0
2026-10-10T11:47:22,271000802,충북70자5129,36.63399154,127.3363527,24.695,271000627,보건의료행정타운,0
2026-10-10T11:47:22,271000802,충북70자3071,36.50508,127.261512,45.117,293062014,정부세종청사 북측,0
2026-10-10T11:47:22,293000282,세종70자1751,36.483319,127.258156,12.749,293053007,첫마을1단지,32
2026-10-10T11:47:22,293000282,세종70자1752,36.515635,127.251227,20.032,293064055,아름초등학교,26
2026-10-10T11:47:22,293000282,세종70자1754,36.591676,127.291758,31.227,293001053,자이아파트,47
2026-10-10T11:47:22,293000282,세종70자1745,36.618954,127.326897,37.293,270050300,오송3리,18
2026-10-10T11:47:22,293000282,세종70자1753,36.619047,127.327154,37.312,270054837,오송역종점,21
2026-10-10T11:47:22,293000283,세종70자1749,36.601993,127.302,4.017,293001096,조치원버스터미널,10
2026-10-10T11:47:22,293000283,세종70자1744,36.536428,127.263912,13.256,293900057,연기리,68
2026-10-10T11:47:22,293000283,세종70자1750,36.489087,127.243331,22.48,293064361,"새뜸마을4단지,가온마을1단지",18
2026-10-10T11:47:22,293000283,세종70자1747,36.39185,127.314624,37.114,186004229,반석역,45
2026-10-10T11:47:22,293000283,세종70자1748,36.386213,127.319246,37.557,186004229,반석역,39
2026-10-10T11:47:22,293000303,세종70자1510,36.48743,127.257496,21.013,293053004,"새롬동,나성동",49
2026-10-10T11:47:22,293000304,세종70자1505,36.521075,127.259596,6.586,293064445,세종충남대학교병원,24
2026-10-10T11:47:22,293000304,세종70자1506,36.49762,127.318332,17.763,293064418,집현동,4
2026-10-10T11:47:22,293000304,세종70자1509,36.468128,127.274032,23.301,293055001,세종고속시외버스터미널(지상),29
2026-10-10T11:47:22,293000305,세종70자1354,36.467693,127.27356,0.0,293055002,세종고속시외버스터미널(지상),14
2026-10-10T11:47:22,293000305,세종70자1507,36.534233,127.289214,13.381,293014058,누리동,57
2026-10-10T11:47:22,293000305,세종70자1511,36.46803,127.273508,23.378,293055001,세종고속시외버스터미널(지상),255
2026-10-10T11:47:22,293000311,세종70자1348,36.505486,127.275521,11.704,293900012,전통문화체험관,45
2026-10-10T11:47:22,293000311,세종70자1349,36.498943,127.251855,18.897,293063001,"가재마을5단지,가온마을6단지",60
2026-10-10T11:47:22,293000311,세종70자1344,36.468305,127.274124,23.426,293055001,세종고속시외버스터미널(지상),9
2026-10-10T11:47:22,293000312,세종70자1345,36.479059,127.263316,1.608,293064220,세종고속시외버스터미널(지하),59
2026-10-10T11:47:22,293000312,세종70자1352,36.515246,127.258898,9.627,293064052,세종충남대병원,38
2026-10-10T11:47:22,293000312,세종70자1346,36.481549,127.295726,20.849,293064214,소담동(새샘마을),45
2026-10-10T11:47:22,271000805,세종73자5643,36.482667,127.297457,4.361,293064214,소담동(새샘마을),21
2026-10-10T11:47:22,271000805,세종73자5642,36.523149,127.260385,13.499,293064445,세종충남대학교병원,56
2026-10-10T11:47:22,271000805,세종73자5675,36.609716,127.424442,34.145,293064498,다솜동,20
2026-10-10T11:47:22,271000805,세종73자5672,36.641891,127.426056,39.171,270054819,솔밭초등학교.신영지웰시티,14
2026-10-10T11:47:22,271000805,세종73자5647,36.642202,127.421357,38.751,270054823,롯데쇼핑몰,6
2026-10-10T11:47:22,271000806,충북70자6075,36.64292333,127.4224717,0.092,270054828,솔밭초등학교.신영지웰시티,0
2026-10-10T11:47:22,271000806,충북70자3086,36.51483,127.25896,29.232,293056002,도담동,0
2026-10-10T11:47:22,271000806,충북70자2084,36.49804,127.32304,40.677,293064479,집현동,0
2026-10-10T11:47:54,293000317,세종70자1705,36.431582,127.286761,5.628,186005279,반석역,68
2026-10-10T11:47:54,293000317,세종70자1703,36.498519,127.324496,16.315,293064419,집현동,36
2026-10-10T11:47:54,293000317,세종70자1706,36.619622,127.326503,33.214,270054837,오송역종점,17
2026-10-10T11:47:54,293000317,세종70자1704,36.61902,127.326495,33.214,270054837,오송역종점,13
2026-10-10T11:47:54,293000318,세종70자1708,36.619558,127.326197,0.154,270000635,오송역2.3.4,23
2026-10-10T11:47:54,293000318,세종70자1707,36.497711,127.314124,17.96,293064418,집현동,67
2026-10-10T11:47:54,293000318,세종70자1702,36.422807,127.296316,29.072,293055001,세종고속시외버스터미널(지상),68
2026-10-10T11:47:54,187000003,대전75자9935,36.354688,127.407912,4.081,187001385,오정농수산오거리,0
2026-10-10T11:47:54,187000003,대전75자9929,36.479973,127.262645,31.321,293053011,한솔동,0
2026-10-10T11:47:54,187000003,대전75자9927,36.529062,127.264329,37.171,293014014,"해밀동,산울동",0
2026-10-10T11:47:54,187000003,대전75자9926,36.575238,127.319552,45.814,293064420,누리동,0
2026-10-10T11:47:54,187000003,대전75자9925,36.619429,127.326653,51.822,270000635,오송역2.3.4,0
2026-10-10T11:47:54,187000003,대전75자9921,36.595429,127.331437,48.395,974019920,오송역2.3.4(미정차),0
2026-10-10T11:47:54,187000003,대전75자9920,36.534531,127.295444,63.53,974019920,오송역2.3.4(미정차),0
2026-10-10T11:47:54,187000003,대전75자9918,36.501284,127.259744,69.792,293062007,정부세종청사 남측,0
2026-10-10T11:47:54,187000003,대전75자9917,36.480638,127.262058,72.292,293053009,한솔동,0
2026-10-10T11:47:54,187000003,대전75자9916,36.485991,127.30126,76.95,293064216,소담동(새샘마을),0
2026-10-10T11:47:54,187000003,대전75자9938,36.467179,127.364123,83.78,186005287,국제과학비즈니스벨트,0
2026-10-10T11:47:54,187000003,대전75자9937,36.424114,127.41374,91.028,187001388,대덕산업단지,0
2026-10-10T11:47:54,187000003,대전75자9915,36.352672,127.410297,100.477,187001390,오정동행정복지센터,0
2026-10-10T11:47:54,187000003,대전75자9914,36.341534,127.424759,102.279,187001394,한밭자이아파트,0
2026-10-10T11:47:54,187000003,대전75자9911,36.333054,127.431792,103.451,183002355,대전역,0
2026-10-10T11:47:54,187000003,대전75자9936,36.331402,127.432782,103.703,187001395,대전역동광장,0
2026-10-10T11:47:54,271000801,충북70자3070,36.469306,127.273946,0.028,293055002,세종고속시외버스터미널(지상),0
2026-10-10T11:47:54,271000801,충북70자2008,36.500845,127.259633,4.249,293062006,정부세종청사 남측,0
2026-10-10T11:47:54,271000801,충북70자7051,36.6183991,127.327211,23.659,270054838,오송역6,0
2026-10-10T11:47:54,271000801,충북70자6052,36.693273,127.414994,38.989,274000032,미래나노텍,0
2026-10-10T11:47:54,271000802,충북70자5128,36.69747653,127.4193394,9.779,284000348,오창프라자,0
2026-10-10T11:47:54,271000802,충북70자5129,36.63399154,127.3363527,24.695,271000627,보건의료행정타운,0
2026-10-10T11:47:54,271000802,충북70자3071,36.50379395,127.2609384,45.268,293062014,정부세종청사 북측,0
2026-10-10T11:47:54,293000282,세종70자1751,36.483214,127.257903,12.774,293053007,첫마을1단지,27
2026-10-10T11:47:54,293000282,세종70자1752,36.51837299,127.252437,20.354,293064056,범지기마을10단지,3
2026-10-10T11:47:54,293000282,세종70자1754,36.595204,127.29126,31.584,293064033,신흥사거리,17
2026-10-10T11:47:54,293000282,세종70자1745,36.618954,127.326897,37.293,270050300,오송3리,18
2026-10-10T11:47:54,293000282,세종70자1753,36.619047,127.327154,37.312,270054837,오송역종점,21
2026-10-10T11:47:54,293000283,세종70자1749,36.601717,127.301095,4.106,293001096,조치원버스터미널,16
2026-10-10T11:47:54,293000283,세종70자1744,36.534564,127.256825,13.923,293900057,연기리,69
2026-10-10T11:47:54,293000283,세종70자1750,36.487769,127.244232,22.647,293064361,"새뜸마을4단지,가온마을1단지",37
2026-10-10T11:47:54,293000283,세종70자1747,36.391401,127.314878,37.169,186004229,반석역,45
2026-10-10T11:47:54,293000283,세종70자1748,36.388193,127.317762,37.557,186004229,반석역,1
2026-10-10T11:47:54,293000303,세종70자1510,36.487273,127.257625,21.034,293053004,"새롬동,나성동",22
2026-10-10T11:47:54,293000304,세종70자1505,36.525335,127.261503,7.09,293064445,세종충남대학교병원,58
2026-10-10T11:47:54,293000304,세종70자1506,36.497658,127.316859,17.896,293064418,집현동,52
2026-10-10T11:47:54,293000304,세종70자1509,36.468128,127.274032,23.301,293055001,세종고속시외버스터미널(지상),29
2026-10-10T11:47:54,293000305,세종70자1354,36.467693,127.27356,0.0,293055002,세종고속시외버스터미널(지상),14
2026-10-10T11:47:54,293000305,세종70자1507,36.534699,127.283908,13.858,293014058,누리동,58
2026-10-10T11:47:54,293000305,세종70자1511,36.46803,127.273508,23.378,293055001,세종고속시외버스터미널(지상),255
2026-10-10T11:47:54,293000311,세종70자1344,36.469018,127.274041,0.0,293055002,세종고속시외버스터미널(지상),24
2026-10-10T11:47:54,293000311,세종70자1348,36.507046,127.270765,12.17,293900009,세종소방서,68
2026-10-10T11:47:54,293000311,세종70자1349,36.498696,127.255136,19.192,293062002,어진중학교(한뜰마을4단지),38
2026-10-10T11:47:54,293000312,세종70자1345,36.479052,127.263305,1.608,293064220,세종고속시외버스터미널(지하),59
2026-10-10T11:47:54,293000312,세종70자1352,36.514959,127.258904,9.659,293064052,세종충남대병원,38
2026-10-10T11:47:54,293000312,세종70자1346,36.479978,127.291466,21.267,293064214,소담동(새샘마을),48
2026-10-10T11:47:54,271000805,세종73자5643,36.482649,127.297348,4.37,293064214,소담동(새샘마을),21
2026-10-10T11:47:54,271000805,세종73자5642,36.528297,127.263567,14.139,293014014,"해밀동,산울동",43
2026-10-10T11:47:54,271000805,세종73자5675,36.612323,127.423508,34.43,270054812,가경아이파크5단지,36
2026-10-10T11:47:54,271000805,세종73자5672,36.641804,127.426459,39.208,270054819,솔밭초등학교.신영지웰시티,9
2026-10-10T11:47:54,271000805,세종73자5647,36.642202,127.421357,38.751,270054823,롯데쇼핑몰,6
2026-10-10T11:47:54,271000805,세종73자5645,36.642294,127.42144,38.761,270054823,롯데쇼핑몰,255
2026-10-10T11:47:54,271000806,충북70자6075,36.64292333,127.4224717,0.092,270054828,솔밭초등학교.신영지웰시티,0
2026-10-10T11:47:54,271000806,충북70자3086,36.51252376,127.2595524,29.495,293056002,도담동,0
2026-10-10T11:47:54,271000806,충북70자2084,36.49804,127.32304,40.677,293064479,집현동,0
2026-10-10T11:48:26,293000317,세종70자1705,36.436678,127.286128,6.2,186005279,반석역,68
2026-10-10T11:48:26,293000317,세종70자1703,36.499042,127.326094,16.47,293064419,집현동,54
2026-10-10T11:48:26,293000317,세종70자1706,36.619622,127.326503,33.214,270054837,오송역종점,17
2026-10-10T11:48:26,293000317,세종70자1704,36.61902,127.326495,33.214,270054837,오송역종점,13
2026-10-10T11:48:26,293000318,세종70자1708,36.618774,127.326572,0.243,270000635,오송역2.3.4,23
2026-10-10T11:48:26,293000318,세종70자1707,36.497647,127.312038,18.149,293064257,반곡동(수루배마을),44
2026-10-10T11:48:26,293000318,세종70자1702,36.42073,127.298181,29.356,293055001,세종고속시외버스터미널(지상),69
2026-10-10T11:48:26,187000003,대전75자9935,36.355375,127.407085,4.187,187001385,오정농수산오거리,0
2026-10-10T11:48:26,187000003,대전75자9929,36.480774,127.262089,31.423,293053011,한솔동,0
2026-10-10T11:48:26,187000003,대전75자9927,36.529062,127.264329,37.171,293014014,"해밀동,산울동",0
2026-10-10T11:48:26,187000003,대전75자9926,36.575238,127.319552,45.814,293064420,누리동,0
2026-10-10T11:48:26,187000003,대전75자9925,36.619429,127.326653,51.822,270000635,오송역2.3.4,0
2026-10-10T11:48:26,187000003,대전75자9921,36.588766,127.323789,47.379,974019920,오송역2.3.4(미정차),0
2026-10-10T11:48:26,187000003,대전75자9920,36.534531,127.295444,63.53,974019920,오송역2.3.4(미정차),0
2026-10-10T11:48:26,187000003,대전75자9918,36.495184,127.256597,70.541,293062004,다정동,0
2026-10-10T11:48:26,187000003,대전75자9917,36.479296,127.262999,72.463,293053009,한솔동,0
2026-10-10T11:48:26,187000003,대전75자9916,36.483447,127.306282,77.498,293064216,소담동(새샘마을),0
2026-10-10T11:48:26,187000003,대전75자9938,36.454232,127.369626,85.466,186005287,국제과학비즈니스벨트,0
2026-10-10T11:48:26,187000003,대전75자9937,36.415705,127.421087,92.181,187001388,대덕산업단지,0
2026-10-10T11:48:26,187000003,대전75자9915,36.352024,127.411125,100.581,187001390,오정동행정복지센터,0
2026-10-10T11:48:26,187000003,대전75자9914,36.340595,127.426015,102.433,187001394,한밭자이아파트,0
2026-10-10T11:48:26,187000003,대전75자9911,36.333054,127.431792,103.451,183002355,대전역,0
2026-10-10T11:48:26,187000003,대전75자9936,36.331402,127.432782,103.703,187001395,대전역동광장,0
2026-10-10T11:48:26,271000801,충북70자2008,36.50379395,127.2609384,4.597,293062006,정부세종청사 남측,0
2026-10-10T11:48:26,271000801,충북70자7051,36.6183991,127.327211,23.659,270054838,오송역6,0
2026-10-10T11:48:26,271000801,충북70자6052,36.693273,127.414994,38.989,274000032,미래나노텍,0
2026-10-10T11:48:26,271000802,충북70자5128,36.69747653,127.4193394,9.779,284000348,오창프라자,0
2026-10-10T11:48:26,271000802,충북70자5129,36.627526,127.332272,25.514,271000608,오송휴먼시아아파트,0
2026-10-10T11:48:26,271000802,충북70자3071,36.501765,127.259955,45.511,293062007,정부세종청사 남측,0
2026-10-10T11:48:26,293000282,세종70자1748,36.391224,127.315574,0.339,186004230,반석역,20
2026-10-10T11:48:26,293000282,세종70자1751,36.481858,127.254116,13.146,293053007,첫마을1단지,22
2026-10-10T11:48:26,293000282,세종70자1752,36.518932,127.252489,20.416,293064056,범지기마을10단지,11
2026-10-10T11:48:26,293000282,세종70자1754,36.595511,127.294113,31.916,293064147,세종시보건소(대동초),39
2026-10-10T11:48:26,293000282,세종70자1745,36.618954,127.326897,37.293,270050300,오송3리,18
2026-10-10T11:48:26,293000282,세종70자1753,36.619047,127.327154,37.312,270054837,오송역종점,21
2026-10-10T11:48:26,293000283,세종70자1749,36.601594,127.29993,4.211,293064152,조치원전통시장 북측,12
2026-10-10T11:48:26,293000283,세종70자1744,36.532386,127.252204,14.401,293900057,연기리,69
2026-10-10T11:48:26,293000283,세종70자1750,36.486332,127.244937,22.819,293064361,"새뜸마을4단지,가온마을1단지",37
2026-10-10T11:48:26,293000283,세종70자1747,36.39136,127.314908,37.174,186004229,반석역,10
2026-10-10T11:48:26,293000303,세종70자1510,36.486516,127.257943,21.13,293053004,"새롬동,나성동",255
2026-10-10T11:48:26,293000304,세종70자1505,36.528421,127.26374,7.487,293014014,"해밀동,산울동",29
2026-10-10T11:48:26,293000304,세종70자1506,36.497818,127.312216,18.311,293064257,반곡동(수루배마을),7
2026-10-10T11:48:26,293000304,세종70자1509,36.468128,127.274032,23.301,293055001,세종고속시외버스터미널(지상),29
2026-10-10T11:48:26,293000305,세종70자1354,36.467693,127.27356,0.0,293055002,세종고속시외버스터미널(지상),14
2026-10-10T11:48:26,293000305,세종70자1507,36.534007,127.275931,14.579,293014026,한별동,51
2026-10-10T11:48:26,293000305,세종70자1511,36.46803,127.273508,23.378,293055001,세종고속시외버스터미널(지상),255
2026-10-10T11:48:26,293000311,세종70자1344,36.469535,127.273911,0.053,293055002,세종고속시외버스터미널(지상),24
2026-10-10T11:48:26,293000311,세종70자1348,36.50797,127.268181,12.423,293900009,세종소방서,68
2026-10-10T11:48:26,293000311,세종70자1349,36.498616,127.255763,19.249,293062002,어진중학교(한뜰마을4단지),22
2026-10-10T11:48:26,293000312,세종70자1345,36.479272,127.263146,1.637,293064220,세종고속시외버스터미널(지하),18
2026-10-10T11:48:26,293000312,세종70자1352,36.512136,127.259723,9.982,293064109,"도램마을8,10단지",32
2026-10-10T11:48:26,293000312,세종70자1346,36.47865199,127.289127,21.521,293064211,"세종시청,시의회,교육청",23
2026-10-10T11:48:26,271000805,세종73자5643,36.482649,127.297348,4.37,293064214,소담동(새샘마을),21
2026-10-10T11:48:26,271000805,세종73자5642,36.528803,127.263975,14.206,293014014,"해밀동,산울동",43
2026-10-10T11:48:26,271000805,세종73자5675,36.613115,127.42334,34.519,270054812,가경아이파크5단지,24
2026-10-10T11:48:26,271000805,세종73자5672,36.641783,127.426562,39.218,270054819,솔밭초등학교.신영지웰시티,9
2026-10-10T11:48:26,271000805,세종73자5647,36.642202,127.421357,38.751,270054823,롯데쇼핑몰,6
2026-10-10T11:48:26,271000805,세종73자5645,36.642294,127.42144,38.761,270054823,롯데쇼핑몰,255
2026-10-10T11:48:26,271000806,충북70자6075,36.6391624,127.4223277,3.386,971009050,부모산.연화사입구,0
2026-10-10T11:48:26,271000806,충북70자3086,36.50682951,127.26188928,30.166,293056002,도담동,0
2026-10-10T11:48:26,271000806,충북70자2084,36.49804,127.32304,40.677,293064479,집현동,0
2026-10-10T11:48:58,293000317,세종70자1705,36.441831,127.286098,6.783,186005279,반석역,68
2026-10-10T11:48:58,293000317,세종70자1703,36.500873,127.328379,16.763,293064417,세종공동캠퍼스,44
2026-10-10T11:48:58,293000317,세종70자1706,36.619622,127.326503,33.214,270054837,오송역종점,17
2026-10-10T11:48:58,293000317,세종70자1704,36.61902,127.326495,33.214,270054837,오송역종점,13
2026-10-10T11:48:58,293000318,세종70자1708,36.618774,127.326572,0.243,270000635,오송역2.3.4,23
2026-10-10T11:48:58,293000318,세종70자1707,36.497064,127.308582,18.471,293064257,반곡동(수루배마을),65
2026-10-10T11:48:58,293000318,세종70자1702,36.412008,127.300578,30.352,293055001,세종고속시외버스터미널(지상),68
2026-10-10T11:48:58,187000003,대전75자9935,36.356699,127.405569,4.392,187001385,오정농수산오거리,0
2026-10-10T11:48:58,187000003,대전75자9929,36.486494,127.258015,32.156,293053005,"새롬동,나성동",0
2026-10-10T11:48:58,187000003,대전75자9927,36.533692,127.274761,38.259,293014025,한별동,0
2026-10-10T11:48:58,187000003,대전75자9926,36.588408,127.323545,47.335,293064420,누리동,0
2026-10-10T11:48:58,187000003,대전75자9925,36.619429,127.326653,51.822,270000635,오송역2.3.4,0
2026-10-10T11:48:58,187000003,대전75자9921,36.588766,127.323789,47.379,974019920,오송역2.3.4(미정차),0
2026-10-10T11:48:58,187000003,대전75자9920,36.534002,127.292652,63.783,293014058,누리동,0
2026-10-10T11:48:58,187000003,대전75자9918,36.494347,127.256391,70.636,293062004,다정동,0
2026-10-10T11:48:58,187000003,대전75자9917,36.479296,127.262999,72.463,293053009,한솔동,0
2026-10-10T11:48:58,187000003,대전75자9916,36.483447,127.306282,77.498,293064216,소담동(새샘마을),0
2026-10-10T11:48:58,187000003,대전75자9938,36.454232,127.369626,85.466,186005287,국제과학비즈니스벨트,0
2026-10-10T11:48:58,187000003,대전75자9937,36.405889,127.416763,93.356,187001388,대덕산업단지,0
2026-10-10T11:48:58,187000003,대전75자9915,36.349862,127.413808,100.921,187001391,한남오거리(BRT),0
2026-10-10T11:48:58,187000003,대전75자9914,36.335943,127.430348,103.105,187001394,한밭자이아파트,0
2026-10-10T11:48:58,187000003,대전75자9911,36.333054,127.431792,103.451,183002355,대전역,0
2026-10-10T11:48:58,187000003,대전75자9936,36.332439,127.432171,103.526,187001395,대전역동광장,0
2026-10-10T11:48:58,271000801,충북70자2008,36.50379395,127.2609384,4.597,293062006,정부세종청사 남측,0
2026-10-10T11:48:58,271000801,충북70자7051,36.6183991,127.327211,23.659,270054838,오송역6,0
2026-10-10T11:48:58,271000801,충북70자6052,36.69849731,127.420532,39.81,274000032,미래나노텍,0
2026-10-10T11:48:58,271000802,충북70자5128,36.69747653,127.4193394,9.779,284000348,오창프라자,0
2026-10-10T11:48:58,271000802,충북70자5129,36.627526,127.332272,25.514,271000608,오송휴먼시아아파트,0
2026-10-10T11:48:58,271000802,충북70자3071,36.501765,127.259955,45.511,293062007,정부세종청사 남측,0
2026-10-10T11:48:58,293000282,세종70자1748,36.391344,127.315509,0.353,186004230,반석역,20
2026-10-10T11:48:58,293000282,세종70자1751,36.48166599,127.253382,13.214,293053007,첫마을1단지,41
2026-10-10T11:48:58,293000282,세종70자1752,36.519442,127.25159,20.56,293064056,범지기마을10단지,44
2026-10-10T11:48:58,293000282,세종70자1754,36.59576,127.296261,32.108,293064147,세종시보건소(대동초),26
2026-10-10T11:48:58,293000282,세종70자1745,36.618954,127.326897,37.293,270050300,오송3리,18
2026-10-10T11:48:58,293000282,세종70자1753,36.619047,127.327154,37.312,270054837,오송역종점,21
2026-10-10T11:48:58,293000283,세종70자1749,36.601411,127.297997,4.386,293064152,조치원전통시장 북측,30
2026-10-10T11:48:58,293000283,세종70자1744,36.527695,127.248669,15.015,293900057,연기리,68
2026-10-10T11:48:58,293000283,세종70자1750,36.485777,127.245159,22.884,293064313,"세종기상관측소(새뜸3,4단지)",32
2026-10-10T11:48:58,293000283,세종70자1747,36.39094,127.31525,37.23,186004229,반석역,31
2026-10-10T11:48:58,293000303,세종70자1510,36.480936,127.26195,21.847,293053009,한솔동,53
2026-10-10T11:48:58,293000304,세종70자1505,36.528765,127.263951,7.529,293014014,"해밀동,산울동",29
2026-10-10T11:48:58,293000304,세종70자1506,36.497717,127.311909,18.339,293064257,반곡동(수루배마을),16
2026-10-10T11:48:58,293000304,세종70자1509,36.468128,127.274032,23.301,293055001,세종고속시외버스터미널(지상),29
2026-10-10T11:48:58,293000305,세종70자1354,36.467693,127.27356,0.0,293055002,세종고속시외버스터미널(지상),14
2026-10-10T11:48:58,293000305,세종70자1507,36.533659,127.27386,14.768,293014026,한별동,55
2026-10-10T11:48:58,293000305,세종70자1511,36.46803,127.273508,23.378,293055001,세종고속시외버스터미널(지상),255
2026-10-10T11:48:58,293000311,세종70자1344,36.470798,127.273679,0.195,293055002,세종고속시외버스터미널(지상),10
2026-10-10T11:48:58,293000311,세종70자1348,36.50797,127.268181,12.423,293900009,세종소방서,68
2026-10-10T11:48:58,293000311,세종70자1349,36.498261,127.257955,19.452,293062002,어진중학교(한뜰마을4단지),18
2026-10-10T11:48:58,293000312,세종70자1345,36.480958,127.262056,1.848,293053010,한솔동(첫마을),45
2026-10-10T11:48:58,293000312,세종70자1352,36.511183,127.260141,10.095,293064109,"도램마을8,10단지",45
2026-10-10T11:48:58,293000312,세종70자1346,36.477088,127.285528,21.887,293064211,"세종시청,시의회,교육청",46
2026-10-10T11:48:58,271000805,세종73자5643,36.481735,127.295707,4.55,293064214,소담동(새샘마을),53
2026-10-10T11:48:58,271000805,세종73자5642,36.529027,127.264266,14.241,293014014,"해밀동,산울동",29
2026-10-10T11:48:58,271000805,세종73자5675,36.615594,127.422749,34.8,270054812,가경아이파크5단지,14
2026-10-10T11:48:58,271000805,세종73자5672,36.64175,127.426918,39.25,270054819,솔밭초등학교.신영지웰시티,17
2026-10-10T11:48:58,271000805,세종73자5647,36.642202,127.421357,38.751,270054823,롯데쇼핑몰,6
2026-10-10T11:48:58,271000805,세종73자5645,36.642294,127.42144,38.761,270054823,롯데쇼핑몰,255
2026-10-10T11:48:58,271000806,충북70자6075,36.6374,127.42272,3.585,971009610,비하새동네.영조1차아파트,0
2026-10-10T11:48:58,271000806,충북70자3086,36.50508,127.261512,30.363,293062014,정부세종청사 북측,0
2026-10-10T11:48:58,271000806,충북70자2084,36.49804,127.32304,40.677,293064479,집현동,0
2026-10-10T11:49:30,293000317,세종70자1705,36.446968,127.286024,7.351,186005279,반석역,68
2026-10-10T11:49:30,293000317,세종70자1703,36.503176,127.329272,17.036,293064417,세종공동캠퍼스,60
2026-10-10T11:49:30,293000317,세종70자1706,36.619622,127.326503,33.214,270054837,오송역종점,17
2026-10-10T11:49:30,293000317,세종70자1704,36.61902,127.326495,33.214,270054837,오송역종점,13
2026-10-10T11:49:30,293000318,세종70자1708,36.618077,127.327287,0.353,270000635,오송역2.3.4,45
2026-10-10T11:49:30,293000318,세종70자1707,36.49232,127.304619,19.118,293064261,국책연구단지,47
2026-10-10T11:49:30,293000318,세종70자1702,36.406563,127.30357,31.017,293055001,세종고속시외버스터미널(지상),68
2026-10-10T11:49:30,187000003,대전75자9935,36.358247,127.40485,4.583,187001386,오정농수산시장,0
2026-10-10T11:49:30,187000003,대전75자9929,36.487305,127.257541,32.256,293053005,"새롬동,나성동",0
2026-10-10T11:49:30,187000003,대전75자9927,36.533692,127.274761,38.259,293014025,한별동,0
2026-10-10T11:49:30,187000003,대전75자9926,36.588408,127.323545,47.335,293064420,누리동,0
2026-10-10T11:49:30,187000003,대전75자9925,36.619429,127.326653,51.822,270000635,오송역2.3.4,0
2026-10-10T11:49:30,187000003,대전75자9921,36.575553,127.319597,45.861,974019920,오송역2.3.4(미정차),0
2026-10-10T11:49:30,187000003,대전75자9920,36.534002,127.292652,63.783,293014058,누리동,0
2026-10-10T11:49:30,187000003,대전75자9918,36.487241,127.25748,71.45,293053004,"새롬동,나성동",0
2026-10-10T11:49:30,187000003,대전75자9917,36.470948,127.270809,73.662,293053009,한솔동,0
2026-10-10T11:49:30,187000003,대전75자9916,36.481789,127.30748,77.714,293064218,한국개발연구원(KDI),0
2026-10-10T11:49:30,187000003,대전75자9938,36.454232,127.369626,85.466,186005287,국제과학비즈니스벨트,0
2026-10-10T11:49:30,187000003,대전75자9937,36.405889,127.416763,93.356,187001388,대덕산업단지,0
2026-10-10T11:49:30,187000003,대전75자9915,36.349862,127.413808,100.921,187001391,한남오거리(BRT),0
2026-10-10T11:49:30,187000003,대전75자9914,36.335943,127.430348,103.105,187001394,한밭자이아파트,0
2026-10-10T11:49:30,187000003,대전75자9911,36.333054,127.431792,103.451,183002355,대전역,0
2026-10-10T11:49:30,187000003,대전75자9936,36.332439,127.432171,103.526,187001395,대전역동광장,0
2026-10-10T11:49:30,271000801,충북70자2008,36.50461547,127.26134674,4.695,293062011,정부세종청사 북측,0
2026-10-10T11:49:30,271000801,충북70자7051,36.6203875,127.3299053,23.986,270054838,오송역6,0
2026-10-10T11:49:30,271000801,충북70자6052,36.70213023,127.4236105,40.304,274000032,미래나노텍,0
2026-10-10T11:49:30,271000802,충북70자5128,36.692985,127.414914,10.459,274000031,미래나노텍,0
2026-10-10T11:49:30,271000802,충북70자5129,36.62353305,127.3309365,26.005,271000608,오송휴먼시아아파트,0
2026-10-10T11:49:30,271000802,충북70자3071,36.50039827,127.25935026,45.672,293062007,정부세종청사 남측,0
2026-10-10T11:49:30,293000282,세종70자1748,36.391344,127.315509,0.353,186004230,반석역,20
2026-10-10T11:49:30,293000282,세종70자1751,36.48044,127.249494,13.588,293064358,새롬중학교(새뜸마을1단지),48
2026-10-10T11:49:30,293000282,세종70자1752,36.519198,127.249392,20.761,293064102,범지기마을10단지 북측,35
2026-10-10T11:49:30,293000282,세종70자1754,36.596715,127.298993,32.381,293001093,조치원1927아트센터,20
2026-10-10T11:49:30,293000282,세종70자1745,36.618954,127.326897,37.293,270050300,오송3리,18
2026-10-10T11:49:30,293000282,세종70자1753,36.619047,127.327154,37.312,270054837,오송역종점,21
2026-10-10T11:49:30,293000283,세종70자1749,36.60112,127.296922,4.514,293064152,조치원전통시장 북측,24
2026-10-10T11:49:30,293000283,세종70자1744,36.523326,127.246942,15.073,293900057,연기리,68
2026-10-10T11:49:30,293000283,세종70자1750,36.483143,127.245896,23.186,293064389,"새뜸마을1,2단지",39
2026-10-10T11:49:30,293000283,세종70자1747,36.39094,127.31525,37.23,186004229,반석역,31
2026-10-10T11:49:30,293000303,세종70자1510,36.47988,127.262621,21.978,293053009,한솔동,40
2026-10-10T11:49:30,293000304,세종70자1505,36.529211,127.26399,7.569,293014014,"해밀동,산울동",27
2026-10-10T11:49:30,293000304,세종70자1506,36.496831,127.308032,18.706,293064257,반곡동(수루배마을),60
2026-10-10T11:49:30,293000304,세종70자1509,36.468128,127.274032,23.301,293055001,세종고속시외버스터미널(지상),29
2026-10-10T11:49:30,293000305,세종70자1354,36.467693,127.27356,0.0,293055002,세종고속시외버스터미널(지상),14
2026-10-10T11:49:30,293000305,세종70자1507,36.532276,127.268942,15.235,293014026,한별동,53
2026-10-10T11:49:30,293000305,세종70자1511,36.46803,127.273508,23.378,293055001,세종고속시외버스터미널(지상),255
2026-10-10T11:49:30,293000311,세종70자1344,36.472357,127.276602,0.535,293064252,대평동,6
2026-10-10T11:49:30,293000311,세종70자1348,36.508511,127.266578,12.575,293900008,양지고등학교,29
2026-10-10T11:49:30,293000311,세종70자1349,36.493315,127.256138,20.071,293054001,다정동(대성고등학교),46
2026-10-10T11:49:30,293000312,세종70자1345,36.482694,127.260768,2.072,293053010,한솔동(첫마을),47
2026-10-10T11:49:30,293000312,세종70자1352,36.508496,127.261969,10.46,293062016,도램마을9단지,30
2026-10-10T11:49:30,293000312,세종70자1346,36.475614,127.281896,22.251,293064209,"보람동,대평동",37
2026-10-10T11:49:30,271000805,세종73자5643,36.478743,127.289028,5.239,293064211,"세종시청,시의회,교육청",25
2026-10-10T11:49:30,271000805,세종73자5642,36.530446,127.265982,14.461,293014014,"해밀동,산울동",3
2026-10-10T11:49:30,271000805,세종73자5675,36.616444,127.422669,34.895,270054812,가경아이파크5단지,14
2026-10-10T11:49:30,271000805,세종73자5672,36.641712,127.428786,39.416,270054819,솔밭초등학교.신영지웰시티,30
2026-10-10T11:49:30,271000805,세종73자5647,36.642202,127.421357,38.751,270054823,롯데쇼핑몰,6
2026-10-10T11:49:30,271000805,세종73자5645,36.642294,127.42144,38.761,270054823,롯데쇼핑몰,255
2026-10-10T11:49:30,271000806,충북70자6075,36.6374,127.42272,3.585,971009610,비하새동네.영조1차아파트,0
2026-10-10T11:49:30,271000806,충북70자3086,36.50250387,127.26034549,30.667,293062014,정부세종청사 북측,0
2026-10-10T11:50:02,293000317,세종70자1705,36.451883,127.285272,7.907,186005279,반석역,67
2026-10-10T11:50:02,293000317,세종70자1703,36.508396,127.329737,17.618,293064417,세종공동캠퍼스,68
2026-10-10T11:50:02,293000317,세종70자1706,36.619622,127.326503,33.214,270054837,오송역종점,17
2026-10-10T11:50:02,293000317,세종70자1704,36.61902,127.326495,33.214,270054837,오송역종점,13
2026-10-10T11:50:02,293000318,세종70자1708,36.611226,127.334929,1.374,270000635,오송역2.3.4,69
2026-10-10T11:50:02,293000318,세종70자1707,36.491726,127.304195,19.194,293064261,국책연구단지,34
2026-10-10T11:50:02,293000318,세종70자1702,36.404242,127.305433,31.322,293055001,세종고속시외버스터미널(지상),69
2026-10-10T11:50:02,187000003,대전75자9935,36.36093,127.402314,4.958,187001386,오정농수산시장,0
2026-10-10T11:50:02,187000003,대전75자9929,36.487305,127.257541,32.256,293053005,"새롬동,나성동",0
2026-10-10T11:50:02,187000003,대전75자9926,36.595039,127.331189,48.347,293064420,누리동,0
2026-10-10T11:50:02,187000003,대전75자9927,36.533933,127.291711,39.78,293064420,누리동,0
2026-10-10T11:50:02,187000003,대전75자9925,36.619429,127.326653,51.822,270000635,오송역2.3.4,0
2026-10-10T11:50:02,187000003,대전75자9921,36.575553,127.319597,45.861,974019920,오송역2.3.4(미정차),0
2026-10-10T11:50:02,187000003,대전75자9920,36.534141,127.277131,65.186,293014026,한별동,0
2026-10-10T11:50:02,187000003,대전75자9918,36.487241,127.25748,71.45,293053004,"새롬동,나성동",0
2026-10-10T11:50:02,187000003,대전75자9917,36.47071,127.272925,73.856,293064221,세종고속시외버스터미널(지하),0
2026-10-10T11:50:02,187000003,대전75자9916,36.4809,127.307772,77.816,293064218,한국개발연구원(KDI),0
2026-10-10T11:50:02,187000003,대전75자9938,36.443807,127.383514,87.445,186005287,국제과학비즈니스벨트,0
2026-10-10T11:50:02,187000003,대전75자9937,36.405889,127.416763,93.356,187001388,대덕산업단지,0
2026-10-10T11:50:02,187000003,대전75자9915,36.346899,127.417479,101.394,187001392,대덕구청,0
2026-10-10T11:50:02,187000003,대전75자9911,36.333054,127.431792,103.451,183002355,대전역,0
2026-10-10T11:50:02,187000003,대전75자9914,36.333853,127.43124,103.35,183002355,대전역,0
2026-10-10T11:50:02,187000003,대전75자9936,36.333261,127.431829,103.43,187001395,대전역동광장,0
2026-10-10T11:50:02,271000801,충북70자2008,36.51044571,127.2605443,5.376,293062011,정부세종청사 북측,0
2026-10-10T11:50:02,271000801,충북70자7051,36.62409673,127.3305556,24.501,270054838,오송역6,0
2026-10-10T11:50:02,271000801,충북70자6052,36.7054502,127.4263229,40.748,274000032,미래나노텍,0
2026-10-10T11:50:02,271000802,충북70자5128,36.692985,127.414914,10.459,274000031,미래나노텍,0
2026-10-10T11:50:02,271000802,충북70자5129,36.6230577,127.3310504,26.06,271000608,오송휴먼시아아파트,0
2026-10-10T11:50:02,271000802,충북70자3071,36.49591871,127.25685599,46.219,293062007,정부세종청사 남측,0
2026-10-10T11:50:02,293000282,세종70자1748,36.391351,127.315503,0.354,186004230,반석역,8
2026-10-10T11:50:02,293000282,세종70자1751,36.479554,127.246408,13.881,293064358,새롬중학교(새뜸마을1단지),19
2026-10-10T11:50:02,293000282,세종70자1752,36.519124,127.248995,20.798,293064102,범지기마을10단지 북측,13
2026-10-10T11:50:02,293000282,세종70자1754,36.598687,127.298614,32.603,293001090,조치원전통시장,37
2026-10-10T11:50:02,293000282,세종70자1745,36.618954,127.326897,37.293,270050300,오송3리,18
2026-10-10T11:50:02,293000282,세종70자1753,36.619047,127.327154,37.312,270054837,오송역종점,21
2026-10-10T11:50:02,293000283,세종70자1749,36.601177,127.297445,4.561,293064152,조치원전통시장 북측,15
2026-10-10T11:50:02,293000283,세종70자1744,36.519939,127.242936,15.073,293900057,연기리,24
2026-10-10T11:50:02,293000283,세종70자1750,36.482593,127.246001,23.248,293064389,"새뜸마을1,2단지",38
2026-10-10T11:50:02,293000283,세종70자1747,36.39094,127.31525,37.23,186004229,반석역,31
2026-10-10T11:50:02,293000303,세종70자1510,36.479513,127.262908,22.027,293053009,한솔동,40
2026-10-10T11:50:02,293000304,세종70자1505,36.53122,127.266913,7.908,293014014,"해밀동,산울동",44
2026-10-10T11:50:02,293000304,세종70자1506,36.492249,127.304546,19.308,293064261,국책연구단지,45
2026-10-10T11:50:02,293000304,세종70자1509,36.468128,127.274032,23.301,293055001,세종고속시외버스터미널(지상),29
2026-10-10T11:50:02,293000305,세종70자1354,36.467693,127.27356,0.0,293055002,세종고속시외버스터미널(지상),14
2026-10-10T11:50:02,293000305,세종70자1507,36.5299,127.265153,15.666,293014017,"해밀동,산울동",25
2026-10-10T11:50:02,293000305,세종70자1511,36.46803,127.273508,23.378,293055001,세종고속시외버스터미널(지상),255
2026-10-10T11:50:02,293000311,세종70자1344,36.47346,127.278152,0.72,293064252,대평동,57
2026-10-10T11:50:02,293000311,세종70자1348,36.508889,127.261833,13.066,293056005,성금교차로,3
2026-10-10T11:50:02,293000311,세종70자1349,36.492168,127.256168,20.197,293054001,다정동(대성고등학교),27
2026-10-10T11:50:02,293000312,세종70자1345,36.483407,127.260116,2.17,293053010,한솔동(첫마을),47
2026-10-10T11:50:02,293000312,세종70자1352,36.50883799,127.263231,10.572,293062016,도램마을9단지,38
2026-10-10T11:50:02,293000312,세종70자1346,36.475302,127.281268,22.321,293064209,"보람동,대평동",29
2026-10-10T11:50:02,271000805,세종73자5643,36.478645,127.288883,5.255,293064211,"세종시청,시의회,교육청",25
2026-10-10T11:50:02,271000805,세종73자5642,36.532016,127.268773,14.766,293014014,"해밀동,산울동",61
2026-10-10T11:50:02,271000805,세종73자5675,36.616884,127.423638,35.017,270054812,가경아이파크5단지,18
2026-10-10T11:50:02,271000805,세종73자5672,36.641671,127.430242,39.546,270054819,솔밭초등학교.신영지웰시티,30
2026-10-10T11:50:02,271000805,세종73자5647,36.642202,127.421357,38.751,270054823,롯데쇼핑몰,6
2026-10-10T11:50:02,271000805,세종73자5645,36.642294,127.42144,38.761,270054823,롯데쇼핑몰,255
2026-10-10T11:50:02,271000806,충북70자6075,36.6374,127.42272,3.585,971009610,비하새동네.영조1차아파트,0
2026-10-10T11:50:02,271000806,충북70자3086,36.501765,127.259955,30.757,293062007,정부세종청사 남측,0
2026-10-10T11:50:34,293000317,세종70자1705,36.45669,127.28249,8.497,186005279,반석역,68
2026-10-10T11:50:34,293000317,세종70자1703,36.513371,127.330207,18.172,293064417,세종공동캠퍼스,68
2026-10-10T11:50:34,293000317,세종70자1706,36.619622,127.326503,33.214,270054837,오송역종점,17
2026-10-10T11:50:34,293000317,세종70자1704,36.61902,127.326495,33.214,270054837,오송역종점,13
2026-10-10T11:50:34,293000318,세종70자1708,36.607462,127.339271,1.446,270000635,오송역2.3.4,68
2026-10-10T11:50:34,293000318,세종70자1707,36.48717899,127.301802,19.746,293064254,"법원,검찰청,경찰청",40
2026-10-10T11:50:34,293000318,세종70자1702,36.39748,127.31085,32.219,293055001,세종고속시외버스터미널(지상),69
2026-10-10T11:50:34,187000003,대전75자9935,36.36315,127.399737,5.294,187001386,오정농수산시장,0
2026-10-10T11:50:34,187000003,대전75자9929,36.493481,127.256346,32.955,293054003,다정동,0
2026-10-10T11:50:34,187000003,대전75자9926,36.595039,127.331189,48.347,293064420,누리동,0
2026-10-10T11:50:34,187000003,대전75자9927,36.533933,127.291711,39.78,293064420,누리동,0
2026-10-10T11:50:34,187000003,대전75자9925,36.619429,127.326653,51.822,270000635,오송역2.3.4,0
2026-10-10T11:50:34,187000003,대전75자9921,36.575553,127.319597,45.861,974019920,오송역2.3.4(미정차),0
2026-10-10T11:50:34,187000003,대전75자9920,36.534141,127.277131,65.186,293014026,한별동,0
2026-10-10T11:50:34,187000003,대전75자9918,36.481381999999996,127.261556,72.198,293053009,한솔동,0
2026-10-10T11:50:34,187000003,대전75자9917,36.470963,127.273653,73.931,293064221,세종고속시외버스터미널(지하),0
2026-10-10T11:50:34,187000003,대전75자9916,36.478381,127.309874,78.16,293064218,한국개발연구원(KDI),0
2026-10-10T11:50:34,187000003,대전75자9938,36.443807,127.383514,87.445,186005287,국제과학비즈니스벨트,0
2026-10-10T11:50:34,187000003,대전75자9937,36.39314,127.413068,94.825,187001388,대덕산업단지,0
2026-10-10T11:50:34,187000003,대전75자9915,36.346392,127.41811,101.474,187001392,대덕구청,0
2026-10-10T11:50:34,187000003,대전75자9911,36.331399,127.43257,103.648,183002355,대전역,0
2026-10-10T11:50:34,187000003,대전75자9914,36.333853,127.43124,103.35,183002355,대전역,0
2026-10-10T11:50:34,187000003,대전75자9936,36.335546,127.430812,103.16,187001395,대전역동광장,0
2026-10-10T11:50:34,271000801,충북70자2008,36.51121172,127.2601383,5.468,293062011,정부세종청사 북측,0
2026-10-10T11:50:34,271000801,충북70자7051,36.62409673,127.3305556,24.501,270054838,오송역6,0
2026-10-10T11:50:34,271000801,충북70자6052,36.70735567,127.4284514,41.038,274000032,미래나노텍,0
2026-10-10T11:50:34,271000802,충북70자5130,36.72344064,127.497054,0.383,270051719,청주국제공항,0
2026-10-10T11:50:34,271000802,충북70자5128,36.69222161,127.416154,10.602,274000031,미래나노텍,0
2026-10-10T11:50:34,271000802,충북70자5129,36.6183991,127.327211,26.76,271000608,오송휴먼시아아파트,0
2026-10-10T11:50:34,271000802,충북70자3071,36.49372851,127.256326,46.472,293062004,다정동,0
2026-10-10T11:50:34,293000282,세종70자1748,36.393252,127.313881,0.61,186004230,반석역,56
2026-10-10T11:50:34,293000282,세종70자1751,36.481012,127.24631,14.1,293064358,새롬중학교(새뜸마을1단지),46
2026-10-10T11:50:34,293000282,세종70자1752,36.519121,127.248975,20.8,293064102,범지기마을10단지 북측,11
2026-10-10T11:50:34,293000282,세종70자1754,36.599595,127.298463,32.704,293001090,조치원전통시장,23
2026-10-10T11:50:34,293000282,세종70자1745,36.618954,127.326897,37.293,270050300,오송3리,18
2026-10-10T11:50:34,293000282,세종70자1753,36.619047,127.327154,37.312,270054837,오송역종점,21
2026-10-10T11:50:34,293000283,세종70자1749,36.600309,127.29823,4.729,293001088,조치원전통시장,24
2026-10-10T11:50:34,293000283,세종70자1744,36.5198,127.242858,15.073,293900057,연기리,24
2026-10-10T11:50:34,293000283,세종70자1750,36.479265,127.246267,23.629,293064389,"새뜸마을1,2단지",19
2026-10-10T11:50:34,293000283,세종70자1747,36.39094,127.31525,37.23,186004229,반석역,31
2026-10-10T11:50:34,293000303,세종70자1510,36.479513,127.262908,22.027,293053009,한솔동,40
2026-10-10T11:50:34,293000304,세종70자1505,36.533748,127.274778,8.667,293014025,한별동,44
2026-10-10T11:50:34,293000304,세종70자1506,36.489536,127.302682,19.653,293064261,국책연구단지,57
2026-10-10T11:50:34,293000304,세종70자1509,36.468128,127.274032,23.301,293055001,세종고속시외버스터미널(지상),29
2026-10-10T11:50:34,293000305,세종70자1354,36.467693,127.27356,0.0,293055002,세종고속시외버스터미널(지상),14
2026-10-10T11:50:34,293000305,세종70자1507,36.529134,127.264537,15.767,293014017,"해밀동,산울동",22
2026-10-10T11:50:34,293000305,세종70자1511,36.46803,127.273508,23.378,293055001,세종고속시외버스터미널(지상),255
2026-10-10T11:50:34,293000311,세종70자1344,36.475164,127.281016,1.038,293064206,"보람동,대평동",32
2026-10-10T11:50:34,293000311,세종70자1348,36.508883,127.26178,13.066,293900008,양지고등학교,3
2026-10-10T11:50:34,293000311,세종70자1349,36.49194,127.256188,20.223,293054001,다정동(대성고등학교),27
2026-10-10T11:50:34,293000312,세종70자1345,36.483461,127.26012,2.175,293053010,한솔동(첫마을),3
2026-10-10T11:50:34,293000312,세종70자1352,36.508056,127.267405,10.954,293062016,도램마을9단지,28
2026-10-10T11:50:34,293000312,세종70자1346,36.472211,127.276771,22.854,293064251,대평동,30
2026-10-10T11:50:34,271000805,세종73자5643,36.478008,127.287224,5.419,293064211,"세종시청,시의회,교육청",44
2026-10-10T11:50:34,271000805,세종73자5642,36.533665,127.274715,15.331,293014025,한별동,50
2026-10-10T11:50:34,271000805,세종73자5675,36.617053,127.424797,35.122,270054812,가경아이파크5단지,51
2026-10-10T11:50:34,271000805,세종73자5672,36.641671,127.430242,39.546,270054819,솔밭초등학교.신영지웰시티,30
2026-10-10T11:50:34,271000805,세종73자5645,36.642294,127.42144,38.761,270054823,롯데쇼핑몰,255
2026-10-10T11:50:34,271000806,충북70자6075,36.6374,127.42272,3.585,971009610,비하새동네.영조1차아파트,0
2026-10-10T11:50:34,271000806,충북70자3086,36.49835032,127.25816801,31.169,293062007,정부세종청사 남측,0
2026-10-10T11:51:06,293000317,세종70자1705,36.460543,127.278611,9.05,186005279,반석역,68
2026-10-10T11:51:06,293000317,세종70자1703,36.518101,127.330621,18.7,293064417,세종공동캠퍼스,48
2026-10-10T11:51:06,293000317,세종70자1706,36.619622,127.326503,33.214,270054837,오송역종점,17
2026-10-10T11:51:06,293000317,세종70자1704,36.61902,127.326495,33.214,270054837,오송역종점,13
2026-10-10T11:51:06,293000318,세종70자1708,36.602483,127.339014,1.446,270000635,오송역2.3.4,69
2026-10-10T11:51:06,293000318,세종70자1707,36.48671,127.30149,19.805,293064254,"법원,검찰청,경찰청",17
2026-10-10T11:51:06,293000318,세종70자1702,36.39284399,127.313975,32.807,293055001,세종고속시외버스터미널(지상),47
2026-10-10T11:51:06,187000003,대전75자9935,36.36315,127.399737,5.294,187001386,오정농수산시장,0
2026-10-10T11:51:06,187000003,대전75자9929,36.494456,127.256479,33.064,293054003,다정동,0
2026-10-10T11:51:06,187000003,대전75자9927,36.533939,127.292705,39.87,293064420,누리동,0
2026-10-10T11:51:06,187000003,대전75자9926,36.595039,127.331189,48.347,293064420,누리동,0
2026-10-10T11:51:06,187000003,대전75자9925,36.619429,127.326653,51.822,270000635,오송역2.3.4,0
2026-10-10T11:51:06,187000003,대전75자9921,36.565436,127.309221,44.382,974019920,오송역2.3.4(미정차),0
2026-10-10T11:51:06,187000003,대전75자9920,36.534141,127.277131,65.186,293014026,한별동,0
2026-10-10T11:51:06,187000003,대전75자9918,36.48068,127.262051,72.287,293053009,한솔동,0
2026-10-10T11:51:06,187000003,대전75자9917,36.472464,127.275589,74.18,293064252,대평동,0
2026-10-10T11:51:06,187000003,대전75자9916,36.478381,127.309874,78.16,293064218,한국개발연구원(KDI),0
2026-10-10T11:51:06,187000003,대전75자9937,36.39314,127.413068,94.825,187001388,대덕산업단지,0
2026-10-10T11:51:06,187000003,대전75자9938,36.438233,127.395236,88.737,187001388,대덕산업단지,0
2026-10-10T11:51:06,187000003,대전75자9915,36.344269,127.420946,101.822,187001393,솔랑마을아파트,0
2026-10-10T11:51:06,187000003,대전75자9911,36.331399,127.43257,103.648,183002355,대전역,0
2026-10-10T11:51:06,187000003,대전75자9914,36.333853,127.43124,103.35,183002355,대전역,0
2026-10-10T11:51:06,187000003,대전75자9936,36.335546,127.430812,103.16,187001395,대전역동광장,0
2026-10-10T11:51:06,271000801,충북70자2008,36.51252376,127.2595524,5.623,293062011,정부세종청사 북측,0
2026-10-10T11:51:06,271000801,충북70자7051,36.62580674,127.3314641,24.713,270054838,오송역6,0
2026-10-10T11:51:06,271000801,충북70자6052,36.70873187,127.4266107,41.273,274000032,미래나노텍,0
2026-10-10T11:51:06,271000802,충북70자5130,36.72423347,127.4963017,0.5,270051719,청주국제공항,0
2026-10-10T11:51:06,271000802,충북70자5128,36.69222161,127.416154,10.602,274000031,미래나노텍,0
2026-10-10T11:51:06,271000802,충북70자5129,36.619296,127.327214,26.854,270000635,오송역2.3.4,0
2026-10-10T11:51:06,271000802,충북70자3071,36.48771,127.25729,47.154,293053004,"새롬동,나성동",0
2026-10-10T11:51:06,293000282,세종70자1748,36.397657,127.311025,1.165,186004230,반석역,67
2026-10-10T11:51:06,293000282,세종70자1751,36.485425,127.245472,14.597,293064312,"세종기상관측소(새뜸3,4단지)",44
2026-10-10T11:51:06,293000282,세종70자1752,36.518763,127.24543,21.123,293064100,"범지기3,9단지(청소년센터)",38
2026-10-10T11:51:06,293000282,세종70자1754,36.600028,127.298378,32.753,293001090,조치원전통시장,25
2026-10-10T11:51:06,293000282,세종70자1745,36.618954,127.326897,37.293,270050300,오송3리,18
2026-10-10T11:51:06,293000282,세종70자1753,36.619047,127.327154,37.312,270054837,오송역종점,21
2026-10-10T11:51:06,293000283,세종70자1749,36.599764,127.298267,4.79,293001088,조치원전통시장,5
2026-10-10T11:51:06,293000283,세종70자1744,36.5198,127.242858,15.073,293900057,연기리,24
2026-10-10T11:51:06,293000283,세종70자1750,36.480333,127.249655,23.955,293064359,새롬중학교(새뜸마을1단지),42
2026-10-10T11:51:06,293000283,세종70자1747,36.389243,127.316451,37.447,186004229,반석역,31
2026-10-10T11:51:06,293000303,세종70자1510,36.47908799,127.263198,22.081,293053009,한솔동,39
2026-10-10T11:51:06,293000304,세종70자1505,36.53393299,127.275796,8.76,293014025,한별동,31
2026-10-10T11:51:06,293000304,세종70자1506,36.487015,127.301662,19.948,293064254,"법원,검찰청,경찰청",13
2026-10-10T11:51:06,293000304,세종70자1509,36.468128,127.274032,23.301,293055001,세종고속시외버스터미널(지상),29
2026-10-10T11:51:06,293000305,세종70자1354,36.467693,127.27356,0.0,293055002,세종고속시외버스터미널(지상),14
2026-10-10T11:51:06,293000305,세종70자1507,36.52709999,127.26273,16.049,293014017,"해밀동,산울동",50
2026-10-10T11:51:06,293000305,세종70자1511,36.46803,127.273508,23.378,293055001,세종고속시외버스터미널(지상),255
2026-10-10T11:51:06,293000311,세종70자1344,36.476333,127.283516,1.296,293064206,"보람동,대평동",8
2026-10-10T11:51:06,293000311,세종70자1348,36.508891,127.26171,13.069,293900008,양지고등학교,8
2026-10-10T11:51:06,293000311,세종70자1349,36.490721,127.256378,20.359,293064436,한국산업인력공단 세종지사,37
2026-10-10T11:51:06,293000312,세종70자1345,36.485729,127.258561,2.463,293053010,한솔동(첫마을),47
2026-10-10T11:51:06,293000312,세종70자1352,36.507981,127.267558,10.969,293062016,도램마을9단지,28
2026-10-10T11:51:06,293000312,세종70자1346,36.472211,127.276771,22.854,293064251,대평동,255
2026-10-10T11:51:06,271000805,세종73자5643,36.476525,127.283703,5.775,293064211,"세종시청,시의회,교육청",25
2026-10-10T11:51:06,271000805,세종73자5642,36.534072,127.277231,15.56,293014025,한별동,62
2026-10-10T11:51:06,271000805,세종73자5675,36.618026,127.42949,35.557,270054813,서현공원,45
2026-10-10T11:51:06,271000805,세종73자5672,36.641757,127.432068,39.71,270054820,대농공원.흥덕보건소임시청사,41
2026-10-10T11:51:06,271000805,세종73자5645,36.642294,127.42144,38.761,270054823,롯데쇼핑몰,255
2026-10-10T11:51:06,271000806,충북70자6075,36.63501,127.4235847,3.862,270054829,서청주파크자이아파트,0
2026-10-10T11:51:06,271000806,충북70자3086,36.494837,127.256494,31.593,293062004,다정동,0
2026-10-10T11:51:38,293000317,세종70자1705,36.46743699,127.275115,9.909,186005279,반석역,63
2026-10-10T11:51:38,293000317,세종70자1703,36.522055,127.330251,19.146,293064417,세종공동캠퍼스,68
2026-10-10T11:51:38,293000317,세종70자1706,36.619622,127.326503,33.214,270054837,오송역종점,17
2026-10-10T11:51:38,293000317,세종70자1704,36.61902,127.326495,33.214,270054837,오송역종점,13
2026-10-10T11:51:38,293000318,세종70자1708,36.598691,127.334665,2.103,270000635,오송역2.3.4,69
2026-10-10T11:51:38,293000318,세종70자1707,36.486616,127.301442,19.817,293064254,"법원,검찰청,경찰청",17
2026-10-10T11:51:38,293000318,세종70자1702,36.39238,127.314323,32.867,186005278,반석역,34
2026-10-10T11:51:38,187000003,대전75자9935,36.36315,127.399737,5.294,187001386,오정농수산시장,0
2026-10-10T11:51:38,187000003,대전75자9929,36.498081,127.258059,33.496,293054003,다정동,0
2026-10-10T11:51:38,187000003,대전75자9927,36.534321,127.294931,40.076,293064420,누리동,0
2026-10-10T11:51:38,187000003,대전75자9926,36.608345,127.338895,49.396,293064420,누리동,0
2026-10-10T11:51:38,187000003,대전75자9925,36.619429,127.326653,51.822,270000635,오송역2.3.4,0
2026-10-10T11:51:38,187000003,대전75자9921,36.565436,127.309221,44.382,974019920,오송역2.3.4(미정차),0
2026-10-10T11:51:38,187000003,대전75자9920,36.534141,127.277131,65.186,293014026,한별동,0
2026-10-10T11:51:38,187000003,대전75자9918,36.479314,127.26302,72.462,293053009,한솔동,0
2026-10-10T11:51:38,187000003,대전75자9917,36.472464,127.275589,74.18,293064252,대평동,0
2026-10-10T11:51:38,187000003,대전75자9916,36.478381,127.309874,78.16,293064218,한국개발연구원(KDI),0
2026-10-10T11:51:38,187000003,대전75자9937,36.382865,127.412424,95.969,187001388,대덕산업단지,0
2026-10-10T11:51:38,187000003,대전75자9938,36.437696,127.396173,88.84,187001388,대덕산업단지,0
2026-10-10T11:51:38,187000003,대전75자9915,36.344269,127.420946,101.822,187001393,솔랑마을아파트,0
2026-10-10T11:51:38,187000003,대전75자9911,36.331399,127.43257,103.648,183002355,대전역,0
2026-10-10T11:51:38,187000003,대전75자9914,36.333853,127.43124,103.35,183002355,대전역,0
2026-10-10T11:51:38,187000003,대전75자9936,36.335546,127.430812,103.16,187001395,대전역동광장,0
2026-10-10T11:51:38,271000801,충북70자2008,36.51528109,127.25899041,5.932,293056003,도담동,0
2026-10-10T11:51:38,271000801,충북70자7051,36.62706,127.33233,24.871,270054358,오송중학교.청주오스코,0
2026-10-10T11:51:38,271000801,충북70자6052,36.70873187,127.4266107,41.273,274000032,미래나노텍,0
2026-10-10T11:51:38,271000802,충북70자5130,36.72119948,127.4913063,1.062,284000230,청주공항역,0
2026-10-10T11:51:38,271000802,충북70자5128,36.68921277,127.4126997,11.06,274000031,미래나노텍,0
2026-10-10T11:51:38,271000802,충북70자5129,36.619296,127.327214,26.854,270000635,오송역2.3.4,0
2026-10-10T11:51:38,271000802,충북70자3071,36.48771,127.25729,47.154,293053004,"새롬동,나성동",0
2026-10-10T11:51:38,293000282,세종70자1748,36.402117,127.30762,1.747,186004230,반석역,68
2026-10-10T11:51:38,293000282,세종70자1751,36.48618599,127.245173,14.686,293064312,"세종기상관측소(새뜸3,4단지)",39
2026-10-10T11:51:38,293000282,세종70자1752,36.51947,127.243061,21.351,293064100,"범지기3,9단지(청소년센터)",23
2026-10-10T11:51:38,293000282,세종70자1754,36.601279,127.297033,32.994,293001084,조치원역,17
2026-10-10T11:51:38,293000282,세종70자1745,36.618954,127.326897,37.293,270050300,오송3리,18
2026-10-10T11:51:38,293000282,세종70자1753,36.619047,127.327154,37.312,270054837,오송역종점,21
2026-10-10T11:51:38,293000283,세종70자1749,36.597315,127.298699,5.065,293064035,조치원1927아트센터,28
2026-10-10T11:51:38,293000283,세종70자1744,36.519455,127.24275,15.073,293900057,연기리,25
2026-10-10T11:51:38,293000283,세종70자1750,36.481423,127.253167,24.291,293064359,새롬중학교(새뜸마을1단지),5
2026-10-10T11:51:38,293000283,세종70자1747,36.389243,127.316451,37.447,186004229,반석역,31
2026-10-10T11:51:38,293000303,세종70자1510,36.476011,127.265433,22.477,293053009,한솔동,57
2026-10-10T11:51:38,293000304,세종70자1505,36.53463099,127.283661,9.469,293014025,한별동,56
2026-10-10T11:51:38,293000304,세종70자1506,36.486809,127.301676,19.968,293064254,"법원,검찰청,경찰청",13
2026-10-10T11:51:38,293000304,세종70자1509,36.468128,127.274032,23.301,293055001,세종고속시외버스터미널(지상),29
2026-10-10T11:51:38,293000305,세종70자1354,36.467693,127.27356,0.0,293055002,세종고속시외버스터미널(지상),14
2026-10-10T11:51:38,293000305,세종70자1507,36.525153,127.26144,16.296,293014017,"해밀동,산울동",46
2026-10-10T11:51:38,293000305,세종70자1511,36.46803,127.273508,23.378,293055001,세종고속시외버스터미널(지상),255
2026-10-10T11:51:38,293000311,세종70자1344,36.476999,127.285079,1.455,293064206,"보람동,대평동",54
2026-10-10T11:51:38,293000311,세종70자1348,36.51258099,127.259753,13.516,293064110,"도램마을8,10단지",48
2026-10-10T11:51:38,293000311,세종70자1349,36.48979099,127.256621,20.465,293064436,한국산업인력공단 세종지사,36
2026-10-10T11:51:38,293000312,세종70자1345,36.487398,127.257612,2.675,293053006,"새롬동,나성동(청소년센터)",37
2026-10-10T11:51:38,293000312,세종70자1352,36.50745,127.268863,11.099,293900007,양지고등학교,35
2026-10-10T11:51:38,293000312,세종70자1346,36.469751,127.273788,23.308,293064251,대평동,35
2026-10-10T11:51:38,271000805,세종73자5643,36.475733,127.281891,5.959,293064209,"보람동,대평동",37
2026-10-10T11:51:38,271000805,세종73자5642,36.534158,127.288813,16.604,293014025,한별동,77
2026-10-10T11:51:38,271000805,세종73자5675,36.618837,127.43198,35.797,270054814,서현초등학교.가경아이파크아파트,30
2026-10-10T11:51:38,271000805,세종73자5672,36.642143,127.434785,39.956,270054820,대농공원.흥덕보건소임시청사,7
2026-10-10T11:51:38,271000805,세종73자5645,36.642294,127.42144,38.761,270054823,롯데쇼핑몰,255
2026-10-10T11:51:38,271000806,충북70자6075,36.63501,127.4235847,3.862,270054829,서청주파크자이아파트,0
2026-10-10T11:51:38,271000806,충북70자3086,36.49308302,127.2562807,31.79,293062004,다정동,0
2026-10-10T11:52:10,293000317,세종70자1705,36.468736,127.274986,10.054,186005279,반석역,3
2026-10-10T11:52:10,293000317,세종70자1703,36.52629,127.327146,19.699,293064417,세종공동캠퍼스,68
2026-10-10T11:52:10,293000317,세종70자1706,36.619622,127.326503,33.214,270054837,오송역종점,17
2026-10-10T11:52:10,293000317,세종70자1704,36.61902,127.326495,33.214,270054837,오송역종점,13
2026-10-10T11:52:10,293000318,세종70자1708,36.594758,127.330826,2.906,270000635,오송역2.3.4,69
2026-10-10T11:52:10,293000318,세종70자1707,36.486021,127.300994,19.893,293064254,"법원,검찰청,경찰청",46
2026-10-10T11:52:10,293000318,세종70자1702,36.39238,127.314323,32.867,186005278,반석역,34
2026-10-10T11:52:10,187000003,대전75자9935,36.374024,127.403535,6.826,187001386,오정농수산시장,0
2026-10-10T11:52:10,187000003,대전75자9929,36.500438,127.259454,33.786,293062006,정부세종청사 남측,0
2026-10-10T11:52:10,187000003,대전75자9927,36.537037,127.304414,40.975,293064420,누리동,0
2026-10-10T11:52:10,187000003,대전75자9926,36.608345,127.338895,49.396,293064420,누리동,0
2026-10-10T11:52:10,187000003,대전75자9925,36.619429,127.326653,51.822,270000635,오송역2.3.4,0
2026-10-10T11:52:10,187000003,대전75자9921,36.565436,127.309221,44.382,974019920,오송역2.3.4(미정차),0
2026-10-10T11:52:10,187000003,대전75자9920,36.534141,127.277131,65.186,293014026,한별동,0
2026-10-10T11:52:10,187000003,대전75자9918,36.479314,127.26302,72.462,293053009,한솔동,0
2026-10-10T11:52:10,187000003,대전75자9917,36.474789,127.280268,74.668,293064206,"보람동,대평동",0
2026-10-10T11:52:10,187000003,대전75자9916,36.478381,127.309874,78.16,293064218,한국개발연구원(KDI),0
2026-10-10T11:52:10,187000003,대전75자9937,36.382865,127.412424,95.969,187001388,대덕산업단지,0
2026-10-10T11:52:10,187000003,대전75자9938,36.437696,127.396173,88.84,187001388,대덕산업단지,0
2026-10-10T11:52:10,187000003,대전75자9915,36.343682,127.421783,101.921,187001393,솔랑마을아파트,0
2026-10-10T11:52:10,187000003,대전75자9911,36.332978,127.437401,104.152,183002355,대전역,0
2026-10-10T11:52:10,187000003,대전75자9914,36.333853,127.43124,103.35,183002355,대전역,0
2026-10-10T11:52:10,187000003,대전75자9936,36.337927,127.429739,102.878,187001395,대전역동광장,0
2026-10-10T11:52:10,271000801,충북70자2008,36.52027461,127.25940059,6.489,293056003,도담동,0
2026-10-10T11:52:10,271000801,충북70자7051,36.62706,127.33233,24.871,270054358,오송중학교.청주오스코,0
2026-10-10T11:52:10,271000801,충북70자6052,36.70873187,127.4266107,41.273,274000032,미래나노텍,0
2026-10-10T11:52:10,271000802,충북70자5130,36.71834232,127.4886923,1.473,284000230,청주공항역,0
2026-10-10T11:52:10,271000802,충북70자5128,36.68921277,127.4126997,11.06,274000031,미래나노텍,0
2026-10-10T11:52:10,271000802,충북70자5129,36.61959291,127.3264442,26.935,270000635,오송역2.3.4,0
2026-10-10T11:52:10,271000802,충북70자3071,36.48257304,127.26075174,47.805,293053004,"새롬동,나성동",0
2026-10-10T11:52:10,293000282,세종70자1748,36.406888,127.303564,2.389,186004230,반석역,68
2026-10-10T11:52:10,293000282,세종70자1751,36.489223,127.244156,15.102,293064360,"새뜸마을4단지,가온마을1단지",23
2026-10-10T11:52:10,293000282,세종70자1752,36.522191,127.246193,21.823,293064100,"범지기3,9단지(청소년센터)",65
2026-10-10T11:52:10,293000282,세종70자1754,36.600947,127.297035,33.042,293001090,조치원전통시장,4
2026-10-10T11:52:10,293000282,세종70자1745,36.618954,127.326897,37.293,270050300,오송3리,18
2026-10-10T11:52:10,293000282,세종70자1753,36.619047,127.327154,37.312,270054837,오송역종점,21
2026-10-10T11:52:10,293000283,세종70자1749,36.596248,127.297105,5.311,293064035,조치원1927아트센터,40
2026-10-10T11:52:10,293000283,세종70자1744,36.518912,127.244334,16.278,293064099,"범지기3,9단지(청소년센터)",38
2026-10-10T11:52:10,293000283,세종70자1750,36.481425,127.25318,24.292,293064359,새롬중학교(새뜸마을1단지),5
2026-10-10T11:52:10,293000283,세종70자1747,36.389243,127.316451,37.447,186004229,반석역,31
2026-10-10T11:52:10,293000303,세종70자1510,36.472351,127.268065,22.947,293053009,한솔동,57
2026-10-10T11:52:10,293000304,세종70자1505,36.534033,127.290905,10.119,293014025,한별동,58
2026-10-10T11:52:10,293000304,세종70자1506,36.486463,127.30161,20.006,293064254,"법원,검찰청,경찰청",33
2026-10-10T11:52:10,293000304,세종70자1509,36.468128,127.274032,23.301,293055001,세종고속시외버스터미널(지상),29
2026-10-10T11:52:10,293000305,세종70자1354,36.467693,127.27356,0.0,293055002,세종고속시외버스터미널(지상),14
2026-10-10T11:52:10,293000305,세종70자1507,36.521384,127.259689,16.745,293014017,"해밀동,산울동",1
2026-10-10T11:52:10,293000305,세종70자1511,36.46803,127.273508,23.378,293055001,세종고속시외버스터미널(지상),255
2026-10-10T11:52:10,293000311,세종70자1344,36.478462,127.28854,1.82,293064210,"세종시청,시의회,교육청",37
2026-10-10T11:52:10,293000311,세종70자1348,36.51359,127.2594,13.633,293056004,도담동(도램마을),36
2026-10-10T11:52:10,293000311,세종70자1349,36.488138,127.257025,20.657,293053003,"새롬동,나성동(청소년센터)",38
2026-10-10T11:52:10,293000312,세종70자1345,36.49032,127.256676,3.018,293064435,한국산업인력공단 세종지사,18
2026-10-10T11:52:10,293000312,세종70자1352,36.506295,127.272088,11.42,293900010,세종소방서,40
2026-10-10T11:52:10,293000312,세종70자1346,36.469053,127.273765,23.386,293064251,대평동,26
2026-10-10T11:52:10,271000805,세종73자5643,36.475494,127.28141,6.011,293064209,"보람동,대평동",37
2026-10-10T11:52:10,271000805,세종73자5642,36.53393899,127.292928,16.973,293064420,누리동,72
2026-10-10T11:52:10,271000805,세종73자5675,36.621299,127.433727,36.184,270054815,가로수마을휴먼시아,39
2026-10-10T11:52:10,271000805,세종73자5672,36.642136,127.434827,39.96,270054820,대농공원.흥덕보건소임시청사,7
2026-10-10T11:52:10,271000805,세종73자5645,36.642294,127.42144,38.761,270054823,롯데쇼핑몰,255
2026-10-10T11:52:10,271000806,충북70자6075,36.63501,127.4235847,3.862,270054829,서청주파크자이아파트,0
2026-10-10T11:52:10,271000806,충북70자3086,36.48771,127.25729,32.4,293053004,"새롬동,나성동",0
2026-10-10T11:52:41,293000317,세종70자1705,36.46908599,127.274066,10.214,293055002,세종고속시외버스터미널(지상),15
2026-10-10T11:52:41,293000317,세종70자1703,36.53194899,127.320027,20.594,293064492,다솜동,52
2026-10-10T11:52:41,293000317,세종70자1706,36.619622,127.326503,33.214,270054837,오송역종점,17
2026-10-10T11:52:41,293000317,세종70자1704,36.61902,127.326495,33.214,270054837,오송역종점,13
2026-10-10T11:52:41,293000318,세종70자1708,36.590685,127.326553,4.032,270000635,오송역2.3.4,68
2026-10-10T11:52:41,293000318,세종70자1707,36.482644,127.297597,20.379,293064214,소담동(새샘마을),29
2026-10-10T11:52:41,293000318,세종70자1702,36.392167,127.314482,32.894,186005278,반석역,27
2026-10-10T11:52:41,187000003,대전75자9936,36.340438,127.426396,1.783,187001380,한밭자이아파트,0
2026-10-10T11:52:41,187000003,대전75자9935,36.374024,127.403535,6.826,187001386,오정농수산시장,0
2026-10-10T11:52:41,187000003,대전75자9929,36.501295999999996,127.259828,33.888,293062006,정부세종청사 남측,0
2026-10-10T11:52:41,187000003,대전75자9926,36.618158,127.327509,51.641,293064420,누리동,0
2026-10-10T11:52:41,187000003,대전75자9927,36.537037,127.304414,40.975,293064420,누리동,0
2026-10-10T11:52:41,187000003,대전75자9921,36.551775,127.30126,61.004,974019920,오송역2.3.4(미정차),0
2026-10-10T11:52:41,187000003,대전75자9920,36.529808,127.265051,66.392,293014017,"해밀동,산울동",0
2026-10-10T11:52:41,187000003,대전75자9918,36.479314,127.26302,72.462,293053009,한솔동,0
2026-10-10T11:52:41,187000003,대전75자9917,36.475153,127.280825,74.732,293064206,"보람동,대평동",0
2026-10-10T11:52:41,187000003,대전75자9916,36.474427,127.333642,80.349,293064218,한국개발연구원(KDI),0
2026-10-10T11:52:41,187000003,대전75자9938,36.430159,127.405422,90.021,187001388,대덕산업단지,0
2026-10-10T11:52:41,187000003,대전75자9937,36.382865,127.412424,95.969,187001388,대덕산업단지,0
2026-10-10T11:52:41,187000003,대전75자9915,36.343682,127.421783,101.921,187001393,솔랑마을아파트,0
2026-10-10T11:52:41,187000003,대전75자9914,36.333853,127.43124,103.35,183002355,대전역,0
2026-10-10T11:52:41,187000003,대전75자9911,36.33388,127.437318,104.27,187001395,대전역동광장,0
2026-10-10T11:52:41,271000801,충북70자2008,36.520517,127.259481,6.517,293064445,세종충남대학교병원,0
2026-10-10T11:52:41,271000801,충북70자7051,36.62706,127.33233,24.871,270054358,오송중학교.청주오스코,0
2026-10-10T11:52:41,271000801,충북70자6052,36.71069,127.42826,41.644,270051808,오창프라자,0
2026-10-10T11:52:41,271000802,충북70자5130,36.71531786,127.4852301,1.931,284000230,청주공항역,0
2026-10-10T11:52:41,271000802,충북70자5128,36.68921277,127.4126997,11.06,274000031,미래나노텍,0
2026-10-10T11:52:41,271000802,충북70자5129,36.61959291,127.3264442,26.935,270000635,오송역2.3.4,0
2026-10-10T11:52:41,271000802,충북70자3071,36.481073,127.261769,47.995,293053009,한솔동,0
2026-10-10T11:52:41,293000282,세종70자1748,36.412211,127.300706,3.032,186004230,반석역,68
2026-10-10T11:52:41,293000282,세종70자1751,36.490197,127.247652,15.433,293064360,"새뜸마을4단지,가온마을1단지",36
2026-10-10T11:52:41,293000282,세종70자1752,36.52778699,127.24894,22.503,293064100,"범지기3,9단지(청소년센터)",67
2026-10-10T11:52:41,293000282,세종70자1754,36.601112,127.297181,33.057,293001090,조치원전통시장,6
2026-10-10T11:52:41,293000282,세종70자1753,36.619047,127.327154,37.312,270054837,오송역종점,21
2026-10-10T11:52:41,293000283,세종70자1749,36.59579,127.295233,5.487,293064035,조치원1927아트센터,36
2026-10-10T11:52:41,293000283,세종70자1744,36.518671,127.245682,16.404,293064099,"범지기3,9단지(청소년센터)",42
2026-10-10T11:52:41,293000283,세종70자1750,36.481425,127.25318,24.292,293064359,새롬중학교(새뜸마을1단지),5
2026-10-10T11:52:41,293000283,세종70자1747,36.389243,127.316451,37.447,186004229,반석역,31
2026-10-10T11:52:41,293000303,세종70자1510,36.470825,127.273411,23.492,293064221,세종고속시외버스터미널(지하),15
2026-10-10T11:52:41,293000304,세종70자1505,36.534173,127.294239,10.421,293064420,누리동,58
2026-10-10T11:52:41,293000304,세종70자1506,36.483842,127.299343,20.354,293064254,"법원,검찰청,경찰청",55
2026-10-10T11:52:41,293000304,세종70자1509,36.468128,127.274032,23.301,293055001,세종고속시외버스터미널(지상),29
2026-10-10T11:52:41,293000305,세종70자1354,36.467693,127.27356,0.0,293055002,세종고속시외버스터미널(지상),14
2026-10-10T11:52:41,293000305,세종70자1507,36.519024,127.25915,17.012,293064446,세종충남대학교병원,45
2026-10-10T11:52:41,293000305,세종70자1511,36.46803,127.273508,23.378,293055001,세종고속시외버스터미널(지상),255
2026-10-10T11:52:41,293000311,세종70자1344,36.479696,127.291394,2.11,293064210,"세종시청,시의회,교육청",73
2026-10-10T11:52:41,293000311,세종70자1348,36.51535,127.258964,13.832,293056004,도담동(도램마을),37
2026-10-10T11:52:41,293000311,세종70자1349,36.487311,127.257374,20.754,293053003,"새롬동,나성동(청소년센터)",38
2026-10-10T11:52:41,293000312,세종70자1345,36.490598,127.256443,3.051,293064435,한국산업인력공단 세종지사,3
2026-10-10T11:52:41,293000312,세종70자1352,36.506068,127.272885,11.496,293900010,세종소방서,30
2026-10-10T11:52:41,293000312,세종70자1346,36.469296,127.271826,23.335,293064251,대평동,26
2026-10-10T11:52:41,271000805,세종73자5643,36.474045,127.279092,6.273,293064209,"보람동,대평동",55
2026-10-10T11:52:41,271000805,세종73자5642,36.536472,127.302535,17.878,293064420,누리동,78
2026-10-10T11:52:41,271000805,세종73자5675,36.623325,127.432295,36.444,270054816,하나병원,35
2026-10-10T11:52:41,271000805,세종73자5672,36.642136,127.434827,39.96,270054820,대농공원.흥덕보건소임시청사,7
2026-10-10T11:52:41,271000805,세종73자5645,36.642294,127.42144,38.761,270054823,롯데쇼핑몰,255
2026-10-10T11:52:41,271000806,충북70자6075,36.6339,127.4243,4.001,971009430,비하삼일아파트,0
2026-10-10T11:52:41,271000806,충북70자3086,36.48771,127.25729,32.4,293053004,"새롬동,나성동",0
2026-10-10T11:53:13,293000317,세종70자1705,36.46981,127.273852,10.296,293055002,세종고속시외버스터미널(지상),31
2026-10-10T11:53:13,293000317,세종70자1703,36.532931,127.318776,20.75,293064492,다솜동,51
2026-10-10T11:53:13,293000317,세종70자1706,36.619622,127.326503,33.214,270054837,오송역종점,17
2026-10-10T11:53:13,293000317,세종70자1704,36.61902,127.326495,33.214,270054837,오송역종점,13
2026-10-10T11:53:13,293000318,세종70자1708,36.586859,127.322405,4.728,270000635,오송역2.3.4,68
2026-10-10T11:53:13,293000318,세종70자1707,36.48160399,127.295722,20.581,293064214,소담동(새샘마을),64
2026-10-10T11:53:13,293000318,세종70자1702,36.389445,127.316409,32.906,186005278,반석역,44
2026-10-10T11:53:13,187000003,대전75자9936,36.340917,127.425708,1.864,187001380,한밭자이아파트,0
2026-10-10T11:53:13,187000003,대전75자9935,36.382404,127.412528,8.187,187001386,오정농수산시장,0
2026-10-10T11:53:13,187000003,대전75자9929,36.503786,127.26101,34.184,293062011,정부세종청사 북측,0
2026-10-10T11:53:13,187000003,대전75자9927,36.551308,127.301446,42.63,293064420,누리동,0
2026-10-10T11:53:13,187000003,대전75자9926,36.618672,127.326982,51.992,270000635,오송역2.3.4,0
2026-10-10T11:53:13,187000003,대전75자9921,36.551775,127.30126,61.004,974019920,오송역2.3.4(미정차),0
2026-10-10T11:53:13,187000003,대전75자9920,36.52919,127.264348,66.485,293014017,"해밀동,산울동",0
2026-10-10T11:53:13,187000003,대전75자9918,36.470742,127.272919,73.856,293064221,세종고속시외버스터미널(지하),0
2026-10-10T11:53:13,187000003,대전75자9917,36.475153,127.280825,74.732,293064206,"보람동,대평동",0
2026-10-10T11:53:13,187000003,대전75자9916,36.474427,127.333642,80.349,293064218,한국개발연구원(KDI),0
2026-10-10T11:53:13,187000003,대전75자9938,36.430159,127.405422,90.021,187001388,대덕산업단지,0
2026-10-10T11:53:13,187000003,대전75자9937,36.37464,127.403867,97.297,187001388,대덕산업단지,0
2026-10-10T11:53:13,187000003,대전75자9915,36.341495,127.424806,102.285,187001394,한밭자이아파트,0
2026-10-10T11:53:13,187000003,대전75자9914,36.333853,127.43124,103.35,183002355,대전역,0
2026-10-10T11:53:13,187000003,대전75자9911,36.33388,127.437318,104.27,187001395,대전역동광장,0
2026-10-10T11:53:13,271000801,충북70자2008,36.52524921,127.26142338,7.071,293064445,세종충남대학교병원,0
2026-10-10T11:53:13,271000801,충북70자7051,36.62706,127.33233,24.871,270054358,오송중학교.청주오스코,0
2026-10-10T11:53:13,271000801,충북70자6052,36.71069,127.42826,41.644,270051808,오창프라자,0
2026-10-10T11:53:13,271000802,충북70자5130,36.70911978,127.4818865,2.713,284000230,청주공항역,0
2026-10-10T11:53:13,271000802,충북70자5128,36.68204577,127.4045865,12.137,274000031,미래나노텍,0
2026-10-10T11:53:13,271000802,충북70자5129,36.61959291,127.3264442,26.935,270000635,오송역2.3.4,0
2026-10-10T11:53:13,271000802,충북70자3071,36.48070657,127.26208309,48.045,293053009,한솔동,0
2026-10-10T11:53:13,293000282,세종70자1748,36.415687,127.299674,3.438,186004230,반석역,67
2026-10-10T11:53:13,293000282,세종70자1751,36.490661,127.249949,15.647,293064360,"새뜸마을4단지,가온마을1단지",16
2026-10-10T11:53:13,293000282,세종70자1752,36.531208,127.251178,22.936,293064100,"범지기3,9단지(청소년센터)",67
2026-10-10T11:53:13,293000282,세종70자1754,36.601331,127.298758,33.2,293001084,조치원역,21
2026-10-10T11:53:13,293000282,세종70자1753,36.619047,127.327154,37.312,270054837,오송역종점,21
2026-10-10T11:53:13,293000283,세종70자1749,36.595584,127.293399,5.652,293064035,조치원1927아트센터,36
2026-10-10T11:53:13,293000283,세종70자1744,36.5191,127.24907,16.713,293064101,범지기마을10단지 북측,35
2026-10-10T11:53:13,293000283,세종70자1750,36.482395,127.256186,24.582,293064359,새롬중학교(새뜸마을1단지),52
2026-10-10T11:53:13,293000283,세종70자1747,36.389243,127.316451,37.447,186004229,반석역,31
2026-10-10T11:53:13,293000304,세종70자1505,36.534173,127.294239,10.421,293064420,누리동,58
2026-10-10T11:53:13,293000304,세종70자1506,36.482218,127.297389,20.6,293064214,소담동(새샘마을),2
2026-10-10T11:53:13,293000304,세종70자1509,36.468128,127.274032,23.301,293055001,세종고속시외버스터미널(지상),29
2026-10-10T11:53:13,293000305,세종70자1510,36.4724,127.276561,0.535,293055002,세종고속시외버스터미널(지상),23
2026-10-10T11:53:13,293000305,세종70자1354,36.467693,127.27356,0.0,293055002,세종고속시외버스터미널(지상),14
2026-10-10T11:53:13,293000305,세종70자1507,36.515261,127.258953,17.433,293056002,도담동,27
2026-10-10T11:53:13,293000305,세종70자1511,36.46803,127.273508,23.378,293055001,세종고속시외버스터미널(지상),255
2026-10-10T11:53:13,293000311,세종70자1344,36.48251599,127.297502,2.742,293064216,소담동(새샘마을),17
2026-10-10T11:53:13,293000311,세종70자1348,36.517941,127.258971,14.129,293056004,도담동(도램마을),26
2026-10-10T11:53:13,293000311,세종70자1349,36.487105,127.257519,20.78,293053003,"새롬동,나성동(청소년센터)",27
2026-10-10T11:53:13,293000312,세종70자1345,36.490526,127.256279,3.045,293064435,한국산업인력공단 세종지사,3
2026-10-10T11:53:13,293000312,세종70자1352,36.50481,127.277925,11.968,293900010,세종소방서,62
2026-10-10T11:53:13,293000312,세종70자1346,36.469317,127.271808,23.335,293064251,대평동,26
2026-10-10T11:53:13,271000805,세종73자5643,36.472122,127.276218,6.608,293064251,대평동,30
2026-10-10T11:53:13,271000805,세종73자5642,36.537239,127.305605,18.165,293064420,누리동,79
2026-10-10T11:53:13,271000805,세종73자5675,36.623762,127.431988,36.499,270054816,하나병원,29
2026-10-10T11:53:13,271000805,세종73자5672,36.642136,127.434827,39.96,270054820,대농공원.흥덕보건소임시청사,7
2026-10-10T11:53:13,271000805,세종73자5645,36.642614,127.421811,38.799,270054823,롯데쇼핑몰,20
2026-10-10T11:53:13,271000806,충북70자6075,36.6339,127.4243,4.001,971009430,비하삼일아파트,0
2026-10-10T11:53:13,271000806,충북70자3086,36.48662514,127.25790223,32.533,293053004,"새롬동,나성동",0
2026-10-10T11:53:45,293000317,세종70자1705,36.470677,127.273575,10.418,293055002,세종고속시외버스터미널(지상),5
2026-10-10T11:53:45,293000317,세종70자1703,36.536484,127.311848,21.488,293900055,용호동,56
2026-10-10T11:53:45,293000317,세종70자1706,36.619622,127.326503,33.214,270054837,오송역종점,17
2026-10-10T11:53:45,293000317,세종70자1704,36.61902,127.326495,33.214,270054837,오송역종점,13
2026-10-10T11:53:45,293000318,세종70자1708,36.580343,127.321238,5.565,270000635,오송역2.3.4,69
2026-10-10T11:53:45,293000318,세종70자1707,36.478842,127.289278,21.239,293064211,"세종시청,시의회,교육청",42
2026-10-10T11:53:45,293000318,세종70자1702,36.387706,127.317716,32.906,186005278,반석역,44
2026-10-10T11:53:45,187000003,대전75자9936,36.340917,127.425708,1.864,187001380,한밭자이아파트,0
2026-10-10T11:53:45,187000003,대전75자9935,36.392889,127.41317,9.355,187001386,오정농수산시장,0
2026-10-10T11:53:45,187000003,대전75자9929,36.504594,127.261411,34.281,293062011,정부세종청사 북측,0
2026-10-10T11:53:45,187000003,대전75자9927,36.551308,127.301446,42.63,293064420,누리동,0
2026-10-10T11:53:45,187000003,대전75자9926,36.619437,127.326651,51.823,270000635,오송역2.3.4,0
2026-10-10T11:53:45,187000003,대전75자9921,36.537431,127.304319,62.634,974019920,오송역2.3.4(미정차),0
2026-10-10T11:53:45,187000003,대전75자9920,36.522047,127.259867,67.389,293064446,세종충남대학교병원,0
2026-10-10T11:53:45,187000003,대전75자9918,36.471375,127.274203,73.996,293064221,세종고속시외버스터미널(지하),0
2026-10-10T11:53:45,187000003,대전75자9917,36.478085,127.287603,75.417,293064210,"세종시청,시의회,교육청",0
2026-10-10T11:53:45,187000003,대전75자9916,36.474427,127.333642,80.349,293064218,한국개발연구원(KDI),0
2026-10-10T11:53:45,187000003,대전75자9938,36.424042,127.413779,91.036,187001388,대덕산업단지,0
2026-10-10T11:53:45,187000003,대전75자9937,36.37464,127.403867,97.297,187001388,대덕산업단지,0
2026-10-10T11:53:45,187000003,대전75자9915,36.340931,127.425597,102.38,187001394,한밭자이아파트,0
2026-10-10T11:53:45,187000003,대전75자9914,36.333853,127.43124,103.35,183002355,대전역,0
2026-10-10T11:53:45,187000003,대전75자9911,36.33388,127.437318,104.27,187001395,대전역동광장,0
2026-10-10T11:53:45,271000801,충북70자2008,36.52720781,127.26268116,7.316,293064445,세종충남대학교병원,0
2026-10-10T11:53:45,271000801,충북70자7051,36.62998931,127.3336834,25.218,270054358,오송중학교.청주오스코,0
2026-10-10T11:53:45,271000801,충북70자6052,36.71069,127.42826,41.644,270051808,오창프라자,0
2026-10-10T11:53:45,271000802,충북70자5130,36.70911978,127.4818865,2.713,284000230,청주공항역,0
2026-10-10T11:53:45,271000802,충북70자5128,36.68204577,127.4045865,12.137,274000031,미래나노텍,0
2026-10-10T11:53:45,271000802,충북70자5129,36.6183991,127.327211,26.76,270000635,오송역2.3.4,0
2026-10-10T11:53:45,271000802,충북70자3071,36.47925319,127.26311978,48.231,293053009,한솔동,0
2026-10-10T11:53:45,293000282,세종70자1748,36.42298199,127.296368,3.514,186004230,반석역,69
2026-10-10T11:53:45,293000282,세종70자1751,36.492593,127.249404,15.868,293064237,"가온마을4,7단지",32
2026-10-10T11:53:45,293000282,세종70자1752,36.535373,127.260317,23.482,293064100,"범지기3,9단지(청소년센터)",68
2026-10-10T11:53:45,293000282,세종70자1754,36.601508,127.300236,33.334,293064527,조치원전통시장 북측,5
2026-10-10T11:53:45,293000282,세종70자1753,36.619047,127.327154,37.312,270054837,오송역종점,21
2026-10-10T11:53:45,293000283,세종70자1749,36.59554099,127.292851,5.701,293064146,세종시보건소(대동초),21
2026-10-10T11:53:45,293000283,세종70자1744,36.519269,127.24972,16.773,293064101,범지기마을10단지 북측,36
2026-10-10T11:53:45,293000283,세종70자1750,36.482821,127.257321,24.694,293064359,새롬중학교(새뜸마을1단지),11
2026-10-10T11:53:45,293000283,세종70자1747,36.389243,127.316451,37.447,186004229,반석역,31
2026-10-10T11:53:45,293000304,세종70자1505,36.534851,127.296635,10.649,293064420,누리동,57
2026-10-10T11:53:45,293000304,세종70자1506,36.482044,127.297135,20.626,293064214,소담동(새샘마을),26
2026-10-10T11:53:45,293000304,세종70자1509,36.468128,127.274032,23.301,293055001,세종고속시외버스터미널(지상),29
2026-10-10T11:53:45,293000305,세종70자1354,36.467693,127.27356,0.0,293055002,세종고속시외버스터미널(지상),14
2026-10-10T11:53:45,293000305,세종70자1510,36.474174,127.27863,0.803,293064252,대평동,56
2026-10-10T11:53:45,293000305,세종70자1507,36.514364,127.259133,17.534,293056002,도담동,21
2026-10-10T11:53:45,293000305,세종70자1511,36.46803,127.273508,23.378,293055001,세종고속시외버스터미널(지상),255
2026-10-10T11:53:45,293000311,세종70자1344,36.482536,127.297523,2.745,293064216,소담동(새샘마을),17
2026-10-10T11:53:45,293000311,세종70자1348,36.518971,127.256486,14.379,293064051,세종충남대병원,31
2026-10-10T11:53:45,293000311,세종70자1349,36.484418,127.25921,21.115,293053003,"새롬동,나성동(청소년센터)",44
2026-10-10T11:53:45,293000312,세종70자1345,36.491226,127.25623,3.121,293064435,한국산업인력공단 세종지사,38
2026-10-10T11:53:45,293000312,세종70자1352,36.504643,127.279025,12.068,293900010,세종소방서,62
2026-10-10T11:53:45,293000312,세종70자1346,36.469317,127.271808,23.335,293064251,대평동,26
2026-10-10T11:53:45,271000805,세종73자5643,36.472066,127.276162,6.615,293064251,대평동,255
2026-10-10T11:53:45,271000805,세종73자5642,36.533864,127.317247,19.287,293900062,용호동,73
2026-10-10T11:53:45,271000805,세종73자5675,36.626318,127.430213,36.825,270054311,고속버스터미널,29
2026-10-10T11:53:45,271000805,세종73자5672,36.64224699,127.435242,40.003,270054820,대농공원.흥덕보건소임시청사,24
2026-10-10T11:53:45,271000806,세종73자5645,36.643293,127.421947,0.042,270054825,비하종점,11
2026-10-10T11:53:45,271000806,충북70자6075,36.63214,127.42561,4.228,971006760,충북선거관리위원회,0
2026-10-10T11:53:45,271000806,충북70자3086,36.48165221,127.26140857,33.176,293053004,"새롬동,나성동",0
2026-10-10T11:54:19,293000317,세종70자1705,36.472173,127.276175,10.704,293064252,대평동,10
2026-10-10T11:54:19,293000317,세종70자1703,36.536916,127.309983,21.662,293900055,용호동,57
2026-10-10T11:54:19,293000317,세종70자1706,36.619622,127.326503,33.214,270054837,오송역종점,17
2026-10-10T11:54:19,293000318,세종70자1708,36.57679,127.320294,6.213,270000635,오송역2.3.4,69
2026-10-10T11:54:19,293000318,세종70자1707,36.478561,127.288698,21.3,293064211,"세종시청,시의회,교육청",21
2026-10-10T11:54:19,293000318,세종70자1702,36.387706,127.317716,32.906,186005278,반석역,44
2026-10-10T11:54:19,187000003,대전75자9936,36.340917,127.425708,1.864,187001380,한밭자이아파트,0
2026-10-10T11:54:19,187000003,대전75자9935,36.392889,127.41317,9.355,187001386,오정농수산시장,0
2026-10-10T11:54:19,187000003,대전75자9929,36.504594,127.261411,34.281,293062011,정부세종청사 북측,0
2026-10-10T11:54:19,187000003,대전75자9927,36.551308,127.301446,42.63,293064420,누리동,0
2026-10-10T11:54:19,187000003,대전75자9926,36.619437,127.326651,51.823,270000635,오송역2.3.4,0
2026-10-10T11:54:19,187000003,대전75자9921,36.537431,127.304319,62.634,974019920,오송역2.3.4(미정차),0
2026-10-10T11:54:19,187000003,대전75자9920,36.522047,127.259867,67.389,293064446,세종충남대학교병원,0
2026-10-10T11:54:19,187000003,대전75자9918,36.471375,127.274203,73.996,293064221,세종고속시외버스터미널(지하),0
2026-10-10T11:54:19,187000003,대전75자9917,36.478518,127.288559,75.515,293064210,"세종시청,시의회,교육청",0
2026-10-10T11:54:19,187000003,대전75자9916,36.468579,127.359708,83.357,293064218,한국개발연구원(KDI),0
2026-10-10T11:54:19,187000003,대전75자9938,36.415735,127.421045,92.177,187001388,대덕산업단지,0
2026-10-10T11:54:19,187000003,대전75자9937,36.37464,127.403867,97.297,187001388,대덕산업단지,0
2026-10-10T11:54:19,187000003,대전75자9915,36.338247,127.42928,102.825,187001394,한밭자이아파트,0
2026-10-10T11:54:19,187000003,대전75자9914,36.333017,127.431671,103.451,183002355,대전역,0
2026-10-10T11:54:19,187000003,대전75자9911,36.33388,127.437318,104.27,187001395,대전역동광장,0
2026-10-10T11:54:19,271000801,충북70자2008,36.528682,127.263939,7.514,293014014,"해밀동,산울동",0
2026-10-10T11:54:19,271000801,충북70자7051,36.63399154,127.3363527,25.763,270054358,오송중학교.청주오스코,0
2026-10-10T11:54:19,271000801,충북70자6052,36.7108014,127.4299633,41.796,270051808,오창프라자,0
2026-10-10T11:54:19,271000802,충북70자5130,36.70911978,127.4818865,2.713,284000230,청주공항역,0
2026-10-10T11:54:19,271000802,충북70자5128,36.67830432,127.3983792,12.829,274000031,미래나노텍,0
2026-10-10T11:54:19,271000802,충북70자5129,36.6142691,127.3317501,27.984,270000635,오송역2.3.4,0
2026-10-10T11:54:19,271000802,충북70자3071,36.47215857,127.26824911,49.145,293053009,한솔동,0
2026-10-10T11:54:19,293000282,세종70자1748,36.426605,127.291543,4.918,186004230,반석역,68
2026-10-10T11:54:19,293000282,세종70자1751,36.494649,127.24905,16.101,293064237,"가온마을4,7단지",34
2026-10-10T11:54:19,293000282,세종70자1752,36.535793,127.262366,23.482,293064100,"범지기3,9단지(청소년센터)",68
2026-10-10T11:54:19,293000282,세종70자1754,36.60151,127.300248,33.335,293064527,조치원전통시장 북측,5
2026-10-10T11:54:19,293000282,세종70자1753,36.619047,127.327154,37.312,270054837,오송역종점,21
2026-10-10T11:54:19,293000283,세종70자1749,36.595517,127.292621,5.722,293064146,세종시보건소(대동초),21
2026-10-10T11:54:19,293000283,세종70자1744,36.518599,127.252251,17.123,293061007,범지기마을10단지,41
2026-10-10T11:54:19,293000283,세종70자1750,36.483352,127.258664,24.827,293064009,첫마을1단지,25
2026-10-10T11:54:19,293000283,세종70자1747,36.389243,127.316451,37.447,186004229,반석역,31
2026-10-10T11:54:19,293000304,세종70자1505,36.53648299,127.30238,11.193,293064420,누리동,57
2026-10-10T11:54:19,293000304,세종70자1506,36.481426,127.29583,20.758,293064214,소담동(새샘마을),255
2026-10-10T11:54:19,293000304,세종70자1509,36.468128,127.274032,23.301,293055001,세종고속시외버스터미널(지상),29
2026-10-10T11:54:19,293000305,세종70자1354,36.467693,127.27356,0.0,293055002,세종고속시외버스터미널(지상),14
2026-10-10T11:54:19,293000305,세종70자1510,36.475291,127.281224,1.063,293064206,"보람동,대평동",12
2026-10-10T11:54:19,293000305,세종70자1507,36.51113999,127.26022,17.91,293056002,도담동,49
2026-10-10T11:54:19,293000305,세종70자1511,36.46803,127.273508,23.378,293055001,세종고속시외버스터미널(지상),255
2026-10-10T11:54:19,293000311,세종70자1344,36.484129,127.299641,3.006,293064216,소담동(새샘마을),48
2026-10-10T11:54:19,293000311,세종70자1348,36.51966,127.252328,14.754,293064051,세종충남대병원,44
2026-10-10T11:54:19,293000311,세종70자1349,36.481563,127.261281,21.483,293053008,한솔동(첫마을),42
2026-10-10T11:54:19,293000312,세종70자1345,36.495968,127.256924,3.659,293053001,다정동(대성고등학교),45
2026-10-10T11:54:19,293000312,세종70자1352,36.503813,127.284061,12.531,293900011,전통문화체험관,61
2026-10-10T11:54:19,293000312,세종70자1346,36.469317,127.271808,23.335,293064251,대평동,26
2026-10-10T11:54:19,271000805,세종73자5643,36.470695,127.273153,6.926,293064220,세종고속시외버스터미널(지하),21
2026-10-10T11:54:19,271000805,세종73자5642,36.532389,127.319189,19.526,293064498,다솜동,31
2026-10-10T11:54:19,271000805,세종73자5675,36.627297,127.429573,36.948,270054311,고속버스터미널,33
2026-10-10T11:54:19,271000805,세종73자5672,36.643887,127.435302,40.199,270054820,대농공원.흥덕보건소임시청사,32
2026-10-10T11:54:19,271000806,세종73자5645,36.643298,127.422001,0.045,270054825,비하종점,11
2026-10-10T11:54:19,271000806,충북70자6075,36.63126667,127.4264983,4.352,971006760,충북선거관리위원회,0
2026-10-10T11:54:19,271000806,충북70자3086,36.48070657,127.26208309,33.297,293053009,한솔동,0
2026-10-10T11:54:51,293000317,세종70자1705,36.472557,127.276661,10.765,293064252,대평동,20
2026-10-10T11:54:51,293000317,세종70자1703,36.539767,127.303758,22.468,293900055,용호동,68
2026-10-10T11:54:51,293000317,세종70자1706,36.619622,127.326503,33.214,270054837,오송역종점,17
2026-10-10T11:54:51,293000318,세종70자1708,36.572372,127.316702,6.803,270000635,오송역2.3.4,68
2026-10-10T11:54:51,293000318,세종70자1707,36.476456,127.283621,21.814,293064211,"세종시청,시의회,교육청",66
2026-10-10T11:54:51,293000318,세종70자1702,36.387541,127.31817,32.906,186005278,반석역,19
2026-10-10T11:54:51,187000003,대전75자9936,36.340917,127.425708,1.864,187001380,한밭자이아파트,0
2026-10-10T11:54:51,187000003,대전75자9935,36.392889,127.41317,9.355,187001386,오정농수산시장,0
2026-10-10T11:54:51,187000003,대전75자9929,36.513675,127.259255,35.342,293056003,도담동,0
2026-10-10T11:54:51,187000003,대전75자9927,36.565211,127.309084,44.356,293064420,누리동,0
2026-10-10T11:54:51,187000003,대전75자9926,36.619437,127.326651,51.823,270000635,오송역2.3.4,0
2026-10-10T11:54:51,187000003,대전75자9921,36.537431,127.304319,62.634,974019920,오송역2.3.4(미정차),0
2026-10-10T11:54:51,187000003,대전75자9920,36.522047,127.259867,67.389,293064446,세종충남대학교병원,0
2026-10-10T11:54:51,187000003,대전75자9918,36.471375,127.274203,73.996,293064221,세종고속시외버스터미널(지하),0
2026-10-10T11:54:51,187000003,대전75자9917,36.478518,127.288559,75.515,293064210,"세종시청,시의회,교육청",0
2026-10-10T11:54:51,187000003,대전75자9916,36.467172,127.364169,83.784,186005287,국제과학비즈니스벨트,0
2026-10-10T11:54:51,187000003,대전75자9938,36.415735,127.421045,92.177,187001388,대덕산업단지,0
2026-10-10T11:54:51,187000003,대전75자9937,36.36115,127.401864,99.256,187001388,대덕산업단지,0
2026-10-10T11:54:51,187000003,대전75자9915,36.338247,127.42928,102.825,187001394,한밭자이아파트,0
2026-10-10T11:54:51,187000003,대전75자9914,36.333017,127.431671,103.451,183002355,대전역,0
2026-10-10T11:54:51,187000003,대전75자9911,36.33388,127.437318,104.27,187001395,대전역동광장,0
2026-10-10T11:54:51,271000801,충북70자2008,36.528682,127.263939,7.514,293014014,"해밀동,산울동",0
2026-10-10T11:54:51,271000801,충북70자7051,36.63399154,127.3363527,25.763,270054358,오송중학교.청주오스코,0
2026-10-10T11:54:51,271000801,충북70자6052,36.7108014,127.4299633,41.796,270051808,오창프라자,0
2026-10-10T11:54:51,271000802,충북70자5130,36.70831874,127.4788584,2.996,284000230,청주공항역,0
2026-10-10T11:54:51,271000802,충북70자5128,36.67830432,127.3983792,12.829,274000031,미래나노텍,0
2026-10-10T11:54:51,271000802,충북70자5129,36.61049682,127.3360995,28.625,270000635,오송역2.3.4,0
2026-10-10T11:54:51,271000802,충북70자3071,36.47064,127.273189,49.637,293064221,세종고속시외버스터미널(지하),0
2026-10-10T11:54:51,293000282,세종70자1748,36.429025,127.288546,5.297,186004230,반석역,68
2026-10-10T11:54:51,293000282,세종70자1751,36.495326,127.249046,16.178,293064263,다정동커뮤니티센터,14
2026-10-10T11:54:51,293000282,세종70자1752,36.538264,127.268184,24.675,293064100,"범지기3,9단지(청소년센터)",69
2026-10-10T11:54:51,293000282,세종70자1754,36.60193499,127.302167,33.516,293064527,조치원전통시장 북측,35
2026-10-10T11:54:51,293000282,세종70자1753,36.619047,127.327154,37.312,270054837,오송역종점,21
2026-10-10T11:54:51,293000283,세종70자1749,36.59543699,127.292166,5.763,293064146,세종시보건소(대동초),15
2026-10-10T11:54:51,293000283,세종70자1744,36.518178,127.252143,17.171,293061007,범지기마을10단지,3
2026-10-10T11:54:51,293000283,세종70자1750,36.482494,127.260602,25.139,293064009,첫마을1단지,51
2026-10-10T11:54:51,293000283,세종70자1747,36.389243,127.316451,37.447,186004229,반석역,31
2026-10-10T11:54:51,293000304,세종70자1505,36.537281,127.306868,11.606,293064420,누리동,56
2026-10-10T11:54:51,293000304,세종70자1506,36.478692,127.289047,21.437,293064211,"세종시청,시의회,교육청",34
2026-10-10T11:54:51,293000304,세종70자1509,36.468128,127.274032,23.301,293055001,세종고속시외버스터미널(지상),29
2026-10-10T11:54:51,293000305,세종70자1354,36.467693,127.27356,0.0,293055002,세종고속시외버스터미널(지상),14
2026-10-10T11:54:51,293000305,세종70자1510,36.475338,127.28133,1.072,293064206,"보람동,대평동",12
2026-10-10T11:54:51,293000305,세종70자1507,36.50679199,127.261966,18.418,293056002,도담동,50
2026-10-10T11:54:51,293000305,세종70자1511,36.46803,127.273508,23.378,293055001,세종고속시외버스터미널(지상),255
2026-10-10T11:54:51,293000311,세종70자1344,36.486056,127.30135,3.286,293064216,소담동(새샘마을),7
2026-10-10T11:54:51,293000311,세종70자1348,36.519013,127.247921,15.155,293064102,범지기마을10단지 북측,41
2026-10-10T11:54:51,293000311,세종70자1349,36.479388,127.262773,21.759,293053008,한솔동(첫마을),3
2026-10-10T11:54:51,293000312,세종70자1345,36.496585,127.2572,3.732,293053001,다정동(대성고등학교),45
2026-10-10T11:54:51,293000312,세종70자1352,36.50288,127.2904,13.109,293900011,전통문화체험관,70
2026-10-10T11:54:51,293000312,세종70자1346,36.469317,127.271808,23.335,293064251,대평동,26
2026-10-10T11:54:51,271000805,세종73자5643,36.472262,127.268278,7.411,293064220,세종고속시외버스터미널(지하),58
2026-10-10T11:54:51,271000805,세종73자5642,36.530835,127.321201,19.775,293064498,다솜동,55
2026-10-10T11:54:51,271000805,세종73자5675,36.628107,127.428967,37.053,270054311,고속버스터미널,9
2026-10-10T11:54:51,271000805,세종73자5672,36.644425,127.433336,40.435,270054821,솔밭공원.청소년수련관,20
2026-10-10T11:54:51,271000806,세종73자5645,36.643182,127.422191,0.066,270054825,비하종점,24
2026-10-10T11:54:51,271000806,충북70자6075,36.63126667,127.4264983,4.352,971006760,충북선거관리위원회,0
2026-10-10T11:54:51,271000806,충북70자3086,36.47925319,127.26311978,33.484,293053009,한솔동,0
2026-10-10T11:55:23,293000317,세종70자1705,36.475248,127.281097,11.263,293064206,"보람동,대평동",36
2026-10-10T11:55:23,293000317,세종70자1703,36.545376,127.301912,23.113,293900055,용호동,68
2026-10-10T11:55:23,293000317,세종70자1706,36.619622,127.326503,33.214,270054837,오송역종점,17
2026-10-10T11:55:23,293000318,세종70자1708,36.568434,127.312445,7.383,270000635,오송역2.3.4,69
2026-10-10T11:55:23,293000318,세종70자1707,36.474796,127.280308,22.168,293064209,"보람동,대평동",55
2026-10-10T11:55:23,293000318,세종70자1702,36.387959,127.317831,32.906,186005278,반석역,19
2026-10-10T11:55:23,187000003,대전75자9936,36.340917,127.425708,1.864,187001380,한밭자이아파트,0
2026-10-10T11:55:23,187000003,대전75자9935,36.405446,127.416557,10.791,187001386,오정농수산시장,0
2026-10-10T11:55:23,187000003,대전75자9929,36.513675,127.259255,35.342,293056003,도담동,0
2026-10-10T11:55:23,187000003,대전75자9927,36.565211,127.309084,44.356,293064420,누리동,0
2026-10-10T11:55:23,187000003,대전75자9926,36.619437,127.326651,51.823,270000635,오송역2.3.4,0
2026-10-10T11:55:23,187000003,대전75자9921,36.537431,127.304319,62.634,974019920,오송역2.3.4(미정차),0
2026-10-10T11:55:23,187000003,대전75자9920,36.521176,127.259556,67.49,293064446,세종충남대학교병원,0
2026-10-10T11:55:23,187000003,대전75자9918,36.474339,127.278259,74.497,293064252,대평동,0
2026-10-10T11:55:23,187000003,대전75자9917,36.482348,127.297143,76.396,293064216,소담동(새샘마을),0
2026-10-10T11:55:23,187000003,대전75자9916,36.466805,127.365104,83.877,186005287,국제과학비즈니스벨트,0
2026-10-10T11:55:23,187000003,대전75자9938,36.405873,127.416738,93.359,187001388,대덕산업단지,0
2026-10-10T11:55:23,187000003,대전75자9937,36.358767,127.404171,99.591,187001388,대덕산업단지,0
2026-10-10T11:55:23,187000003,대전75자9915,36.338247,127.42928,102.825,187001394,한밭자이아파트,0
2026-10-10T11:55:23,187000003,대전75자9914,36.333017,127.431671,103.451,183002355,대전역,0
2026-10-10T11:55:23,187000003,대전75자9911,36.33388,127.437318,104.27,187001395,대전역동광장,0
2026-10-10T11:55:23,271000801,충북70자2008,36.528682,127.263939,7.514,293014014,"해밀동,산울동",0
2026-10-10T11:55:23,271000801,충북70자7051,36.63614324,127.3326879,26.213,270054358,오송중학교.청주오스코,0
2026-10-10T11:55:23,271000801,충북70자6052,36.7108014,127.4299633,41.796,270051808,오창프라자,0
2026-10-10T11:55:23,271000802,충북70자5130,36.70669358,127.4744784,3.427,284000230,청주공항역,0
2026-10-10T11:55:23,271000802,충북70자5128,36.67614415,127.39534128,13.199,274000031,미래나노텍,0
2026-10-10T11:55:23,271000802,충북70자5129,36.60637807,127.3398934,29.328,270000635,오송역2.3.4,0
2026-10-10T11:55:23,271000802,충북70자3071,36.469289,127.273836,49.836,293055001,세종고속시외버스터미널(지상),0
2026-10-10T11:55:23,293000282,세종70자1748,36.436767,127.286104,6.21,186004230,반석역,68
2026-10-10T11:55:23,293000282,세종70자1751,36.495552,127.24902,16.203,293064263,다정동커뮤니티센터,14
2026-10-10T11:55:23,293000282,세종70자1752,36.544617,127.272428,25.484,293064100,"범지기3,9단지(청소년센터)",67
2026-10-10T11:55:23,293000282,세종70자1754,36.6025,127.303518,33.652,293001094,조치원버스터미널,7
2026-10-10T11:55:23,293000282,세종70자1753,36.619047,127.327154,37.312,270054837,오송역종점,21
2026-10-10T11:55:23,293000282,세종70자1746,36.618818,127.326732,37.275,270054837,오송역종점,255
2026-10-10T11:55:23,293000283,세종70자1749,36.595403,127.291855,5.791,293064146,세종시보건소(대동초),15
2026-10-10T11:55:23,293000283,세종70자1744,36.518178,127.252143,17.171,293061007,범지기마을10단지,3
2026-10-10T11:55:23,293000283,세종70자1750,36.481088,127.261571,25.318,293064009,첫마을1단지,45
2026-10-10T11:55:23,293000283,세종70자1747,36.389243,127.316451,37.447,186004229,반석역,31
2026-10-10T11:55:23,293000304,세종70자1505,36.536403,127.312105,12.081,293900054,용호동,57
2026-10-10T11:55:23,293000304,세종70자1506,36.47778,127.286983,21.647,293064211,"세종시청,시의회,교육청",57
2026-10-10T11:55:23,293000304,세종70자1509,36.467938,127.274093,23.301,293055001,세종고속시외버스터미널(지상),24
2026-10-10T11:55:23,293000305,세종70자1354,36.467693,127.27356,0.0,293055002,세종고속시외버스터미널(지상),14
2026-10-10T11:55:23,293000305,세종70자1510,36.476876,127.284698,1.418,293064206,"보람동,대평동",57
2026-10-10T11:55:23,293000305,세종70자1507,36.50456599,127.261321,18.67,293062014,정부세종청사 북측,36
2026-10-10T11:55:23,293000305,세종70자1511,36.46803,127.273508,23.378,293055001,세종고속시외버스터미널(지상),255
2026-10-10T11:55:23,293000311,세종70자1344,36.485514,127.302336,3.393,293064216,소담동(새샘마을),34
2026-10-10T11:55:23,293000311,세종70자1348,36.518926,127.245015,15.424,293064100,"범지기3,9단지(청소년센터)",8
2026-10-10T11:55:23,293000311,세종70자1349,36.479383,127.262768,21.759,293053008,한솔동(첫마을),3
2026-10-10T11:55:23,293000312,세종70자1345,36.496606,127.257206,3.734,293053001,다정동(대성고등학교),45
2026-10-10T11:55:23,293000312,세종70자1352,36.5008,127.295328,13.606,293900011,전통문화체험관,37
2026-10-10T11:55:23,293000312,세종70자1346,36.469317,127.271808,23.335,293064251,대평동,26
2026-10-10T11:55:23,271000805,세종73자5643,36.474847,127.266393,7.745,293064220,세종고속시외버스터미널(지하),63
2026-10-10T11:55:23,271000805,세종73자5642,36.530375,127.324261,20.172,293064498,다솜동,49
2026-10-10T11:55:23,271000805,세종73자5675,36.630382,127.427352,37.344,270054311,고속버스터미널,21
2026-10-10T11:55:23,271000805,세종73자5672,36.644896,127.42954,40.775,270054821,솔밭공원.청소년수련관,50
2026-10-10T11:55:23,271000806,세종73자5645,36.64519099,127.422901,0.346,270054826,롯데쇼핑몰.지웰시티,47
2026-10-10T11:55:23,271000806,충북70자6075,36.62859779,127.4284078,4.694,971006760,충북선거관리위원회,0
2026-10-10T11:55:23,271000806,충북70자3086,36.47215857,127.26824911,34.398,293053009,한솔동,0
2026-10-10T11:55:23,271000806,세종73자5644,36.498391,127.325097,40.876,293064479,집현동,255
2026-10-10T11:55:56,293000317,세종70자1705,36.47737,127.285994,11.76,293064206,"보람동,대평동",64
2026-10-10T11:55:56,293000317,세종70자1703,36.550455,127.301283,23.683,293900055,용호동,68
2026-10-10T11:55:56,293000317,세종70자1706,36.619628,127.326499,33.214,270054837,오송역종점,1
2026-10-10T11:55:56,293000318,세종70자1708,36.564252,127.30793,7.999,270000635,오송역2.3.4,68
2026-10-10T11:55:56,293000318,세종70자1707,36.472233,127.276529,22.612,293064251,대평동,39
2026-10-10T11:55:56,293000318,세종70자1702,36.387959,127.317831,32.906,186005278,반석역,19
2026-10-10T11:55:56,187000003,대전75자9936,36.343132,127.42267,2.232,187001381,솔랑마을아파트,0
2026-10-10T11:55:56,187000003,대전75자9935,36.405446,127.416557,10.791,187001386,오정농수산시장,0
2026-10-10T11:55:56,187000003,대전75자9929,36.513675,127.259255,35.342,293056003,도담동,0
2026-10-10T11:55:56,187000003,대전75자9927,36.575191,127.319517,45.808,293064420,누리동,0
2026-10-10T11:55:56,187000003,대전75자9926,36.619437,127.326651,51.823,270000635,오송역2.3.4,0
2026-10-10T11:55:56,187000003,대전75자9921,36.534638,127.284335,64.529,293014058,누리동,0
2026-10-10T11:55:56,187000003,대전75자9920,36.515186,127.258925,68.168,293056002,도담동,0
2026-10-10T11:55:56,187000003,대전75자9918,36.474808,127.28025,74.668,293064206,"보람동,대평동",0
2026-10-10T11:55:56,187000003,대전75자9917,36.482348,127.297143,76.396,293064216,소담동(새샘마을),0
2026-10-10T11:55:56,187000003,대전75자9916,36.466805,127.365104,83.877,186005287,국제과학비즈니스벨트,0
2026-10-10T11:55:56,187000003,대전75자9938,36.405873,127.416738,93.359,187001388,대덕산업단지,0
2026-10-10T11:55:56,187000003,대전75자9937,36.358767,127.404171,99.591,187001388,대덕산업단지,0
2026-10-10T11:55:56,187000003,대전75자9915,36.338247,127.42928,102.825,187001394,한밭자이아파트,0
2026-10-10T11:55:56,187000003,대전75자9914,36.333017,127.431671,103.451,183002355,대전역,0
2026-10-10T11:55:56,187000003,대전75자9911,36.33388,127.437318,104.27,187001395,대전역동광장,0
2026-10-10T11:55:56,271000801,충북70자2008,36.53377,127.27527,8.703,293014025,한별동,0
2026-10-10T11:55:56,271000801,충북70자7051,36.63614324,127.3326879,26.213,270054358,오송중학교.청주오스코,0
2026-10-10T11:55:56,271000801,충북70자6052,36.7108014,127.4299633,41.796,270051808,오창프라자,0
2026-10-10T11:55:56,271000802,충북70자5130,36.70328976,127.4639909,4.437,284000230,청주공항역,0
2026-10-10T11:55:56,271000802,충북70자5128,36.672104,127.3917648,13.755,270054810,청주소로초등학교,0
2026-10-10T11:55:56,271000802,충북70자5129,36.60637807,127.3398934,29.328,270000635,오송역2.3.4,0
2026-10-10T11:55:56,271000802,충북70자3071,36.469289,127.273836,49.836,293055001,세종고속시외버스터미널(지상),0
2026-10-10T11:55:56,293000282,세종70자1748,36.438978,127.286069,6.455,186004230,반석역,68
2026-10-10T11:55:56,293000282,세종70자1751,36.495552,127.24902,16.203,293064263,다정동커뮤니티센터,14
2026-10-10T11:55:56,293000282,세종70자1752,36.547342,127.274143,25.823,293064100,"범지기3,9단지(청소년센터)",68
2026-10-10T11:55:56,293000282,세종70자1754,36.60336199,127.305665,33.874,293001094,조치원버스터미널,44
2026-10-10T11:55:56,293000282,세종70자1753,36.619047,127.327154,37.312,270054837,오송역종점,21
2026-10-10T11:55:56,293000282,세종70자1746,36.618818,127.326732,37.275,270054837,오송역종점,255
2026-10-10T11:55:56,293000283,세종70자1749,36.59467699,127.291071,5.939,293064034,신흥사거리,32
2026-10-10T11:55:56,293000283,세종70자1744,36.517666,127.251928,17.232,293061007,범지기마을10단지,48
2026-10-10T11:55:56,293000283,세종70자1750,36.480688,127.261909,25.372,293053008,한솔동(첫마을),29
2026-10-10T11:55:56,293000283,세종70자1747,36.389243,127.316451,37.447,186004229,반석역,31
2026-10-10T11:55:56,293000304,세종70자1505,36.53421,127.316623,12.553,293900054,용호동,56
2026-10-10T11:55:56,293000304,세종70자1506,36.475592,127.281735,22.176,293064209,"보람동,대평동",40
2026-10-10T11:55:56,293000305,세종70자1354,36.467693,127.27356,0.0,293055002,세종고속시외버스터미널(지상),14
2026-10-10T11:55:56,293000305,세종70자1510,36.478503,127.288289,1.802,293064210,"세종시청,시의회,교육청",35
2026-10-10T11:55:56,293000305,세종70자1507,36.502082,127.260161,18.965,293062007,정부세종청사 남측,31
2026-10-10T11:55:56,293000305,세종70자1511,36.46803,127.273508,23.378,293055001,세종고속시외버스터미널(지상),255
2026-10-10T11:55:56,293000311,세종70자1344,36.484606,127.304028,3.575,293064365,새샘마을6단지,38
2026-10-10T11:55:56,293000311,세종70자1348,36.518935,127.245003,15.425,293064100,"범지기3,9단지(청소년센터)",8
2026-10-10T11:55:56,293000311,세종70자1349,36.479383,127.262768,21.759,293053008,한솔동(첫마을),3
2026-10-10T11:55:56,293000312,세종70자1345,36.497363,127.257589,3.825,293053001,다정동(대성고등학교),25
2026-10-10T11:55:56,293000312,세종70자1352,36.500648,127.295661,13.64,293900011,전통문화체험관,37
2026-10-10T11:55:56,293000312,세종70자1346,36.469317,127.271808,23.335,293064251,대평동,26
2026-10-10T11:55:56,271000805,세종73자5644,36.498201,127.322994,1.135,293064418,집현동,38
2026-10-10T11:55:56,271000805,세종73자5643,36.478554,127.263695,8.223,293064220,세종고속시외버스터미널(지하),39
2026-10-10T11:55:56,271000805,세종73자5642,36.532537,127.328697,20.631,293064498,다솜동,41
2026-10-10T11:55:56,271000805,세종73자5675,36.631894,127.426268,37.538,971007260,충북선거관리위원회,40
2026-10-10T11:55:56,271000805,세종73자5672,36.645485,127.427756,40.945,270054822,현대백화점,13
2026-10-10T11:55:56,271000806,세종73자5645,36.645941,127.424363,0.567,270054827,지웰시티아파트,38
2026-10-10T11:55:56,271000806,충북70자6075,36.62587,127.43002,5.029,270054312,고속버스터미널,0
2026-10-10T11:55:56,271000806,충북70자3086,36.47064,127.273189,34.89,293064221,세종고속시외버스터미널(지하),0
2026-10-10T11:56:27,293000318,세종70자1708,36.555483,127.302453,9.112,270000635,오송역2.3.4,69
2026-10-10T11:56:27,293000318,세종70자1707,36.471896,127.275926,22.678,293064251,대평동,255
2026-10-10T11:56:27,293000318,세종70자1702,36.387959,127.317831,32.906,186005278,반석역,19
2026-10-10T11:56:27,187000003,대전75자9936,36.343712,127.42186,2.329,187001381,솔랑마을아파트,0
2026-10-10T11:56:27,187000003,대전75자9935,36.415308,127.421269,11.987,187001386,오정농수산시장,0
2026-10-10T11:56:27,187000003,대전75자9929,36.514539,127.259165,35.437,293056003,도담동,0
2026-10-10T11:56:27,187000003,대전75자9927,36.575191,127.319517,45.808,293064420,누리동,0
2026-10-10T11:56:27,187000003,대전75자9926,36.619437,127.326651,51.823,270000635,오송역2.3.4,0
2026-10-10T11:56:27,187000003,대전75자9921,36.533976,127.275946,65.29,293014026,한별동,0
2026-10-10T11:56:27,187000003,대전75자9920,36.514346,127.259018,68.262,293056002,도담동,0
2026-10-10T11:56:27,187000003,대전75자9918,36.47519,127.280817,74.734,293064206,"보람동,대평동",0
2026-10-10T11:56:27,187000003,대전75자9917,36.482348,127.297143,76.396,293064216,소담동(새샘마을),0
2026-10-10T11:56:27,187000003,대전75자9916,36.454248,127.369636,85.464,186005287,국제과학비즈니스벨트,0
2026-10-10T11:56:27,187000003,대전75자9938,36.39306,127.41308,94.834,187001388,대덕산업단지,0
2026-10-10T11:56:27,187000003,대전75자9937,36.358767,127.404171,99.591,187001388,대덕산업단지,0
2026-10-10T11:56:27,187000003,대전75자9915,36.338247,127.42928,102.825,187001394,한밭자이아파트,0
2026-10-10T11:56:27,187000003,대전75자9914,36.331396,127.432355,103.641,183002355,대전역,0
2026-10-10T11:56:27,187000003,대전75자9940,36.333824,127.437111,104.27,187001395,대전역동광장,0
2026-10-10T11:56:27,187000003,대전75자9911,36.33388,127.437318,104.27,187001395,대전역동광장,0
2026-10-10T11:56:27,271000801,충북70자3071,36.469306,127.273946,0.028,293055002,세종고속시외버스터미널(지상),0
2026-10-10T11:56:27,271000801,충북70자2008,36.53413001,127.27711618,8.873,293014025,한별동,0
2026-10-10T11:56:27,271000801,충북70자7051,36.637747,127.328535,26.668,271000641,보건의료행정타운,0
2026-10-10T11:56:27,271000801,충북70자6052,36.70955916,127.4334736,42.147,270051808,오창프라자,0
2026-10-10T11:56:27,271000802,충북70자5130,36.70457541,127.4529371,4.809,284000230,청주공항역,0
2026-10-10T11:56:27,271000802,충북70자5128,36.672104,127.3917648,13.755,270054810,청주소로초등학교,0
2026-10-10T11:56:27,271000802,충북70자5129,36.60637807,127.3398934,29.328,270000635,오송역2.3.4,0
2026-10-10T11:56:27,293000282,세종70자1748,36.447814,127.285955,7.445,186004230,반석역,67
2026-10-10T11:56:27,293000282,세종70자1751,36.497787,127.249121,16.454,293064307,"가온마을6,9단지",6
2026-10-10T11:56:27,293000282,세종70자1752,36.556307,127.279932,26.949,293900056,연기리,68
2026-10-10T11:56:27,293000282,세종70자1754,36.604646,127.309436,34.241,293001094,조치원버스터미널,53
2026-10-10T11:56:27,293000282,세종70자1746,36.618818,127.326732,37.275,270054837,오송역종점,255
2026-10-10T11:56:27,293000283,세종70자1749,36.591133,127.291578,6.336,293001052,자이아파트,29
2026-10-10T11:56:27,293000283,세종70자1744,36.514164,127.250508,17.642,293061006,아름초등학교,44
2026-10-10T11:56:27,293000283,세종70자1750,36.478297,127.263578,25.676,293053008,한솔동(첫마을),43
2026-10-10T11:56:27,293000283,세종70자1747,36.389243,127.316451,37.447,186004229,반석역,31
2026-10-10T11:56:27,293000304,세종70자1505,36.53178299,127.320173,12.97,293064493,다솜동,255
2026-10-10T11:56:27,293000304,세종70자1506,36.474908,127.280558,22.311,293064209,"보람동,대평동",49
2026-10-10T11:56:27,293000305,세종70자1354,36.467693,127.27356,0.0,293055002,세종고속시외버스터미널(지상),14
2026-10-10T11:56:27,293000305,세종70자1510,36.478636,127.288425,1.82,293064210,"세종시청,시의회,교육청",4
2026-10-10T11:56:27,293000305,세종70자1507,36.497842,127.257771,19.483,293062007,정부세종청사 남측,50
2026-10-10T11:56:27,293000305,세종70자1511,36.468011,127.273656,23.378,293055001,세종고속시외버스터미널(지상),255
2026-10-10T11:56:27,293000311,세종70자1344,36.482842,127.306936,3.902,293064365,새샘마을6단지,35
2026-10-10T11:56:27,293000311,세종70자1348,36.51908499,127.244541,15.469,293064100,"범지기3,9단지(청소년센터)",26
2026-10-10T11:56:27,293000311,세종70자1349,36.478886,127.262993,21.817,293053008,한솔동(첫마을),35
2026-10-10T11:56:27,293000312,세종70자1345,36.497912,127.257936,3.894,293053001,다정동(대성고등학교),1
2026-10-10T11:56:27,293000312,세종70자1352,36.500033,127.29699,13.781,293900011,전통문화체험관,51
2026-10-10T11:56:27,293000312,세종70자1346,36.469317,127.271808,23.335,293064251,대평동,26
2026-10-10T11:56:27,271000805,세종73자5644,36.497601,127.318538,1.539,293064418,집현동,36
2026-10-10T11:56:27,271000805,세종73자5643,36.480442,127.262309,8.467,293053011,한솔동,36
2026-10-10T11:56:27,271000805,세종73자5642,36.532783,127.329111,20.677,293064498,다솜동,41
2026-10-10T11:56:27,271000805,세종73자5675,36.633701,127.424941,37.771,971009440,비하삼일아파트,48
2026-10-10T11:56:27,271000805,세종73자5672,36.645485,127.427756,40.945,270054822,현대백화점,13
2026-10-10T11:56:27,271000806,세종73자5645,36.645795,127.42626,0.736,270054827,지웰시티아파트,38
2026-10-10T11:56:27,271000806,충북70자6075,36.62587,127.43002,5.029,270054312,고속버스터미널,0
2026-10-10T11:56:27,271000806,충북70자3086,36.472193,127.276513,35.235,293064252,대평동,0
2026-10-10T11:57:12,293000317,세종70자1705,36.479286,127.290505,12.217,293064210,"세종시청,시의회,교육청",69
2026-10-10T11:57:12,293000317,세종70자1703,36.560176,127.304383,24.803,293900055,용호동,68
2026-10-10T11:57:12,293000317,세종70자1706,36.619637,127.326496,33.214,270054837,오송역종점,1
2026-10-10T11:57:12,293000318,세종70자1708,36.550263,127.301166,9.707,270000635,오송역2.3.4,68
2026-10-10T11:57:12,293000318,세종70자1707,36.469403,127.273799,23.091,293055001,세종고속시외버스터미널(지상),23
2026-10-10T11:57:12,293000318,세종70자1702,36.387959,127.317831,32.906,186005278,반석역,19
2026-10-10T11:57:12,187000003,대전75자9936,36.343712,127.42186,2.329,187001381,솔랑마을아파트,0
2026-10-10T11:57:12,187000003,대전75자9935,36.423753,127.414272,13.142,187001386,오정농수산시장,0
2026-10-10T11:57:12,187000003,대전75자9929,36.520143,127.259446,36.061,293064445,세종충남대학교병원,0
2026-10-10T11:57:12,187000003,대전75자9927,36.588454,127.323591,47.341,293064420,누리동,0
2026-10-10T11:57:12,187000003,대전75자9926,36.619437,127.326651,51.823,270000635,오송역2.3.4,0
2026-10-10T11:57:12,187000003,대전75자9921,36.533976,127.275946,65.29,293014026,한별동,0
2026-10-10T11:57:12,187000003,대전75자9920,36.514346,127.259018,68.262,293056002,도담동,0
2026-10-10T11:57:12,187000003,대전75자9918,36.47519,127.280817,74.734,293064206,"보람동,대평동",0
2026-10-10T11:57:12,187000003,대전75자9917,36.482881,127.298017,76.496,293064216,소담동(새샘마을),0
2026-10-10T11:57:12,187000003,대전75자9916,36.454248,127.369636,85.464,186005287,국제과학비즈니스벨트,0
2026-10-10T11:57:12,187000003,대전75자9938,36.39306,127.41308,94.834,187001388,대덕산업단지,0
2026-10-10T11:57:12,187000003,대전75자9937,36.358767,127.404171,99.591,187001388,대덕산업단지,0
2026-10-10T11:57:12,187000003,대전75자9915,36.335939,127.430411,103.107,187001394,한밭자이아파트,0
2026-10-10T11:57:12,187000003,대전75자9914,36.331396,127.432355,103.641,183002355,대전역,0
2026-10-10T11:57:12,187000003,대전75자9940,36.333375,127.437527,104.214,187001395,대전역동광장,0
2026-10-10T11:57:12,187000003,대전75자9911,36.33388,127.437318,104.27,187001395,대전역동광장,0
2026-10-10T11:57:12,271000801,충북70자3071,36.469306,127.273946,0.028,293055002,세종고속시외버스터미널(지상),0
2026-10-10T11:57:12,271000801,충북70자2008,36.53440642,127.28671183,9.735,293014025,한별동,0
2026-10-10T11:57:12,271000801,충북70자7051,36.6391768,127.324181,27.253,271000641,보건의료행정타운,0
2026-10-10T11:57:12,271000801,충북70자6052,36.70752783,127.4368772,42.53,270051808,오창프라자,0
2026-10-10T11:57:12,271000802,충북70자5130,36.70573642,127.4461686,6.055,284000230,청주공항역,0
2026-10-10T11:57:12,271000802,충북70자5128,36.672104,127.3917648,13.755,270054810,청주소로초등학교,0
2026-10-10T11:57:12,271000802,충북70자5129,36.587685,127.322945,32.041,270000635,오송역2.3.4,0
2026-10-10T11:57:12,293000282,세종70자1748,36.452807,127.284889,8.015,186004230,반석역,67
2026-10-10T11:57:12,293000282,세종70자1751,36.498226,127.249098,16.502,293064307,"가온마을6,9단지",27
2026-10-10T11:57:12,293000282,세종70자1752,36.560893,127.283985,27.584,293064249,봉암리,32
2026-10-10T11:57:12,293000282,세종70자1754,36.604646,127.309436,34.241,293001094,조치원버스터미널,53
2026-10-10T11:57:12,293000282,세종70자1746,36.618818,127.326732,37.275,270054837,오송역종점,255
2026-10-10T11:57:12,293000283,세종70자1749,36.59021,127.291736,6.44,293001052,자이아파트,51
2026-10-10T11:57:12,293000283,세종70자1744,36.511694,127.250002,17.92,293061006,아름초등학교,17
2026-10-10T11:57:12,293000283,세종70자1750,36.474368,127.266476,26.184,293053008,한솔동(첫마을),68
2026-10-10T11:57:12,293000283,세종70자1747,36.389243,127.316451,37.447,186004229,반석역,31
2026-10-10T11:57:12,293000304,세종70자1505,36.526791,127.326451,13.76,293064493,다솜동,55
2026-10-10T11:57:12,293000304,세종70자1506,36.471978,127.276202,22.821,293064251,대평동,23
2026-10-10T11:57:12,293000305,세종70자1354,36.467693,127.27356,0.0,293055002,세종고속시외버스터미널(지상),14
2026-10-10T11:57:12,293000305,세종70자1510,36.47949,127.290723,2.046,293064210,"세종시청,시의회,교육청",58
2026-10-10T11:57:12,293000305,세종70자1507,36.49527,127.256617,19.791,293062004,다정동,35
2026-10-10T11:57:12,293000305,세종70자1511,36.468011,127.273656,23.378,293055001,세종고속시외버스터미널(지상),255
2026-10-10T11:57:12,293000311,세종70자1344,36.48201,127.307671,4.034,293064365,새샘마을6단지,28
2026-10-10T11:57:12,293000311,세종70자1348,36.519418,127.243196,15.599,293064100,"범지기3,9단지(청소년센터)",26
2026-10-10T11:57:12,293000311,세종70자1349,36.472063,127.268188,22.706,293053008,한솔동(첫마을),67
2026-10-10T11:57:12,293000312,세종70자1345,36.497893,127.257971,3.893,293053001,다정동(대성고등학교),1
2026-10-10T11:57:12,293000312,세종70자1352,36.496526,127.3045,14.559,293900011,전통문화체험관,48
2026-10-10T11:57:12,293000312,세종70자1346,36.469317,127.271808,23.335,293064251,대평동,26
2026-10-10T11:57:12,271000805,세종73자5644,36.497577,127.318095,1.579,293064418,집현동,36
2026-10-10T11:57:12,271000805,세종73자5643,36.481713,127.261438,8.628,293053011,한솔동,46
2026-10-10T11:57:12,271000805,세종73자5642,36.532873,127.32926,20.694,293064498,다솜동,18
2026-10-10T11:57:12,271000805,세종73자5675,36.635758,127.423553,38.032,270054817,하복대벽산.서청주파크자이아파트,14
2026-10-10T11:57:12,271000805,세종73자5672,36.645663,127.427156,41.007,270054822,현대백화점,38
2026-10-10T11:57:12,271000806,세종73자5645,36.645301,127.427795,0.884,270054835,현대백화점,40
2026-10-10T11:57:12,271000806,충북70자6075,36.62587,127.43002,5.029,270054312,고속버스터미널,0
2026-10-10T11:57:12,271000806,충북70자3086,36.474965,127.280713,35.721,293064206,"보람동,대평동",0
2026-10-10T11:57:44,293000317,세종70자1705,36.481627,127.295951,12.767,293064210,"세종시청,시의회,교육청",64
2026-10-10T11:57:44,293000317,세종70자1703,36.564446,127.30822,25.391,293900055,용호동,67
2026-10-10T11:57:44,293000317,세종70자1706,36.619637,127.326496,33.214,270054837,오송역종점,1
2026-10-10T11:57:44,293000318,세종70자1708,36.545287,127.301759,10.268,270000635,오송역2.3.4,68
2026-10-10T11:57:44,293000318,세종70자1707,36.469238,127.273788,23.109,293055001,세종고속시외버스터미널(지상),23
2026-10-10T11:57:44,293000318,세종70자1702,36.387959,127.317831,32.906,186005278,반석역,19
2026-10-10T11:57:44,187000003,대전75자9936,36.348182,127.416,3.053,187001382,대덕구청,0
2026-10-10T11:57:44,187000003,대전75자9935,36.423753,127.414272,13.142,187001386,오정농수산시장,0
2026-10-10T11:57:44,187000003,대전75자9929,36.520976,127.259629,36.161,293064445,세종충남대학교병원,0
2026-10-10T11:57:44,187000003,대전75자9927,36.594948,127.3311,48.334,293064420,누리동,0
2026-10-10T11:57:44,187000003,대전75자9926,36.619437,127.326651,51.823,270000635,오송역2.3.4,0
2026-10-10T11:57:44,187000003,대전75자9921,36.529854,127.265114,66.384,293014017,"해밀동,산울동",0
2026-10-10T11:57:44,187000003,대전75자9920,36.505056,127.261541,69.343,293062014,정부세종청사 북측,0
2026-10-10T11:57:44,187000003,대전75자9918,36.478092,127.287574,75.415,293064210,"세종시청,시의회,교육청",0
2026-10-10T11:57:44,187000003,대전75자9917,36.486007,127.301212,76.949,293064216,소담동(새샘마을),0
2026-10-10T11:57:44,187000003,대전75자9916,36.454248,127.369636,85.464,186005287,국제과학비즈니스벨트,0
2026-10-10T11:57:44,187000003,대전75자9938,36.382903,127.412443,95.965,187001388,대덕산업단지,0
2026-10-10T11:57:44,187000003,대전75자9937,36.356007,127.406155,99.953,187001389,오정농수산오거리,0
2026-10-10T11:57:44,187000003,대전75자9915,36.333869,127.431302,103.351,183002355,대전역,0
2026-10-10T11:57:44,187000003,대전75자9914,36.331396,127.432355,103.641,183002355,대전역,0
2026-10-10T11:57:44,187000003,대전75자9940,36.331163,127.432936,103.704,187001395,대전역동광장,0
2026-10-10T11:57:44,187000003,대전75자9911,36.33388,127.437318,104.27,187001395,대전역동광장,0
2026-10-10T11:57:44,271000801,충북70자3071,36.469306,127.273946,0.028,293055002,세종고속시외버스터미널(지상),0
2026-10-10T11:57:44,271000801,충북70자2008,36.53430741,127.29453371,10.444,293064420,누리동,0
2026-10-10T11:57:44,271000801,충북70자7051,36.64383297,127.3256669,27.808,271000641,보건의료행정타운,0
2026-10-10T11:57:44,271000801,충북70자6052,36.70573642,127.4461686,43.385,270051808,오창프라자,0
2026-10-10T11:57:44,271000802,충북70자5130,36.70777509,127.4362185,6.972,284000230,청주공항역,0
2026-10-10T11:57:44,271000802,충북70자5128,36.66085716,127.3827951,15.512,270054810,청주소로초등학교,0
2026-10-10T11:57:44,271000802,충북70자5129,36.58034132,127.32136417,32.878,270000635,오송역2.3.4,0
2026-10-10T11:57:44,293000282,세종70자1748,36.458762,127.280499,8.789,186004230,반석역,67
2026-10-10T11:57:44,293000282,세종70자1751,36.498511,127.249144,16.534,293064307,"가온마을6,9단지",27
2026-10-10T11:57:44,293000282,세종70자1752,36.561131,127.284297,27.623,293064249,봉암리,32
2026-10-10T11:57:44,293000282,세종70자1754,36.605245,127.311274,34.42,293001094,조치원버스터미널,60
2026-10-10T11:57:44,293000282,세종70자1746,36.618818,127.326732,37.275,270054837,오송역종점,255
2026-10-10T11:57:44,293000283,세종70자1749,36.585754,127.292423,6.941,293064083,번암아파트 후문,65
2026-10-10T11:57:44,293000283,세종70자1744,36.511794,127.247794,18.147,293061002,아름동커뮤니티센터,41
2026-10-10T11:57:44,293000283,세종70자1750,36.47102,127.270067,26.698,293053008,한솔동(첫마을),57
2026-10-10T11:57:44,293000283,세종70자1747,36.389243,127.316451,37.447,186004229,반석역,31
2026-10-10T11:57:44,293000304,세종70자1505,36.523016,127.329668,14.273,293064493,다솜동,57
2026-10-10T11:57:44,293000304,세종70자1506,36.469531,127.273839,23.244,293064251,대평동,3
2026-10-10T11:57:44,293000305,세종70자1354,36.467693,127.27356,0.0,293055002,세종고속시외버스터미널(지상),14
2026-10-10T11:57:44,293000305,세종70자1510,36.48266799,127.297454,2.749,293064216,소담동(새샘마을),40
2026-10-10T11:57:44,293000305,세종70자1507,36.494459,127.256455,19.884,293062004,다정동,23
2026-10-10T11:57:44,293000305,세종70자1511,36.468011,127.273656,23.378,293055001,세종고속시외버스터미널(지상),255
2026-10-10T11:57:44,293000311,세종70자1344,36.482109,127.308752,4.131,293900019,한국개발연구원(KDI),21
2026-10-10T11:57:44,293000311,세종70자1348,36.51939999,127.243141,15.602,293064100,"범지기3,9단지(청소년센터)",10
2026-10-10T11:57:44,293000311,세종70자1349,36.470686,127.273278,23.202,293064221,세종고속시외버스터미널(지하),6
2026-10-10T11:57:44,293000312,세종70자1345,36.498374,127.258157,3.954,293053001,다정동(대성고등학교),30
2026-10-10T11:57:44,293000312,세종70자1352,36.49557,127.307066,14.815,293900014,세종연구단지(수루배1단지),20
2026-10-10T11:57:44,293000312,세종70자1346,36.469317,127.271808,23.335,293064251,대평동,26
2026-10-10T11:57:44,271000805,세종73자5644,36.497577,127.318095,1.579,293064418,집현동,36
2026-10-10T11:57:44,271000805,세종73자5643,36.486637,127.257916,9.263,293053011,한솔동,37
2026-10-10T11:57:44,271000805,세종73자5642,36.537253,127.33783,21.605,293064498,다솜동,77
2026-10-10T11:57:44,271000805,세종73자5675,36.635775,127.423542,38.034,270054817,하복대벽산.서청주파크자이아파트,14
2026-10-10T11:57:44,271000805,세종73자5672,36.646124,127.424026,41.299,270054822,현대백화점,24
2026-10-10T11:57:44,271000806,세종73자5645,36.64503599,127.428391,0.945,270054835,현대백화점,12
2026-10-10T11:57:44,271000806,충북70자6075,36.62587,127.43002,5.029,270054312,고속버스터미널,0
2026-10-10T11:57:44,271000806,충북70자3086,36.474965,127.280713,35.721,293064206,"보람동,대평동",0
2026-10-10T11:58:15,293000317,세종70자1705,36.482763,127.297856,12.985,293064216,소담동(새샘마을),30
2026-10-10T11:58:15,293000317,세종70자1703,36.568166,127.312236,25.938,293900055,용호동,67
2026-10-10T11:58:15,293000317,세종70자1706,36.619637,127.326496,33.214,270054837,오송역종점,1
2026-10-10T11:58:15,293000318,세종70자1708,36.539593,127.303586,10.922,270000635,오송역2.3.4,68
2026-10-10T11:58:15,293000318,세종70자1707,36.468971,127.274071,23.155,293055001,세종고속시외버스터미널(지상),22
2026-10-10T11:58:15,293000318,세종70자1702,36.387959,127.317831,32.906,186005278,반석역,19
2026-10-10T11:58:15,187000003,대전75자9936,36.349357,127.414557,3.24,187001383,한남오거리(BRT),0
2026-10-10T11:58:15,187000003,대전75자9935,36.430069,127.405707,14.185,187001386,오정농수산시장,0
2026-10-10T11:58:15,187000003,대전75자9929,36.522769,127.260258,36.374,293064445,세종충남대학교병원,0
2026-10-10T11:58:15,187000003,대전75자9927,36.594948,127.3311,48.334,293064420,누리동,0
2026-10-10T11:58:15,187000003,대전75자9926,36.619437,127.326651,51.823,270000635,오송역2.3.4,0
2026-10-10T11:58:15,187000003,대전75자9921,36.529854,127.265114,66.384,293014017,"해밀동,산울동",0
2026-10-10T11:58:15,187000003,대전75자9920,36.505056,127.261541,69.343,293062014,정부세종청사 북측,0
2026-10-10T11:58:15,187000003,대전75자9918,36.478505,127.288586,75.517,293064210,"세종시청,시의회,교육청",0
2026-10-10T11:58:15,187000003,대전75자9917,36.486007,127.301212,76.949,293064216,소담동(새샘마을),0
2026-10-10T11:58:15,187000003,대전75자9916,36.443825,127.383636,87.456,186005287,국제과학비즈니스벨트,0
2026-10-10T11:58:15,187000003,대전75자9938,36.37468,127.403951,97.289,187001388,대덕산업단지,0
2026-10-10T11:58:15,187000003,대전75자9937,36.355354,127.406965,100.055,187001389,오정농수산오거리,0
2026-10-10T11:58:15,187000003,대전75자9914,36.331396,127.432355,103.641,183002355,대전역,0
2026-10-10T11:58:15,187000003,대전75자9915,36.333869,127.431302,103.351,183002355,대전역,0
2026-10-10T11:58:15,187000003,대전75자9940,36.331163,127.432936,103.704,187001395,대전역동광장,0
2026-10-10T11:58:15,271000801,충북70자3071,36.469306,127.273946,0.028,293055002,세종고속시외버스터미널(지상),0
2026-10-10T11:58:15,271000801,충북70자2008,36.53430741,127.29453371,10.444,293064420,누리동,0
2026-10-10T11:58:15,271000801,충북70자7051,36.64409577,127.3307014,28.272,271000641,보건의료행정타운,0
2026-10-10T11:58:15,271000801,충북70자6052,36.70447977,127.4535147,44.055,270051808,오창프라자,0
2026-10-10T11:58:15,271000802,충북70자5130,36.70777509,127.4362185,6.972,284000230,청주공항역,0
2026-10-10T11:58:15,271000802,충북70자5128,36.66085716,127.3827951,15.512,270054810,청주소로초등학교,0
2026-10-10T11:58:15,271000802,충북70자5129,36.58034132,127.32136417,32.878,270000635,오송역2.3.4,0
2026-10-10T11:58:15,293000282,세종70자1748,36.46256,127.276635,9.336,186004230,반석역,67
2026-10-10T11:58:15,293000282,세종70자1751,36.498514,127.24915,16.535,293064307,"가온마을6,9단지",27
2026-10-10T11:58:15,293000282,세종70자1752,36.561131,127.284297,27.623,293064249,봉암리,32
2026-10-10T11:58:15,293000282,세종70자1754,36.607168,127.316932,34.968,293001094,조치원버스터미널,68
2026-10-10T11:58:15,293000282,세종70자1746,36.618818,127.326732,37.275,270054837,오송역종점,255
2026-10-10T11:58:15,293000283,세종70자1749,36.583425,127.292816,7.202,293900004,번암안동네,44
2026-10-10T11:58:15,293000283,세종70자1744,36.511814,127.246785,18.237,293061002,아름동커뮤니티센터,24
2026-10-10T11:58:15,293000283,세종70자1750,36.469269,127.271382,27.013,293053008,한솔동(첫마을),19
2026-10-10T11:58:15,293000283,세종70자1747,36.389243,127.316451,37.447,186004229,반석역,31
2026-10-10T11:58:15,293000304,세종70자1505,36.520308,127.33074,14.589,293064493,다솜동,57
2026-10-10T11:58:15,293000304,세종70자1506,36.469079,127.27395,23.298,293064251,대평동,27
2026-10-10T11:58:15,293000305,세종70자1354,36.467693,127.27356,0.0,293055002,세종고속시외버스터미널(지상),14
2026-10-10T11:58:15,293000305,세종70자1510,36.48428,127.29933,3.005,293064216,소담동(새샘마을),45
2026-10-10T11:58:15,293000305,세종70자1507,36.494246,127.256335,19.909,293062004,다정동,23
2026-10-10T11:58:15,293000305,세종70자1511,36.468011,127.273656,23.378,293055001,세종고속시외버스터미널(지상),255
2026-10-10T11:58:15,293000311,세종70자1344,36.482159,127.309281,4.179,293900019,한국개발연구원(KDI),21
2026-10-10T11:58:15,293000311,세종70자1348,36.516198,127.24149,16.031,293064471,아름제2중(가락마을20단지),53
2026-10-10T11:58:15,293000311,세종70자1349,36.469658,127.273713,23.354,293055001,세종고속시외버스터미널(지상),2
2026-10-10T11:58:15,293000312,세종70자1345,36.498846,127.256473,4.121,293053001,다정동(대성고등학교),17
2026-10-10T11:58:15,293000312,세종70자1352,36.497445,127.310548,15.213,293064400,반곡동(수루배마을),45
2026-10-10T11:58:15,293000312,세종70자1346,36.469317,127.271808,23.335,293064251,대평동,26
2026-10-10T11:58:15,271000805,세종73자5644,36.497577,127.318095,1.579,293064418,집현동,36
2026-10-10T11:58:15,271000805,세종73자5643,36.486943,127.257667,9.306,293053011,한솔동,37
2026-10-10T11:58:15,271000805,세종73자5642,36.54015299,127.344952,22.335,293064498,다솜동,76
2026-10-10T11:58:15,271000805,세종73자5675,36.635775,127.423542,38.034,270054817,하복대벽산.서청주파크자이아파트,14
2026-10-10T11:58:15,271000805,세종73자5672,36.646164,127.423491,41.347,270054822,현대백화점,24
2026-10-10T11:58:15,271000806,세종73자5645,36.644126,127.433808,1.442,270054835,현대백화점,50
2026-10-10T11:58:15,271000806,충북70자6075,36.62587,127.43002,5.029,270054312,고속버스터미널,0
2026-10-10T11:58:15,271000806,충북70자3086,36.474965,127.280713,35.721,293064206,"보람동,대평동",0
2026-10-10T11:58:47,293000317,세종70자1705,36.483511,127.298852,13.109,293064216,소담동(새샘마을),43
2026-10-10T11:58:47,293000317,세종70자1703,36.572659,127.31714,26.605,293900055,용호동,69
2026-10-10T11:58:47,293000317,세종70자1706,36.619637,127.326496,33.214,270054837,오송역종점,1
2026-10-10T11:58:47,293000318,세종70자1708,36.537412,127.304367,11.174,270000635,오송역2.3.4,68
2026-10-10T11:58:47,293000318,세종70자1707,36.468282,127.274812,23.359,293055001,세종고속시외버스터미널(지상),16
2026-10-10T11:58:47,293000318,세종70자1702,36.387959,127.317831,32.906,186005278,반석역,19
2026-10-10T11:58:47,187000003,대전75자9936,36.351406,127.412011,3.563,187001384,오정동행정복지센터,0
2026-10-10T11:58:47,187000003,대전75자9935,36.430069,127.405707,14.185,187001386,오정농수산시장,0
2026-10-10T11:58:47,187000003,대전75자9929,36.528359,127.263624,37.071,293014014,"해밀동,산울동",0
2026-10-10T11:58:47,187000003,대전75자9927,36.594948,127.3311,48.334,293064420,누리동,0
2026-10-10T11:58:47,187000003,대전75자9926,36.619437,127.326651,51.823,270000635,오송역2.3.4,0
2026-10-10T11:58:47,187000003,대전75자9921,36.529146,127.264314,66.491,293014017,"해밀동,산울동",0
2026-10-10T11:58:47,187000003,대전75자9920,36.502089,127.260148,69.695,293062007,정부세종청사 남측,0
2026-10-10T11:58:47,187000003,대전75자9918,36.478505,127.288586,75.517,293064210,"세종시청,시의회,교육청",0
2026-10-10T11:58:47,187000003,대전75자9917,36.483402,127.30628,77.501,293064216,소담동(새샘마을),0
2026-10-10T11:58:47,187000003,대전75자9916,36.443825,127.383636,87.456,186005287,국제과학비즈니스벨트,0
2026-10-10T11:58:47,187000003,대전75자9938,36.37468,127.403951,97.289,187001388,대덕산업단지,0
2026-10-10T11:58:47,187000003,대전75자9937,36.355354,127.406965,100.055,187001389,오정농수산오거리,0
2026-10-10T11:58:47,187000003,대전75자9914,36.331396,127.432355,103.641,183002355,대전역,0
2026-10-10T11:58:47,187000003,대전75자9915,36.333869,127.431302,103.351,183002355,대전역,0
2026-10-10T11:58:47,187000003,대전75자9940,36.332406,127.432183,103.53,187001395,대전역동광장,0
2026-10-10T11:58:47,271000801,충북70자3071,36.469306,127.273946,0.028,293055002,세종고속시외버스터미널(지상),0
2026-10-10T11:58:47,271000801,충북70자2008,36.53710202,127.30454237,11.393,293064420,누리동,0
2026-10-10T11:58:47,271000801,충북70자7051,36.64491324,127.3334928,28.537,271000641,보건의료행정타운,0
2026-10-10T11:58:47,271000801,충북70자6052,36.70328976,127.4639909,45.005,270051808,오창프라자,0
2026-10-10T11:58:47,271000802,충북70자5130,36.70955916,127.4334736,7.287,284000230,청주공항역,0
2026-10-10T11:58:47,271000802,충북70자5128,36.66085716,127.3827951,15.512,270054810,청주소로초등학교,0
2026-10-10T11:58:47,271000802,충북70자5129,36.58034132,127.32136417,32.878,270000635,오송역2.3.4,0
2026-10-10T11:58:47,293000282,세종70자1748,36.46752699,127.275103,9.919,186004230,반석역,49
2026-10-10T11:58:47,293000282,세종70자1751,36.499299,127.248211,16.707,293064307,"가온마을6,9단지",48
2026-10-10T11:58:47,293000282,세종70자1752,36.561131,127.284297,27.623,293064249,봉암리,32
2026-10-10T11:58:47,293000282,세종70자1754,36.609088,127.322604,35.517,270050300,오송3리,54
2026-10-10T11:58:47,293000283,세종70자1746,36.61925,127.326827,0.065,270054839,오송역7,11
2026-10-10T11:58:47,293000283,세종70자1749,36.582325,127.292895,7.334,293900004,번암안동네,52
2026-10-10T11:58:47,293000283,세종70자1744,36.511825,127.246556,18.258,293061002,아름동커뮤니티센터,24
2026-10-10T11:58:47,293000283,세종70자1750,36.469076,127.271321,27.035,293053008,한솔동(첫마을),19
2026-10-10T11:58:47,293000283,세종70자1747,36.389243,127.316451,37.447,186004229,반석역,31
2026-10-10T11:58:47,293000304,세종70자1505,36.520308,127.33074,14.589,293064493,다솜동,57
2026-10-10T11:58:47,293000304,세종70자1506,36.469079,127.27395,23.298,293064251,대평동,27
2026-10-10T11:58:47,293000305,세종70자1354,36.467693,127.27356,0.0,293055002,세종고속시외버스터미널(지상),14
2026-10-10T11:58:47,293000305,세종70자1510,36.4851,127.300236,3.126,293064216,소담동(새샘마을),44
2026-10-10T11:58:47,293000305,세종70자1507,36.492649,127.256237,20.091,293062004,다정동,58
2026-10-10T11:58:47,293000305,세종70자1511,36.468011,127.273656,23.378,293055001,세종고속시외버스터미널(지상),255
2026-10-10T11:58:47,293000311,세종70자1344,36.482344,127.310854,4.321,293900019,한국개발연구원(KDI),28
2026-10-10T11:58:47,293000311,세종70자1348,36.514348,127.24144,16.236,293064471,아름제2중(가락마을20단지),9
2026-10-10T11:58:47,293000311,세종70자1349,36.468556,127.27397,23.426,293055001,세종고속시외버스터미널(지상),11
2026-10-10T11:58:47,293000312,세종70자1345,36.498833,127.25612,4.152,293053001,다정동(대성고등학교),17
2026-10-10T11:58:47,293000312,세종70자1352,36.497538,127.311363,15.286,293064400,반곡동(수루배마을),38
2026-10-10T11:58:47,293000312,세종70자1346,36.469317,127.271808,23.335,293064251,대평동,26
2026-10-10T11:58:47,271000805,세종73자5644,36.497781,127.313534,1.988,293064418,집현동,54
2026-10-10T11:58:47,271000805,세종73자5643,36.48922499,127.256852,9.57,293053005,"새롬동,나성동",55
2026-10-10T11:58:47,271000805,세종73자5642,36.540528,127.352471,23.022,293064498,다솜동,77
2026-10-10T11:58:47,271000805,세종73자5675,36.63635,127.423415,38.099,270054817,하복대벽산.서청주파크자이아파트,40
2026-10-10T11:58:47,271000805,세종73자5672,36.646011,127.422596,41.451,270054822,현대백화점,27
2026-10-10T11:58:47,271000806,세종73자5645,36.64232599,127.435101,1.759,270054835,현대백화점,14
2026-10-10T11:58:47,271000806,충북70자6075,36.6239755,127.431395,5.273,270054830,하나병원,0
2026-10-10T11:58:47,271000806,충북70자3086,36.478272,127.28806,36.476,293064210,"세종시청,시의회,교육청",0
2026-10-10T11:59:18,293000317,세종70자1705,36.484105,127.299521,13.199,293064216,소담동(새샘마을),14
2026-10-10T11:59:18,293000317,세종70자1703,36.58033799,127.321414,27.475,293900055,용호동,68
2026-10-10T11:59:18,293000317,세종70자1706,36.619637,127.326496,33.214,270054837,오송역종점,1
2026-10-10T11:59:18,293000318,세종70자1708,36.537412,127.304367,11.174,270000635,오송역2.3.4,68
2026-10-10T11:59:18,293000318,세종70자1707,36.467347,127.274926,23.463,293055001,세종고속시외버스터미널(지상),46
2026-10-10T11:59:18,293000318,세종70자1702,36.387959,127.317831,32.906,186005278,반석역,19
2026-10-10T11:59:18,187000003,대전75자9936,36.352038,127.411254,3.661,187001384,오정동행정복지센터,0
2026-10-10T11:59:18,187000003,대전75자9935,36.437455,127.39677,15.334,187001387,대덕산업단지,0
2026-10-10T11:59:18,187000003,대전75자9929,36.528359,127.263624,37.071,293014014,"해밀동,산울동",0
2026-10-10T11:59:18,187000003,대전75자9927,36.608387,127.338852,49.396,293064420,누리동,0
2026-10-10T11:59:18,187000003,대전75자9921,36.529146,127.264314,66.491,293014017,"해밀동,산울동",0
2026-10-10T11:59:18,187000003,대전75자9920,36.502089,127.260148,69.695,293062007,정부세종청사 남측,0
2026-10-10T11:59:18,187000003,대전75자9918,36.478505,127.288586,75.517,293064210,"세종시청,시의회,교육청",0
2026-10-10T11:59:18,187000003,대전75자9917,36.483402,127.30628,77.501,293064216,소담동(새샘마을),0
2026-10-10T11:59:18,187000003,대전75자9938,36.37468,127.403951,97.289,187001388,대덕산업단지,0
2026-10-10T11:59:18,187000003,대전75자9916,36.438245,127.395253,88.737,187001388,대덕산업단지,0
2026-10-10T11:59:18,187000003,대전75자9937,36.355354,127.406965,100.055,187001389,오정농수산오거리,0
2026-10-10T11:59:18,187000003,대전75자9914,36.332901,127.437456,104.152,183002355,대전역,0
2026-10-10T11:59:18,187000003,대전75자9915,36.333869,127.431302,103.351,183002355,대전역,0
2026-10-10T11:59:18,187000003,대전75자9940,36.333296,127.43182,103.426,187001395,대전역동광장,0
2026-10-10T11:59:18,271000801,충북70자3071,36.469306,127.273946,0.028,293055002,세종고속시외버스터미널(지상),0
2026-10-10T11:59:18,271000801,충북70자2008,36.5408879,127.303346,11.838,293064420,누리동,0
2026-10-10T11:59:18,271000801,충북70자7051,36.64623482,127.3380263,28.969,271000641,보건의료행정타운,0
2026-10-10T11:59:18,271000801,충북70자6052,36.70456451,127.4689176,45.471,270051808,오창프라자,0
2026-10-10T11:59:18,271000802,충북70자5130,36.70955916,127.4334736,7.287,284000230,청주공항역,0
2026-10-10T11:59:18,271000802,충북70자5128,36.65972511,127.3816225,15.676,270054810,청주소로초등학교,0
2026-10-10T11:59:18,271000802,충북70자5129,36.58034132,127.32136417,32.878,270000635,오송역2.3.4,0
2026-10-10T11:59:18,293000282,세종70자1748,36.468756,127.274973,10.056,186004230,반석역,22
2026-10-10T11:59:18,293000282,세종70자1751,36.499493,127.245348,16.964,293064307,"가온마을6,9단지",48
2026-10-10T11:59:18,293000282,세종70자1752,36.561864,127.285354,27.746,293064249,봉암리,51
2026-10-10T11:59:18,293000282,세종70자1754,36.610255,127.32607,35.855,293001094,조치원버스터미널,33
2026-10-10T11:59:18,293000283,세종70자1746,36.619456,127.326768,0.085,270054839,오송역7,2
2026-10-10T11:59:18,293000283,세종70자1749,36.578087,127.292414,7.812,293016126,월하리,56
2026-10-10T11:59:18,293000283,세종70자1744,36.511825,127.246556,18.258,293061002,아름동커뮤니티센터,24
2026-10-10T11:59:18,293000283,세종70자1750,36.468791,127.272979,27.237,293055059,세종고속시외버스터미널,21
2026-10-10T11:59:18,293000283,세종70자1747,36.389243,127.316451,37.447,186004229,반석역,31
2026-10-10T11:59:18,293000304,세종70자1505,36.519613,127.330721,14.666,293064493,다솜동,51
2026-10-10T11:59:18,293000304,세종70자1506,36.46776,127.273495,23.301,293064251,대평동,16
2026-10-10T11:59:18,293000305,세종70자1354,36.469516,127.273896,0.052,293055002,세종고속시외버스터미널(지상),7
2026-10-10T11:59:18,293000305,세종70자1510,36.485998,127.301018,3.248,293064216,소담동(새샘마을),44
2026-10-10T11:59:18,293000305,세종70자1507,36.488065,127.2572,20.616,293053004,"새롬동,나성동",43
2026-10-10T11:59:18,293000305,세종70자1511,36.468011,127.273656,23.378,293055001,세종고속시외버스터미널(지상),255
2026-10-10T11:59:18,293000311,세종70자1344,36.483969,127.317916,4.984,293900018,새나루마을1단지 후문,29
2026-10-10T11:59:18,293000311,세종70자1348,36.513326,127.241385,16.35,293064471,아름제2중(가락마을20단지),6
2026-10-10T11:59:18,293000311,세종70자1349,36.467665,127.273366,23.426,293055001,세종고속시외버스터미널(지상),18
2026-10-10T11:59:18,293000312,세종70자1345,36.49888399,127.255428,4.214,293062003,어진중학교(한뜰마을4단지),36
2026-10-10T11:59:18,293000312,세종70자1352,36.497485,127.317385,15.825,293900041,반곡고등학교,29
2026-10-10T11:59:18,293000312,세종70자1346,36.469317,127.271808,23.335,293064251,대평동,26
2026-10-10T11:59:18,271000805,세종73자5644,36.497671,127.312038,2.123,293064257,반곡동(수루배마을),46
2026-10-10T11:59:18,271000805,세종73자5643,36.49350299,127.256284,10.049,293054003,다정동,38
2026-10-10T11:59:18,271000805,세종73자5642,36.540215,127.359624,23.662,293064498,다솜동,74
2026-10-10T11:59:18,271000805,세종73자5675,36.637996,127.422999,38.285,971009600,영조1차아파트.비하새동네,4
2026-10-10T11:59:18,271000805,세종73자5672,36.644623,127.422418,41.606,270054823,롯데쇼핑몰,26
2026-10-10T11:59:18,271000806,세종73자5645,36.641889,127.430792,2.146,270054836,대농공원.흥덕보건소임시청사,46
2026-10-10T11:59:18,271000806,충북70자6075,36.6239755,127.431395,5.273,270054830,하나병원,0
2026-10-10T11:59:18,271000806,충북70자3086,36.478272,127.28806,36.476,293064210,"세종시청,시의회,교육청",0
2026-10-10T11:59:51,293000317,세종70자1705,36.484708,127.300025,13.28,293064216,소담동(새샘마을),35
2026-10-10T11:59:51,293000317,세종70자1703,36.58270799,127.321767,27.475,293900055,용호동,68
2026-10-10T11:59:51,293000317,세종70자1706,36.619637,127.326496,33.214,270054837,오송역종점,1
2026-10-10T11:59:51,293000318,세종70자1708,36.537412,127.304367,11.174,270000635,오송역2.3.4,68
2026-10-10T11:59:51,293000318,세종70자1707,36.459392,127.279626,24.478,293055001,세종고속시외버스터미널(지상),68
2026-10-10T11:59:51,293000318,세종70자1702,36.387959,127.317831,32.906,186005278,반석역,19
2026-10-10T11:59:51,187000003,대전75자9936,36.352038,127.411254,3.661,187001384,오정동행정복지센터,0
2026-10-10T11:59:51,187000003,대전75자9935,36.437982,127.395902,15.432,187001387,대덕산업단지,0
2026-10-10T11:59:51,187000003,대전75자9929,36.528359,127.263624,37.071,293014014,"해밀동,산울동",0
2026-10-10T11:59:51,187000003,대전75자9927,36.608387,127.338852,49.396,293064420,누리동,0
2026-10-10T11:59:51,187000003,대전75자9921,36.522047,127.259842,67.39,293064446,세종충남대학교병원,0
2026-10-10T11:59:51,187000003,대전75자9920,36.502089,127.260148,69.695,293062007,정부세종청사 남측,0
2026-10-10T11:59:51,187000003,대전75자9918,36.478505,127.288586,75.517,293064210,"세종시청,시의회,교육청",0
2026-10-10T11:59:51,187000003,대전75자9917,36.483402,127.30628,77.501,293064216,소담동(새샘마을),0
2026-10-10T11:59:51,187000003,대전75자9938,36.363208,127.399517,98.945,187001388,대덕산업단지,0
2026-10-10T11:59:51,187000003,대전75자9916,36.43772,127.396173,88.839,187001388,대덕산업단지,0
2026-10-10T11:59:51,187000003,대전75자9937,36.355354,127.406965,100.055,187001389,오정농수산오거리,0
2026-10-10T11:59:51,187000003,대전75자9914,36.332901,127.437456,104.152,183002355,대전역,0
2026-10-10T11:59:51,187000003,대전75자9915,36.333869,127.431302,103.351,183002355,대전역,0
2026-10-10T11:59:51,187000003,대전75자9940,36.335557,127.430839,103.16,187001395,대전역동광장,0
2026-10-10T11:59:51,271000801,충북70자3071,36.469306,127.273946,0.028,293055002,세종고속시외버스터미널(지상),0
2026-10-10T11:59:51,271000801,충북70자2008,36.54753704,127.30138436,12.598,293064420,누리동,0
2026-10-10T11:59:51,271000801,충북70자7051,36.64623482,127.3380263,28.969,271000641,보건의료행정타운,0
2026-10-10T11:59:51,271000801,충북70자6052,36.70669358,127.4744784,46.02,270051808,오창프라자,0
2026-10-10T11:59:51,271000802,충북70자5130,36.7109,127.428299,7.795,284000348,오창프라자,0
2026-10-10T11:59:51,271000802,충북70자5128,36.65558035,127.3767704,16.309,270054810,청주소로초등학교,0
2026-10-10T11:59:51,271000802,충북70자5129,36.58034132,127.32136417,32.878,270000635,오송역2.3.4,0
2026-10-10T11:59:51,293000282,세종70자1748,36.468932,127.27495,10.076,186004230,반석역,22
2026-10-10T11:59:51,293000282,세종70자1751,36.499493,127.245348,16.964,293064307,"가온마을6,9단지",48
2026-10-10T11:59:51,293000282,세종70자1752,36.56892899,127.289788,28.644,293064249,봉암리,67
2026-10-10T11:59:51,293000282,세종70자1754,36.610255,127.32607,35.855,293001094,조치원버스터미널,33
2026-10-10T11:59:51,293000283,세종70자1746,36.61946,127.326775,0.085,270054839,오송역7,2
2026-10-10T11:59:51,293000283,세종70자1749,36.575392,127.29158,8.122,293016126,월하리,53
2026-10-10T11:59:51,293000283,세종70자1744,36.511952,127.243779,18.507,293061002,아름동커뮤니티센터,42
2026-10-10T11:59:51,293000283,세종70자1750,36.46881,127.273196,27.258,293055059,세종고속시외버스터미널,21
2026-10-10T11:59:51,293000283,세종70자1747,36.389243,127.316451,37.447,186004229,반석역,31
2026-10-10T11:59:51,293000304,세종70자1505,36.515458,127.330358,15.129,293064493,다솜동,57
2026-10-10T11:59:51,293000304,세종70자1506,36.467774,127.27349,23.301,293064251,대평동,16
2026-10-10T11:59:51,293000305,세종70자1354,36.469623,127.27386,0.064,293055002,세종고속시외버스터미널(지상),7
2026-10-10T11:59:51,293000305,세종70자1510,36.486496,127.301483,3.317,293064216,소담동(새샘마을),40
2026-10-10T11:59:51,293000305,세종70자1507,36.486547,127.257896,20.803,293053004,"새롬동,나성동",52
2026-10-10T11:59:51,293000305,세종70자1511,36.468011,127.273656,23.378,293055001,세종고속시외버스터미널(지상),255
2026-10-10T11:59:51,293000311,세종70자1344,36.485602,127.320662,5.292,293011066,새나루마을1단지,26
2026-10-10T11:59:51,293000311,세종70자1348,36.512881,127.241348,16.4,293064471,아름제2중(가락마을20단지),6
2026-10-10T11:59:51,293000311,세종70자1349,36.467665,127.273625,23.426,293055001,세종고속시외버스터미널(지상),18
2026-10-10T11:59:51,293000312,세종70자1345,36.498926,127.254132,4.33,293062003,어진중학교(한뜰마을4단지),41
2026-10-10T11:59:51,293000312,세종70자1352,36.497485,127.317385,15.825,293900041,반곡고등학교,29
2026-10-10T11:59:51,293000312,세종70자1346,36.469317,127.271808,23.335,293064251,대평동,26
2026-10-10T11:59:51,271000805,세종73자5644,36.497343,127.309186,2.382,293064257,반곡동(수루배마을),56
2026-10-10T11:59:51,271000805,세종73자5643,36.494463,127.256474,10.156,293054003,다정동,34
2026-10-10T11:59:51,271000805,세종73자5642,36.541369,127.366091,24.28,293064498,다솜동,79
2026-10-10T11:59:51,271000805,세종73자5675,36.639412,127.42268,38.445,971009060,부모산.연화사입구,28
2026-10-10T11:59:51,271000805,세종73자5672,36.642553,127.421672,38.791,270054823,롯데쇼핑몰,16
2026-10-10T11:59:51,271000806,세종73자5645,36.641918,127.429524,2.26,270054836,대농공원.흥덕보건소임시청사,24
2026-10-10T11:59:51,271000806,충북70자6075,36.6239755,127.431395,5.273,270054830,하나병원,0
2026-10-10T11:59:51,271000806,충북70자3086,36.478272,127.28806,36.476,293064210,"세종시청,시의회,교육청",0
2026-10-10T12:00:23,293000317,세종70자1705,36.487047,127.301716,13.582,293064253,"법원,검찰청,경찰청",25
2026-10-10T12:00:23,293000317,세종70자1703,36.590056,127.325629,28.844,293900055,용호동,62
2026-10-10T12:00:23,293000317,세종70자1706,36.619637,127.326496,33.214,270054837,오송역종점,1
2026-10-10T12:00:23,293000318,세종70자1708,36.536996,127.304797,11.239,270000635,오송역2.3.4,31
2026-10-10T12:00:23,293000318,세종70자1707,36.458477,127.280573,24.61,293055001,세종고속시외버스터미널(지상),67
2026-10-10T12:00:23,293000318,세종70자1702,36.387959,127.317831,32.906,186005278,반석역,19
2026-10-10T12:00:23,187000003,대전75자9936,36.352038,127.411254,3.661,187001384,오정동행정복지센터,0
2026-10-10T12:00:23,187000003,대전75자9935,36.437982,127.395902,15.432,187001387,대덕산업단지,0
2026-10-10T12:00:23,187000003,대전75자9929,36.529056,127.26433,37.171,293014014,"해밀동,산울동",0
2026-10-10T12:00:23,187000003,대전75자9927,36.608387,127.338852,49.396,293064420,누리동,0
2026-10-10T12:00:23,187000003,대전75자9921,36.521147,127.259542,67.493,293064446,세종충남대학교병원,0
2026-10-10T12:00:23,187000003,대전75자9920,36.50132,127.259737,69.788,293062007,정부세종청사 남측,0
2026-10-10T12:00:23,187000003,대전75자9918,36.478505,127.288586,75.517,293064210,"세종시청,시의회,교육청",0
2026-10-10T12:00:23,187000003,대전75자9917,36.481744,127.307471,77.718,293064218,한국개발연구원(KDI),0
2026-10-10T12:00:23,187000003,대전75자9938,36.3599,127.403134,99.435,187001388,대덕산업단지,0
2026-10-10T12:00:23,187000003,대전75자9916,36.43772,127.396173,88.839,187001388,대덕산업단지,0
2026-10-10T12:00:23,187000003,대전75자9937,36.355354,127.406965,100.055,187001389,오정농수산오거리,0
2026-10-10T12:00:23,187000003,대전75자9915,36.333044,127.431738,103.45,183002355,대전역,0
2026-10-10T12:00:23,187000003,대전75자9914,36.333865,127.437306,104.269,187001395,대전역동광장,0
2026-10-10T12:00:23,187000003,대전75자9940,36.337935,127.429729,102.877,187001395,대전역동광장,0
2026-10-10T12:00:23,271000801,충북70자3071,36.469306,127.273946,0.028,293055002,세종고속시외버스터미널(지상),0
2026-10-10T12:00:23,271000801,충북70자2008,36.54753704,127.30138436,12.598,293064420,누리동,0
2026-10-10T12:00:23,271000801,충북70자7051,36.64674433,127.3398015,29.141,271000641,보건의료행정타운,0
2026-10-10T12:00:23,271000801,충북70자6052,36.70831874,127.4788584,46.45,270051808,오창프라자,0
2026-10-10T12:00:23,271000802,충북70자5130,36.7109,127.428299,7.795,284000348,오창프라자,0
2026-10-10T12:00:23,271000802,충북70자5128,36.65185624,127.3724538,17.297,270054810,청주소로초등학교,0
2026-10-10T12:00:23,271000802,충북70자5129,36.58034132,127.32136417,32.878,270000635,오송역2.3.4,0
2026-10-10T12:00:23,293000282,세종70자1748,36.469049,127.273809,10.216,186004230,반석역,29
2026-10-10T12:00:23,293000282,세종70자1751,36.499493,127.245348,16.964,293064307,"가온마을6,9단지",48
2026-10-10T12:00:23,293000282,세종70자1752,36.570715,127.290354,28.849,293064249,봉암리,67
2026-10-10T12:00:23,293000282,세종70자1754,36.610255,127.32607,35.855,293001094,조치원버스터미널,33
2026-10-10T12:00:23,293000283,세종70자1746,36.619639,127.32628,0.142,270054839,오송역7,18
2026-10-10T12:00:23,293000283,세종70자1749,36.568905,127.289665,8.864,293016126,월하리,69
2026-10-10T12:00:23,293000283,세종70자1744,36.512056,127.24192,18.673,293061002,아름동커뮤니티센터,42
2026-10-10T12:00:23,293000283,세종70자1750,36.468976,127.27406,27.337,293055059,세종고속시외버스터미널,30
2026-10-10T12:00:23,293000283,세종70자1747,36.389243,127.316451,37.447,186004229,반석역,31
2026-10-10T12:00:23,293000304,세종70자1505,36.511131,127.329956,15.612,293064493,다솜동,56
2026-10-10T12:00:23,293000304,세종70자1506,36.467765,127.273485,23.301,293064251,대평동,16
2026-10-10T12:00:23,293000305,세종70자1354,36.469623,127.27386,0.064,293055002,세종고속시외버스터미널(지상),7
2026-10-10T12:00:23,293000305,세종70자1510,36.487833,127.302128,3.478,293064253,"법원,검찰청,경찰청",42
2026-10-10T12:00:23,293000305,세종70자1507,36.482466,127.260714,21.322,293053004,"새롬동,나성동",54
2026-10-10T12:00:23,293000305,세종70자1511,36.468011,127.273656,23.378,293055001,세종고속시외버스터미널(지상),255
2026-10-10T12:00:23,293000311,세종70자1344,36.486283,127.321446,5.396,293011066,새나루마을1단지,27
2026-10-10T12:00:23,293000311,세종70자1348,36.511546,127.241411,16.548,293064203,"시립도서관,대법원등기정보센터",14
2026-10-10T12:00:23,293000311,세종70자1349,36.467665,127.273625,23.426,293055001,세종고속시외버스터미널(지상),18
2026-10-10T12:00:23,293000312,세종70자1345,36.499246,127.249956,4.705,293062003,어진중학교(한뜰마을4단지),5
2026-10-10T12:00:23,293000312,세종70자1352,36.497485,127.317385,15.825,293900041,반곡고등학교,29
2026-10-10T12:00:23,293000312,세종70자1346,36.469317,127.271808,23.335,293064251,대평동,26
2026-10-10T12:00:23,271000805,세종73자5644,36.494206,127.305855,2.855,293064257,반곡동(수루배마을),60
2026-10-10T12:00:23,271000805,세종73자5643,36.49841399,127.25829,10.63,293054003,다정동,57
2026-10-10T12:00:23,271000805,세종73자5642,36.546832,127.368587,24.938,293064498,다솜동,76
2026-10-10T12:00:23,271000805,세종73자5675,36.64129899,127.422498,38.657,971008280,효성아파트,34
2026-10-10T12:00:23,271000805,세종73자5672,36.642474,127.421486,38.782,270054823,롯데쇼핑몰,7
2026-10-10T12:00:23,271000806,세종73자5645,36.64198,127.427734,2.419,270054836,대농공원.흥덕보건소임시청사,24
2026-10-10T12:00:23,271000806,충북70자6075,36.6239755,127.431395,5.273,270054830,하나병원,0
2026-10-10T12:00:23,271000806,충북70자3086,36.482566,127.297594,37.456,293064216,소담동(새샘마을),0
2026-10-10T12:00:54,293000317,세종70자1705,36.490649,127.303563,14.018,293064253,"법원,검찰청,경찰청",55
2026-10-10T12:00:54,293000317,세종70자1703,36.59341,127.329724,29.571,293900055,용호동,62
2026-10-10T12:00:54,293000317,세종70자1706,36.619637,127.326496,33.214,270054837,오송역종점,1
2026-10-10T12:00:54,293000318,세종70자1708,36.536583,127.311049,11.806,293900054,용호동,46
2026-10-10T12:00:54,293000318,세종70자1707,36.44985,127.285582,25.707,293055001,세종고속시외버스터미널(지상),67
2026-10-10T12:00:54,293000318,세종70자1702,36.387959,127.317831,32.906,186005278,반석역,19
2026-10-10T12:00:54,187000003,대전75자9940,36.340461,127.426348,1.788,187001380,한밭자이아파트,0
2026-10-10T12:00:54,187000003,대전75자9936,36.353047,127.409989,3.82,187001384,오정동행정복지센터,0
2026-10-10T12:00:54,187000003,대전75자9935,36.443925,127.383992,16.757,187001387,대덕산업단지,0
2026-10-10T12:00:54,187000003,대전75자9929,36.529056,127.26433,37.171,293014014,"해밀동,산울동",0
2026-10-10T12:00:54,187000003,대전75자9927,36.617212,127.328573,51.499,293064420,누리동,0
2026-10-10T12:00:54,187000003,대전75자9921,36.521147,127.259542,67.493,293064446,세종충남대학교병원,0
2026-10-10T12:00:54,187000003,대전75자9920,36.498449,127.25815,70.143,293062007,정부세종청사 남측,0
2026-10-10T12:00:54,187000003,대전75자9918,36.482322,127.297191,76.398,293064216,소담동(새샘마을),0
2026-10-10T12:00:54,187000003,대전75자9917,36.480904,127.30773,77.814,293064218,한국개발연구원(KDI),0
2026-10-10T12:00:54,187000003,대전75자9938,36.3599,127.403134,99.435,187001388,대덕산업단지,0
2026-10-10T12:00:54,187000003,대전75자9916,36.430146,127.405481,90.025,187001388,대덕산업단지,0
2026-10-10T12:00:54,187000003,대전75자9937,36.352651,127.410321,100.481,187001390,오정동행정복지센터,0
2026-10-10T12:00:54,187000003,대전75자9915,36.333044,127.431738,103.45,183002355,대전역,0
2026-10-10T12:00:54,187000003,대전75자9914,36.333865,127.437306,104.269,187001395,대전역동광장,0
2026-10-10T12:00:54,271000801,충북70자3071,36.469306,127.273946,0.028,293055002,세종고속시외버스터미널(지상),0
2026-10-10T12:00:54,271000801,충북70자2008,36.54753704,127.30138436,12.598,293064420,누리동,0
2026-10-10T12:00:54,271000801,충북70자7051,36.64702038,127.3487212,29.618,271000641,보건의료행정타운,0
2026-10-10T12:00:54,271000801,충북70자6052,36.70938222,127.4823148,46.735,270051808,오창프라자,0
2026-10-10T12:00:54,271000802,충북70자5130,36.7109,127.428299,7.795,284000348,오창프라자,0
2026-10-10T12:00:54,271000802,충북70자5128,36.65185624,127.3724538,17.297,270054810,청주소로초등학교,0
2026-10-10T12:00:54,271000802,충북70자5129,36.54660472,127.30158597,37.37,270000635,오송역2.3.4,0
2026-10-10T12:00:54,293000282,세종70자1748,36.46881599,127.272517,10.334,293055058,세종고속시외버스터미널,44
2026-10-10T12:00:54,293000282,세종70자1751,36.499493,127.245348,16.964,293064307,"가온마을6,9단지",48
2026-10-10T12:00:54,293000282,세종70자1752,36.578263,127.292723,29.717,293016127,월하리,33
2026-10-10T12:00:54,293000282,세종70자1754,36.610794,127.327533,36.004,270050300,오송3리,45
2026-10-10T12:00:54,293000283,세종70자1746,36.618031,127.327374,0.361,270054839,오송역7,43
2026-10-10T12:00:54,293000283,세종70자1749,36.565913,127.288701,9.207,293016126,월하리,67
2026-10-10T12:00:54,293000283,세종70자1744,36.512056,127.24192,18.673,293061002,아름동커뮤니티센터,42
2026-10-10T12:00:54,293000283,세종70자1750,36.468596,127.274822,27.507,293055059,세종고속시외버스터미널,27
2026-10-10T12:00:54,293000283,세종70자1747,36.389243,127.316451,37.447,186004229,반석역,31
2026-10-10T12:00:54,293000304,세종70자1505,36.50681,127.329551,16.093,293064493,다솜동,57
2026-10-10T12:00:54,293000304,세종70자1506,36.467749,127.273468,23.301,293064251,대평동,16
2026-10-10T12:00:54,293000305,세종70자1354,36.469458,127.273743,0.048,293055002,세종고속시외버스터미널(지상),7
2026-10-10T12:00:54,293000305,세종70자1510,36.491266,127.303883,3.892,293064255,국책연구단지,28
2026-10-10T12:00:54,293000305,세종70자1507,36.480944,127.261873,21.521,293053009,한솔동,45
2026-10-10T12:00:54,293000305,세종70자1511,36.468011,127.273656,23.378,293055001,세종고속시외버스터미널(지상),255
2026-10-10T12:00:54,293000311,세종70자1344,36.488131,127.32325,5.652,293011066,새나루마을1단지,24
2026-10-10T12:00:54,293000311,세종70자1348,36.509823,127.241291,16.74,293064203,"시립도서관,대법원등기정보센터",36
2026-10-10T12:00:54,293000311,세종70자1349,36.467665,127.273625,23.426,293055001,세종고속시외버스터미널(지상),18
2026-10-10T12:00:54,293000312,세종70자1345,36.499457,127.247101,4.962,293063002,"가재마을5단지,가온마을6단지",37
2026-10-10T12:00:54,293000312,세종70자1352,36.497485,127.317385,15.825,293900041,반곡고등학교,29
2026-10-10T12:00:54,293000312,세종70자1346,36.469317,127.271808,23.335,293064251,대평동,26
2026-10-10T12:00:54,271000805,세종73자5644,36.49187,127.304252,3.152,293064261,국책연구단지,29
2026-10-10T12:00:54,271000805,세종73자5643,36.500507,127.259497,10.886,293062006,정부세종청사 남측,35
2026-10-10T12:00:54,271000805,세종73자5642,36.552608,127.37003,25.594,293064498,다솜동,79
2026-10-10T12:00:54,271000805,세종73자5675,36.642813,127.423634,38.931,971008280,효성아파트,28
2026-10-10T12:00:54,271000805,세종73자5672,36.642264,127.421316,38.757,270054823,롯데쇼핑몰,7
2026-10-10T12:00:54,271000806,세종73자5645,36.64198,127.427734,2.419,270054836,대농공원.흥덕보건소임시청사,24
2026-10-10T12:00:54,271000806,충북70자6075,36.6212336,127.4334031,5.627,270054831,가로수마을휴먼시아,0
2026-10-10T12:00:54,271000806,충북70자3086,36.482566,127.297594,37.456,293064216,소담동(새샘마을),0
2026-10-10T12:01:26,293000317,세종70자1705,36.49243,127.304747,14.243,293064255,국책연구단지,56
2026-10-10T12:01:26,293000317,세종70자1703,36.597292,127.333277,30.107,293900055,용호동,65
2026-10-10T12:01:26,293000317,세종70자1706,36.619637,127.326496,33.214,270054837,오송역종점,1
2026-10-10T12:01:26,293000318,세종70자1708,36.536401,127.311716,11.869,293900054,용호동,32
2026-10-10T12:01:26,293000318,세종70자1707,36.444604,127.285824,26.291,293055001,세종고속시외버스터미널(지상),67
2026-10-10T12:01:26,293000318,세종70자1702,36.388844,127.317031,32.906,186005278,반석역,19
2026-10-10T12:01:26,187000003,대전75자9940,36.343093,127.422726,2.225,187001381,솔랑마을아파트,0
2026-10-10T12:01:26,187000003,대전75자9936,36.354715,127.407912,4.083,187001385,오정농수산오거리,0
2026-10-10T12:01:26,187000003,대전75자9935,36.443925,127.383992,16.757,187001387,대덕산업단지,0
2026-10-10T12:01:26,187000003,대전75자9929,36.529056,127.26433,37.171,293014014,"해밀동,산울동",0
2026-10-10T12:01:26,187000003,대전75자9927,36.618664,127.326982,51.993,270000635,오송역2.3.4,0
2026-10-10T12:01:26,187000003,대전75자9925,36.61688,127.32871,52.252,974019920,오송역2.3.4(미정차),0
2026-10-10T12:01:26,187000003,대전75자9921,36.515277,127.25891,68.157,293056002,도담동,0
2026-10-10T12:01:26,187000003,대전75자9920,36.495268,127.256598,70.531,293062004,다정동,0
2026-10-10T12:01:26,187000003,대전75자9918,36.482875,127.298063,76.499,293064216,소담동(새샘마을),0
2026-10-10T12:01:26,187000003,대전75자9917,36.478376,127.309845,78.158,293064218,한국개발연구원(KDI),0
2026-10-10T12:01:26,187000003,대전75자9916,36.430146,127.405481,90.025,187001388,대덕산업단지,0
2026-10-10T12:01:26,187000003,대전75자9938,36.3599,127.403134,99.435,187001388,대덕산업단지,0
2026-10-10T12:01:26,187000003,대전75자9937,36.352004,127.411146,100.584,187001390,오정동행정복지센터,0
2026-10-10T12:01:26,187000003,대전75자9915,36.333044,127.431738,103.45,183002355,대전역,0
2026-10-10T12:01:26,187000003,대전75자9914,36.333865,127.437306,104.269,187001395,대전역동광장,0
2026-10-10T12:01:26,271000801,충북70자2074,36.469306,127.273946,0.028,293055002,세종고속시외버스터미널(지상),0
2026-10-10T12:01:26,271000801,충북70자2008,36.54753704,127.30138436,12.598,293064420,누리동,0
2026-10-10T12:01:26,271000801,충북70자7051,36.64586039,127.3515956,29.618,271000641,보건의료행정타운,0
2026-10-10T12:01:26,271000801,충북70자6052,36.71531786,127.4852301,46.735,270051808,오창프라자,0
2026-10-10T12:01:26,271000802,충북70자5130,36.7109,127.428299,7.795,284000348,오창프라자,0
2026-10-10T12:01:26,271000802,충북70자5128,36.65185624,127.3724538,17.297,270054810,청주소로초등학교,0
2026-10-10T12:01:26,271000802,충북70자5129,36.54660472,127.30158597,37.37,270000635,오송역2.3.4,0
2026-10-10T12:01:26,293000282,세종70자1748,36.468855,127.271362,10.472,293055058,세종고속시외버스터미널,12
2026-10-10T12:01:26,293000282,세종70자1751,36.499706,127.24245,17.224,293064144,다빛초등학교(가재마을1단지),30
2026-10-10T12:01:26,293000282,세종70자1752,36.582553,127.293028,30.047,293016127,월하리,68
2026-10-10T12:01:26,293000282,세종70자1754,36.61325999,127.331519,36.452,270050300,오송3리,48
2026-10-10T12:01:26,293000283,세종70자1746,36.614798,127.330815,0.835,270054839,오송역7,58
2026-10-10T12:01:26,293000283,세종70자1749,36.56212,127.285483,9.722,293064250,봉암리,30
2026-10-10T12:01:26,293000283,세종70자1744,36.512056,127.24192,18.673,293061002,아름동커뮤니티센터,42
2026-10-10T12:01:26,293000283,세종70자1750,36.468047,127.274891,27.568,293055059,세종고속시외버스터미널,27
2026-10-10T12:01:26,293000283,세종70자1747,36.389243,127.316451,37.447,186004229,반석역,31
2026-10-10T12:01:26,293000304,세종70자1505,36.50195,127.328956,16.636,293064416,세종공동캠퍼스,48
2026-10-10T12:01:26,293000304,세종70자1506,36.467754,127.273439,23.301,293064251,대평동,16
2026-10-10T12:01:26,293000305,세종70자1354,36.469458,127.273743,0.048,293055002,세종고속시외버스터미널(지상),7
2026-10-10T12:01:26,293000305,세종70자1510,36.49304999,127.30502,4.116,293064255,국책연구단지,57
2026-10-10T12:01:26,293000305,세종70자1507,36.480228,127.262365,21.612,293053009,한솔동,27
2026-10-10T12:01:26,293000305,세종70자1511,36.468011,127.273656,23.378,293055001,세종고속시외버스터미널(지상),255
2026-10-10T12:01:26,293000311,세종70자1344,36.489506,127.324097,5.835,293011068,새나루마을8단지,18
2026-10-10T12:01:26,293000311,세종70자1348,36.50927,127.241296,16.801,293064203,"시립도서관,대법원등기정보센터",36
2026-10-10T12:01:26,293000311,세종70자1349,36.467665,127.273625,23.426,293055001,세종고속시외버스터미널(지상),18
2026-10-10T12:01:26,293000312,세종70자1345,36.499612,127.244873,5.162,293063002,"가재마을5단지,가온마을6단지",41
2026-10-10T12:01:26,293000312,세종70자1352,36.497633,127.320726,16.159,293900041,반곡고등학교,51
2026-10-10T12:01:26,293000312,세종70자1346,36.469317,127.271808,23.335,293064251,대평동,26
2026-10-10T12:01:26,271000805,세종73자5644,36.48701599,127.301681,3.742,293064254,"법원,검찰청,경찰청",31
2026-10-10T12:01:26,271000805,세종73자5643,36.501363,127.259891,10.988,293062006,정부세종청사 남측,32
2026-10-10T12:01:26,271000805,세종73자5642,36.558432,127.369136,26.051,293064498,다솜동,77
2026-10-10T12:01:26,271000805,세종73자5675,36.642646,127.423995,38.968,971008280,효성아파트,28
2026-10-10T12:01:26,271000805,세종73자5672,36.642264,127.421316,38.757,270054823,롯데쇼핑몰,7
2026-10-10T12:01:26,271000806,세종73자5645,36.64198,127.427734,2.419,270054836,대농공원.흥덕보건소임시청사,24
2026-10-10T12:01:26,271000806,충북70자6075,36.6212336,127.4334031,5.627,270054831,가로수마을휴먼시아,0
2026-10-10T12:01:26,271000806,충북70자3086,36.482566,127.297594,37.456,293064216,소담동(새샘마을),0
2026-10-10T12:01:58,293000317,세종70자1705,36.496907,127.30822,14.832,293064255,국책연구단지,58
2026-10-10T12:01:58,293000317,세종70자1703,36.600824,127.337338,30.642,293900055,용호동,63
2026-10-10T12:01:58,293000317,세종70자1706,36.619637,127.326496,33.214,270054837,오송역종점,1
2026-10-10T12:01:58,293000318,세종70자1708,36.53432699,127.31658,12.362,293900054,용호동,67
2026-10-10T12:01:58,293000318,세종70자1707,36.439529,127.285884,26.862,293055001,세종고속시외버스터미널(지상),67
2026-10-10T12:01:58,293000318,세종70자1702,36.388844,127.317031,32.906,186005278,반석역,19
2026-10-10T12:01:58,187000003,대전75자9940,36.343688,127.421873,2.326,187001381,솔랑마을아파트,0
2026-10-10T12:01:58,187000003,대전75자9936,36.356725,127.405586,4.394,187001385,오정농수산오거리,0
2026-10-10T12:01:58,187000003,대전75자9935,36.443925,127.383992,16.757,187001387,대덕산업단지,0
2026-10-10T12:01:58,187000003,대전75자9929,36.533866,127.275886,38.362,293014025,한별동,0
2026-10-10T12:01:58,187000003,대전75자9927,36.618664,127.326982,51.993,270000635,오송역2.3.4,0
2026-10-10T12:01:58,187000003,대전75자9925,36.61688,127.32871,52.252,974019920,오송역2.3.4(미정차),0
2026-10-10T12:01:58,187000003,대전75자9921,36.515277,127.25891,68.157,293056002,도담동,0
2026-10-10T12:01:58,187000003,대전75자9920,36.494392,127.256381,70.631,293062004,다정동,0
2026-10-10T12:01:58,187000003,대전75자9918,36.482875,127.298063,76.499,293064216,소담동(새샘마을),0
2026-10-10T12:01:58,187000003,대전75자9917,36.478376,127.309845,78.158,293064218,한국개발연구원(KDI),0
2026-10-10T12:01:58,187000003,대전75자9916,36.424002,127.413846,91.043,187001388,대덕산업단지,0
2026-10-10T12:01:58,187000003,대전75자9938,36.3599,127.403134,99.435,187001388,대덕산업단지,0
2026-10-10T12:01:58,187000003,대전75자9937,36.349866,127.413798,100.92,187001391,한남오거리(BRT),0
2026-10-10T12:01:58,187000003,대전75자9915,36.333044,127.431738,103.45,183002355,대전역,0
2026-10-10T12:01:58,187000003,대전75자9914,36.333865,127.437306,104.269,187001395,대전역동광장,0
2026-10-10T12:01:58,271000801,충북70자2074,36.470816,127.273172,0.251,293064220,세종고속시외버스터미널(지하),0
2026-10-10T12:01:58,271000801,충북70자2008,36.54753704,127.30138436,12.598,293064420,누리동,0
2026-10-10T12:01:58,271000801,충북70자7051,36.64586039,127.3515956,29.618,271000641,보건의료행정타운,0
2026-10-10T12:01:58,271000801,충북70자6052,36.71834232,127.4886923,47.981,270051808,오창프라자,0
2026-10-10T12:01:58,271000802,충북70자5130,36.7109,127.428299,7.795,284000348,오창프라자,0
2026-10-10T12:01:58,271000802,충북70자5128,36.65185624,127.3724538,17.297,270054810,청주소로초등학교,0
2026-10-10T12:01:58,271000802,충북70자5129,36.54660472,127.30158597,37.37,270000635,오송역2.3.4,0
2026-10-10T12:01:58,293000282,세종70자1748,36.470834,127.271742,10.698,293055058,세종고속시외버스터미널,28
2026-10-10T12:01:58,293000282,세종70자1751,36.499871,127.240785,17.373,293064144,다빛초등학교(가재마을1단지),24
2026-10-10T12:01:58,293000282,세종70자1752,36.586781,127.292412,30.047,293016127,월하리,41
2026-10-10T12:01:58,293000282,세종70자1754,36.61378,127.332269,36.546,270050300,오송3리,27
2026-10-10T12:01:58,293000283,세종70자1746,36.614038,127.331646,0.947,270054839,오송역7,58
2026-10-10T12:01:58,293000283,세종70자1749,36.561951,127.285259,9.749,293064250,봉암리,30
2026-10-10T12:01:58,293000283,세종70자1744,36.51176799,127.241391,18.746,293064203,"시립도서관,대법원등기정보센터",34
2026-10-10T12:01:58,293000283,세종70자1750,36.466649,127.275067,27.725,293055059,세종고속시외버스터미널,60
2026-10-10T12:01:58,293000283,세종70자1747,36.389243,127.316451,37.447,186004229,반석역,31
2026-10-10T12:01:58,293000304,세종70자1505,36.499606,127.326996,16.95,293064416,세종공동캠퍼스,57
2026-10-10T12:01:58,293000304,세종70자1506,36.467757,127.273435,23.301,293064251,대평동,16
2026-10-10T12:01:58,293000305,세종70자1354,36.470929,127.273654,0.221,293055002,세종고속시외버스터미널(지상),10
2026-10-10T12:01:58,293000305,세종70자1510,36.4972,127.308116,4.641,293064255,국책연구단지,56
2026-10-10T12:01:58,293000305,세종70자1507,36.478347,127.263686,21.852,293053009,한솔동,49
2026-10-10T12:01:58,293000305,세종70자1511,36.468011,127.273656,23.378,293055001,세종고속시외버스터미널(지상),255
2026-10-10T12:01:58,293000311,세종70자1344,36.490456,127.324548,5.95,293011070,새나루마을9단지,16
2026-10-10T12:01:58,293000311,세종70자1348,36.50927,127.241296,16.801,293064203,"시립도서관,대법원등기정보센터",36
2026-10-10T12:01:58,293000311,세종70자1349,36.467665,127.273625,23.426,293055001,세종고속시외버스터미널(지상),18
2026-10-10T12:01:58,293000312,세종70자1345,36.499986,127.240723,5.596,293064144,다빛초등학교(가재마을1단지),20
2026-10-10T12:01:58,293000312,세종70자1352,36.498495,127.324893,16.552,293064479,집현동,16
2026-10-10T12:01:58,293000312,세종70자1346,36.469317,127.271808,23.335,293064251,대평동,26
2026-10-10T12:01:58,271000805,세종73자5644,36.486853,127.301559,3.763,293064254,"법원,검찰청,경찰청",31
2026-10-10T12:01:58,271000805,세종73자5643,36.503787,127.261023,11.276,293062011,정부세종청사 북측,35
2026-10-10T12:01:58,271000805,세종73자5642,36.563118,127.372515,26.051,293064498,다솜동,64
2026-10-10T12:01:58,271000805,세종73자5675,36.642169,127.425099,39.08,971008280,효성아파트,33
2026-10-10T12:01:58,271000805,세종73자5672,36.642264,127.421316,38.757,270054823,롯데쇼핑몰,7
2026-10-10T12:01:58,271000806,세종73자5645,36.642131,127.426468,2.534,270054828,솔밭초등학교.신영지웰시티,17
2026-10-10T12:01:58,271000806,충북70자6075,36.6185986,127.4304201,6.116,270054832,서현초등학교,0
2026-10-10T12:01:58,271000806,충북70자3086,36.482566,127.297594,37.456,293064216,소담동(새샘마을),0
2026-10-10T12:02:30,293000317,세종70자1702,36.39220799,127.314614,0.477,186005279,반석역,46
2026-10-10T12:02:30,293000317,세종70자1705,36.497493,127.310832,15.076,293064258,반곡동(수루배마을),4
2026-10-10T12:02:30,293000317,세종70자1703,36.604727,127.340018,31.152,293900055,용호동,60
2026-10-10T12:02:30,293000317,세종70자1706,36.619637,127.326496,33.214,270054837,오송역종점,1
2026-10-10T12:02:30,293000318,세종70자1708,36.532199,127.319533,12.717,293900054,용호동,34
2026-10-10T12:02:30,293000318,세종70자1707,36.434452,127.285961,27.426,293055001,세종고속시외버스터미널(지상),67
2026-10-10T12:02:30,187000003,대전75자9940,36.343688,127.421873,2.326,187001381,솔랑마을아파트,0
2026-10-10T12:02:30,187000003,대전75자9936,36.358286,127.404856,4.586,187001386,오정농수산시장,0
2026-10-10T12:02:30,187000003,대전75자9935,36.453828,127.370026,18.685,187001387,대덕산업단지,0
2026-10-10T12:02:30,187000003,대전75자9929,36.533866,127.275886,38.362,293014025,한별동,0
2026-10-10T12:02:30,187000003,대전75자9927,36.619302,127.326324,51.9,270000635,오송역2.3.4,0
2026-10-10T12:02:30,187000003,대전75자9925,36.608553,127.33852,53.526,974019920,오송역2.3.4(미정차),0
2026-10-10T12:02:30,187000003,대전75자9921,36.514349,127.259008,68.261,293056002,도담동,0
2026-10-10T12:02:30,187000003,대전75자9920,36.489234,127.256946,71.217,293062004,다정동,0
2026-10-10T12:02:30,187000003,대전75자9918,36.485989000000004,127.301251,76.949,293064216,소담동(새샘마을),0
2026-10-10T12:02:30,187000003,대전75자9917,36.478376,127.309845,78.158,293064218,한국개발연구원(KDI),0
2026-10-10T12:02:30,187000003,대전75자9916,36.415605,127.421123,92.193,187001388,대덕산업단지,0
2026-10-10T12:02:30,187000003,대전75자9938,36.356994,127.405107,99.807,187001388,대덕산업단지,0
2026-10-10T12:02:30,187000003,대전75자9937,36.349866,127.413798,100.92,187001391,한남오거리(BRT),0
2026-10-10T12:02:30,187000003,대전75자9915,36.333044,127.431738,103.45,183002355,대전역,0
2026-10-10T12:02:30,187000003,대전75자9914,36.333865,127.437306,104.269,187001395,대전역동광장,0
2026-10-10T12:02:30,271000801,충북70자2074,36.47215857,127.26824911,0.733,293064220,세종고속시외버스터미널(지하),0
2026-10-10T12:02:30,271000801,충북70자2008,36.54753704,127.30138436,12.598,293064420,누리동,0
2026-10-10T12:02:30,271000801,충북70자7051,36.64507785,127.3535489,29.618,271000641,보건의료행정타운,0
2026-10-10T12:02:30,271000801,충북70자6052,36.72014686,127.4897672,48.208,270051808,오창프라자,0
2026-10-10T12:02:30,271000802,충북70자5130,36.7109,127.428299,7.795,284000348,오창프라자,0
2026-10-10T12:02:30,271000802,충북70자5128,36.64702038,127.3487212,19.075,270054810,청주소로초등학교,0
2026-10-10T12:02:30,271000802,충북70자5129,36.53710202,127.30454237,38.462,270000635,오송역2.3.4,0
2026-10-10T12:02:30,293000282,세종70자1748,36.475922,127.265665,11.537,293055058,세종고속시외버스터미널,68
2026-10-10T12:02:30,293000282,세종70자1751,36.502191,127.241016,17.688,293064144,다빛초등학교(가재마을1단지),37
2026-10-10T12:02:30,293000282,세종70자1752,36.587866,127.292242,30.797,293001054,번암아파트 후문,32
2026-10-10T12:02:30,293000282,세종70자1754,36.616371,127.32954,36.928,270050300,오송3리,56
2026-10-10T12:02:30,293000283,세종70자1746,36.61303199,127.330923,1.131,270054839,오송역7,46
2026-10-10T12:02:30,293000283,세종70자1749,36.56167,127.284863,9.797,293064250,봉암리,38
2026-10-10T12:02:30,293000283,세종70자1744,36.511113,127.241386,18.819,293064203,"시립도서관,대법원등기정보센터",37
2026-10-10T12:02:30,293000283,세종70자1750,36.459431,127.279662,28.659,293055059,세종고속시외버스터미널,68
2026-10-10T12:02:30,293000283,세종70자1747,36.389172,127.31653,37.457,186004229,반석역,5
2026-10-10T12:02:30,293000303,세종70자1354,36.474303,127.27887,1.151,293064252,대평동,58
2026-10-10T12:02:30,293000304,세종70자1505,36.498206,127.323096,17.332,293064418,집현동,46
2026-10-10T12:02:30,293000304,세종70자1506,36.467757,127.273435,23.301,293064251,대평동,16
2026-10-10T12:02:30,293000305,세종70자1510,36.497791,127.311293,4.92,293064258,반곡동(수루배마을),7
2026-10-10T12:02:30,293000305,세종70자1507,36.47211999,127.268271,22.658,293053009,한솔동,56
2026-10-10T12:02:30,293000305,세종70자1511,36.468011,127.273656,23.378,293055001,세종고속시외버스터미널(지상),255
2026-10-10T12:02:30,293000311,세종70자1344,36.491751,127.325057,6.101,293011070,새나루마을9단지,36
2026-10-10T12:02:30,293000311,세종70자1348,36.50794,127.241301,16.949,293064472,"가락마을8단지,가재마을4단지",9
2026-10-10T12:02:30,293000311,세종70자1349,36.467665,127.273625,23.426,293055001,세종고속시외버스터미널(지상),18
2026-10-10T12:02:30,293000312,세종70자1345,36.502133,127.240991,5.836,293064144,다빛초등학교(가재마을1단지),34
2026-10-10T12:02:30,293000312,세종70자1352,36.497128,127.325356,16.71,293064479,집현동,23
2026-10-10T12:02:30,293000312,세종70자1346,36.469317,127.271808,23.335,293064251,대평동,26
2026-10-10T12:02:30,271000805,세종73자5644,36.486257,127.301129,3.839,293064254,"법원,검찰청,경찰청",36
2026-10-10T12:02:30,271000805,세종73자5643,36.504246,127.261225,11.33,293062011,정부세종청사 북측,35
2026-10-10T12:02:30,271000805,세종73자5642,36.566346,127.377717,27.451,293064498,다솜동,74
2026-10-10T12:02:30,271000805,세종73자5675,36.641888,127.426085,39.174,270054819,솔밭초등학교.신영지웰시티,17
2026-10-10T12:02:30,271000805,세종73자5672,36.642264,127.421316,38.757,270054823,롯데쇼핑몰,7
2026-10-10T12:02:30,271000806,세종73자5645,36.642217,127.425755,2.599,270054828,솔밭초등학교.신영지웰시티,38
2026-10-10T12:02:30,271000806,충북70자6075,36.6177322,127.4276962,6.378,270054833,서현공원,0
2026-10-10T12:02:30,271000806,충북70자3086,36.486971,127.301713,38.076,293064253,"법원,검찰청,경찰청",0
2026-10-10T12:03:04,293000317,세종70자1702,36.395395,127.312277,0.889,186005279,반석역,5
2026-10-10T12:03:04,293000317,세종70자1705,36.497528,127.310978,15.09,293064258,반곡동(수루배마을),4
2026-10-10T12:03:04,293000317,세종70자1703,36.609243,127.337932,31.709,293900055,용호동,61
2026-10-10T12:03:04,293000317,세종70자1706,36.619637,127.326496,33.214,270054837,오송역종점,1
2026-10-10T12:03:04,293000318,세종70자1708,36.531697,127.320161,12.796,293064493,다솜동,255
2026-10-10T12:03:04,293000318,세종70자1707,36.42883299,127.288492,27.943,293055001,세종고속시외버스터미널(지상),67
2026-10-10T12:03:04,187000003,대전75자9940,36.345709,127.41909,2.662,187001382,대덕구청,0
2026-10-10T12:03:04,187000003,대전75자9936,36.359791,127.403495,4.793,187001386,오정농수산시장,0
2026-10-10T12:03:04,187000003,대전75자9935,36.453828,127.370026,18.685,187001387,대덕산업단지,0
2026-10-10T12:03:04,187000003,대전75자9929,36.533927,127.291659,39.775,293064420,누리동,0
2026-10-10T12:03:04,187000003,대전75자9927,36.619302,127.326324,51.9,270000635,오송역2.3.4,0
2026-10-10T12:03:04,187000003,대전75자9925,36.608553,127.33852,53.526,974019920,오송역2.3.4(미정차),0
2026-10-10T12:03:04,187000003,대전75자9921,36.514349,127.259008,68.261,293056002,도담동,0
2026-10-10T12:03:04,187000003,대전75자9920,36.487973,127.256967,71.358,293053004,"새롬동,나성동",0
2026-10-10T12:03:04,187000003,대전75자9918,36.485989000000004,127.301251,76.949,293064216,소담동(새샘마을),0
2026-10-10T12:03:04,187000003,대전75자9917,36.474419,127.333793,80.363,293064218,한국개발연구원(KDI),0
2026-10-10T12:03:04,187000003,대전75자9916,36.415605,127.421123,92.193,187001388,대덕산업단지,0
2026-10-10T12:03:04,187000003,대전75자9938,36.355928,127.406209,99.962,187001389,오정농수산오거리,0
2026-10-10T12:03:04,187000003,대전75자9937,36.348355,127.415663,101.157,187001391,한남오거리(BRT),0
2026-10-10T12:03:04,187000003,대전75자9915,36.333044,127.431738,103.45,183002355,대전역,0
2026-10-10T12:03:04,187000003,대전75자9914,36.333865,127.437306,104.269,187001395,대전역동광장,0
2026-10-10T12:03:04,271000801,충북70자2074,36.47215857,127.26824911,0.733,293064220,세종고속시외버스터미널(지하),0
2026-10-10T12:03:04,271000801,충북70자2008,36.58034132,127.32136417,15.884,293064420,누리동,0
2026-10-10T12:03:04,271000801,충북70자7051,36.64507785,127.3535489,29.618,271000641,보건의료행정타운,0
2026-10-10T12:03:04,271000801,충북70자6052,36.72014686,127.4897672,48.208,270051808,오창프라자,0
2026-10-10T12:03:04,271000802,충북70자5130,36.7109,127.428299,7.795,284000348,오창프라자,0
2026-10-10T12:03:04,271000802,충북70자5128,36.64793001,127.3462893,20.114,270054810,청주소로초등학교,0
2026-10-10T12:03:04,271000802,충북70자5129,36.53627642,127.30151995,38.748,270000635,오송역2.3.4,0
2026-10-10T12:03:04,293000282,세종70자1748,36.478966,127.263496,11.927,293055058,세종고속시외버스터미널,1
2026-10-10T12:03:04,293000282,세종70자1751,36.504194,127.2413,17.912,293064474,종촌초등학교(가재마을3단지),39
2026-10-10T12:03:04,293000282,세종70자1752,36.588685,127.292103,30.89,293001054,번암아파트 후문,41
2026-10-10T12:03:04,293000282,세종70자1754,36.61741399,127.328334,37.088,270050300,오송3리,32
2026-10-10T12:03:04,293000283,세종70자1746,36.611844,127.328997,1.348,270054839,오송역7,41
2026-10-10T12:03:04,293000283,세종70자1749,36.558244,127.28098,10.318,293064250,봉암리,68
2026-10-10T12:03:04,293000283,세종70자1744,36.507918,127.241312,19.174,293064472,"가락마을8단지,가재마을4단지",9
2026-10-10T12:03:04,293000283,세종70자1750,36.45799,127.281151,28.868,293055059,세종고속시외버스터미널,67
2026-10-10T12:03:04,293000283,세종70자1747,36.388194,127.31743,37.557,186004229,반석역,30
2026-10-10T12:03:04,293000303,세종70자1354,36.475265,127.280851,1.356,293064206,"보람동,대평동",4
2026-10-10T12:03:04,293000304,세종70자1505,36.498056,127.322286,17.408,293064418,집현동,32
2026-10-10T12:03:04,293000304,세종70자1506,36.467757,127.273435,23.301,293064251,대평동,16
2026-10-10T12:03:04,293000305,세종70자1510,36.497728,127.311331,4.923,293064258,반곡동(수루배마을),7
2026-10-10T12:03:04,293000305,세종70자1507,36.470713,127.272857,23.117,293064221,세종고속시외버스터미널(지하),9
2026-10-10T12:03:04,293000305,세종70자1511,36.468011,127.273656,23.378,293055001,세종고속시외버스터미널(지상),255
2026-10-10T12:03:04,293000311,세종70자1344,36.494093,127.325594,6.365,293900015,새나루마을10단지,22
2026-10-10T12:03:04,293000311,세종70자1348,36.506541,127.241149,17.105,293064472,"가락마을8단지,가재마을4단지",23
2026-10-10T12:03:04,293000311,세종70자1349,36.467665,127.273625,23.426,293055001,세종고속시외버스터미널(지상),18
2026-10-10T12:03:04,293000312,세종70자1345,36.503812,127.241221,6.024,293064474,종촌초등학교(가재마을3단지),20
2026-10-10T12:03:04,293000312,세종70자1352,36.493955,127.32538,17.064,293900016,새나루마을10단지,25
2026-10-10T12:03:04,293000312,세종70자1346,36.469317,127.271808,23.335,293064251,대평동,26
2026-10-10T12:03:04,271000805,세종73자5644,36.483945,127.299263,4.147,293064254,"법원,검찰청,경찰청",50
2026-10-10T12:03:04,271000805,세종73자5643,36.506906,127.261921,11.636,293062011,정부세종청사 북측,57
2026-10-10T12:03:04,271000805,세종73자5642,36.57021,127.381477,28.005,293064498,다솜동,59
2026-10-10T12:03:04,271000805,세종73자5675,36.641796,127.426919,39.249,270054819,솔밭초등학교.신영지웰시티,27
2026-10-10T12:03:04,271000805,세종73자5672,36.642264,127.421316,38.757,270054823,롯데쇼핑몰,7
2026-10-10T12:03:04,271000806,세종73자5645,36.642447,127.424756,2.69,270054828,솔밭초등학교.신영지웰시티,38
2026-10-10T12:03:04,271000806,충북70자6075,36.6177322,127.4276962,6.378,270054833,서현공원,0
2026-10-10T12:03:04,271000806,충북70자3086,36.486971,127.301713,38.076,293064253,"법원,검찰청,경찰청",0
2026-10-10T12:03:38,293000317,세종70자1702,36.395405,127.312272,0.891,186005279,반석역,5
2026-10-10T12:03:38,293000317,세종70자1705,36.497552,127.311242,15.113,293064258,반곡동(수루배마을),25
2026-10-10T12:03:38,293000317,세종70자1703,36.612587,127.333671,32.242,293900055,용호동,60
2026-10-10T12:03:38,293000317,세종70자1706,36.619637,127.326496,33.214,270054837,오송역종점,1
2026-10-10T12:03:38,293000318,세종70자1708,36.52558,127.327732,13.758,293064493,다솜동,68
2026-10-10T12:03:38,293000318,세종70자1707,36.426005,127.292088,27.943,293055001,세종고속시외버스터미널(지상),67
2026-10-10T12:03:38,187000003,대전75자9940,36.345709,127.41909,2.662,187001382,대덕구청,0
2026-10-10T12:03:38,187000003,대전75자9936,36.363106,127.399819,5.285,187001386,오정농수산시장,0
2026-10-10T12:03:38,187000003,대전75자9935,36.453828,127.370026,18.685,187001387,대덕산업단지,0
2026-10-10T12:03:38,187000003,대전75자9929,36.533927,127.291659,39.775,293064420,누리동,0
2026-10-10T12:03:38,187000003,대전75자9927,36.619302,127.326324,51.9,270000635,오송역2.3.4,0
2026-10-10T12:03:38,187000003,대전75자9925,36.608553,127.33852,53.526,974019920,오송역2.3.4(미정차),0
2026-10-10T12:03:38,187000003,대전75자9921,36.505049,127.261499,69.345,293062014,정부세종청사 북측,0
2026-10-10T12:03:38,187000003,대전75자9920,36.487973,127.256967,71.358,293053004,"새롬동,나성동",0
2026-10-10T12:03:38,187000003,대전75자9918,36.485989000000004,127.301251,76.949,293064216,소담동(새샘마을),0
2026-10-10T12:03:38,187000003,대전75자9917,36.474419,127.333793,80.363,293064218,한국개발연구원(KDI),0
2026-10-10T12:03:38,187000003,대전75자9916,36.405828,127.416724,93.364,187001388,대덕산업단지,0
2026-10-10T12:03:38,187000003,대전75자9938,36.355355,127.406946,100.054,187001389,오정농수산오거리,0
2026-10-10T12:03:38,187000003,대전75자9937,36.346905,127.417443,101.391,187001392,대덕구청,0
2026-10-10T12:03:38,187000003,대전75자9915,36.333044,127.431738,103.45,183002355,대전역,0
2026-10-10T12:03:38,187000003,대전75자9914,36.333865,127.437306,104.269,187001395,대전역동광장,0
2026-10-10T12:03:38,271000801,충북70자2074,36.47215857,127.26824911,0.733,293064220,세종고속시외버스터미널(지하),0
2026-10-10T12:03:38,271000801,충북70자2008,36.58259606,127.32166849,17.295,293064420,누리동,0
2026-10-10T12:03:38,271000801,충북70자7051,36.64507785,127.3535489,29.618,271000641,보건의료행정타운,0
2026-10-10T12:03:38,271000801,충북70자6052,36.72151064,127.4937872,48.683,270051808,오창프라자,0
2026-10-10T12:03:38,271000802,충북70자5130,36.7106972,127.4268312,7.932,284000348,오창프라자,0
2026-10-10T12:03:38,271000802,충북70자5128,36.64793001,127.3462893,20.114,270054810,청주소로초등학교,0
2026-10-10T12:03:38,271000802,충북70자5129,36.53627642,127.30151995,38.748,270000635,오송역2.3.4,0
2026-10-10T12:03:38,293000282,세종70자1748,36.478969,127.263497,11.927,293055058,세종고속시외버스터미널,1
2026-10-10T12:03:38,293000282,세종70자1751,36.507484,127.241503,18.278,293064475,"가락마을8단지,가재마을4단지",23
2026-10-10T12:03:38,293000282,세종70자1752,36.591655,127.291707,31.225,293001053,자이아파트,47
2026-10-10T12:03:38,293000282,세종70자1754,36.618588,127.327051,37.255,270050300,오송3리,6
2026-10-10T12:03:38,293000283,세종70자1746,36.610605,127.326341,1.624,271000568,오송2리,22
2026-10-10T12:03:38,293000283,세종70자1749,36.552752,127.277848,10.99,293900057,연기리,61
2026-10-10T12:03:38,293000283,세종70자1744,36.50367,127.241011,19.648,293064473,"종촌초등학교(가락마을6,7단지)",24
2026-10-10T12:03:38,293000283,세종70자1750,36.448644,127.285801,30.024,293055059,세종고속시외버스터미널,68
2026-10-10T12:03:38,293000283,세종70자1747,36.387858,127.317984,37.557,186004229,반석역,22
2026-10-10T12:03:38,293000303,세종70자1354,36.47761,127.286426,1.915,293064206,"보람동,대평동",68
2026-10-10T12:03:38,293000304,세종70자1505,36.497608,127.317563,17.833,293064418,집현동,38
2026-10-10T12:03:38,293000304,세종70자1506,36.467757,127.273435,23.301,293064251,대평동,16
2026-10-10T12:03:38,293000305,세종70자1510,36.497728,127.311331,4.923,293064258,반곡동(수루배마을),7
2026-10-10T12:03:38,293000305,세종70자1507,36.470626,127.273453,23.196,293064221,세종고속시외버스터미널(지하),25
2026-10-10T12:03:38,293000305,세종70자1511,36.468011,127.273656,23.378,293055001,세종고속시외버스터미널(지상),255
2026-10-10T12:03:38,293000311,세종70자1344,36.495827,127.325603,6.557,293900015,새나루마을10단지,31
2026-10-10T12:03:38,293000311,세종70자1348,36.503651,127.240983,17.428,293064473,"종촌초등학교(가락마을6,7단지)",18
2026-10-10T12:03:38,293000311,세종70자1349,36.467665,127.273625,23.426,293055001,세종고속시외버스터미널(지상),18
2026-10-10T12:03:38,293000312,세종70자1345,36.50526099,127.241347,6.185,293064474,종촌초등학교(가재마을3단지),47
2026-10-10T12:03:38,293000312,세종70자1352,36.49268,127.325171,17.207,293900016,새나루마을10단지,17
2026-10-10T12:03:38,293000312,세종70자1346,36.469317,127.271808,23.335,293064251,대평동,26
2026-10-10T12:03:38,271000805,세종73자5644,36.482534,127.297374,4.376,293064214,소담동(새샘마을),22
2026-10-10T12:03:38,271000805,세종73자5643,36.512179,127.259672,12.262,293062011,정부세종청사 북측,6
2026-10-10T12:03:38,271000805,세종73자5642,36.574483,127.384314,28.544,293064498,다솜동,67
2026-10-10T12:03:38,271000805,세종73자5675,36.641796,127.426919,39.249,270054819,솔밭초등학교.신영지웰시티,27
2026-10-10T12:03:38,271000805,세종73자5672,36.642264,127.421316,38.757,270054823,롯데쇼핑몰,7
2026-10-10T12:03:38,271000806,세종73자5645,36.642447,127.424755,2.69,270054828,솔밭초등학교.신영지웰시티,38
2026-10-10T12:03:38,271000806,충북70자6075,36.6177322,127.4276962,6.378,270054833,서현공원,0
2026-10-10T12:03:38,271000806,충북70자3086,36.491125,127.303861,38.579,293064255,국책연구단지,0
2026-10-10T12:04:11,293000317,세종70자1702,36.395405,127.312272,0.891,186005279,반석역,5
2026-10-10T12:04:11,293000317,세종70자1705,36.497683,127.313846,15.347,293064258,반곡동(수루배마을),68
2026-10-10T12:04:11,293000317,세종70자1703,36.615897,127.329985,32.735,293900055,용호동,66
2026-10-10T12:04:11,293000317,세종70자1706,36.619637,127.326496,33.214,270054837,오송역종점,1
2026-10-10T12:04:11,293000318,세종70자1708,36.521019,127.330455,14.327,293064493,다솜동,53
2026-10-10T12:04:11,293000318,세종70자1707,36.421325,127.297806,29.283,293055001,세종고속시외버스터미널(지상),68
2026-10-10T12:04:11,187000003,대전75자9940,36.346934,127.417559,2.857,187001382,대덕구청,0
2026-10-10T12:04:11,187000003,대전75자9936,36.363106,127.399819,5.285,187001386,오정농수산시장,0
2026-10-10T12:04:11,187000003,대전75자9935,36.466883,127.365331,20.352,186005286,국제과학비즈니스벨트,0
2026-10-10T12:04:11,187000003,대전75자9929,36.537,127.304425,40.975,293064420,누리동,0
2026-10-10T12:04:11,187000003,대전75자9927,36.619302,127.326324,51.9,270000635,오송역2.3.4,0
2026-10-10T12:04:11,187000003,대전75자9925,36.595357,127.331372,48.385,974019920,오송역2.3.4(미정차),0
2026-10-10T12:04:11,187000003,대전75자9921,36.502173,127.260166,69.686,293062007,정부세종청사 남측,0
2026-10-10T12:04:11,187000003,대전75자9920,36.487225,127.257392,71.449,293053004,"새롬동,나성동",0
2026-10-10T12:04:11,187000003,대전75자9918,36.485989000000004,127.301251,76.949,293064216,소담동(새샘마을),0
2026-10-10T12:04:11,187000003,대전75자9917,36.474419,127.333793,80.363,293064218,한국개발연구원(KDI),0
2026-10-10T12:04:11,187000003,대전75자9916,36.405828,127.416724,93.364,187001388,대덕산업단지,0
2026-10-10T12:04:11,187000003,대전75자9938,36.352644,127.410259,100.477,187001390,오정동행정복지센터,0
2026-10-10T12:04:11,187000003,대전75자9937,36.346404,127.418066,101.47,187001392,대덕구청,0
2026-10-10T12:04:11,187000003,대전75자9915,36.33142,127.432428,103.641,183002355,대전역,0
2026-10-10T12:04:11,187000003,대전75자9914,36.333865,127.437306,104.269,187001395,대전역동광장,0
2026-10-10T12:04:11,271000801,충북70자2074,36.47925319,127.26311978,1.645,293064220,세종고속시외버스터미널(지하),0
2026-10-10T12:04:11,271000801,충북70자2008,36.587685,127.322945,18.014,293064420,누리동,0
2026-10-10T12:04:11,271000801,충북70자7051,36.64507785,127.3535489,29.618,271000641,보건의료행정타운,0
2026-10-10T12:04:11,271000801,충북70자6052,36.72151064,127.4937872,48.683,270051808,오창프라자,0
2026-10-10T12:04:11,271000802,충북70자5130,36.7106972,127.4268312,7.932,284000348,오창프라자,0
2026-10-10T12:04:11,271000802,충북70자5128,36.64623482,127.3380263,21.199,270054810,청주소로초등학교,0
2026-10-10T12:04:11,271000802,충북70자5129,36.53430741,127.29453371,39.41,270000635,오송역2.3.4,0
2026-10-10T12:04:11,293000282,세종70자1748,36.478969,127.263497,11.927,293055058,세종고속시외버스터미널,1
2026-10-10T12:04:11,293000282,세종70자1751,36.508171,127.24152,18.354,293064475,"가락마을8단지,가재마을4단지",10
2026-10-10T12:04:11,293000282,세종70자1752,36.594928,127.291187,31.584,293064033,신흥사거리,41
2026-10-10T12:04:11,293000282,세종70자1754,36.618968,127.327137,37.296,270054837,오송역종점,8
2026-10-10T12:04:11,293000283,세종70자1746,36.610534,127.326052,1.651,271000568,오송2리,22
2026-10-10T12:04:11,293000283,세종70자1749,36.549084,127.275284,11.458,293900057,연기리,68
2026-10-10T12:04:11,293000283,세종70자1744,36.503051,127.240924,19.717,293064473,"종촌초등학교(가락마을6,7단지)",37
2026-10-10T12:04:11,293000283,세종70자1750,36.443523,127.285902,30.593,293055059,세종고속시외버스터미널,68
2026-10-10T12:04:11,293000283,세종70자1747,36.388998,127.317167,37.504,186004229,반석역,22
2026-10-10T12:04:11,293000303,세종70자1354,36.478508,127.288208,2.118,293064210,"세종시청,시의회,교육청",33
2026-10-10T12:04:11,293000304,세종70자1505,36.497814,127.312514,18.284,293064257,반곡동(수루배마을),44
2026-10-10T12:04:11,293000304,세종70자1506,36.467757,127.273435,23.301,293064251,대평동,16
2026-10-10T12:04:11,293000305,세종70자1510,36.497521,127.317738,5.495,293064258,반곡동(수루배마을),57
2026-10-10T12:04:11,293000305,세종70자1511,36.468011,127.273656,23.378,293055001,세종고속시외버스터미널(지상),255
2026-10-10T12:04:11,293000311,세종70자1344,36.49805,127.325232,6.806,293900015,새나루마을10단지,22
2026-10-10T12:04:11,293000311,세종70자1348,36.50215,127.240791,17.596,293064473,"종촌초등학교(가락마을6,7단지)",21
2026-10-10T12:04:11,293000311,세종70자1349,36.467665,127.273625,23.426,293055001,세종고속시외버스터미널(지상),18
2026-10-10T12:04:11,293000312,세종70자1345,36.508014,127.241539,6.492,293064475,"가락마을8단지,가재마을4단지",7
2026-10-10T12:04:11,293000312,세종70자1352,36.491131,127.324703,17.385,293011069,새나루마을9단지,29
2026-10-10T12:04:11,271000805,세종73자5644,36.482402,127.297148,4.401,293064214,소담동(새샘마을),22
2026-10-10T12:04:11,271000805,세종73자5643,36.513545,127.259297,12.417,293056003,도담동,37
2026-10-10T12:04:11,271000805,세종73자5642,36.578952,127.387012,29.099,293064498,다솜동,70
2026-10-10T12:04:11,271000805,세종73자5675,36.641764,127.427402,39.293,270054819,솔밭초등학교.신영지웰시티,39
2026-10-10T12:04:11,271000805,세종73자5672,36.642264,127.421316,38.757,270054823,롯데쇼핑몰,7
2026-10-10T12:04:11,271000806,세종73자5645,36.642994,127.422332,0.09,270054828,솔밭초등학교.신영지웰시티,33
2026-10-10T12:04:11,271000806,충북70자6075,36.6123273,127.4232342,7.367,270054834,가경아이파크5단지,0
2026-10-10T12:04:11,271000806,충북70자3086,36.4954913,127.3067251,39.129,293064255,국책연구단지,0
2026-10-10T12:04:42,293000317,세종70자1702,36.395405,127.312272,0.891,186005279,반석역,5
2026-10-10T12:04:42,293000317,세종70자1705,36.49786499,127.321704,16.054,293064419,집현동,17
2026-10-10T12:04:42,293000317,세종70자1703,36.617455,127.328289,32.965,293900055,용호동,31
2026-10-10T12:04:42,293000317,세종70자1706,36.619637,127.326496,33.214,270054837,오송역종점,1
2026-10-10T12:04:42,293000318,세종70자1708,36.519521,127.330606,14.497,293064493,다솜동,50
2026-10-10T12:04:42,293000318,세종70자1707,36.417926,127.299156,29.679,293055001,세종고속시외버스터미널(지상),68
2026-10-10T12:04:42,187000003,대전75자9940,36.346934,127.417559,2.857,187001382,대덕구청,0
2026-10-10T12:04:42,187000003,대전75자9936,36.363106,127.399819,5.285,187001386,오정농수산시장,0
2026-10-10T12:04:42,187000003,대전75자9935,36.468456,127.36029,20.836,186005286,국제과학비즈니스벨트,0
2026-10-10T12:04:42,187000003,대전75자9929,36.537,127.304425,40.975,293064420,누리동,0
2026-10-10T12:04:42,187000003,대전75자9927,36.619302,127.326324,51.9,270000635,오송역2.3.4,0
2026-10-10T12:04:42,187000003,대전75자9925,36.588704,127.323722,47.37,974019920,오송역2.3.4(미정차),0
2026-10-10T12:04:42,187000003,대전75자9921,36.501339,127.259749,69.786,293062007,정부세종청사 남측,0
2026-10-10T12:04:42,187000003,대전75자9920,36.481353,127.261498,72.198,293053009,한솔동,0
2026-10-10T12:04:42,187000003,대전75자9918,36.483458,127.306267,77.496,293064216,소담동(새샘마을),0
2026-10-10T12:04:42,187000003,대전75자9917,36.468534,127.359821,83.368,293064218,한국개발연구원(KDI),0
2026-10-10T12:04:42,187000003,대전75자9916,36.393222,127.413112,94.816,187001388,대덕산업단지,0
2026-10-10T12:04:42,187000003,대전75자9938,36.349799,127.413807,100.926,187001391,한남오거리(BRT),0
2026-10-10T12:04:42,187000003,대전75자9937,36.344258,127.420954,101.823,187001393,솔랑마을아파트,0
2026-10-10T12:04:42,187000003,대전75자9915,36.33142,127.432428,103.641,183002355,대전역,0
2026-10-10T12:04:42,187000003,대전75자9914,36.333865,127.437306,104.269,187001395,대전역동광장,0
2026-10-10T12:04:42,271000801,충북70자2074,36.48165221,127.26140857,1.952,293053011,한솔동,0
2026-10-10T12:04:42,271000801,충북70자2008,36.587685,127.322945,18.014,293064420,누리동,0
2026-10-10T12:04:42,271000801,충북70자7051,36.65558035,127.3767704,33.133,271000641,보건의료행정타운,0
2026-10-10T12:04:42,271000802,충북70자6052,36.72248667,127.4956317,0.186,270051719,청주국제공항,0
2026-10-10T12:04:42,271000802,충북70자5130,36.7106972,127.4268312,7.932,284000348,오창프라자,0
2026-10-10T12:04:42,271000802,충북70자5128,36.64491324,127.3334928,21.629,270054810,청주소로초등학교,0
2026-10-10T12:04:42,271000802,충북70자5129,36.534046,127.292199,39.621,293014058,누리동,0
2026-10-10T12:04:42,293000282,세종70자1748,36.481797,127.261424,12.292,293053010,한솔동(첫마을),44
2026-10-10T12:04:42,293000282,세종70자1751,36.508171,127.24152,18.354,293064475,"가락마을8단지,가재마을4단지",10
2026-10-10T12:04:42,293000282,세종70자1752,36.595216,127.291613,31.584,293064033,신흥사거리,38
2026-10-10T12:04:42,293000282,세종70자1754,36.618894,127.326573,37.282,270054837,오송역종점,13
2026-10-10T12:04:42,293000283,세종70자1746,36.610401,127.325741,1.682,271000568,오송2리,13
2026-10-10T12:04:42,293000283,세종70자1749,36.543156,127.2714,12.204,293900057,연기리,67
2026-10-10T12:04:42,293000283,세종70자1744,36.502455,127.240844,19.784,293064473,"종촌초등학교(가락마을6,7단지)",37
2026-10-10T12:04:42,293000283,세종70자1750,36.437906,127.285971,31.225,293055059,세종고속시외버스터미널,67
2026-10-10T12:04:42,293000283,세종70자1747,36.388998,127.317167,37.504,186004229,반석역,22
2026-10-10T12:04:42,293000303,세종70자1354,36.478723,127.288593,2.159,293064210,"세종시청,시의회,교육청",24
2026-10-10T12:04:42,293000304,세종70자1505,36.497743,127.311835,18.346,293064257,반곡동(수루배마을),23
2026-10-10T12:04:42,293000304,세종70자1506,36.467757,127.273435,23.301,293064251,대평동,16
2026-10-10T12:04:42,293000305,세종70자1507,36.469201,127.273881,0.017,293055002,세종고속시외버스터미널(지상),35
2026-10-10T12:04:42,293000305,세종70자1510,36.497881,127.321686,5.853,293064419,집현동,35
2026-10-10T12:04:42,293000305,세종70자1511,36.468011,127.273656,23.378,293055001,세종고속시외버스터미널(지상),255
2026-10-10T12:04:42,293000311,세종70자1344,36.498326,127.325155,6.838,293900015,새나루마을10단지,22
2026-10-10T12:04:42,293000311,세종70자1348,36.5004,127.240483,17.792,293064473,"종촌초등학교(가락마을6,7단지)",27
2026-10-10T12:04:42,293000311,세종70자1349,36.467665,127.273625,23.426,293055001,세종고속시외버스터미널(지상),18
2026-10-10T12:04:42,293000312,세종70자1345,36.508227,127.241576,6.516,293064475,"가락마을8단지,가재마을4단지",7
2026-10-10T12:04:42,293000312,세종70자1352,36.48955,127.323893,17.575,293011067,새나루마을8단지,27
2026-10-10T12:04:42,271000805,세종73자5644,36.482142,127.296731,4.448,293064214,소담동(새샘마을),38
2026-10-10T12:04:42,271000805,세종73자5643,36.514117,127.259143,12.482,293056003,도담동,9
2026-10-10T12:04:42,271000805,세종73자5642,36.58446699,127.388635,29.729,293064498,다솜동,69
2026-10-10T12:04:42,271000805,세종73자5675,36.641724,127.4305,39.569,270054819,솔밭초등학교.신영지웰시티,17
2026-10-10T12:04:42,271000805,세종73자5672,36.642264,127.421316,38.757,270054823,롯데쇼핑몰,7
2026-10-10T12:04:42,271000806,세종73자5645,36.641467,127.422107,3.128,971008270,효성아파트,12
2026-10-10T12:04:42,271000806,충북70자6075,36.60973851,127.4240386,7.66,270054834,가경아이파크5단지,0
2026-10-10T12:04:42,271000806,충북70자3086,36.497498,127.310881,39.582,293064258,반곡동(수루배마을),0
2026-10-10T12:05:15,293000317,세종70자1702,36.397685,127.311,1.168,186005279,반석역,66
2026-10-10T12:05:15,293000317,세종70자1705,36.497973,127.322373,16.116,293064419,집현동,43
2026-10-10T12:05:15,293000317,세종70자1703,36.618177,127.327475,33.074,293900055,용호동,31
2026-10-10T12:05:15,293000318,세종70자1706,36.619558,127.326384,0.142,270000635,오송역2.3.4,14
2026-10-10T12:05:15,293000318,세종70자1708,36.51471,127.330211,15.033,293064493,다솜동,68
2026-10-10T12:05:15,293000318,세종70자1707,36.410358,127.301332,30.55,293055001,세종고속시외버스터미널(지상),67
2026-10-10T12:05:15,187000003,대전75자9940,36.346934,127.417559,2.857,187001382,대덕구청,0
2026-10-10T12:05:15,187000003,대전75자9936,36.374058,127.403636,6.835,187001386,오정농수산시장,0
2026-10-10T12:05:15,187000003,대전75자9935,36.468456,127.36029,20.836,186005286,국제과학비즈니스벨트,0
2026-10-10T12:05:15,187000003,대전75자9929,36.537,127.304425,40.975,293064420,누리동,0
2026-10-10T12:05:15,187000003,대전75자9927,36.619302,127.326324,51.9,270000635,오송역2.3.4,0
2026-10-10T12:05:15,187000003,대전75자9925,36.588704,127.323722,47.37,974019920,오송역2.3.4(미정차),0
2026-10-10T12:05:15,187000003,대전75자9921,36.501339,127.259749,69.786,293062007,정부세종청사 남측,0
2026-10-10T12:05:15,187000003,대전75자9920,36.481353,127.261498,72.198,293053009,한솔동,0
2026-10-10T12:05:15,187000003,대전75자9918,36.483458,127.306267,77.496,293064216,소담동(새샘마을),0
2026-10-10T12:05:15,187000003,대전75자9917,36.467174,127.364172,83.784,186005287,국제과학비즈니스벨트,0
2026-10-10T12:05:15,187000003,대전75자9916,36.393222,127.413112,94.816,187001388,대덕산업단지,0
2026-10-10T12:05:15,187000003,대전75자9938,36.349799,127.413807,100.926,187001391,한남오거리(BRT),0
2026-10-10T12:05:15,187000003,대전75자9937,36.343656,127.421821,101.926,187001393,솔랑마을아파트,0
2026-10-10T12:05:15,187000003,대전75자9915,36.33291,127.437449,104.152,183002355,대전역,0
2026-10-10T12:05:15,271000801,충북70자2074,36.48662514,127.25790223,2.588,293053011,한솔동,0
2026-10-10T12:05:15,271000801,충북70자2008,36.587685,127.322945,18.014,293064420,누리동,0
2026-10-10T12:05:15,271000801,충북70자7051,36.65558035,127.3767704,33.133,271000641,보건의료행정타운,0
2026-10-10T12:05:15,271000802,충북70자6052,36.72248667,127.4956317,0.186,270051719,청주국제공항,0
2026-10-10T12:05:15,271000802,충북70자5130,36.70873187,127.4266107,8.159,284000348,오창프라자,0
2026-10-10T12:05:15,271000802,충북70자5128,36.64409577,127.3307014,21.894,270054810,청주소로초등학교,0
2026-10-10T12:05:15,271000802,충북70자5129,36.53440642,127.28671183,40.114,293014058,누리동,0
2026-10-10T12:05:15,293000282,세종70자1748,36.483368,127.26024,12.497,293053010,한솔동(첫마을),19
2026-10-10T12:05:15,293000282,세종70자1751,36.509927,127.24154,18.55,293064475,"가락마을8단지,가재마을4단지",45
2026-10-10T12:05:15,293000282,세종70자1752,36.595472,127.294103,31.914,293064147,세종시보건소(대동초),13
2026-10-10T12:05:15,293000282,세종70자1754,36.618858,127.326609,37.278,270050300,오송3리,13
2026-10-10T12:05:15,293000283,세종70자1746,36.609395,127.322795,1.968,271000568,오송2리,56
2026-10-10T12:05:15,293000283,세종70자1749,36.540119,127.269528,12.581,293900057,연기리,67
2026-10-10T12:05:15,293000283,세종70자1744,36.502455,127.240844,19.784,293064473,"종촌초등학교(가락마을6,7단지)",37
2026-10-10T12:05:15,293000283,세종70자1750,36.432147,127.286453,31.868,293055059,세종고속시외버스터미널,68
2026-10-10T12:05:15,293000283,세종70자1747,36.390056,127.316385,37.367,186004229,반석역,22
2026-10-10T12:05:15,293000303,세종70자1354,36.478723,127.288593,2.159,293064210,"세종시청,시의회,교육청",255
2026-10-10T12:05:15,293000304,세종70자1505,36.496368,127.307355,18.785,293064257,반곡동(수루배마을),60
2026-10-10T12:05:15,293000304,세종70자1506,36.467757,127.273435,23.301,293064251,대평동,16
2026-10-10T12:05:15,293000305,세종70자1507,36.469218,127.273889,0.019,293055002,세종고속시외버스터미널(지상),35
2026-10-10T12:05:15,293000305,세종70자1510,36.49872,127.3252,6.182,293064419,집현동,57
2026-10-10T12:05:15,293000305,세종70자1511,36.468011,127.273656,23.378,293055001,세종고속시외버스터미널(지상),255
2026-10-10T12:05:15,293000311,세종70자1344,36.498326,127.325155,6.838,293900015,새나루마을10단지,22
2026-10-10T12:05:15,293000311,세종70자1348,36.500054,127.240418,17.831,293064473,"종촌초등학교(가락마을6,7단지)",27
2026-10-10T12:05:15,293000311,세종70자1349,36.467665,127.273625,23.426,293055001,세종고속시외버스터미널(지상),18
2026-10-10T12:05:15,293000311,세종70자1351,36.467771,127.273546,23.426,293055001,세종고속시외버스터미널(지상),255
2026-10-10T12:05:15,293000312,세종70자1345,36.509152,127.241541,6.618,293064475,"가락마을8단지,가재마을4단지",40
2026-10-10T12:05:15,293000312,세종70자1352,36.488146,127.322835,17.76,293011067,새나루마을8단지,23
2026-10-10T12:05:15,271000805,세종73자5644,36.481648,127.295764,4.55,293064214,소담동(새샘마을),255
2026-10-10T12:05:15,271000805,세종73자5643,36.517929,127.259093,12.906,293056003,도담동,57
2026-10-10T12:05:15,271000805,세종73자5642,36.587421,127.393126,30.246,293064498,다솜동,65
2026-10-10T12:05:15,271000805,세종73자5675,36.641724,127.430539,39.573,270054819,솔밭초등학교.신영지웰시티,17
2026-10-10T12:05:15,271000805,세종73자5672,36.642264,127.421316,38.757,270054823,롯데쇼핑몰,7
2026-10-10T12:05:15,271000806,세종73자5645,36.638816,127.422423,3.425,971009050,부모산.연화사입구,34
2026-10-10T12:05:15,271000806,충북70자6075,36.60973851,127.4240386,7.66,270054834,가경아이파크5단지,0
2026-10-10T12:05:15,271000806,충북70자3086,36.497498,127.310881,39.582,293064258,반곡동(수루배마을),0
2026-10-10T12:05:46,293000317,세종70자1702,36.401882,127.307818,1.715,186005279,반석역,69
2026-10-10T12:05:46,293000317,세종70자1705,36.50058,127.328134,16.724,293064417,세종공동캠퍼스,20
2026-10-10T12:05:46,293000317,세종70자1703,36.618177,127.327475,33.074,293900055,용호동,31
2026-10-10T12:05:46,293000318,세종70자1706,36.619152,127.326513,0.207,270000635,오송역2.3.4,23
2026-10-10T12:05:46,293000318,세종70자1708,36.509569,127.329765,15.606,293064493,다솜동,68
2026-10-10T12:05:46,293000318,세종70자1707,36.405413,127.304509,31.168,293055001,세종고속시외버스터미널(지상),68
2026-10-10T12:05:46,187000003,대전75자9940,36.348162,127.416059,3.048,187001382,대덕구청,0
2026-10-10T12:05:46,187000003,대전75자9936,36.374058,127.403636,6.835,187001386,오정농수산시장,0
2026-10-10T12:05:46,187000003,대전75자9935,36.468456,127.36029,20.836,186005286,국제과학비즈니스벨트,0
2026-10-10T12:05:46,187000003,대전75자9929,36.551384,127.301411,42.638,293064420,누리동,0
2026-10-10T12:05:46,187000003,대전75자9927,36.619302,127.326324,51.9,270000635,오송역2.3.4,0
2026-10-10T12:05:46,187000003,대전75자9925,36.588704,127.323722,47.37,974019920,오송역2.3.4(미정차),0
2026-10-10T12:05:46,187000003,대전75자9921,36.498451,127.258127,70.144,293062007,정부세종청사 남측,0
2026-10-10T12:05:46,187000003,대전75자9920,36.480625,127.262023,72.292,293053009,한솔동,0
2026-10-10T12:05:46,187000003,대전75자9918,36.481771,127.307493,77.716,293064218,한국개발연구원(KDI),0
2026-10-10T12:05:46,187000003,대전75자9917,36.467174,127.364172,83.784,186005287,국제과학비즈니스벨트,0
2026-10-10T12:05:46,187000003,대전75자9916,36.38281,127.412487,95.975,187001388,대덕산업단지,0
2026-10-10T12:05:46,187000003,대전75자9938,36.347145,127.417065,101.348,187001391,한남오거리(BRT),0
2026-10-10T12:05:46,187000003,대전75자9937,36.343656,127.421821,101.926,187001393,솔랑마을아파트,0
2026-10-10T12:05:46,187000003,대전75자9915,36.333883,127.437327,104.27,187001395,대전역동광장,0
2026-10-10T12:05:46,271000801,충북70자2074,36.48828145,127.2570354,2.787,293053005,"새롬동,나성동",0
2026-10-10T12:05:46,271000801,충북70자2008,36.60637807,127.3398934,20.665,293064420,누리동,0
2026-10-10T12:05:46,271000801,충북70자7051,36.65558035,127.3767704,33.133,271000641,보건의료행정타운,0
2026-10-10T12:05:46,271000802,충북70자6052,36.72248667,127.4956317,0.186,270051719,청주국제공항,0
2026-10-10T12:05:46,271000802,충북70자5130,36.70735567,127.4284514,8.394,284000348,오창프라자,0
2026-10-10T12:05:46,271000802,충북70자5128,36.64383297,127.3256669,22.35,270054810,청주소로초등학교,0
2026-10-10T12:05:46,271000802,충북70자5129,36.53413001,127.27711618,40.979,293014058,누리동,0
2026-10-10T12:05:46,293000282,세종70자1747,36.39129,127.315548,0.346,186004230,반석역,12
2026-10-10T12:05:46,293000282,세종70자1748,36.483499,127.258505,12.712,293053007,첫마을1단지,42
2026-10-10T12:05:46,293000282,세종70자1751,36.511825,127.241656,18.761,293064204,"시립도서관,대법원등기정보센터",20
2026-10-10T12:05:46,293000282,세종70자1752,36.595487,127.294371,31.938,293064147,세종시보건소(대동초),13
2026-10-10T12:05:46,293000282,세종70자1754,36.618858,127.326609,37.278,270050300,오송3리,13
2026-10-10T12:05:46,293000283,세종70자1746,36.608766,127.320925,2.149,271000568,오송2리,56
2026-10-10T12:05:46,293000283,세종70자1749,36.536741,127.264997,13.153,293900057,연기리,68
2026-10-10T12:05:46,293000283,세종70자1744,36.502099,127.240793,19.824,293064473,"종촌초등학교(가락마을6,7단지)",27
2026-10-10T12:05:46,293000283,세종70자1750,36.428717,127.288702,32.126,293055059,세종고속시외버스터미널,67
2026-10-10T12:05:46,293000303,세종70자1354,36.482595,127.297333,3.057,293064216,소담동(새샘마을),44
2026-10-10T12:05:46,293000304,세종70자1505,36.492476,127.304723,19.278,293064261,국책연구단지,56
2026-10-10T12:05:46,293000304,세종70자1506,36.467757,127.273435,23.301,293064251,대평동,16
2026-10-10T12:05:46,293000305,세종70자1507,36.469225,127.273899,0.02,293055002,세종고속시외버스터미널(지상),35
2026-10-10T12:05:46,293000305,세종70자1510,36.500563,127.328186,6.525,293064417,세종공동캠퍼스,42
2026-10-10T12:05:46,293000305,세종70자1511,36.468011,127.273656,23.378,293055001,세종고속시외버스터미널(지상),255
2026-10-10T12:05:46,293000311,세종70자1344,36.498326,127.325155,6.838,293900015,새나루마을10단지,22
2026-10-10T12:05:46,293000311,세종70자1348,36.500108,127.240521,17.824,293064473,"종촌초등학교(가락마을6,7단지)",27
2026-10-10T12:05:46,293000311,세종70자1349,36.467665,127.273625,23.426,293055001,세종고속시외버스터미널(지상),18
2026-10-10T12:05:46,293000311,세종70자1351,36.467773,127.273559,23.426,293055001,세종고속시외버스터미널(지상),255
2026-10-10T12:05:46,293000312,세종70자1345,36.51168899,127.241581,6.9,293064204,"시립도서관,대법원등기정보센터",16
2026-10-10T12:05:46,293000312,세종70자1352,36.486213,127.321158,18.021,293011064,새나루마을1단지,31
2026-10-10T12:05:46,271000805,세종73자5644,36.478646,127.288856,5.257,293064211,"세종시청,시의회,교육청",31
2026-10-10T12:05:46,271000805,세종73자5643,36.520994,127.259614,13.25,293064445,세종충남대학교병원,20
2026-10-10T12:05:46,271000805,세종73자5642,36.59554,127.400656,31.389,293064498,다솜동,78
2026-10-10T12:05:46,271000805,세종73자5675,36.641724,127.430539,39.573,270054819,솔밭초등학교.신영지웰시티,17
2026-10-10T12:05:46,271000805,세종73자5672,36.642264,127.421316,38.757,270054823,롯데쇼핑몰,7
2026-10-10T12:05:46,271000806,세종73자5645,36.635792,127.423133,3.767,971009610,비하새동네.영조1차아파트,44
2026-10-10T12:05:46,271000806,충북70자6075,36.60973851,127.4240386,7.66,270054834,가경아이파크5단지,0
2026-10-10T12:05:46,271000806,충북70자3086,36.497498,127.310881,39.582,293064258,반곡동(수루배마을),0
2026-10-10T12:06:19,293000317,세종70자1702,36.40685,127.303596,2.383,186005279,반석역,68
2026-10-10T12:06:19,293000317,세종70자1705,36.500777,127.328281,16.75,293064417,세종공동캠퍼스,20
2026-10-10T12:06:19,293000317,세종70자1703,36.618177,127.327475,33.074,293900055,용호동,31
2026-10-10T12:06:19,293000318,세종70자1706,36.619315,127.32694,0.063,270000635,오송역2.3.4,23
2026-10-10T12:06:19,293000318,세종70자1708,36.50184,127.328897,16.469,293064416,세종공동캠퍼스,43
2026-10-10T12:06:19,293000318,세종70자1707,36.403874,127.305853,31.377,293055001,세종고속시외버스터미널(지상),68
2026-10-10T12:06:19,187000003,대전75자9940,36.349327,127.414622,3.233,187001383,한남오거리(BRT),0
2026-10-10T12:06:19,187000003,대전75자9936,36.382462,127.41254,8.193,187001386,오정농수산시장,0
2026-10-10T12:06:19,187000003,대전75자9935,36.468456,127.36029,20.836,186005286,국제과학비즈니스벨트,0
2026-10-10T12:06:19,187000003,대전75자9929,36.551384,127.301411,42.638,293064420,누리동,0
2026-10-10T12:06:19,187000003,대전75자9927,36.619302,127.326324,51.9,270000635,오송역2.3.4,0
2026-10-10T12:06:19,187000003,대전75자9925,36.575496,127.319567,45.861,974019920,오송역2.3.4(미정차),0
2026-10-10T12:06:19,187000003,대전75자9921,36.495203,127.256561,70.539,293062004,다정동,0
2026-10-10T12:06:19,187000003,대전75자9920,36.480625,127.262023,72.292,293053009,한솔동,0
2026-10-10T12:06:19,187000003,대전75자9918,36.480902,127.30778,77.816,293064218,한국개발연구원(KDI),0
2026-10-10T12:06:19,187000003,대전75자9917,36.467174,127.364172,83.784,186005287,국제과학비즈니스벨트,0
2026-10-10T12:06:19,187000003,대전75자9916,36.374704,127.403921,97.291,187001388,대덕산업단지,0
2026-10-10T12:06:19,187000003,대전75자9938,36.34684,127.41745,101.397,187001392,대덕구청,0
2026-10-10T12:06:19,187000003,대전75자9937,36.342678,127.423156,102.087,187001393,솔랑마을아파트,0
2026-10-10T12:06:19,187000003,대전75자9915,36.333883,127.437327,104.27,187001395,대전역동광장,0
2026-10-10T12:06:19,271000801,충북70자2074,36.49308302,127.2562807,3.325,293053005,"새롬동,나성동",0
2026-10-10T12:06:19,271000801,충북70자2008,36.61143314,127.3349144,21.679,293064420,누리동,0
2026-10-10T12:06:19,271000801,충북70자7051,36.65558035,127.3767704,33.133,271000641,보건의료행정타운,0
2026-10-10T12:06:19,271000802,충북70자6052,36.72248667,127.4956317,0.186,270051719,청주국제공항,0
2026-10-10T12:06:19,271000802,충북70자5130,36.70735567,127.4284514,8.394,284000348,오창프라자,0
2026-10-10T12:06:19,271000802,충북70자5128,36.64383297,127.3256669,22.35,270054810,청주소로초등학교,0
2026-10-10T12:06:19,271000802,충북70자5129,36.5341,127.27661,41.024,293014026,한별동,0
2026-10-10T12:06:19,293000282,세종70자1747,36.391457,127.315422,0.368,186004230,반석역,12
2026-10-10T12:06:19,293000282,세종70자1748,36.482447,127.255807,12.981,293053007,첫마을1단지,58
2026-10-10T12:06:19,293000282,세종70자1751,36.511844,127.243273,18.948,293064204,"시립도서관,대법원등기정보센터",20
2026-10-10T12:06:19,293000282,세종70자1752,36.595737,127.296292,32.109,293064147,세종시보건소(대동초),26
2026-10-10T12:06:19,293000282,세종70자1754,36.618858,127.326609,37.278,270050300,오송3리,13
2026-10-10T12:06:19,293000283,세종70자1746,36.608686,127.320684,2.173,271000568,오송2리,26
2026-10-10T12:06:19,293000283,세종70자1749,36.534632,127.256861,13.917,293900057,연기리,68
2026-10-10T12:06:19,293000283,세종70자1744,36.501298,127.240716,19.913,293064473,"종촌초등학교(가락마을6,7단지)",16
2026-10-10T12:06:19,293000283,세종70자1750,36.424264,127.29449,32.126,293055059,세종고속시외버스터미널,67
2026-10-10T12:06:19,293000303,세종70자1354,36.484235,127.299453,3.329,293064216,소담동(새샘마을),46
2026-10-10T12:06:19,293000304,세종70자1505,36.4913,127.303826,19.432,293064261,국책연구단지,48
2026-10-10T12:06:19,293000304,세종70자1506,36.467757,127.273435,23.301,293064251,대평동,16
2026-10-10T12:06:19,293000305,세종70자1507,36.468749,127.274018,0.0,293055002,세종고속시외버스터미널(지상),18
2026-10-10T12:06:19,293000305,세종70자1510,36.50103,127.328499,6.583,293064417,세종공동캠퍼스,42
2026-10-10T12:06:19,293000305,세종70자1511,36.468011,127.273656,23.378,293055001,세종고속시외버스터미널(지상),255
2026-10-10T12:06:19,293000311,세종70자1344,36.49866699,127.324831,6.884,293900015,새나루마을10단지,29
2026-10-10T12:06:19,293000311,세종70자1348,36.499595,127.241728,17.989,293064473,"종촌초등학교(가락마을6,7단지)",43
2026-10-10T12:06:19,293000311,세종70자1349,36.467665,127.273625,23.426,293055001,세종고속시외버스터미널(지상),18
2026-10-10T12:06:19,293000311,세종70자1351,36.467747,127.273533,23.426,293055001,세종고속시외버스터미널(지상),255
2026-10-10T12:06:19,293000312,세종70자1345,36.512838,127.241563,7.028,293064204,"시립도서관,대법원등기정보센터",29
2026-10-10T12:06:19,293000312,세종70자1352,36.485445,127.320128,18.147,293011064,새나루마을1단지,20
2026-10-10T12:06:19,293000312,세종70자1350,36.467605,127.273758,23.389,293064251,대평동,255
2026-10-10T12:06:19,271000805,세종73자5644,36.477666,127.286425,5.5,293064211,"세종시청,시의회,교육청",55
2026-10-10T12:06:19,271000805,세종73자5643,36.523691,127.260669,13.564,293064445,세종충남대학교병원,54
2026-10-10T12:06:19,271000805,세종73자5642,36.598544,127.406883,32.041,293064498,다솜동,78
2026-10-10T12:06:19,271000805,세종73자5675,36.64173,127.431471,39.656,270054820,대농공원.흥덕보건소임시청사,32
2026-10-10T12:06:19,271000805,세종73자5672,36.642264,127.421316,38.757,270054823,롯데쇼핑몰,7
2026-10-10T12:06:19,271000806,세종73자5645,36.634571,127.423811,3.914,270054829,서청주파크자이아파트,4
2026-10-10T12:06:19,271000806,충북70자6075,36.60973851,127.4240386,7.66,270054834,가경아이파크5단지,0
2026-10-10T12:06:19,271000806,충북70자3086,36.497498,127.310881,39.582,293064258,반곡동(수루배마을),0
2026-10-10T12:06:50,293000317,세종70자1702,36.412235,127.300698,3.034,186005279,반석역,68
2026-10-10T12:06:50,293000317,세종70자1705,36.500777,127.328281,16.75,293064417,세종공동캠퍼스,20
2026-10-10T12:06:50,293000317,세종70자1703,36.618177,127.327475,33.074,293900055,용호동,31
2026-10-10T12:06:50,293000318,세종70자1706,36.619297,127.326946,0.062,270000635,오송역2.3.4,23
2026-10-10T12:06:50,293000318,세종70자1708,36.50139,127.328712,16.522,293064416,세종공동캠퍼스,18
2026-10-10T12:06:50,293000318,세종70자1707,36.398833,127.310108,32.055,293055001,세종고속시외버스터미널(지상),66
2026-10-10T12:06:50,187000003,대전75자9940,36.34996,127.413846,3.332,187001383,한남오거리(BRT),0
2026-10-10T12:06:50,187000003,대전75자9936,36.382462,127.41254,8.193,187001386,오정농수산시장,0
2026-10-10T12:06:50,187000003,대전75자9935,36.474472,127.334247,23.297,186005286,국제과학비즈니스벨트,0
2026-10-10T12:06:50,187000003,대전75자9929,36.565104,127.308987,44.341,293064420,누리동,0
2026-10-10T12:06:50,187000003,대전75자9927,36.619302,127.326324,51.9,270000635,오송역2.3.4,0
2026-10-10T12:06:50,187000003,대전75자9925,36.575496,127.319567,45.861,974019920,오송역2.3.4(미정차),0
2026-10-10T12:06:50,187000003,대전75자9921,36.495203,127.256561,70.539,293062004,다정동,0
2026-10-10T12:06:50,187000003,대전75자9920,36.480625,127.262023,72.292,293053009,한솔동,0
2026-10-10T12:06:50,187000003,대전75자9918,36.478381,127.309877,78.16,293064218,한국개발연구원(KDI),0
2026-10-10T12:06:50,187000003,대전75자9917,36.45437,127.369629,85.451,186005287,국제과학비즈니스벨트,0
2026-10-10T12:06:50,187000003,대전75자9916,36.374704,127.403921,97.291,187001388,대덕산업단지,0
2026-10-10T12:06:50,187000003,대전75자9938,36.344214,127.420946,101.826,187001393,솔랑마을아파트,0
2026-10-10T12:06:50,187000003,대전75자9937,36.341504,127.424761,102.282,187001394,한밭자이아파트,0
2026-10-10T12:06:50,187000003,대전75자9915,36.333883,127.437327,104.27,187001395,대전역동광장,0
2026-10-10T12:06:50,271000801,충북70자2074,36.49630759,127.2570059,3.692,293054003,다정동,0
2026-10-10T12:06:50,271000801,충북70자2008,36.61619611,127.3295943,22.686,293064420,누리동,0
2026-10-10T12:06:50,271000801,충북70자7051,36.66085716,127.3827951,33.932,271000641,보건의료행정타운,0
2026-10-10T12:06:50,271000802,충북70자6052,36.72248667,127.4956317,0.186,270051719,청주국제공항,0
2026-10-10T12:06:50,271000802,충북70자5130,36.7054502,127.4263229,8.684,284000348,오창프라자,0
2026-10-10T12:06:50,271000802,충북70자5128,36.6391768,127.324181,22.899,270054810,청주소로초등학교,0
2026-10-10T12:06:50,271000802,충북70자5129,36.5341,127.27661,41.024,293014026,한별동,0
2026-10-10T12:06:50,293000282,세종70자1747,36.391457,127.315422,0.368,186004230,반석역,12
2026-10-10T12:06:50,293000282,세종70자1748,36.48163499,127.253447,13.21,293053007,첫마을1단지,35
2026-10-10T12:06:50,293000282,세종70자1751,36.511733,127.246358,19.225,293064204,"시립도서관,대법원등기정보센터",42
2026-10-10T12:06:50,293000282,세종70자1752,36.596698,127.298953,32.379,293001093,조치원1927아트센터,23
2026-10-10T12:06:50,293000282,세종70자1754,36.618502,127.326981,37.242,270050300,오송3리,31
2026-10-10T12:06:50,293000283,세종70자1746,36.606844,127.315274,2.706,271000568,오송2리,67
2026-10-10T12:06:50,293000283,세종70자1749,36.53116099,127.250818,14.584,293900057,연기리,68
2026-10-10T12:06:50,293000283,세종70자1744,36.499518,127.242682,20.297,293064145,다빛초등학교(가온마을3단지),46
2026-10-10T12:06:50,293000283,세종70자1750,36.42140599,127.297786,33.459,293055059,세종고속시외버스터미널,68
2026-10-10T12:06:50,293000303,세종70자1354,36.486065,127.301231,3.586,293064216,소담동(새샘마을),20
2026-10-10T12:06:50,293000304,세종70자1505,36.48699899,127.301598,19.952,293064254,"법원,검찰청,경찰청",25
2026-10-10T12:06:50,293000304,세종70자1506,36.467757,127.273435,23.301,293064251,대평동,16
2026-10-10T12:06:50,293000305,세종70자1507,36.468019,127.273713,0.0,293055002,세종고속시외버스터미널(지상),10
2026-10-10T12:06:50,293000305,세종70자1510,36.501241,127.328668,6.612,293064417,세종공동캠퍼스,27
2026-10-10T12:06:50,293000305,세종70자1511,36.468011,127.273656,23.378,293055001,세종고속시외버스터미널(지상),255
2026-10-10T12:06:50,293000311,세종70자1344,36.498547,127.324123,6.96,293900015,새나루마을10단지,36
2026-10-10T12:06:50,293000311,세종70자1348,36.49948,127.243418,18.141,293064145,다빛초등학교(가온마을3단지),21
2026-10-10T12:06:50,293000311,세종70자1349,36.467665,127.273625,23.426,293055001,세종고속시외버스터미널(지상),18
2026-10-10T12:06:50,293000311,세종70자1351,36.467718,127.273865,23.426,293055001,세종고속시외버스터미널(지상),11
2026-10-10T12:06:50,293000312,세종70자1345,36.51655,127.241663,7.441,293064476,아름제2중(가락마을20단지),17
2026-10-10T12:06:50,293000312,세종70자1352,36.484095,127.317813,18.403,293011064,새나루마을1단지,33
2026-10-10T12:06:50,293000312,세종70자1350,36.46807,127.27418,23.389,293064251,대평동,11
2026-10-10T12:06:50,271000805,세종73자5644,36.475699,127.281864,5.963,293064209,"보람동,대평동",41
2026-10-10T12:06:50,271000805,세종73자5643,36.528346,127.263673,14.149,293014014,"해밀동,산울동",43
2026-10-10T12:06:50,271000805,세종73자5642,36.603923,127.411043,32.755,293064498,다솜동,73
2026-10-10T12:06:50,271000805,세종73자5675,36.641816,127.432081,39.713,270054820,대농공원.흥덕보건소임시청사,36
2026-10-10T12:06:50,271000805,세종73자5672,36.642264,127.421316,38.757,270054823,롯데쇼핑몰,7
2026-10-10T12:06:50,271000806,세종73자5645,36.634556,127.42382,3.916,270054829,서청주파크자이아파트,4
2026-10-10T12:06:50,271000806,충북70자6075,36.60579485,127.4127001,8.78,270054834,가경아이파크5단지,0
2026-10-10T12:06:50,271000806,충북70자3086,36.49804,127.32304,40.677,293064479,집현동,0
2026-10-10T12:07:23,293000317,세종70자1702,36.415751,127.29966,3.445,186005279,반석역,68
2026-10-10T12:07:23,293000317,세종70자1705,36.504738,127.329433,17.21,293064417,세종공동캠퍼스,56
2026-10-10T12:07:23,293000317,세종70자1703,36.619006,127.327137,33.174,270054837,오송역종점,13
2026-10-10T12:07:23,293000318,세종70자1706,36.619688,127.326395,0.133,270000635,오송역2.3.4,13
2026-10-10T12:07:23,293000318,세종70자1708,36.498615,127.324708,17.001,293064416,세종공동캠퍼스,64
2026-10-10T12:07:23,293000318,세종70자1707,36.396271,127.311534,32.367,293055001,세종고속시외버스터미널(지상),17
2026-10-10T12:07:23,187000003,대전75자9940,36.351395,127.412047,3.56,187001384,오정동행정복지센터,0
2026-10-10T12:07:23,187000003,대전75자9936,36.392841,127.413164,9.35,187001386,오정농수산시장,0
2026-10-10T12:07:23,187000003,대전75자9935,36.474472,127.334247,23.297,186005286,국제과학비즈니스벨트,0
2026-10-10T12:07:23,187000003,대전75자9929,36.565104,127.308987,44.341,293064420,누리동,0
2026-10-10T12:07:23,187000003,대전75자9927,36.619302,127.326324,51.9,270000635,오송역2.3.4,0
2026-10-10T12:07:23,187000003,대전75자9925,36.565424,127.309207,44.381,974019920,오송역2.3.4(미정차),0
2026-10-10T12:07:23,187000003,대전75자9921,36.49437,127.256366,70.634,293062004,다정동,0
2026-10-10T12:07:23,187000003,대전75자9920,36.479279,127.262873,72.459,293053009,한솔동,0
2026-10-10T12:07:23,187000003,대전75자9918,36.478381,127.309877,78.16,293064218,한국개발연구원(KDI),0
2026-10-10T12:07:23,187000003,대전75자9917,36.45437,127.369629,85.451,186005287,국제과학비즈니스벨트,0
2026-10-10T12:07:23,187000003,대전75자9916,36.374704,127.403921,97.291,187001388,대덕산업단지,0
2026-10-10T12:07:23,187000003,대전75자9938,36.344214,127.420946,101.826,187001393,솔랑마을아파트,0
2026-10-10T12:07:23,187000003,대전75자9937,36.340881,127.425619,102.385,187001394,한밭자이아파트,0
2026-10-10T12:07:23,187000003,대전75자9915,36.333883,127.437327,104.27,187001395,대전역동광장,0
2026-10-10T12:07:23,187000003,대전75자9941,36.33382,127.437107,104.27,187001395,대전역동광장,0
2026-10-10T12:07:23,271000801,충북70자2074,36.49967041,127.2589704,4.105,293054003,다정동,0
2026-10-10T12:07:23,271000801,충북70자2008,36.617351,127.328306,22.858,293064420,누리동,0
2026-10-10T12:07:23,271000801,충북70자7051,36.66085716,127.3827951,33.932,271000641,보건의료행정타운,0
2026-10-10T12:07:23,271000802,충북70자6052,36.72248667,127.4956317,0.186,270051719,청주국제공항,0
2026-10-10T12:07:23,271000802,충북70자5130,36.7054502,127.4263229,8.684,284000348,오창프라자,0
2026-10-10T12:07:23,271000802,충북70자5128,36.637488,127.328624,23.417,271000627,보건의료행정타운,0
2026-10-10T12:07:23,271000802,충북70자5129,36.5341,127.27661,41.024,293014026,한별동,0
2026-10-10T12:07:23,293000282,세종70자1747,36.391457,127.315422,0.368,186004230,반석역,12
2026-10-10T12:07:23,293000282,세종70자1748,36.480644,127.250076,13.531,293064358,새롬중학교(새뜸마을1단지),26
2026-10-10T12:07:23,293000282,세종70자1751,36.511684,127.247492,19.326,293061003,아름동커뮤니티센터,4
2026-10-10T12:07:23,293000282,세종70자1752,36.598718,127.298594,32.606,293001090,조치원전통시장,28
2026-10-10T12:07:23,293000282,세종70자1754,36.618502,127.326981,37.242,270050300,오송3리,31
2026-10-10T12:07:23,293000283,세종70자1746,36.605158,127.310306,3.196,271000568,오송2리,12
2026-10-10T12:07:23,293000283,세종70자1749,36.525427,127.248116,15.073,293900057,연기리,68
2026-10-10T12:07:23,293000283,세종70자1744,36.49945799,127.24352,20.372,293064145,다빛초등학교(가온마을3단지),28
2026-10-10T12:07:23,293000283,세종70자1750,36.414112,127.299942,34.291,293055059,세종고속시외버스터미널,67
2026-10-10T12:07:23,293000303,세종70자1354,36.486126,127.301316,3.596,293064216,소담동(새샘마을),20
2026-10-10T12:07:23,293000304,세종70자1505,36.486886,127.301573,19.965,293064254,"법원,검찰청,경찰청",25
2026-10-10T12:07:23,293000304,세종70자1506,36.467757,127.273435,23.301,293064251,대평동,16
2026-10-10T12:07:23,293000304,세종70자1304,36.468015,127.273656,23.301,293064251,대평동,255
2026-10-10T12:07:23,293000305,세종70자1507,36.468019,127.273713,0.0,293055002,세종고속시외버스터미널(지상),10
2026-10-10T12:07:23,293000305,세종70자1510,36.50485,127.329475,7.022,293064417,세종공동캠퍼스,57
2026-10-10T12:07:23,293000305,세종70자1511,36.468011,127.273656,23.378,293055001,세종고속시외버스터미널(지상),255
2026-10-10T12:07:23,293000311,세종70자1344,36.497907,127.321043,7.245,293064480,집현동,31
2026-10-10T12:07:23,293000311,세종70자1348,36.499426,127.24417,18.208,293064145,다빛초등학교(가온마을3단지),21
2026-10-10T12:07:23,293000311,세종70자1349,36.467665,127.273625,23.426,293055001,세종고속시외버스터미널(지상),18
2026-10-10T12:07:23,293000311,세종70자1351,36.468126,127.274155,23.426,293055001,세종고속시외버스터미널(지상),11
2026-10-10T12:07:23,293000312,세종70자1345,36.517089,127.241743,7.502,293064476,아름제2중(가락마을20단지),12
2026-10-10T12:07:23,293000312,세종70자1352,36.483296,127.315721,18.61,293900017,새나루마을1단지 후문,44
2026-10-10T12:07:23,293000312,세종70자1350,36.468283,127.27416,23.389,293064251,대평동,11
2026-10-10T12:07:23,271000805,세종73자5644,36.475213,127.280935,6.064,293064209,"보람동,대평동",42
2026-10-10T12:07:23,271000805,세종73자5643,36.528737,127.264055,14.204,293014014,"해밀동,산울동",43
2026-10-10T12:07:23,271000805,세종73자5642,36.60707,127.415959,33.338,293064498,다솜동,78
2026-10-10T12:07:23,271000805,세종73자5675,36.642201,127.434913,39.968,270054820,대농공원.흥덕보건소임시청사,23
2026-10-10T12:07:23,271000805,세종73자5672,36.642264,127.421316,38.757,270054823,롯데쇼핑몰,7
2026-10-10T12:07:23,271000806,세종73자5645,36.633913,127.424248,3.997,971009430,비하삼일아파트,26
2026-10-10T12:07:23,271000806,충북70자6075,36.6025542,127.4098773,9.225,270054834,가경아이파크5단지,0
2026-10-10T12:07:23,271000806,충북70자3086,36.49804,127.32304,40.677,293064479,집현동,0
2026-10-10T12:07:55,293000317,세종70자1702,36.422918,127.29632,3.537,186005279,반석역,69
2026-10-10T12:07:55,293000317,세종70자1705,36.509404,127.329806,17.73,293064417,세종공동캠퍼스,68
2026-10-10T12:07:55,293000317,세종70자1703,36.61907,127.327099,33.181,270054837,오송역종점,9
2026-10-10T12:07:55,293000318,세종70자1706,36.618764,127.32666,0.249,270000635,오송역2.3.4,3
2026-10-10T12:07:55,293000318,세종70자1708,36.498046,127.322376,17.219,293064418,집현동,31
2026-10-10T12:07:55,293000318,세종70자1707,36.395835,127.311853,32.423,293055001,세종고속시외버스터미널(지상),35
2026-10-10T12:07:55,187000003,대전75자9940,36.352022,127.411283,3.657,187001384,오정동행정복지센터,0
2026-10-10T12:07:55,187000003,대전75자9936,36.392841,127.413164,9.35,187001386,오정농수산시장,0
2026-10-10T12:07:55,187000003,대전75자9935,36.474472,127.334247,23.297,186005286,국제과학비즈니스벨트,0
2026-10-10T12:07:55,187000003,대전75자9929,36.575143,127.319491,45.802,293064420,누리동,0
2026-10-10T12:07:55,187000003,대전75자9927,36.619302,127.326324,51.9,270000635,오송역2.3.4,0
2026-10-10T12:07:55,187000003,대전75자9925,36.565424,127.309207,44.381,974019920,오송역2.3.4(미정차),0
2026-10-10T12:07:55,187000003,대전75자9921,36.488073,127.257001,71.349,293053004,"새롬동,나성동",0
2026-10-10T12:07:55,187000003,대전75자9920,36.479279,127.262873,72.459,293053009,한솔동,0
2026-10-10T12:07:55,187000003,대전75자9918,36.478381,127.309877,78.16,293064218,한국개발연구원(KDI),0
2026-10-10T12:07:55,187000003,대전75자9917,36.45437,127.369629,85.451,186005287,국제과학비즈니스벨트,0
2026-10-10T12:07:55,187000003,대전75자9916,36.361048,127.402016,99.273,187001388,대덕산업단지,0
2026-10-10T12:07:55,187000003,대전75자9938,36.343653,127.421752,101.921,187001393,솔랑마을아파트,0
2026-10-10T12:07:55,187000003,대전75자9937,36.33593,127.43045,103.109,187001394,한밭자이아파트,0
2026-10-10T12:07:55,187000003,대전75자9915,36.333883,127.437327,104.27,187001395,대전역동광장,0
2026-10-10T12:07:55,187000003,대전75자9941,36.33382,127.437107,104.27,187001395,대전역동광장,0
2026-10-10T12:07:55,271000801,충북70자2074,36.500845,127.259633,4.249,293062006,정부세종청사 남측,0
2026-10-10T12:07:55,271000801,충북70자2008,36.6189013,127.3272601,23.065,293064420,누리동,0
2026-10-10T12:07:55,271000801,충북70자7051,36.6698978,127.3906728,35.161,270054811,청주소로초등학교,0
2026-10-10T12:07:55,271000802,충북70자6052,36.72248667,127.4956317,0.186,270051719,청주국제공항,0
2026-10-10T12:07:55,271000802,충북70자5130,36.7054502,127.4263229,8.684,284000348,오창프라자,0
2026-10-10T12:07:55,271000802,충북70자5128,36.637488,127.328624,23.417,271000627,보건의료행정타운,0
2026-10-10T12:07:55,271000802,충북70자5129,36.5341,127.27661,41.024,293014026,한별동,0
2026-10-10T12:07:55,293000282,세종70자1747,36.391457,127.315422,0.368,186004230,반석역,12
2026-10-10T12:07:55,293000282,세종70자1748,36.480412,127.249446,13.593,293064358,새롬중학교(새뜸마을1단지),36
2026-10-10T12:07:55,293000282,세종70자1751,36.51169,127.247838,19.357,293061003,아름동커뮤니티센터,4
2026-10-10T12:07:55,293000282,세종70자1752,36.599617,127.298438,32.707,293001090,조치원전통시장,29
2026-10-10T12:07:55,293000282,세종70자1754,36.618502,127.326981,37.242,270050300,오송3리,31
2026-10-10T12:07:55,293000283,세종70자1746,36.604156,127.30734,3.483,271000568,오송2리,50
2026-10-10T12:07:55,293000283,세종70자1749,36.521386,127.244524,15.073,293900057,연기리,52
2026-10-10T12:07:55,293000283,세종70자1744,36.49936,127.244994,20.505,293064145,다빛초등학교(가온마을3단지),33
2026-10-10T12:07:55,293000283,세종70자1750,36.41037399,127.301372,34.735,293055059,세종고속시외버스터미널,68
2026-10-10T12:07:55,293000303,세종70자1354,36.486441,127.301551,3.636,293064216,소담동(새샘마을),37
2026-10-10T12:07:55,293000304,세종70자1505,36.486511,127.30142,20.008,293064254,"법원,검찰청,경찰청",39
2026-10-10T12:07:55,293000304,세종70자1506,36.467757,127.273435,23.301,293064251,대평동,16
2026-10-10T12:07:55,293000304,세종70자1304,36.467928,127.273856,23.301,293064251,대평동,12
2026-10-10T12:07:55,293000305,세종70자1507,36.468019,127.273713,0.0,293055002,세종고속시외버스터미널(지상),10
2026-10-10T12:07:55,293000305,세종70자1510,36.509041,127.329823,7.489,293064417,세종공동캠퍼스,57
2026-10-10T12:07:55,293000305,세종70자1511,36.468011,127.273656,23.378,293055001,세종고속시외버스터미널(지상),255
2026-10-10T12:07:55,293000311,세종70자1344,36.497674,127.318398,7.484,293064480,집현동,38
2026-10-10T12:07:55,293000311,세종70자1348,36.499393,127.244398,18.229,293064145,다빛초등학교(가온마을3단지),21
2026-10-10T12:07:55,293000311,세종70자1349,36.467665,127.273625,23.426,293055001,세종고속시외버스터미널(지상),18
2026-10-10T12:07:55,293000311,세종70자1351,36.468136,127.274139,23.426,293055001,세종고속시외버스터미널(지상),11
2026-10-10T12:07:55,293000312,세종70자1345,36.517379,127.2418,7.534,293064476,아름제2중(가락마을20단지),31
2026-10-10T12:07:55,293000312,세종70자1352,36.482576,127.311475,18.998,293900017,새나루마을1단지 후문,39
2026-10-10T12:07:55,293000312,세종70자1350,36.468283,127.27416,23.389,293064251,대평동,11
2026-10-10T12:07:55,271000805,세종73자5644,36.47201299,127.276183,6.618,293064251,대평동,11
2026-10-10T12:07:55,271000805,세종73자5643,36.529201,127.264621,14.276,293014014,"해밀동,산울동",38
2026-10-10T12:07:55,271000805,세종73자5642,36.608644,127.421926,33.902,293064498,다솜동,54
2026-10-10T12:07:55,271000805,세종73자5675,36.642201,127.434913,39.968,270054820,대농공원.흥덕보건소임시청사,23
2026-10-10T12:07:55,271000805,세종73자5672,36.642264,127.421316,38.757,270054823,롯데쇼핑몰,7
2026-10-10T12:07:55,271000806,세종73자5645,36.63226199,127.425298,4.203,971006760,충북선거관리위원회,32
2026-10-10T12:07:55,271000806,충북70자6075,36.6025542,127.4098773,9.225,270054834,가경아이파크5단지,0
2026-10-10T12:07:55,271000806,충북70자3086,36.49804,127.32304,40.677,293064479,집현동,0
2026-10-10T12:08:26,293000317,세종70자1702,36.426508,127.291615,4.905,186005279,반석역,69
2026-10-10T12:08:26,293000317,세종70자1705,36.5144,127.330286,18.287,293064417,세종공동캠퍼스,69
2026-10-10T12:08:26,293000317,세종70자1703,36.61907,127.327099,33.181,270054837,오송역종점,9
2026-10-10T12:08:26,293000318,세종70자1706,36.618756,127.326656,0.249,270000635,오송역2.3.4,3
2026-10-10T12:08:26,293000318,세종70자1708,36.497623,127.319108,17.514,293064418,집현동,30
2026-10-10T12:08:26,293000318,세종70자1707,36.392665,127.3142,32.834,186005278,반석역,35
2026-10-10T12:08:26,187000003,대전75자9940,36.352022,127.411283,3.657,187001384,오정동행정복지센터,0
2026-10-10T12:08:26,187000003,대전75자9936,36.405381,127.416541,10.784,187001386,오정농수산시장,0
2026-10-10T12:08:26,187000003,대전75자9935,36.474472,127.334247,23.297,186005286,국제과학비즈니스벨트,0
2026-10-10T12:08:26,187000003,대전75자9929,36.575143,127.319491,45.802,293064420,누리동,0
2026-10-10T12:08:26,187000003,대전75자9925,36.565424,127.309207,44.381,974019920,오송역2.3.4(미정차),0
2026-10-10T12:08:26,187000003,대전75자9921,36.488073,127.257001,71.349,293053004,"새롬동,나성동",0
2026-10-10T12:08:26,187000003,대전75자9920,36.470737,127.273153,73.877,293064221,세종고속시외버스터미널(지하),0
2026-10-10T12:08:26,187000003,대전75자9918,36.474428,127.333808,80.364,293064218,한국개발연구원(KDI),0
2026-10-10T12:08:26,187000003,대전75자9917,36.443802,127.38361,87.453,186005287,국제과학비즈니스벨트,0
2026-10-10T12:08:26,187000003,대전75자9916,36.358737,127.404201,99.595,187001388,대덕산업단지,0
2026-10-10T12:08:26,187000003,대전75자9938,36.343653,127.421752,101.921,187001393,솔랑마을아파트,0
2026-10-10T12:08:26,187000003,대전75자9937,36.333819,127.431324,103.356,183002355,대전역,0
2026-10-10T12:08:26,187000003,대전75자9941,36.33382,127.437107,104.27,187001395,대전역동광장,0
2026-10-10T12:08:26,187000003,대전75자9915,36.333883,127.437327,104.27,187001395,대전역동광장,0
2026-10-10T12:08:26,271000801,충북70자2074,36.50250387,127.26034549,4.444,293062006,정부세종청사 남측,0
2026-10-10T12:08:26,271000801,충북70자2008,36.6189013,127.3272601,23.065,293064420,누리동,0
2026-10-10T12:08:26,271000801,충북70자7051,36.6698978,127.3906728,35.161,270054811,청주소로초등학교,0
2026-10-10T12:08:26,271000802,충북70자6052,36.72248667,127.4956317,0.186,270051719,청주국제공항,0
2026-10-10T12:08:26,271000802,충북70자5130,36.70213023,127.4236105,9.132,284000348,오창프라자,0
2026-10-10T12:08:26,271000802,충북70자5128,36.637488,127.328624,23.417,271000627,보건의료행정타운,0
2026-10-10T12:08:26,271000802,충북70자5129,36.529537,127.264719,42.229,293014017,"해밀동,산울동",0
2026-10-10T12:08:26,293000282,세종70자1747,36.391457,127.315422,0.368,186004230,반석역,12
2026-10-10T12:08:26,293000282,세종70자1748,36.47956,127.246381,13.939,293064358,새롬중학교(새뜸마을1단지),21
2026-10-10T12:08:26,293000282,세종70자1751,36.51169,127.247838,19.357,293061003,아름동커뮤니티센터,4
2026-10-10T12:08:26,293000282,세종70자1752,36.600588,127.298257,32.816,293001090,조치원전통시장,14
2026-10-10T12:08:26,293000282,세종70자1754,36.618502,127.326981,37.242,270050300,오송3리,31
2026-10-10T12:08:26,293000283,세종70자1746,36.603438,127.305343,3.678,271000568,오송2리,10
2026-10-10T12:08:26,293000283,세종70자1749,36.518913,127.244283,16.273,293064099,"범지기3,9단지(청소년센터)",34
2026-10-10T12:08:26,293000283,세종70자1744,36.499204,127.247529,20.732,293064145,다빛초등학교(가온마을3단지),36
2026-10-10T12:08:26,293000283,세종70자1750,36.404393,127.305405,35.49,293055059,세종고속시외버스터미널,69
2026-10-10T12:08:26,293000303,세종70자1354,36.487416,127.301923,3.749,293064253,"법원,검찰청,경찰청",6
2026-10-10T12:08:26,293000304,세종70자1505,36.483866,127.299176,20.361,293064254,"법원,검찰청,경찰청",56
2026-10-10T12:08:26,293000304,세종70자1506,36.467757,127.273435,23.301,293064251,대평동,16
2026-10-10T12:08:26,293000305,세종70자1507,36.468019,127.273713,0.0,293055002,세종고속시외버스터미널(지상),10
2026-10-10T12:08:26,293000305,세종70자1510,36.513394,127.330223,7.975,293064417,세종공동캠퍼스,54
2026-10-10T12:08:26,293000305,세종70자1511,36.468011,127.273656,23.378,293055001,세종고속시외버스터미널(지상),255
2026-10-10T12:08:26,293000311,세종70자1344,36.497674,127.318398,7.484,293064480,집현동,38
2026-10-10T12:08:26,293000311,세종70자1348,36.499155,127.247943,18.547,293063001,"가재마을5단지,가온마을6단지",36
2026-10-10T12:08:26,293000311,세종70자1349,36.467665,127.273625,23.426,293055001,세종고속시외버스터미널(지상),18
2026-10-10T12:08:26,293000311,세종70자1351,36.468125,127.2741,23.426,293055001,세종고속시외버스터미널(지상),11
2026-10-10T12:08:26,293000312,세종70자1345,36.518926,127.244249,7.936,293064099,"범지기3,9단지(청소년센터)",42
2026-10-10T12:08:26,293000312,세종70자1352,36.482256,127.308908,19.231,293900017,새나루마을1단지 후문,42
2026-10-10T12:08:26,293000312,세종70자1350,36.468283,127.27416,23.389,293064251,대평동,11
2026-10-10T12:08:26,271000805,세종73자5644,36.471937,127.275976,6.637,293064251,대평동,18
2026-10-10T12:08:26,271000805,세종73자5643,36.530858,127.266714,14.54,293014014,"해밀동,산울동",41
2026-10-10T12:08:26,271000805,세종73자5642,36.609459,127.423966,34.11,293064498,다솜동,21
2026-10-10T12:08:26,271000805,세종73자5675,36.642201,127.434913,39.968,270054820,대농공원.흥덕보건소임시청사,23
2026-10-10T12:08:26,271000805,세종73자5672,36.642264,127.421316,38.757,270054823,롯데쇼핑몰,7
2026-10-10T12:08:26,271000806,세종73자5645,36.631825,127.425674,4.262,971006760,충북선거관리위원회,20
2026-10-10T12:08:26,271000806,충북70자6075,36.6025542,127.4098773,9.225,270054834,가경아이파크5단지,0
2026-10-10T12:08:26,271000806,충북70자3086,36.49804,127.32304,40.677,293064479,집현동,0
2026-10-10T12:08:58,293000317,세종70자1702,36.429074,127.288453,5.307,186005279,반석역,69
2026-10-10T12:08:58,293000317,세종70자1705,36.519271,127.330719,18.83,293064417,세종공동캠퍼스,40
2026-10-10T12:08:58,293000317,세종70자1703,36.61907,127.327099,33.181,270054837,오송역종점,9
2026-10-10T12:08:58,293000318,세종70자1706,36.618668,127.326753,0.262,270000635,오송역2.3.4,19
2026-10-10T12:08:58,293000318,세종70자1708,36.497557,127.317537,17.655,293064418,집현동,37
2026-10-10T12:08:58,293000318,세종70자1707,36.391517,127.314981,32.906,186005278,반석역,52
2026-10-10T12:08:58,187000003,대전75자9940,36.354729,127.407891,4.085,187001385,오정농수산오거리,0
2026-10-10T12:08:58,187000003,대전75자9936,36.405381,127.416541,10.784,187001386,오정농수산시장,0
2026-10-10T12:08:58,187000003,대전75자9935,36.478256,127.310296,25.492,186005286,국제과학비즈니스벨트,0
2026-10-10T12:08:58,187000003,대전75자9929,36.588328,127.323496,47.325,293064420,누리동,0
2026-10-10T12:08:58,187000003,대전75자9926,36.619513,127.326728,51.825,270000635,오송역2.3.4,0
2026-10-10T12:08:58,187000003,대전75자9925,36.551735,127.301337,61.008,974019920,오송역2.3.4(미정차),0
2026-10-10T12:08:58,187000003,대전75자9921,36.488073,127.257001,71.349,293053004,"새롬동,나성동",0
2026-10-10T12:08:58,187000003,대전75자9920,36.472354,127.276437,74.231,293064252,대평동,0
2026-10-10T12:08:58,187000003,대전75자9918,36.474428,127.333808,80.364,293064218,한국개발연구원(KDI),0
2026-10-10T12:08:58,187000003,대전75자9917,36.443802,127.38361,87.453,186005287,국제과학비즈니스벨트,0
2026-10-10T12:08:58,187000003,대전75자9916,36.358737,127.404201,99.595,187001388,대덕산업단지,0
2026-10-10T12:08:58,187000003,대전75자9938,36.341506,127.424749,102.281,187001394,한밭자이아파트,0
2026-10-10T12:08:58,187000003,대전75자9937,36.333819,127.431324,103.356,183002355,대전역,0
2026-10-10T12:08:58,187000003,대전75자9915,36.333883,127.437327,104.27,187001395,대전역동광장,0
2026-10-10T12:08:58,187000003,대전75자9941,36.33382,127.437107,104.27,187001395,대전역동광장,0
2026-10-10T12:08:58,271000801,충북70자2074,36.504207,127.261195,4.648,293062011,정부세종청사 북측,0
2026-10-10T12:08:58,271000801,충북70자2008,36.61959291,127.3264442,23.191,270054838,오송역6,0
2026-10-10T12:08:58,271000801,충북70자7051,36.67614415,127.39534128,36.239,270054811,청주소로초등학교,0
2026-10-10T12:08:58,271000802,충북70자6052,36.72248667,127.4956317,0.186,270051719,청주국제공항,0
2026-10-10T12:08:58,271000802,충북70자5130,36.69849731,127.420532,9.623,284000348,오창프라자,0
2026-10-10T12:08:58,271000802,충북70자5128,36.63614324,127.3326879,24.222,271000627,보건의료행정타운,0
2026-10-10T12:08:58,271000802,충북70자5129,36.529537,127.264719,42.229,293014017,"해밀동,산울동",0
2026-10-10T12:08:58,293000282,세종70자1747,36.391457,127.315422,0.368,186004230,반석역,12
2026-10-10T12:08:58,293000282,세종70자1748,36.48272699,127.246134,14.291,293064388,"새뜸마을1,2단지",33
2026-10-10T12:08:58,293000282,세종70자1751,36.51167499,127.248077,19.378,293061003,아름동커뮤니티센터,23
2026-10-10T12:08:58,293000282,세종70자1752,36.601153,127.297209,33.06,293001090,조치원전통시장,10
2026-10-10T12:08:58,293000282,세종70자1754,36.618502,127.326981,37.242,270050300,오송3리,31
2026-10-10T12:08:58,293000283,세종70자1746,36.60289,127.304166,3.799,293001096,조치원버스터미널,27
2026-10-10T12:08:58,293000283,세종70자1749,36.51867,127.245782,16.413,293064099,"범지기3,9단지(청소년센터)",49
2026-10-10T12:08:58,293000283,세종70자1744,36.498013,127.24889,21.026,293064262,"가온마을6,9단지",37
2026-10-10T12:08:58,293000283,세종70자1750,36.402603,127.307034,35.736,293055059,세종고속시외버스터미널,67
2026-10-10T12:08:58,293000303,세종70자1354,36.491638,127.304118,4.26,293064255,국책연구단지,31
2026-10-10T12:08:58,293000304,세종70자1505,36.481585,127.295773,20.755,293064214,소담동(새샘마을),58
2026-10-10T12:08:58,293000304,세종70자1506,36.467757,127.273435,23.301,293064251,대평동,16
2026-10-10T12:08:58,293000305,세종70자1507,36.468019,127.273713,0.0,293055002,세종고속시외버스터미널(지상),10
2026-10-10T12:08:58,293000305,세종70자1510,36.517451,127.330613,8.427,293064417,세종공동캠퍼스,50
2026-10-10T12:08:58,293000305,세종70자1511,36.468011,127.273656,23.378,293055001,세종고속시외버스터미널(지상),255
2026-10-10T12:08:58,293000311,세종70자1344,36.497675,127.318384,7.485,293064480,집현동,9
2026-10-10T12:08:58,293000311,세종70자1348,36.499155,127.247943,18.547,293063001,"가재마을5단지,가온마을6단지",255
2026-10-10T12:08:58,293000311,세종70자1349,36.467665,127.273625,23.426,293055001,세종고속시외버스터미널(지상),18
2026-10-10T12:08:58,293000311,세종70자1351,36.46834,127.274107,23.426,293055001,세종고속시외버스터미널(지상),11
2026-10-10T12:08:58,293000312,세종70자1345,36.51865999,127.245674,8.069,293064099,"범지기3,9단지(청소년센터)",42
2026-10-10T12:08:58,293000312,세종70자1352,36.482485,127.307451,19.408,293060004,한국개발연구원(KDI),15
2026-10-10T12:08:58,293000312,세종70자1350,36.468733,127.274121,23.389,293064251,대평동,4
2026-10-10T12:08:58,271000805,세종73자5644,36.470671,127.272845,6.953,293064220,세종고속시외버스터미널(지하),16
2026-10-10T12:08:58,271000805,세종73자5643,36.533654,127.274728,15.332,293014025,한별동,39
2026-10-10T12:08:58,271000805,세종73자5642,36.612293,127.423476,34.427,270054812,가경아이파크5단지,26
2026-10-10T12:08:58,271000805,세종73자5675,36.643832,127.435304,40.193,270054820,대농공원.흥덕보건소임시청사,25
2026-10-10T12:08:58,271000805,세종73자5672,36.642264,127.421316,38.757,270054823,롯데쇼핑몰,7
2026-10-10T12:08:58,271000806,세종73자5645,36.631501,127.425986,4.307,971006760,충북선거관리위원회,20
2026-10-10T12:08:58,271000806,충북70자6075,36.6025542,127.4098773,9.225,270054834,가경아이파크5단지,0
2026-10-10T12:08:58,271000806,충북70자3086,36.49804,127.32304,40.677,293064479,집현동,0
2026-10-10T12:09:29,293000317,세종70자1702,36.436774,127.286114,6.211,186005279,반석역,68
2026-10-10T12:09:29,293000317,세종70자1705,36.519647,127.330755,18.872,293064417,세종공동캠퍼스,40
2026-10-10T12:09:29,293000317,세종70자1703,36.61907,127.327099,33.181,270054837,오송역종점,9
2026-10-10T12:09:29,293000318,세종70자1706,36.615496,127.330221,0.741,270000635,오송역2.3.4,67
2026-10-10T12:09:29,293000318,세종70자1708,36.497696,127.312511,18.106,293064257,반곡동(수루배마을),52
2026-10-10T12:09:29,293000318,세종70자1707,36.388106,127.317498,32.906,186005278,반석역,18
2026-10-10T12:09:29,187000003,대전75자9940,36.355368,127.407126,4.184,187001385,오정농수산오거리,0
2026-10-10T12:09:29,187000003,대전75자9936,36.41532,127.421267,11.988,187001386,오정농수산시장,0
2026-10-10T12:09:29,187000003,대전75자9935,36.478256,127.310296,25.492,186005286,국제과학비즈니스벨트,0
2026-10-10T12:09:29,187000003,대전75자9929,36.595051,127.331212,48.35,293064420,누리동,0
2026-10-10T12:09:29,187000003,대전75자9926,36.617455,127.328124,52.169,270000635,오송역2.3.4,0
2026-10-10T12:09:29,187000003,대전75자9925,36.551735,127.301337,61.008,974019920,오송역2.3.4(미정차),0
2026-10-10T12:09:29,187000003,대전75자9921,36.487254,127.257429,71.447,293053004,"새롬동,나성동",0
2026-10-10T12:09:29,187000003,대전75자9920,36.472722,127.276901,74.289,293064252,대평동,0
2026-10-10T12:09:29,187000003,대전75자9918,36.474428,127.333808,80.364,293064218,한국개발연구원(KDI),0
2026-10-10T12:09:29,187000003,대전75자9916,36.358737,127.404201,99.595,187001388,대덕산업단지,0
2026-10-10T12:09:29,187000003,대전75자9917,36.438241,127.395226,88.735,187001388,대덕산업단지,0
2026-10-10T12:09:29,187000003,대전75자9938,36.340869,127.425559,102.382,187001394,한밭자이아파트,0
2026-10-10T12:09:29,187000003,대전75자9937,36.333017,127.43171,103.452,183002355,대전역,0
2026-10-10T12:09:29,187000003,대전75자9915,36.333883,127.437327,104.27,187001395,대전역동광장,0
2026-10-10T12:09:29,187000003,대전75자9941,36.333374,127.43751,104.214,187001395,대전역동광장,0
2026-10-10T12:09:29,271000801,충북70자2074,36.50682951,127.26188928,4.95,293062011,정부세종청사 북측,0
2026-10-10T12:09:29,271000801,충북70자2008,36.61959291,127.3264442,23.191,270054838,오송역6,0
2026-10-10T12:09:29,271000801,충북70자7051,36.67830432,127.3983792,36.601,270054811,청주소로초등학교,0
2026-10-10T12:09:29,271000802,충북70자6052,36.72248667,127.4956317,0.186,270051719,청주국제공항,0
2026-10-10T12:09:29,271000802,충북70자5130,36.69849731,127.420532,9.623,284000348,오창프라자,0
2026-10-10T12:09:29,271000802,충북70자5128,36.63399154,127.3363527,24.695,271000627,보건의료행정타운,0
2026-10-10T12:09:29,271000802,충북70자5129,36.52524921,127.26142338,42.794,293014017,"해밀동,산울동",0
2026-10-10T12:09:29,293000282,세종70자1747,36.391457,127.315422,0.368,186004230,반석역,12
2026-10-10T12:09:29,293000282,세종70자1748,36.485442,127.245456,14.599,293064312,"세종기상관측소(새뜸3,4단지)",28
2026-10-10T12:09:29,293000282,세종70자1751,36.511575,127.249581,19.513,293061003,아름동커뮤니티센터,23
2026-10-10T12:09:29,293000282,세종70자1752,36.600946,127.297059,33.044,293001090,조치원전통시장,16
2026-10-10T12:09:29,293000282,세종70자1754,36.618502,127.326981,37.242,270050300,오송3리,31
2026-10-10T12:09:29,293000283,세종70자1746,36.602029,127.302148,4.003,293001096,조치원버스터미널,33
2026-10-10T12:09:29,293000283,세종70자1749,36.519083,127.249044,16.71,293064101,범지기마을10단지 북측,22
2026-10-10T12:09:29,293000283,세종70자1744,36.497577,127.248828,21.075,293064262,"가온마을6,9단지",37
2026-10-10T12:09:29,293000283,세종70자1750,36.398435,127.310357,36.287,293055059,세종고속시외버스터미널,68
2026-10-10T12:09:29,293000303,세종70자1354,36.493006,127.305075,4.436,293064255,국책연구단지,57
2026-10-10T12:09:29,293000304,세종70자1505,36.47961999,127.291196,21.219,293064214,소담동(새샘마을),56
2026-10-10T12:09:29,293000304,세종70자1506,36.467757,127.273435,23.301,293064251,대평동,16
2026-10-10T12:09:29,293000305,세종70자1507,36.468019,127.273713,0.0,293055002,세종고속시외버스터미널(지상),10
2026-10-10T12:09:29,293000305,세종70자1510,36.519535,127.330796,8.659,293064417,세종공동캠퍼스,50
2026-10-10T12:09:29,293000305,세종70자1511,36.468011,127.273656,23.378,293055001,세종고속시외버스터미널(지상),255
2026-10-10T12:09:29,293000311,세종70자1344,36.497702,127.316255,7.682,293064511,반곡고등학교,22
2026-10-10T12:09:29,293000311,세종70자1348,36.499155,127.247943,18.547,293063001,"가재마을5단지,가온마을6단지",255
2026-10-10T12:09:29,293000311,세종70자1349,36.467665,127.273625,23.426,293055001,세종고속시외버스터미널(지상),18
2026-10-10T12:09:29,293000311,세종70자1351,36.468346,127.274158,23.426,293055001,세종고속시외버스터미널(지상),11
2026-10-10T12:09:29,293000312,세종70자1350,36.46909999,127.274035,0.004,293055002,세종고속시외버스터미널(지상),17
2026-10-10T12:09:29,293000312,세종70자1345,36.51912999,127.249252,8.395,293064101,범지기마을10단지 북측,24
2026-10-10T12:09:29,293000312,세종70자1352,36.484126,127.305491,19.664,293060004,한국개발연구원(KDI),37
2026-10-10T12:09:29,271000805,세종73자5644,36.47227199,127.268212,7.416,293064220,세종고속시외버스터미널(지하),52
2026-10-10T12:09:29,271000805,세종73자5643,36.53384,127.27586,15.435,293014025,한별동,31
2026-10-10T12:09:29,271000805,세종73자5642,36.612785,127.423385,34.483,270054812,가경아이파크5단지,1
2026-10-10T12:09:29,271000805,세종73자5675,36.643969,127.435318,40.208,270054820,대농공원.흥덕보건소임시청사,25
2026-10-10T12:09:29,271000805,세종73자5672,36.642264,127.421316,38.757,270054823,롯데쇼핑몰,7
2026-10-10T12:09:29,271000806,세종73자5645,36.631501,127.425986,4.307,971006760,충북선거관리위원회,20
2026-10-10T12:09:29,271000806,충북70자6075,36.5843171,127.388535,12.073,270054834,가경아이파크5단지,0
2026-10-10T12:09:29,271000806,충북70자3086,36.49804,127.32304,40.677,293064479,집현동,0
2026-10-10T12:10:01,293000317,세종70자1702,36.439013,127.28608,6.458,186005279,반석역,68
2026-10-10T12:10:01,293000317,세종70자1705,36.520369,127.330749,18.952,293064417,세종공동캠퍼스,43
2026-10-10T12:10:01,293000317,세종70자1703,36.61907,127.327099,33.181,270054837,오송역종점,9
2026-10-10T12:10:01,293000318,세종70자1706,36.611673,127.334497,1.312,270000635,오송역2.3.4,69
2026-10-10T12:10:01,293000318,세종70자1708,36.497574,127.311417,18.205,293064257,반곡동(수루배마을),35
2026-10-10T12:10:01,293000318,세종70자1707,36.388458,127.317356,32.906,186005278,반석역,41
2026-10-10T12:10:01,187000003,대전75자9940,36.355368,127.407126,4.184,187001385,오정농수산오거리,0
2026-10-10T12:10:01,187000003,대전75자9936,36.41532,127.421267,11.988,187001386,오정농수산시장,0
2026-10-10T12:10:01,187000003,대전75자9935,36.478256,127.310296,25.492,186005286,국제과학비즈니스벨트,0
2026-10-10T12:10:01,187000003,대전75자9929,36.595051,127.331212,48.35,293064420,누리동,0
2026-10-10T12:10:01,187000003,대전75자9925,36.551735,127.301337,61.008,974019920,오송역2.3.4(미정차),0
2026-10-10T12:10:01,187000003,대전75자9926,36.616951,127.328683,52.244,974019920,오송역2.3.4(미정차),0
2026-10-10T12:10:01,187000003,대전75자9921,36.482661,127.260629,72.033,293053004,"새롬동,나성동",0
2026-10-10T12:10:01,187000003,대전75자9920,36.47508,127.280877,74.731,293064206,"보람동,대평동",0
2026-10-10T12:10:01,187000003,대전75자9918,36.474428,127.333808,80.364,293064218,한국개발연구원(KDI),0
2026-10-10T12:10:01,187000003,대전75자9916,36.358737,127.404201,99.595,187001388,대덕산업단지,0
2026-10-10T12:10:01,187000003,대전75자9917,36.438241,127.395226,88.735,187001388,대덕산업단지,0
2026-10-10T12:10:01,187000003,대전75자9938,36.338141,127.429171,102.825,187001394,한밭자이아파트,0
2026-10-10T12:10:01,187000003,대전75자9937,36.333017,127.43171,103.452,183002355,대전역,0
2026-10-10T12:10:01,187000003,대전75자9915,36.333883,127.437327,104.27,187001395,대전역동광장,0
2026-10-10T12:10:01,187000003,대전75자9941,36.333374,127.43751,104.214,187001395,대전역동광장,0
2026-10-10T12:10:01,271000801,충북70자2074,36.51252376,127.2595524,5.623,293062011,정부세종청사 북측,0
2026-10-10T12:10:01,271000801,충북70자2008,36.61959291,127.3264442,23.191,270054838,오송역6,0
2026-10-10T12:10:01,271000801,충북70자7051,36.67830432,127.3983792,36.601,270054811,청주소로초등학교,0
2026-10-10T12:10:01,271000802,충북70자6052,36.72248667,127.4956317,0.186,270051719,청주국제공항,0
2026-10-10T12:10:01,271000802,충북70자5130,36.69783865,127.4197378,9.725,284000348,오창프라자,0
2026-10-10T12:10:01,271000802,충북70자5128,36.63399154,127.3363527,24.695,271000627,보건의료행정타운,0
2026-10-10T12:10:01,271000802,충북70자5129,36.521617,127.259736,43.226,293064446,세종충남대학교병원,0
2026-10-10T12:10:01,293000282,세종70자1747,36.391459,127.31541,0.369,186004230,반석역,1
2026-10-10T12:10:01,293000282,세종70자1748,36.487676,127.244447,14.864,293064312,"세종기상관측소(새뜸3,4단지)",36
2026-10-10T12:10:01,293000282,세종70자1751,36.512504,127.250316,19.673,293064054,"범지기마을8,12단지",29
2026-10-10T12:10:01,293000282,세종70자1752,36.601074,127.297303,33.067,293001090,조치원전통시장,18
2026-10-10T12:10:01,293000282,세종70자1754,36.618502,127.326981,37.242,270050300,오송3리,31
2026-10-10T12:10:01,293000283,세종70자1746,36.60155,127.299936,4.211,293064152,조치원전통시장 북측,27
2026-10-10T12:10:01,293000283,세종70자1749,36.51925399,127.24972,16.773,293064101,범지기마을10단지 북측,40
2026-10-10T12:10:01,293000283,세종70자1744,36.497577,127.248828,21.075,293064262,"가온마을6,9단지",37
2026-10-10T12:10:01,293000283,세종70자1750,36.396129,127.311641,36.568,293055059,세종고속시외버스터미널,68
2026-10-10T12:10:01,293000303,세종70자1354,36.497546,127.310753,5.191,293064258,반곡동(수루배마을),39
2026-10-10T12:10:01,293000304,세종70자1505,36.478406,127.288488,21.496,293064211,"세종시청,시의회,교육청",37
2026-10-10T12:10:01,293000304,세종70자1506,36.467757,127.273435,23.301,293064251,대평동,16
2026-10-10T12:10:01,293000305,세종70자1507,36.468019,127.273713,0.0,293055002,세종고속시외버스터미널(지상),10
2026-10-10T12:10:01,293000305,세종70자1510,36.520198,127.330818,8.732,293064417,세종공동캠퍼스,39
2026-10-10T12:10:01,293000305,세종70자1511,36.468011,127.273656,23.378,293055001,세종고속시외버스터미널(지상),255
2026-10-10T12:10:01,293000311,세종70자1344,36.497848,127.312509,8.019,293064401,반곡동(수루배마을),36
2026-10-10T12:10:01,293000311,세종70자1348,36.499155,127.247943,18.547,293063001,"가재마을5단지,가온마을6단지",255
2026-10-10T12:10:01,293000311,세종70자1349,36.467665,127.273625,23.426,293055001,세종고속시외버스터미널(지상),18
2026-10-10T12:10:01,293000311,세종70자1351,36.46835,127.274141,23.426,293055001,세종고속시외버스터미널(지상),11
2026-10-10T12:10:01,293000312,세종70자1350,36.4696,127.273895,0.061,293055002,세종고속시외버스터미널(지상),17
2026-10-10T12:10:01,293000312,세종70자1345,36.519172,127.249446,8.413,293064101,범지기마을10단지 북측,24
2026-10-10T12:10:01,293000312,세종70자1352,36.48584,127.302226,20.012,293064364,새샘마을6단지,44
2026-10-10T12:10:01,271000805,세종73자5644,36.473906,127.267013,7.627,293064220,세종고속시외버스터미널(지하),54
2026-10-10T12:10:01,271000805,세종73자5643,36.53384,127.27586,15.435,293014025,한별동,31
2026-10-10T12:10:01,271000805,세종73자5642,36.613116,127.423299,34.52,270054812,가경아이파크5단지,21
2026-10-10T12:10:01,271000805,세종73자5675,36.643969,127.435318,40.208,270054820,대농공원.흥덕보건소임시청사,25
2026-10-10T12:10:01,271000805,세종73자5672,36.642264,127.421316,38.757,270054823,롯데쇼핑몰,7
2026-10-10T12:10:01,271000806,세종73자5645,36.63103,127.426332,4.368,971006760,충북선거관리위원회,39
2026-10-10T12:10:01,271000806,충북70자6075,36.5843171,127.388535,12.073,270054834,가경아이파크5단지,0
2026-10-10T12:10:01,271000806,충북70자3086,36.49804,127.32304,40.677,293064479,집현동,0
2026-10-10T12:10:32,293000317,세종70자1702,36.446909,127.285979,7.344,186005279,반석역,68
2026-10-10T12:10:32,293000317,세종70자1705,36.524859,127.32856,19.494,293064417,세종공동캠퍼스,68
2026-10-10T12:10:32,293000317,세종70자1703,36.61907,127.327099,33.181,270054837,오송역종점,9
2026-10-10T12:10:32,293000318,세종70자1706,36.608171,127.338861,1.446,270000635,오송역2.3.4,68
2026-10-10T12:10:32,293000318,세종70자1708,36.49732499,127.309333,18.396,293064257,반곡동(수루배마을),59
2026-10-10T12:10:32,293000318,세종70자1707,36.388907,127.316981,32.906,186005278,반석역,41
2026-10-10T12:10:32,187000003,대전75자9936,36.42371,127.414301,13.137,187001386,오정농수산시장,0
2026-10-10T12:10:32,187000003,대전75자9940,36.35827,127.404857,4.584,187001386,오정농수산시장,0
2026-10-10T12:10:32,187000003,대전75자9935,36.478256,127.310296,25.492,186005286,국제과학비즈니스벨트,0
2026-10-10T12:10:32,187000003,대전75자9929,36.595051,127.331212,48.35,293064420,누리동,0
2026-10-10T12:10:32,187000003,대전75자9925,36.537416,127.304335,62.636,974019920,오송역2.3.4(미정차),0
2026-10-10T12:10:32,187000003,대전75자9926,36.616951,127.328683,52.244,974019920,오송역2.3.4(미정차),0
2026-10-10T12:10:32,187000003,대전75자9921,36.479297,127.26299,72.463,293053009,한솔동,0
2026-10-10T12:10:32,187000003,대전75자9920,36.478074,127.287613,75.417,293064210,"세종시청,시의회,교육청",0
2026-10-10T12:10:32,187000003,대전75자9918,36.467191,127.364111,83.779,186005287,국제과학비즈니스벨트,0
2026-10-10T12:10:32,187000003,대전75자9916,36.356999,127.405147,99.807,187001388,대덕산업단지,0
2026-10-10T12:10:32,187000003,대전75자9917,36.437724,127.396135,88.836,187001388,대덕산업단지,0
2026-10-10T12:10:32,187000003,대전75자9938,36.335922,127.430357,103.107,187001394,한밭자이아파트,0
2026-10-10T12:10:32,187000003,대전75자9937,36.333017,127.43171,103.452,183002355,대전역,0
2026-10-10T12:10:32,187000003,대전75자9915,36.333883,127.437327,104.27,187001395,대전역동광장,0
2026-10-10T12:10:32,187000003,대전75자9941,36.331395,127.432786,103.703,187001395,대전역동광장,0
2026-10-10T12:10:32,271000801,충북70자2074,36.514066,127.259188,5.797,293056003,도담동,0
2026-10-10T12:10:32,271000801,충북70자2008,36.61959291,127.3264442,23.191,270054838,오송역6,0
2026-10-10T12:10:32,271000801,충북70자7051,36.68204577,127.4045865,37.294,270054811,청주소로초등학교,0
2026-10-10T12:10:32,271000802,충북70자1044,36.72248667,127.4956317,0.186,270051719,청주국제공항,0
2026-10-10T12:10:32,271000802,충북70자5130,36.69747653,127.4193394,9.779,284000348,오창프라자,0
2026-10-10T12:10:32,271000802,충북70자5128,36.62998931,127.3336834,25.212,271000627,보건의료행정타운,0
2026-10-10T12:10:32,271000802,충북70자5129,36.51615528,127.25894355,43.84,293064446,세종충남대학교병원,0
2026-10-10T12:10:32,293000282,세종70자1747,36.3916,127.315275,0.389,186004230,반석역,2
2026-10-10T12:10:32,293000282,세종70자1748,36.489064,127.243732,15.03,293064312,"세종기상관측소(새뜸3,4단지)",20
2026-10-10T12:10:32,293000282,세종70자1751,36.513016,127.250407,19.73,293064054,"범지기마을8,12단지",30
2026-10-10T12:10:32,293000282,세종70자1752,36.601266,127.298832,33.206,293001084,조치원역,15
2026-10-10T12:10:32,293000282,세종70자1754,36.618502,127.326981,37.242,270050300,오송3리,31
2026-10-10T12:10:32,293000283,세종70자1746,36.601484,127.29928,4.27,293064152,조치원전통시장 북측,27
2026-10-10T12:10:32,293000283,세종70자1749,36.518151,127.252104,17.175,293061007,범지기마을10단지,8
2026-10-10T12:10:32,293000283,세종70자1744,36.497358,127.248819,21.099,293064262,"가온마을6,9단지",29
2026-10-10T12:10:32,293000283,세종70자1750,36.396129,127.311641,36.568,293055059,세종고속시외버스터미널,68
2026-10-10T12:10:32,293000303,세종70자1354,36.497641,127.311159,5.228,293064258,반곡동(수루배마을),39
2026-10-10T12:10:32,293000304,세종70자1505,36.476461,127.283723,21.974,293064211,"세종시청,시의회,교육청",57
2026-10-10T12:10:32,293000304,세종70자1506,36.467757,127.273435,23.301,293064251,대평동,16
2026-10-10T12:10:32,293000305,세종70자1507,36.468019,127.273713,0.0,293055002,세종고속시외버스터미널(지상),10
2026-10-10T12:10:32,293000305,세종70자1510,36.522945,127.329816,9.052,293064417,세종공동캠퍼스,57
2026-10-10T12:10:32,293000305,세종70자1511,36.468011,127.273656,23.378,293055001,세종고속시외버스터미널(지상),255
2026-10-10T12:10:32,293000311,세종70자1344,36.497808,127.311859,8.077,293064401,반곡동(수루배마을),11
2026-10-10T12:10:32,293000311,세종70자1348,36.49902,127.250025,18.733,293063001,"가재마을5단지,가온마을6단지",44
2026-10-10T12:10:32,293000311,세종70자1349,36.467665,127.273625,23.426,293055001,세종고속시외버스터미널(지상),18
2026-10-10T12:10:32,293000311,세종70자1351,36.468327,127.274157,23.426,293055001,세종고속시외버스터미널(지상),11
2026-10-10T12:10:32,293000312,세종70자1350,36.470696,127.273523,0.186,293055002,세종고속시외버스터미널(지상),20
2026-10-10T12:10:32,293000312,세종70자1345,36.51887099,127.255993,9.029,293064052,세종충남대병원,39
2026-10-10T12:10:32,293000312,세종70자1352,36.48623,127.30153,20.088,293064364,새샘마을6단지,44
2026-10-10T12:10:32,271000805,세종73자5644,36.479991,127.26262,8.409,293053011,한솔동,41
2026-10-10T12:10:32,271000805,세종73자5643,36.53432999,127.286704,16.414,293014025,한별동,64
2026-10-10T12:10:32,271000805,세종73자5642,36.615018,127.422837,34.736,270054812,가경아이파크5단지,36
2026-10-10T12:10:32,271000805,세종73자5675,36.643969,127.435318,40.208,270054820,대농공원.흥덕보건소임시청사,25
2026-10-10T12:10:32,271000805,세종73자5672,36.642264,127.421316,38.757,270054823,롯데쇼핑몰,7
2026-10-10T12:10:32,271000806,세종73자5645,36.629611,127.427329,4.549,971006760,충북선거관리위원회,58
2026-10-10T12:10:32,271000806,충북70자6075,36.5843171,127.388535,12.073,270054834,가경아이파크5단지,0
2026-10-10T12:10:32,271000806,충북70자3086,36.49804,127.32304,40.677,293064479,집현동,0
